config,run_index,metric,value,unit
meta,,app,ENTITY Bench,
meta,,app_version,1.1.0,
meta,,app_version_code,3,
meta,,benchmark_completed_at_epoch_ms,1784350404243,ms
meta,,exported_at_epoch_ms,1784350855892,ms
meta,,model,Llama-3.2-1B-Instruct-Q4_0,
meta,,device,OPPO CPH2729,
meta,,device_manufacturer,OPPO,
meta,,device_model,CPH2729,
meta,,device_fingerprint,OPPO/CPH2729IN/OP5EE3L1:16/BP2A.250605.015/V.2f9c3be-be9296-bdb124:user/release-keys,
meta,,android,16,
meta,,android_sdk,36,
meta,,supported_abis,arm64-v8a,
meta,,charging,false,
meta,,benchmark_start_temp,35.300,C
meta,,benchmark_start_thermal_status,0,Android PowerManager status
meta,,pp,512,tokens
meta,,tg,128,tokens
meta,,runs_per_config,5,
meta,,warmup,PP 64 / TG 16 / discarded,
meta,,configuration_order,naive_then_threads_only_then_optimized_then_efficiency,
meta,,threads_naive,8,
meta,,threads_threads_only,4,
meta,,threads_optimized,4,
meta,,threads_efficiency,4,
meta,,affinity_naive,mask_all_cores_effectively_unpinned,
meta,,affinity_threads_only,none_scheduler_placed,
meta,,affinity_optimized,pinned_fast_cores,
meta,,affinity_efficiency,pinned_efficiency_cores,
meta,,cooldown_minimum,15,s
meta,,cooldown_maximum,90,s
meta,,cooldown_target_margin,0.500,C above benchmark-start temperature
meta,,perf_cores,4 5 6 7,cpu index
meta,,little_cores,0 1 2 3,cpu index
meta,,cpu_max_clocks,1804 1804 1804 1804 2208 2208 2208 2304,MHz per cpu index
naive,1,pp,151.000,tok/s
naive,1,tg,10.500,tok/s
naive,1,power,4.720,W
naive,1,tok_per_w,2.225,tok/W
naive,1,ttft_pp512_derived,3485.967,ms
naive,1,start_temp,35.300,C
naive,1,average_process_cpu,488.332,% one core
naive,1,minimum_free_ram,1.841,GiB
naive,1,peak_battery_temp,35.300,C
naive,1,peak_thermal_status,0,Android PowerManager status
naive,1:1,sample_elapsed,1,ms
naive,1:1,sample_power,0.849,W
naive,1:1,sample_process_cpu,1300.000,% one core
naive,1:1,sample_free_ram,1.896,GiB
naive,1:1,sample_battery_temp,35.300,C
naive,1:1,sample_thermal_status,0,Android PowerManager status
naive,1:1,sample_cpu0_freq,595,MHz
naive,1:1,sample_cpu1_freq,595,MHz
naive,1:1,sample_cpu2_freq,595,MHz
naive,1:1,sample_cpu3_freq,595,MHz
naive,1:1,sample_cpu4_freq,633,MHz
naive,1:1,sample_cpu5_freq,633,MHz
naive,1:1,sample_cpu6_freq,633,MHz
naive,1:1,sample_cpu7_freq,2304,MHz
naive,1:2,sample_elapsed,163,ms
naive,1:2,sample_power,0.849,W
naive,1:2,sample_process_cpu,359.259,% one core
naive,1:2,sample_free_ram,1.872,GiB
naive,1:2,sample_battery_temp,35.300,C
naive,1:2,sample_thermal_status,0,Android PowerManager status
naive,1:2,sample_cpu0_freq,1804,MHz
naive,1:2,sample_cpu1_freq,1804,MHz
naive,1:2,sample_cpu2_freq,1804,MHz
naive,1:2,sample_cpu3_freq,1804,MHz
naive,1:2,sample_cpu4_freq,2208,MHz
naive,1:2,sample_cpu5_freq,2208,MHz
naive,1:2,sample_cpu6_freq,2208,MHz
naive,1:2,sample_cpu7_freq,2304,MHz
naive,1:3,sample_elapsed,316,ms
naive,1:3,sample_power,0.849,W
naive,1:3,sample_process_cpu,389.542,% one core
naive,1:3,sample_free_ram,1.841,GiB
naive,1:3,sample_battery_temp,35.300,C
naive,1:3,sample_thermal_status,0,Android PowerManager status
naive,1:3,sample_cpu0_freq,1804,MHz
naive,1:3,sample_cpu1_freq,1804,MHz
naive,1:3,sample_cpu2_freq,1804,MHz
naive,1:3,sample_cpu3_freq,1804,MHz
naive,1:3,sample_cpu4_freq,2208,MHz
naive,1:3,sample_cpu5_freq,2208,MHz
naive,1:3,sample_cpu6_freq,2208,MHz
naive,1:3,sample_cpu7_freq,2304,MHz
naive,1:4,sample_elapsed,468,ms
naive,1:4,sample_power,0.849,W
naive,1:4,sample_process_cpu,415.789,% one core
naive,1:4,sample_free_ram,1.843,GiB
naive,1:4,sample_battery_temp,35.300,C
naive,1:4,sample_thermal_status,0,Android PowerManager status
naive,1:4,sample_cpu0_freq,1804,MHz
naive,1:4,sample_cpu1_freq,1804,MHz
naive,1:4,sample_cpu2_freq,1804,MHz
naive,1:4,sample_cpu3_freq,1804,MHz
naive,1:4,sample_cpu4_freq,2208,MHz
naive,1:4,sample_cpu5_freq,2208,MHz
naive,1:4,sample_cpu6_freq,2208,MHz
naive,1:4,sample_cpu7_freq,2304,MHz
naive,1:5,sample_elapsed,621,ms
naive,1:5,sample_power,0.849,W
naive,1:5,sample_process_cpu,500.000,% one core
naive,1:5,sample_free_ram,1.856,GiB
naive,1:5,sample_battery_temp,35.300,C
naive,1:5,sample_thermal_status,0,Android PowerManager status
naive,1:5,sample_cpu0_freq,1804,MHz
naive,1:5,sample_cpu1_freq,1804,MHz
naive,1:5,sample_cpu2_freq,1804,MHz
naive,1:5,sample_cpu3_freq,1804,MHz
naive,1:5,sample_cpu4_freq,2208,MHz
naive,1:5,sample_cpu5_freq,2208,MHz
naive,1:5,sample_cpu6_freq,2208,MHz
naive,1:5,sample_cpu7_freq,2304,MHz
naive,1:6,sample_elapsed,785,ms
naive,1:6,sample_power,0.849,W
naive,1:6,sample_process_cpu,492.073,% one core
naive,1:6,sample_free_ram,1.862,GiB
naive,1:6,sample_battery_temp,35.300,C
naive,1:6,sample_thermal_status,0,Android PowerManager status
naive,1:6,sample_cpu0_freq,1804,MHz
naive,1:6,sample_cpu1_freq,1804,MHz
naive,1:6,sample_cpu2_freq,1804,MHz
naive,1:6,sample_cpu3_freq,1804,MHz
naive,1:6,sample_cpu4_freq,2208,MHz
naive,1:6,sample_cpu5_freq,2208,MHz
naive,1:6,sample_cpu6_freq,2208,MHz
naive,1:6,sample_cpu7_freq,2304,MHz
naive,1:7,sample_elapsed,949,ms
naive,1:7,sample_power,0.849,W
naive,1:7,sample_process_cpu,475.610,% one core
naive,1:7,sample_free_ram,1.866,GiB
naive,1:7,sample_battery_temp,35.300,C
naive,1:7,sample_thermal_status,0,Android PowerManager status
naive,1:7,sample_cpu0_freq,1804,MHz
naive,1:7,sample_cpu1_freq,1804,MHz
naive,1:7,sample_cpu2_freq,1804,MHz
naive,1:7,sample_cpu3_freq,1804,MHz
naive,1:7,sample_cpu4_freq,2208,MHz
naive,1:7,sample_cpu5_freq,2208,MHz
naive,1:7,sample_cpu6_freq,2208,MHz
naive,1:7,sample_cpu7_freq,2304,MHz
naive,1:8,sample_elapsed,1101,ms
naive,1:8,sample_power,0.849,W
naive,1:8,sample_process_cpu,492.763,% one core
naive,1:8,sample_free_ram,1.871,GiB
naive,1:8,sample_battery_temp,35.300,C
naive,1:8,sample_thermal_status,0,Android PowerManager status
naive,1:8,sample_cpu0_freq,1804,MHz
naive,1:8,sample_cpu1_freq,1804,MHz
naive,1:8,sample_cpu2_freq,1804,MHz
naive,1:8,sample_cpu3_freq,1804,MHz
naive,1:8,sample_cpu4_freq,2208,MHz
naive,1:8,sample_cpu5_freq,2208,MHz
naive,1:8,sample_cpu6_freq,2208,MHz
naive,1:8,sample_cpu7_freq,2304,MHz
naive,1:9,sample_elapsed,1254,ms
naive,1:9,sample_power,0.849,W
naive,1:9,sample_process_cpu,491.503,% one core
naive,1:9,sample_free_ram,1.877,GiB
naive,1:9,sample_battery_temp,35.300,C
naive,1:9,sample_thermal_status,0,Android PowerManager status
naive,1:9,sample_cpu0_freq,1804,MHz
naive,1:9,sample_cpu1_freq,1804,MHz
naive,1:9,sample_cpu2_freq,1804,MHz
naive,1:9,sample_cpu3_freq,1804,MHz
naive,1:9,sample_cpu4_freq,2208,MHz
naive,1:9,sample_cpu5_freq,2208,MHz
naive,1:9,sample_cpu6_freq,2208,MHz
naive,1:9,sample_cpu7_freq,2304,MHz
naive,1:10,sample_elapsed,1406,ms
naive,1:10,sample_power,0.849,W
naive,1:10,sample_process_cpu,489.474,% one core
naive,1:10,sample_free_ram,1.887,GiB
naive,1:10,sample_battery_temp,35.300,C
naive,1:10,sample_thermal_status,0,Android PowerManager status
naive,1:10,sample_cpu0_freq,1804,MHz
naive,1:10,sample_cpu1_freq,1804,MHz
naive,1:10,sample_cpu2_freq,1804,MHz
naive,1:10,sample_cpu3_freq,1804,MHz
naive,1:10,sample_cpu4_freq,2208,MHz
naive,1:10,sample_cpu5_freq,2208,MHz
naive,1:10,sample_cpu6_freq,2208,MHz
naive,1:10,sample_cpu7_freq,2304,MHz
naive,1:11,sample_elapsed,1559,ms
naive,1:11,sample_power,5.584,W
naive,1:11,sample_process_cpu,493.464,% one core
naive,1:11,sample_free_ram,1.887,GiB
naive,1:11,sample_battery_temp,35.300,C
naive,1:11,sample_thermal_status,0,Android PowerManager status
naive,1:11,sample_cpu0_freq,1804,MHz
naive,1:11,sample_cpu1_freq,1804,MHz
naive,1:11,sample_cpu2_freq,1804,MHz
naive,1:11,sample_cpu3_freq,1804,MHz
naive,1:11,sample_cpu4_freq,2208,MHz
naive,1:11,sample_cpu5_freq,2208,MHz
naive,1:11,sample_cpu6_freq,2208,MHz
naive,1:11,sample_cpu7_freq,2304,MHz
naive,1:12,sample_elapsed,1712,ms
naive,1:12,sample_power,5.584,W
naive,1:12,sample_process_cpu,495.425,% one core
naive,1:12,sample_free_ram,1.886,GiB
naive,1:12,sample_battery_temp,35.300,C
naive,1:12,sample_thermal_status,0,Android PowerManager status
naive,1:12,sample_cpu0_freq,1804,MHz
naive,1:12,sample_cpu1_freq,1804,MHz
naive,1:12,sample_cpu2_freq,1804,MHz
naive,1:12,sample_cpu3_freq,1804,MHz
naive,1:12,sample_cpu4_freq,2208,MHz
naive,1:12,sample_cpu5_freq,2208,MHz
naive,1:12,sample_cpu6_freq,2208,MHz
naive,1:12,sample_cpu7_freq,2304,MHz
naive,1:13,sample_elapsed,1866,ms
naive,1:13,sample_power,5.584,W
naive,1:13,sample_process_cpu,490.909,% one core
naive,1:13,sample_free_ram,1.887,GiB
naive,1:13,sample_battery_temp,35.300,C
naive,1:13,sample_thermal_status,0,Android PowerManager status
naive,1:13,sample_cpu0_freq,1804,MHz
naive,1:13,sample_cpu1_freq,1804,MHz
naive,1:13,sample_cpu2_freq,1804,MHz
naive,1:13,sample_cpu3_freq,1804,MHz
naive,1:13,sample_cpu4_freq,2208,MHz
naive,1:13,sample_cpu5_freq,2208,MHz
naive,1:13,sample_cpu6_freq,2208,MHz
naive,1:13,sample_cpu7_freq,2304,MHz
naive,1:14,sample_elapsed,2019,ms
naive,1:14,sample_power,5.584,W
naive,1:14,sample_process_cpu,481.699,% one core
naive,1:14,sample_free_ram,1.887,GiB
naive,1:14,sample_battery_temp,35.300,C
naive,1:14,sample_thermal_status,0,Android PowerManager status
naive,1:14,sample_cpu0_freq,1804,MHz
naive,1:14,sample_cpu1_freq,1804,MHz
naive,1:14,sample_cpu2_freq,1804,MHz
naive,1:14,sample_cpu3_freq,1804,MHz
naive,1:14,sample_cpu4_freq,2208,MHz
naive,1:14,sample_cpu5_freq,2208,MHz
naive,1:14,sample_cpu6_freq,2208,MHz
naive,1:14,sample_cpu7_freq,2304,MHz
naive,1:15,sample_elapsed,2171,ms
naive,1:15,sample_power,5.584,W
naive,1:15,sample_process_cpu,490.789,% one core
naive,1:15,sample_free_ram,1.886,GiB
naive,1:15,sample_battery_temp,35.300,C
naive,1:15,sample_thermal_status,0,Android PowerManager status
naive,1:15,sample_cpu0_freq,1804,MHz
naive,1:15,sample_cpu1_freq,1804,MHz
naive,1:15,sample_cpu2_freq,1804,MHz
naive,1:15,sample_cpu3_freq,1804,MHz
naive,1:15,sample_cpu4_freq,2208,MHz
naive,1:15,sample_cpu5_freq,2208,MHz
naive,1:15,sample_cpu6_freq,2208,MHz
naive,1:15,sample_cpu7_freq,2304,MHz
naive,1:16,sample_elapsed,2333,ms
naive,1:16,sample_power,5.584,W
naive,1:16,sample_process_cpu,480.247,% one core
naive,1:16,sample_free_ram,1.883,GiB
naive,1:16,sample_battery_temp,35.300,C
naive,1:16,sample_thermal_status,0,Android PowerManager status
naive,1:16,sample_cpu0_freq,1804,MHz
naive,1:16,sample_cpu1_freq,1804,MHz
naive,1:16,sample_cpu2_freq,1804,MHz
naive,1:16,sample_cpu3_freq,1804,MHz
naive,1:16,sample_cpu4_freq,2208,MHz
naive,1:16,sample_cpu5_freq,2208,MHz
naive,1:16,sample_cpu6_freq,2208,MHz
naive,1:16,sample_cpu7_freq,2304,MHz
naive,1:17,sample_elapsed,2487,ms
naive,1:17,sample_power,5.584,W
naive,1:17,sample_process_cpu,491.558,% one core
naive,1:17,sample_free_ram,1.883,GiB
naive,1:17,sample_battery_temp,35.300,C
naive,1:17,sample_thermal_status,0,Android PowerManager status
naive,1:17,sample_cpu0_freq,1804,MHz
naive,1:17,sample_cpu1_freq,1804,MHz
naive,1:17,sample_cpu2_freq,1804,MHz
naive,1:17,sample_cpu3_freq,1804,MHz
naive,1:17,sample_cpu4_freq,2208,MHz
naive,1:17,sample_cpu5_freq,2208,MHz
naive,1:17,sample_cpu6_freq,2208,MHz
naive,1:17,sample_cpu7_freq,2304,MHz
naive,1:18,sample_elapsed,2639,ms
naive,1:18,sample_power,5.584,W
naive,1:18,sample_process_cpu,490.132,% one core
naive,1:18,sample_free_ram,1.883,GiB
naive,1:18,sample_battery_temp,35.300,C
naive,1:18,sample_thermal_status,0,Android PowerManager status
naive,1:18,sample_cpu0_freq,1804,MHz
naive,1:18,sample_cpu1_freq,1804,MHz
naive,1:18,sample_cpu2_freq,1804,MHz
naive,1:18,sample_cpu3_freq,1804,MHz
naive,1:18,sample_cpu4_freq,2208,MHz
naive,1:18,sample_cpu5_freq,2208,MHz
naive,1:18,sample_cpu6_freq,2208,MHz
naive,1:18,sample_cpu7_freq,2304,MHz
naive,1:19,sample_elapsed,2792,ms
naive,1:19,sample_power,5.584,W
naive,1:19,sample_process_cpu,491.503,% one core
naive,1:19,sample_free_ram,1.883,GiB
naive,1:19,sample_battery_temp,35.300,C
naive,1:19,sample_thermal_status,0,Android PowerManager status
naive,1:19,sample_cpu0_freq,1804,MHz
naive,1:19,sample_cpu1_freq,1804,MHz
naive,1:19,sample_cpu2_freq,1804,MHz
naive,1:19,sample_cpu3_freq,1804,MHz
naive,1:19,sample_cpu4_freq,2208,MHz
naive,1:19,sample_cpu5_freq,2208,MHz
naive,1:19,sample_cpu6_freq,2208,MHz
naive,1:19,sample_cpu7_freq,2304,MHz
naive,1:20,sample_elapsed,2944,ms
naive,1:20,sample_power,5.584,W
naive,1:20,sample_process_cpu,499.342,% one core
naive,1:20,sample_free_ram,1.883,GiB
naive,1:20,sample_battery_temp,35.300,C
naive,1:20,sample_thermal_status,0,Android PowerManager status
naive,1:20,sample_cpu0_freq,1804,MHz
naive,1:20,sample_cpu1_freq,1804,MHz
naive,1:20,sample_cpu2_freq,1804,MHz
naive,1:20,sample_cpu3_freq,1804,MHz
naive,1:20,sample_cpu4_freq,2208,MHz
naive,1:20,sample_cpu5_freq,2208,MHz
naive,1:20,sample_cpu6_freq,2208,MHz
naive,1:20,sample_cpu7_freq,2304,MHz
naive,1:21,sample_elapsed,3096,ms
naive,1:21,sample_power,5.584,W
naive,1:21,sample_process_cpu,495.395,% one core
naive,1:21,sample_free_ram,1.882,GiB
naive,1:21,sample_battery_temp,35.300,C
naive,1:21,sample_thermal_status,0,Android PowerManager status
naive,1:21,sample_cpu0_freq,1804,MHz
naive,1:21,sample_cpu1_freq,1804,MHz
naive,1:21,sample_cpu2_freq,1804,MHz
naive,1:21,sample_cpu3_freq,1804,MHz
naive,1:21,sample_cpu4_freq,2208,MHz
naive,1:21,sample_cpu5_freq,2208,MHz
naive,1:21,sample_cpu6_freq,2208,MHz
naive,1:21,sample_cpu7_freq,2304,MHz
naive,1:22,sample_elapsed,3249,ms
naive,1:22,sample_power,5.584,W
naive,1:22,sample_process_cpu,490.196,% one core
naive,1:22,sample_free_ram,1.879,GiB
naive,1:22,sample_battery_temp,35.300,C
naive,1:22,sample_thermal_status,0,Android PowerManager status
naive,1:22,sample_cpu0_freq,1804,MHz
naive,1:22,sample_cpu1_freq,1804,MHz
naive,1:22,sample_cpu2_freq,1804,MHz
naive,1:22,sample_cpu3_freq,1804,MHz
naive,1:22,sample_cpu4_freq,2208,MHz
naive,1:22,sample_cpu5_freq,2208,MHz
naive,1:22,sample_cpu6_freq,2208,MHz
naive,1:22,sample_cpu7_freq,2304,MHz
naive,1:23,sample_elapsed,3403,ms
naive,1:23,sample_power,5.584,W
naive,1:23,sample_process_cpu,462.987,% one core
naive,1:23,sample_free_ram,1.876,GiB
naive,1:23,sample_battery_temp,35.300,C
naive,1:23,sample_thermal_status,0,Android PowerManager status
naive,1:23,sample_cpu0_freq,1804,MHz
naive,1:23,sample_cpu1_freq,1804,MHz
naive,1:23,sample_cpu2_freq,1804,MHz
naive,1:23,sample_cpu3_freq,1804,MHz
naive,1:23,sample_cpu4_freq,2208,MHz
naive,1:23,sample_cpu5_freq,2208,MHz
naive,1:23,sample_cpu6_freq,2208,MHz
naive,1:23,sample_cpu7_freq,2304,MHz
naive,1:24,sample_elapsed,3556,ms
naive,1:24,sample_power,5.584,W
naive,1:24,sample_process_cpu,475.817,% one core
naive,1:24,sample_free_ram,1.871,GiB
naive,1:24,sample_battery_temp,35.300,C
naive,1:24,sample_thermal_status,0,Android PowerManager status
naive,1:24,sample_cpu0_freq,1804,MHz
naive,1:24,sample_cpu1_freq,1804,MHz
naive,1:24,sample_cpu2_freq,1804,MHz
naive,1:24,sample_cpu3_freq,1804,MHz
naive,1:24,sample_cpu4_freq,2208,MHz
naive,1:24,sample_cpu5_freq,2208,MHz
naive,1:24,sample_cpu6_freq,2208,MHz
naive,1:24,sample_cpu7_freq,2304,MHz
naive,1:25,sample_elapsed,3709,ms
naive,1:25,sample_power,5.584,W
naive,1:25,sample_process_cpu,478.431,% one core
naive,1:25,sample_free_ram,1.870,GiB
naive,1:25,sample_battery_temp,35.300,C
naive,1:25,sample_thermal_status,0,Android PowerManager status
naive,1:25,sample_cpu0_freq,1804,MHz
naive,1:25,sample_cpu1_freq,1804,MHz
naive,1:25,sample_cpu2_freq,1804,MHz
naive,1:25,sample_cpu3_freq,1804,MHz
naive,1:25,sample_cpu4_freq,2208,MHz
naive,1:25,sample_cpu5_freq,2208,MHz
naive,1:25,sample_cpu6_freq,2208,MHz
naive,1:25,sample_cpu7_freq,2304,MHz
naive,1:26,sample_elapsed,3862,ms
naive,1:26,sample_power,5.584,W
naive,1:26,sample_process_cpu,484.314,% one core
naive,1:26,sample_free_ram,1.866,GiB
naive,1:26,sample_battery_temp,35.300,C
naive,1:26,sample_thermal_status,0,Android PowerManager status
naive,1:26,sample_cpu0_freq,1804,MHz
naive,1:26,sample_cpu1_freq,1804,MHz
naive,1:26,sample_cpu2_freq,1804,MHz
naive,1:26,sample_cpu3_freq,1804,MHz
naive,1:26,sample_cpu4_freq,2208,MHz
naive,1:26,sample_cpu5_freq,2208,MHz
naive,1:26,sample_cpu6_freq,2208,MHz
naive,1:26,sample_cpu7_freq,2304,MHz
naive,1:27,sample_elapsed,4015,ms
naive,1:27,sample_power,5.584,W
naive,1:27,sample_process_cpu,488.889,% one core
naive,1:27,sample_free_ram,1.865,GiB
naive,1:27,sample_battery_temp,35.300,C
naive,1:27,sample_thermal_status,0,Android PowerManager status
naive,1:27,sample_cpu0_freq,1804,MHz
naive,1:27,sample_cpu1_freq,1804,MHz
naive,1:27,sample_cpu2_freq,1804,MHz
naive,1:27,sample_cpu3_freq,1804,MHz
naive,1:27,sample_cpu4_freq,2208,MHz
naive,1:27,sample_cpu5_freq,2208,MHz
naive,1:27,sample_cpu6_freq,2208,MHz
naive,1:27,sample_cpu7_freq,2304,MHz
naive,1:28,sample_elapsed,4168,ms
naive,1:28,sample_power,5.584,W
naive,1:28,sample_process_cpu,478.431,% one core
naive,1:28,sample_free_ram,1.863,GiB
naive,1:28,sample_battery_temp,35.300,C
naive,1:28,sample_thermal_status,0,Android PowerManager status
naive,1:28,sample_cpu0_freq,1804,MHz
naive,1:28,sample_cpu1_freq,1804,MHz
naive,1:28,sample_cpu2_freq,1804,MHz
naive,1:28,sample_cpu3_freq,1804,MHz
naive,1:28,sample_cpu4_freq,2208,MHz
naive,1:28,sample_cpu5_freq,2208,MHz
naive,1:28,sample_cpu6_freq,2208,MHz
naive,1:28,sample_cpu7_freq,2304,MHz
naive,1:29,sample_elapsed,4320,ms
naive,1:29,sample_power,5.584,W
naive,1:29,sample_process_cpu,490.789,% one core
naive,1:29,sample_free_ram,1.863,GiB
naive,1:29,sample_battery_temp,35.300,C
naive,1:29,sample_thermal_status,0,Android PowerManager status
naive,1:29,sample_cpu0_freq,1804,MHz
naive,1:29,sample_cpu1_freq,1804,MHz
naive,1:29,sample_cpu2_freq,1804,MHz
naive,1:29,sample_cpu3_freq,1804,MHz
naive,1:29,sample_cpu4_freq,2208,MHz
naive,1:29,sample_cpu5_freq,2208,MHz
naive,1:29,sample_cpu6_freq,2208,MHz
naive,1:29,sample_cpu7_freq,2304,MHz
naive,1:30,sample_elapsed,4473,ms
naive,1:30,sample_power,5.584,W
naive,1:30,sample_process_cpu,486.928,% one core
naive,1:30,sample_free_ram,1.863,GiB
naive,1:30,sample_battery_temp,35.300,C
naive,1:30,sample_thermal_status,0,Android PowerManager status
naive,1:30,sample_cpu0_freq,1804,MHz
naive,1:30,sample_cpu1_freq,1804,MHz
naive,1:30,sample_cpu2_freq,1804,MHz
naive,1:30,sample_cpu3_freq,1804,MHz
naive,1:30,sample_cpu4_freq,2208,MHz
naive,1:30,sample_cpu5_freq,2208,MHz
naive,1:30,sample_cpu6_freq,2208,MHz
naive,1:30,sample_cpu7_freq,2304,MHz
naive,1:31,sample_elapsed,4625,ms
naive,1:31,sample_power,5.584,W
naive,1:31,sample_process_cpu,492.763,% one core
naive,1:31,sample_free_ram,1.862,GiB
naive,1:31,sample_battery_temp,35.300,C
naive,1:31,sample_thermal_status,0,Android PowerManager status
naive,1:31,sample_cpu0_freq,1804,MHz
naive,1:31,sample_cpu1_freq,1804,MHz
naive,1:31,sample_cpu2_freq,1804,MHz
naive,1:31,sample_cpu3_freq,1804,MHz
naive,1:31,sample_cpu4_freq,2208,MHz
naive,1:31,sample_cpu5_freq,2208,MHz
naive,1:31,sample_cpu6_freq,2208,MHz
naive,1:31,sample_cpu7_freq,2304,MHz
naive,1:32,sample_elapsed,4782,ms
naive,1:32,sample_power,5.584,W
naive,1:32,sample_process_cpu,479.618,% one core
naive,1:32,sample_free_ram,1.867,GiB
naive,1:32,sample_battery_temp,35.300,C
naive,1:32,sample_thermal_status,0,Android PowerManager status
naive,1:32,sample_cpu0_freq,1804,MHz
naive,1:32,sample_cpu1_freq,1804,MHz
naive,1:32,sample_cpu2_freq,1804,MHz
naive,1:32,sample_cpu3_freq,1804,MHz
naive,1:32,sample_cpu4_freq,2208,MHz
naive,1:32,sample_cpu5_freq,2208,MHz
naive,1:32,sample_cpu6_freq,2208,MHz
naive,1:32,sample_cpu7_freq,2304,MHz
naive,1:33,sample_elapsed,4936,ms
naive,1:33,sample_power,5.584,W
naive,1:33,sample_process_cpu,489.610,% one core
naive,1:33,sample_free_ram,1.873,GiB
naive,1:33,sample_battery_temp,35.300,C
naive,1:33,sample_thermal_status,0,Android PowerManager status
naive,1:33,sample_cpu0_freq,1804,MHz
naive,1:33,sample_cpu1_freq,1804,MHz
naive,1:33,sample_cpu2_freq,1804,MHz
naive,1:33,sample_cpu3_freq,1804,MHz
naive,1:33,sample_cpu4_freq,2208,MHz
naive,1:33,sample_cpu5_freq,2208,MHz
naive,1:33,sample_cpu6_freq,2208,MHz
naive,1:33,sample_cpu7_freq,2304,MHz
naive,1:34,sample_elapsed,5092,ms
naive,1:34,sample_power,5.584,W
naive,1:34,sample_process_cpu,489.103,% one core
naive,1:34,sample_free_ram,1.882,GiB
naive,1:34,sample_battery_temp,35.300,C
naive,1:34,sample_thermal_status,0,Android PowerManager status
naive,1:34,sample_cpu0_freq,1804,MHz
naive,1:34,sample_cpu1_freq,1804,MHz
naive,1:34,sample_cpu2_freq,1804,MHz
naive,1:34,sample_cpu3_freq,1804,MHz
naive,1:34,sample_cpu4_freq,2208,MHz
naive,1:34,sample_cpu5_freq,2208,MHz
naive,1:34,sample_cpu6_freq,2208,MHz
naive,1:34,sample_cpu7_freq,2304,MHz
naive,1:35,sample_elapsed,5244,ms
naive,1:35,sample_power,5.584,W
naive,1:35,sample_process_cpu,488.816,% one core
naive,1:35,sample_free_ram,1.889,GiB
naive,1:35,sample_battery_temp,35.300,C
naive,1:35,sample_thermal_status,0,Android PowerManager status
naive,1:35,sample_cpu0_freq,1804,MHz
naive,1:35,sample_cpu1_freq,1804,MHz
naive,1:35,sample_cpu2_freq,1804,MHz
naive,1:35,sample_cpu3_freq,1804,MHz
naive,1:35,sample_cpu4_freq,2208,MHz
naive,1:35,sample_cpu5_freq,2208,MHz
naive,1:35,sample_cpu6_freq,2208,MHz
naive,1:35,sample_cpu7_freq,2304,MHz
naive,1:36,sample_elapsed,5397,ms
naive,1:36,sample_power,5.584,W
naive,1:36,sample_process_cpu,490.850,% one core
naive,1:36,sample_free_ram,1.890,GiB
naive,1:36,sample_battery_temp,35.300,C
naive,1:36,sample_thermal_status,0,Android PowerManager status
naive,1:36,sample_cpu0_freq,1804,MHz
naive,1:36,sample_cpu1_freq,1804,MHz
naive,1:36,sample_cpu2_freq,1804,MHz
naive,1:36,sample_cpu3_freq,1804,MHz
naive,1:36,sample_cpu4_freq,2208,MHz
naive,1:36,sample_cpu5_freq,2208,MHz
naive,1:36,sample_cpu6_freq,2208,MHz
naive,1:36,sample_cpu7_freq,2304,MHz
naive,1:37,sample_elapsed,5549,ms
naive,1:37,sample_power,5.584,W
naive,1:37,sample_process_cpu,491.447,% one core
naive,1:37,sample_free_ram,1.890,GiB
naive,1:37,sample_battery_temp,35.300,C
naive,1:37,sample_thermal_status,0,Android PowerManager status
naive,1:37,sample_cpu0_freq,1804,MHz
naive,1:37,sample_cpu1_freq,1804,MHz
naive,1:37,sample_cpu2_freq,1804,MHz
naive,1:37,sample_cpu3_freq,1804,MHz
naive,1:37,sample_cpu4_freq,2208,MHz
naive,1:37,sample_cpu5_freq,2208,MHz
naive,1:37,sample_cpu6_freq,2208,MHz
naive,1:37,sample_cpu7_freq,2304,MHz
naive,1:38,sample_elapsed,5702,ms
naive,1:38,sample_power,5.584,W
naive,1:38,sample_process_cpu,491.503,% one core
naive,1:38,sample_free_ram,1.890,GiB
naive,1:38,sample_battery_temp,35.300,C
naive,1:38,sample_thermal_status,0,Android PowerManager status
naive,1:38,sample_cpu0_freq,1804,MHz
naive,1:38,sample_cpu1_freq,1804,MHz
naive,1:38,sample_cpu2_freq,1804,MHz
naive,1:38,sample_cpu3_freq,1804,MHz
naive,1:38,sample_cpu4_freq,2208,MHz
naive,1:38,sample_cpu5_freq,2208,MHz
naive,1:38,sample_cpu6_freq,2208,MHz
naive,1:38,sample_cpu7_freq,2304,MHz
naive,1:39,sample_elapsed,5854,ms
naive,1:39,sample_power,5.584,W
naive,1:39,sample_process_cpu,494.079,% one core
naive,1:39,sample_free_ram,1.890,GiB
naive,1:39,sample_battery_temp,35.300,C
naive,1:39,sample_thermal_status,0,Android PowerManager status
naive,1:39,sample_cpu0_freq,1804,MHz
naive,1:39,sample_cpu1_freq,1804,MHz
naive,1:39,sample_cpu2_freq,1804,MHz
naive,1:39,sample_cpu3_freq,1804,MHz
naive,1:39,sample_cpu4_freq,2208,MHz
naive,1:39,sample_cpu5_freq,2208,MHz
naive,1:39,sample_cpu6_freq,2208,MHz
naive,1:39,sample_cpu7_freq,2304,MHz
naive,1:40,sample_elapsed,6006,ms
naive,1:40,sample_power,5.584,W
naive,1:40,sample_process_cpu,493.421,% one core
naive,1:40,sample_free_ram,1.890,GiB
naive,1:40,sample_battery_temp,35.300,C
naive,1:40,sample_thermal_status,0,Android PowerManager status
naive,1:40,sample_cpu0_freq,1804,MHz
naive,1:40,sample_cpu1_freq,1804,MHz
naive,1:40,sample_cpu2_freq,1804,MHz
naive,1:40,sample_cpu3_freq,1804,MHz
naive,1:40,sample_cpu4_freq,2208,MHz
naive,1:40,sample_cpu5_freq,2208,MHz
naive,1:40,sample_cpu6_freq,2208,MHz
naive,1:40,sample_cpu7_freq,2304,MHz
naive,1:41,sample_elapsed,6158,ms
naive,1:41,sample_power,5.584,W
naive,1:41,sample_process_cpu,493.421,% one core
naive,1:41,sample_free_ram,1.890,GiB
naive,1:41,sample_battery_temp,35.300,C
naive,1:41,sample_thermal_status,0,Android PowerManager status
naive,1:41,sample_cpu0_freq,1804,MHz
naive,1:41,sample_cpu1_freq,1804,MHz
naive,1:41,sample_cpu2_freq,1804,MHz
naive,1:41,sample_cpu3_freq,1804,MHz
naive,1:41,sample_cpu4_freq,2208,MHz
naive,1:41,sample_cpu5_freq,2208,MHz
naive,1:41,sample_cpu6_freq,2208,MHz
naive,1:41,sample_cpu7_freq,2304,MHz
naive,1:42,sample_elapsed,6311,ms
naive,1:42,sample_power,5.584,W
naive,1:42,sample_process_cpu,489.542,% one core
naive,1:42,sample_free_ram,1.889,GiB
naive,1:42,sample_battery_temp,35.300,C
naive,1:42,sample_thermal_status,0,Android PowerManager status
naive,1:42,sample_cpu0_freq,1804,MHz
naive,1:42,sample_cpu1_freq,1804,MHz
naive,1:42,sample_cpu2_freq,1804,MHz
naive,1:42,sample_cpu3_freq,1804,MHz
naive,1:42,sample_cpu4_freq,2208,MHz
naive,1:42,sample_cpu5_freq,2208,MHz
naive,1:42,sample_cpu6_freq,2208,MHz
naive,1:42,sample_cpu7_freq,2304,MHz
naive,1:43,sample_elapsed,6463,ms
naive,1:43,sample_power,5.584,W
naive,1:43,sample_process_cpu,493.421,% one core
naive,1:43,sample_free_ram,1.889,GiB
naive,1:43,sample_battery_temp,35.300,C
naive,1:43,sample_thermal_status,0,Android PowerManager status
naive,1:43,sample_cpu0_freq,1804,MHz
naive,1:43,sample_cpu1_freq,1804,MHz
naive,1:43,sample_cpu2_freq,1804,MHz
naive,1:43,sample_cpu3_freq,1804,MHz
naive,1:43,sample_cpu4_freq,2208,MHz
naive,1:43,sample_cpu5_freq,2208,MHz
naive,1:43,sample_cpu6_freq,2208,MHz
naive,1:43,sample_cpu7_freq,2304,MHz
naive,1:44,sample_elapsed,6615,ms
naive,1:44,sample_power,5.584,W
naive,1:44,sample_process_cpu,489.474,% one core
naive,1:44,sample_free_ram,1.889,GiB
naive,1:44,sample_battery_temp,35.300,C
naive,1:44,sample_thermal_status,0,Android PowerManager status
naive,1:44,sample_cpu0_freq,1804,MHz
naive,1:44,sample_cpu1_freq,1804,MHz
naive,1:44,sample_cpu2_freq,1804,MHz
naive,1:44,sample_cpu3_freq,1804,MHz
naive,1:44,sample_cpu4_freq,2208,MHz
naive,1:44,sample_cpu5_freq,2208,MHz
naive,1:44,sample_cpu6_freq,2208,MHz
naive,1:44,sample_cpu7_freq,2304,MHz
naive,1:45,sample_elapsed,6768,ms
naive,1:45,sample_power,5.584,W
naive,1:45,sample_process_cpu,490.850,% one core
naive,1:45,sample_free_ram,1.889,GiB
naive,1:45,sample_battery_temp,35.300,C
naive,1:45,sample_thermal_status,0,Android PowerManager status
naive,1:45,sample_cpu0_freq,1804,MHz
naive,1:45,sample_cpu1_freq,1804,MHz
naive,1:45,sample_cpu2_freq,1804,MHz
naive,1:45,sample_cpu3_freq,1804,MHz
naive,1:45,sample_cpu4_freq,2208,MHz
naive,1:45,sample_cpu5_freq,2208,MHz
naive,1:45,sample_cpu6_freq,2208,MHz
naive,1:45,sample_cpu7_freq,2304,MHz
naive,1:46,sample_elapsed,6920,ms
naive,1:46,sample_power,5.584,W
naive,1:46,sample_process_cpu,492.763,% one core
naive,1:46,sample_free_ram,1.888,GiB
naive,1:46,sample_battery_temp,35.300,C
naive,1:46,sample_thermal_status,0,Android PowerManager status
naive,1:46,sample_cpu0_freq,1804,MHz
naive,1:46,sample_cpu1_freq,1804,MHz
naive,1:46,sample_cpu2_freq,1804,MHz
naive,1:46,sample_cpu3_freq,1804,MHz
naive,1:46,sample_cpu4_freq,2208,MHz
naive,1:46,sample_cpu5_freq,2208,MHz
naive,1:46,sample_cpu6_freq,2208,MHz
naive,1:46,sample_cpu7_freq,2304,MHz
naive,1:47,sample_elapsed,7072,ms
naive,1:47,sample_power,5.584,W
naive,1:47,sample_process_cpu,494.737,% one core
naive,1:47,sample_free_ram,1.888,GiB
naive,1:47,sample_battery_temp,35.300,C
naive,1:47,sample_thermal_status,0,Android PowerManager status
naive,1:47,sample_cpu0_freq,1804,MHz
naive,1:47,sample_cpu1_freq,1804,MHz
naive,1:47,sample_cpu2_freq,1804,MHz
naive,1:47,sample_cpu3_freq,1804,MHz
naive,1:47,sample_cpu4_freq,2208,MHz
naive,1:47,sample_cpu5_freq,2208,MHz
naive,1:47,sample_cpu6_freq,2208,MHz
naive,1:47,sample_cpu7_freq,2304,MHz
naive,1:48,sample_elapsed,7225,ms
naive,1:48,sample_power,5.584,W
naive,1:48,sample_process_cpu,489.542,% one core
naive,1:48,sample_free_ram,1.888,GiB
naive,1:48,sample_battery_temp,35.300,C
naive,1:48,sample_thermal_status,0,Android PowerManager status
naive,1:48,sample_cpu0_freq,1804,MHz
naive,1:48,sample_cpu1_freq,1804,MHz
naive,1:48,sample_cpu2_freq,1804,MHz
naive,1:48,sample_cpu3_freq,1804,MHz
naive,1:48,sample_cpu4_freq,2208,MHz
naive,1:48,sample_cpu5_freq,2208,MHz
naive,1:48,sample_cpu6_freq,2208,MHz
naive,1:48,sample_cpu7_freq,2304,MHz
naive,1:49,sample_elapsed,7378,ms
naive,1:49,sample_power,5.584,W
naive,1:49,sample_process_cpu,517.647,% one core
naive,1:49,sample_free_ram,1.887,GiB
naive,1:49,sample_battery_temp,35.300,C
naive,1:49,sample_thermal_status,0,Android PowerManager status
naive,1:49,sample_cpu0_freq,1804,MHz
naive,1:49,sample_cpu1_freq,1804,MHz
naive,1:49,sample_cpu2_freq,1804,MHz
naive,1:49,sample_cpu3_freq,1804,MHz
naive,1:49,sample_cpu4_freq,2208,MHz
naive,1:49,sample_cpu5_freq,2208,MHz
naive,1:49,sample_cpu6_freq,2208,MHz
naive,1:49,sample_cpu7_freq,2304,MHz
naive,1:50,sample_elapsed,7530,ms
naive,1:50,sample_power,5.584,W
naive,1:50,sample_process_cpu,494.079,% one core
naive,1:50,sample_free_ram,1.887,GiB
naive,1:50,sample_battery_temp,35.300,C
naive,1:50,sample_thermal_status,0,Android PowerManager status
naive,1:50,sample_cpu0_freq,1804,MHz
naive,1:50,sample_cpu1_freq,1804,MHz
naive,1:50,sample_cpu2_freq,1804,MHz
naive,1:50,sample_cpu3_freq,1804,MHz
naive,1:50,sample_cpu4_freq,2208,MHz
naive,1:50,sample_cpu5_freq,2208,MHz
naive,1:50,sample_cpu6_freq,2208,MHz
naive,1:50,sample_cpu7_freq,2304,MHz
naive,1:51,sample_elapsed,7685,ms
naive,1:51,sample_power,5.584,W
naive,1:51,sample_process_cpu,492.258,% one core
naive,1:51,sample_free_ram,1.886,GiB
naive,1:51,sample_battery_temp,35.300,C
naive,1:51,sample_thermal_status,0,Android PowerManager status
naive,1:51,sample_cpu0_freq,1804,MHz
naive,1:51,sample_cpu1_freq,1804,MHz
naive,1:51,sample_cpu2_freq,1804,MHz
naive,1:51,sample_cpu3_freq,1804,MHz
naive,1:51,sample_cpu4_freq,2208,MHz
naive,1:51,sample_cpu5_freq,2208,MHz
naive,1:51,sample_cpu6_freq,2208,MHz
naive,1:51,sample_cpu7_freq,2304,MHz
naive,1:52,sample_elapsed,7837,ms
naive,1:52,sample_power,5.584,W
naive,1:52,sample_process_cpu,497.368,% one core
naive,1:52,sample_free_ram,1.885,GiB
naive,1:52,sample_battery_temp,35.300,C
naive,1:52,sample_thermal_status,0,Android PowerManager status
naive,1:52,sample_cpu0_freq,1804,MHz
naive,1:52,sample_cpu1_freq,1804,MHz
naive,1:52,sample_cpu2_freq,1804,MHz
naive,1:52,sample_cpu3_freq,1804,MHz
naive,1:52,sample_cpu4_freq,2208,MHz
naive,1:52,sample_cpu5_freq,2208,MHz
naive,1:52,sample_cpu6_freq,2208,MHz
naive,1:52,sample_cpu7_freq,2304,MHz
naive,1:53,sample_elapsed,7989,ms
naive,1:53,sample_power,5.584,W
naive,1:53,sample_process_cpu,492.763,% one core
naive,1:53,sample_free_ram,1.885,GiB
naive,1:53,sample_battery_temp,35.300,C
naive,1:53,sample_thermal_status,0,Android PowerManager status
naive,1:53,sample_cpu0_freq,1804,MHz
naive,1:53,sample_cpu1_freq,1804,MHz
naive,1:53,sample_cpu2_freq,1804,MHz
naive,1:53,sample_cpu3_freq,1804,MHz
naive,1:53,sample_cpu4_freq,2208,MHz
naive,1:53,sample_cpu5_freq,2208,MHz
naive,1:53,sample_cpu6_freq,2208,MHz
naive,1:53,sample_cpu7_freq,2304,MHz
naive,1:54,sample_elapsed,8142,ms
naive,1:54,sample_power,5.584,W
naive,1:54,sample_process_cpu,490.850,% one core
naive,1:54,sample_free_ram,1.885,GiB
naive,1:54,sample_battery_temp,35.300,C
naive,1:54,sample_thermal_status,0,Android PowerManager status
naive,1:54,sample_cpu0_freq,1804,MHz
naive,1:54,sample_cpu1_freq,1804,MHz
naive,1:54,sample_cpu2_freq,1804,MHz
naive,1:54,sample_cpu3_freq,1804,MHz
naive,1:54,sample_cpu4_freq,2208,MHz
naive,1:54,sample_cpu5_freq,2208,MHz
naive,1:54,sample_cpu6_freq,2208,MHz
naive,1:54,sample_cpu7_freq,2304,MHz
naive,1:55,sample_elapsed,8294,ms
naive,1:55,sample_power,5.584,W
naive,1:55,sample_process_cpu,493.421,% one core
naive,1:55,sample_free_ram,1.885,GiB
naive,1:55,sample_battery_temp,35.300,C
naive,1:55,sample_thermal_status,0,Android PowerManager status
naive,1:55,sample_cpu0_freq,1804,MHz
naive,1:55,sample_cpu1_freq,1804,MHz
naive,1:55,sample_cpu2_freq,1804,MHz
naive,1:55,sample_cpu3_freq,1804,MHz
naive,1:55,sample_cpu4_freq,2208,MHz
naive,1:55,sample_cpu5_freq,2208,MHz
naive,1:55,sample_cpu6_freq,2208,MHz
naive,1:55,sample_cpu7_freq,2304,MHz
naive,1:56,sample_elapsed,8446,ms
naive,1:56,sample_power,5.584,W
naive,1:56,sample_process_cpu,494.079,% one core
naive,1:56,sample_free_ram,1.885,GiB
naive,1:56,sample_battery_temp,35.300,C
naive,1:56,sample_thermal_status,0,Android PowerManager status
naive,1:56,sample_cpu0_freq,1804,MHz
naive,1:56,sample_cpu1_freq,1804,MHz
naive,1:56,sample_cpu2_freq,1804,MHz
naive,1:56,sample_cpu3_freq,1804,MHz
naive,1:56,sample_cpu4_freq,2208,MHz
naive,1:56,sample_cpu5_freq,2208,MHz
naive,1:56,sample_cpu6_freq,2208,MHz
naive,1:56,sample_cpu7_freq,2304,MHz
naive,1:57,sample_elapsed,8599,ms
naive,1:57,sample_power,5.584,W
naive,1:57,sample_process_cpu,492.157,% one core
naive,1:57,sample_free_ram,1.885,GiB
naive,1:57,sample_battery_temp,35.300,C
naive,1:57,sample_thermal_status,0,Android PowerManager status
naive,1:57,sample_cpu0_freq,1804,MHz
naive,1:57,sample_cpu1_freq,1804,MHz
naive,1:57,sample_cpu2_freq,1804,MHz
naive,1:57,sample_cpu3_freq,1804,MHz
naive,1:57,sample_cpu4_freq,2208,MHz
naive,1:57,sample_cpu5_freq,2208,MHz
naive,1:57,sample_cpu6_freq,2208,MHz
naive,1:57,sample_cpu7_freq,2304,MHz
naive,1:58,sample_elapsed,8751,ms
naive,1:58,sample_power,5.584,W
naive,1:58,sample_process_cpu,488.816,% one core
naive,1:58,sample_free_ram,1.884,GiB
naive,1:58,sample_battery_temp,35.300,C
naive,1:58,sample_thermal_status,0,Android PowerManager status
naive,1:58,sample_cpu0_freq,1804,MHz
naive,1:58,sample_cpu1_freq,1804,MHz
naive,1:58,sample_cpu2_freq,1804,MHz
naive,1:58,sample_cpu3_freq,1804,MHz
naive,1:58,sample_cpu4_freq,2208,MHz
naive,1:58,sample_cpu5_freq,2208,MHz
naive,1:58,sample_cpu6_freq,2208,MHz
naive,1:58,sample_cpu7_freq,2304,MHz
naive,1:59,sample_elapsed,8903,ms
naive,1:59,sample_power,5.584,W
naive,1:59,sample_process_cpu,492.763,% one core
naive,1:59,sample_free_ram,1.884,GiB
naive,1:59,sample_battery_temp,35.300,C
naive,1:59,sample_thermal_status,0,Android PowerManager status
naive,1:59,sample_cpu0_freq,1804,MHz
naive,1:59,sample_cpu1_freq,1804,MHz
naive,1:59,sample_cpu2_freq,1804,MHz
naive,1:59,sample_cpu3_freq,1804,MHz
naive,1:59,sample_cpu4_freq,2208,MHz
naive,1:59,sample_cpu5_freq,2208,MHz
naive,1:59,sample_cpu6_freq,2208,MHz
naive,1:59,sample_cpu7_freq,2304,MHz
naive,1:60,sample_elapsed,9056,ms
naive,1:60,sample_power,5.584,W
naive,1:60,sample_process_cpu,494.118,% one core
naive,1:60,sample_free_ram,1.884,GiB
naive,1:60,sample_battery_temp,35.300,C
naive,1:60,sample_thermal_status,0,Android PowerManager status
naive,1:60,sample_cpu0_freq,1804,MHz
naive,1:60,sample_cpu1_freq,1804,MHz
naive,1:60,sample_cpu2_freq,1804,MHz
naive,1:60,sample_cpu3_freq,1804,MHz
naive,1:60,sample_cpu4_freq,2208,MHz
naive,1:60,sample_cpu5_freq,2208,MHz
naive,1:60,sample_cpu6_freq,2208,MHz
naive,1:60,sample_cpu7_freq,2304,MHz
naive,1:61,sample_elapsed,9214,ms
naive,1:61,sample_power,5.584,W
naive,1:61,sample_process_cpu,488.608,% one core
naive,1:61,sample_free_ram,1.884,GiB
naive,1:61,sample_battery_temp,35.300,C
naive,1:61,sample_thermal_status,0,Android PowerManager status
naive,1:61,sample_cpu0_freq,1804,MHz
naive,1:61,sample_cpu1_freq,1804,MHz
naive,1:61,sample_cpu2_freq,1804,MHz
naive,1:61,sample_cpu3_freq,1804,MHz
naive,1:61,sample_cpu4_freq,2208,MHz
naive,1:61,sample_cpu5_freq,2208,MHz
naive,1:61,sample_cpu6_freq,2208,MHz
naive,1:61,sample_cpu7_freq,2304,MHz
naive,1:62,sample_elapsed,9367,ms
naive,1:62,sample_power,5.584,W
naive,1:62,sample_process_cpu,492.157,% one core
naive,1:62,sample_free_ram,1.884,GiB
naive,1:62,sample_battery_temp,35.300,C
naive,1:62,sample_thermal_status,0,Android PowerManager status
naive,1:62,sample_cpu0_freq,1804,MHz
naive,1:62,sample_cpu1_freq,1804,MHz
naive,1:62,sample_cpu2_freq,1804,MHz
naive,1:62,sample_cpu3_freq,1804,MHz
naive,1:62,sample_cpu4_freq,2208,MHz
naive,1:62,sample_cpu5_freq,2208,MHz
naive,1:62,sample_cpu6_freq,2208,MHz
naive,1:62,sample_cpu7_freq,2304,MHz
naive,1:63,sample_elapsed,9519,ms
naive,1:63,sample_power,5.584,W
naive,1:63,sample_process_cpu,493.421,% one core
naive,1:63,sample_free_ram,1.884,GiB
naive,1:63,sample_battery_temp,35.300,C
naive,1:63,sample_thermal_status,0,Android PowerManager status
naive,1:63,sample_cpu0_freq,1804,MHz
naive,1:63,sample_cpu1_freq,1804,MHz
naive,1:63,sample_cpu2_freq,1804,MHz
naive,1:63,sample_cpu3_freq,1804,MHz
naive,1:63,sample_cpu4_freq,2208,MHz
naive,1:63,sample_cpu5_freq,2208,MHz
naive,1:63,sample_cpu6_freq,2208,MHz
naive,1:63,sample_cpu7_freq,2304,MHz
naive,1:64,sample_elapsed,9671,ms
naive,1:64,sample_power,5.584,W
naive,1:64,sample_process_cpu,494.079,% one core
naive,1:64,sample_free_ram,1.884,GiB
naive,1:64,sample_battery_temp,35.300,C
naive,1:64,sample_thermal_status,0,Android PowerManager status
naive,1:64,sample_cpu0_freq,1804,MHz
naive,1:64,sample_cpu1_freq,1804,MHz
naive,1:64,sample_cpu2_freq,1804,MHz
naive,1:64,sample_cpu3_freq,1804,MHz
naive,1:64,sample_cpu4_freq,2208,MHz
naive,1:64,sample_cpu5_freq,2208,MHz
naive,1:64,sample_cpu6_freq,2208,MHz
naive,1:64,sample_cpu7_freq,2304,MHz
naive,1:65,sample_elapsed,9824,ms
naive,1:65,sample_power,5.584,W
naive,1:65,sample_process_cpu,490.850,% one core
naive,1:65,sample_free_ram,1.884,GiB
naive,1:65,sample_battery_temp,35.300,C
naive,1:65,sample_thermal_status,0,Android PowerManager status
naive,1:65,sample_cpu0_freq,1804,MHz
naive,1:65,sample_cpu1_freq,1804,MHz
naive,1:65,sample_cpu2_freq,1804,MHz
naive,1:65,sample_cpu3_freq,1804,MHz
naive,1:65,sample_cpu4_freq,2208,MHz
naive,1:65,sample_cpu5_freq,2208,MHz
naive,1:65,sample_cpu6_freq,2208,MHz
naive,1:65,sample_cpu7_freq,2304,MHz
naive,1:66,sample_elapsed,9976,ms
naive,1:66,sample_power,5.584,W
naive,1:66,sample_process_cpu,493.421,% one core
naive,1:66,sample_free_ram,1.884,GiB
naive,1:66,sample_battery_temp,35.300,C
naive,1:66,sample_thermal_status,0,Android PowerManager status
naive,1:66,sample_cpu0_freq,1804,MHz
naive,1:66,sample_cpu1_freq,1804,MHz
naive,1:66,sample_cpu2_freq,1804,MHz
naive,1:66,sample_cpu3_freq,1804,MHz
naive,1:66,sample_cpu4_freq,2208,MHz
naive,1:66,sample_cpu5_freq,2208,MHz
naive,1:66,sample_cpu6_freq,2208,MHz
naive,1:66,sample_cpu7_freq,2304,MHz
naive,1:67,sample_elapsed,10129,ms
naive,1:67,sample_power,5.584,W
naive,1:67,sample_process_cpu,490.850,% one core
naive,1:67,sample_free_ram,1.884,GiB
naive,1:67,sample_battery_temp,35.300,C
naive,1:67,sample_thermal_status,0,Android PowerManager status
naive,1:67,sample_cpu0_freq,1804,MHz
naive,1:67,sample_cpu1_freq,1804,MHz
naive,1:67,sample_cpu2_freq,1804,MHz
naive,1:67,sample_cpu3_freq,1804,MHz
naive,1:67,sample_cpu4_freq,2208,MHz
naive,1:67,sample_cpu5_freq,2208,MHz
naive,1:67,sample_cpu6_freq,2208,MHz
naive,1:67,sample_cpu7_freq,2304,MHz
naive,1:68,sample_elapsed,10281,ms
naive,1:68,sample_power,5.584,W
naive,1:68,sample_process_cpu,492.763,% one core
naive,1:68,sample_free_ram,1.884,GiB
naive,1:68,sample_battery_temp,35.300,C
naive,1:68,sample_thermal_status,0,Android PowerManager status
naive,1:68,sample_cpu0_freq,1804,MHz
naive,1:68,sample_cpu1_freq,1804,MHz
naive,1:68,sample_cpu2_freq,1804,MHz
naive,1:68,sample_cpu3_freq,1804,MHz
naive,1:68,sample_cpu4_freq,2208,MHz
naive,1:68,sample_cpu5_freq,2208,MHz
naive,1:68,sample_cpu6_freq,2208,MHz
naive,1:68,sample_cpu7_freq,2304,MHz
naive,1:69,sample_elapsed,10434,ms
naive,1:69,sample_power,5.584,W
naive,1:69,sample_process_cpu,491.503,% one core
naive,1:69,sample_free_ram,1.884,GiB
naive,1:69,sample_battery_temp,35.300,C
naive,1:69,sample_thermal_status,0,Android PowerManager status
naive,1:69,sample_cpu0_freq,1804,MHz
naive,1:69,sample_cpu1_freq,1804,MHz
naive,1:69,sample_cpu2_freq,1804,MHz
naive,1:69,sample_cpu3_freq,1804,MHz
naive,1:69,sample_cpu4_freq,2208,MHz
naive,1:69,sample_cpu5_freq,2208,MHz
naive,1:69,sample_cpu6_freq,2208,MHz
naive,1:69,sample_cpu7_freq,2304,MHz
naive,1:70,sample_elapsed,10586,ms
naive,1:70,sample_power,5.584,W
naive,1:70,sample_process_cpu,494.079,% one core
naive,1:70,sample_free_ram,1.884,GiB
naive,1:70,sample_battery_temp,35.300,C
naive,1:70,sample_thermal_status,0,Android PowerManager status
naive,1:70,sample_cpu0_freq,1804,MHz
naive,1:70,sample_cpu1_freq,1804,MHz
naive,1:70,sample_cpu2_freq,1804,MHz
naive,1:70,sample_cpu3_freq,1804,MHz
naive,1:70,sample_cpu4_freq,2208,MHz
naive,1:70,sample_cpu5_freq,2208,MHz
naive,1:70,sample_cpu6_freq,2208,MHz
naive,1:70,sample_cpu7_freq,2304,MHz
naive,1:71,sample_elapsed,10738,ms
naive,1:71,sample_power,5.584,W
naive,1:71,sample_process_cpu,494.079,% one core
naive,1:71,sample_free_ram,1.884,GiB
naive,1:71,sample_battery_temp,35.300,C
naive,1:71,sample_thermal_status,0,Android PowerManager status
naive,1:71,sample_cpu0_freq,1804,MHz
naive,1:71,sample_cpu1_freq,1804,MHz
naive,1:71,sample_cpu2_freq,1804,MHz
naive,1:71,sample_cpu3_freq,1804,MHz
naive,1:71,sample_cpu4_freq,2208,MHz
naive,1:71,sample_cpu5_freq,2208,MHz
naive,1:71,sample_cpu6_freq,2208,MHz
naive,1:71,sample_cpu7_freq,2304,MHz
naive,1:72,sample_elapsed,10890,ms
naive,1:72,sample_power,5.584,W
naive,1:72,sample_process_cpu,509.211,% one core
naive,1:72,sample_free_ram,1.883,GiB
naive,1:72,sample_battery_temp,35.300,C
naive,1:72,sample_thermal_status,0,Android PowerManager status
naive,1:72,sample_cpu0_freq,1804,MHz
naive,1:72,sample_cpu1_freq,1804,MHz
naive,1:72,sample_cpu2_freq,1804,MHz
naive,1:72,sample_cpu3_freq,1804,MHz
naive,1:72,sample_cpu4_freq,2208,MHz
naive,1:72,sample_cpu5_freq,2208,MHz
naive,1:72,sample_cpu6_freq,2208,MHz
naive,1:72,sample_cpu7_freq,2304,MHz
naive,1:73,sample_elapsed,11042,ms
naive,1:73,sample_power,5.584,W
naive,1:73,sample_process_cpu,492.763,% one core
naive,1:73,sample_free_ram,1.883,GiB
naive,1:73,sample_battery_temp,35.300,C
naive,1:73,sample_thermal_status,0,Android PowerManager status
naive,1:73,sample_cpu0_freq,1804,MHz
naive,1:73,sample_cpu1_freq,1804,MHz
naive,1:73,sample_cpu2_freq,1804,MHz
naive,1:73,sample_cpu3_freq,1804,MHz
naive,1:73,sample_cpu4_freq,2208,MHz
naive,1:73,sample_cpu5_freq,2208,MHz
naive,1:73,sample_cpu6_freq,2208,MHz
naive,1:73,sample_cpu7_freq,2304,MHz
naive,1:74,sample_elapsed,11195,ms
naive,1:74,sample_power,5.584,W
naive,1:74,sample_process_cpu,490.850,% one core
naive,1:74,sample_free_ram,1.883,GiB
naive,1:74,sample_battery_temp,35.300,C
naive,1:74,sample_thermal_status,0,Android PowerManager status
naive,1:74,sample_cpu0_freq,1804,MHz
naive,1:74,sample_cpu1_freq,1804,MHz
naive,1:74,sample_cpu2_freq,1804,MHz
naive,1:74,sample_cpu3_freq,1804,MHz
naive,1:74,sample_cpu4_freq,2208,MHz
naive,1:74,sample_cpu5_freq,2208,MHz
naive,1:74,sample_cpu6_freq,2208,MHz
naive,1:74,sample_cpu7_freq,2304,MHz
naive,1:75,sample_elapsed,11347,ms
naive,1:75,sample_power,5.584,W
naive,1:75,sample_process_cpu,494.079,% one core
naive,1:75,sample_free_ram,1.883,GiB
naive,1:75,sample_battery_temp,35.300,C
naive,1:75,sample_thermal_status,0,Android PowerManager status
naive,1:75,sample_cpu0_freq,1804,MHz
naive,1:75,sample_cpu1_freq,1804,MHz
naive,1:75,sample_cpu2_freq,1804,MHz
naive,1:75,sample_cpu3_freq,1804,MHz
naive,1:75,sample_cpu4_freq,2208,MHz
naive,1:75,sample_cpu5_freq,2208,MHz
naive,1:75,sample_cpu6_freq,2208,MHz
naive,1:75,sample_cpu7_freq,2304,MHz
naive,1:76,sample_elapsed,11500,ms
naive,1:76,sample_power,5.584,W
naive,1:76,sample_process_cpu,492.810,% one core
naive,1:76,sample_free_ram,1.883,GiB
naive,1:76,sample_battery_temp,35.300,C
naive,1:76,sample_thermal_status,0,Android PowerManager status
naive,1:76,sample_cpu0_freq,1804,MHz
naive,1:76,sample_cpu1_freq,1804,MHz
naive,1:76,sample_cpu2_freq,1804,MHz
naive,1:76,sample_cpu3_freq,1804,MHz
naive,1:76,sample_cpu4_freq,2208,MHz
naive,1:76,sample_cpu5_freq,2208,MHz
naive,1:76,sample_cpu6_freq,2208,MHz
naive,1:76,sample_cpu7_freq,2304,MHz
naive,1:77,sample_elapsed,11658,ms
naive,1:77,sample_power,5.584,W
naive,1:77,sample_process_cpu,488.608,% one core
naive,1:77,sample_free_ram,1.882,GiB
naive,1:77,sample_battery_temp,35.300,C
naive,1:77,sample_thermal_status,0,Android PowerManager status
naive,1:77,sample_cpu0_freq,1804,MHz
naive,1:77,sample_cpu1_freq,1804,MHz
naive,1:77,sample_cpu2_freq,1804,MHz
naive,1:77,sample_cpu3_freq,1804,MHz
naive,1:77,sample_cpu4_freq,2208,MHz
naive,1:77,sample_cpu5_freq,2208,MHz
naive,1:77,sample_cpu6_freq,2208,MHz
naive,1:77,sample_cpu7_freq,2304,MHz
naive,1:78,sample_elapsed,11810,ms
naive,1:78,sample_power,3.951,W
naive,1:78,sample_process_cpu,494.079,% one core
naive,1:78,sample_free_ram,1.883,GiB
naive,1:78,sample_battery_temp,35.300,C
naive,1:78,sample_thermal_status,0,Android PowerManager status
naive,1:78,sample_cpu0_freq,1804,MHz
naive,1:78,sample_cpu1_freq,1804,MHz
naive,1:78,sample_cpu2_freq,1804,MHz
naive,1:78,sample_cpu3_freq,1804,MHz
naive,1:78,sample_cpu4_freq,2208,MHz
naive,1:78,sample_cpu5_freq,2208,MHz
naive,1:78,sample_cpu6_freq,2208,MHz
naive,1:78,sample_cpu7_freq,2304,MHz
naive,1:79,sample_elapsed,11962,ms
naive,1:79,sample_power,3.951,W
naive,1:79,sample_process_cpu,492.105,% one core
naive,1:79,sample_free_ram,1.882,GiB
naive,1:79,sample_battery_temp,35.300,C
naive,1:79,sample_thermal_status,0,Android PowerManager status
naive,1:79,sample_cpu0_freq,1804,MHz
naive,1:79,sample_cpu1_freq,1804,MHz
naive,1:79,sample_cpu2_freq,1804,MHz
naive,1:79,sample_cpu3_freq,1804,MHz
naive,1:79,sample_cpu4_freq,2208,MHz
naive,1:79,sample_cpu5_freq,2208,MHz
naive,1:79,sample_cpu6_freq,2208,MHz
naive,1:79,sample_cpu7_freq,2304,MHz
naive,1:80,sample_elapsed,12114,ms
naive,1:80,sample_power,3.951,W
naive,1:80,sample_process_cpu,493.421,% one core
naive,1:80,sample_free_ram,1.882,GiB
naive,1:80,sample_battery_temp,35.300,C
naive,1:80,sample_thermal_status,0,Android PowerManager status
naive,1:80,sample_cpu0_freq,1804,MHz
naive,1:80,sample_cpu1_freq,1804,MHz
naive,1:80,sample_cpu2_freq,1804,MHz
naive,1:80,sample_cpu3_freq,1804,MHz
naive,1:80,sample_cpu4_freq,2208,MHz
naive,1:80,sample_cpu5_freq,2208,MHz
naive,1:80,sample_cpu6_freq,2208,MHz
naive,1:80,sample_cpu7_freq,2304,MHz
naive,1:81,sample_elapsed,12267,ms
naive,1:81,sample_power,3.951,W
naive,1:81,sample_process_cpu,491.503,% one core
naive,1:81,sample_free_ram,1.882,GiB
naive,1:81,sample_battery_temp,35.300,C
naive,1:81,sample_thermal_status,0,Android PowerManager status
naive,1:81,sample_cpu0_freq,1804,MHz
naive,1:81,sample_cpu1_freq,1804,MHz
naive,1:81,sample_cpu2_freq,1804,MHz
naive,1:81,sample_cpu3_freq,1804,MHz
naive,1:81,sample_cpu4_freq,2208,MHz
naive,1:81,sample_cpu5_freq,2208,MHz
naive,1:81,sample_cpu6_freq,2208,MHz
naive,1:81,sample_cpu7_freq,2304,MHz
naive,1:82,sample_elapsed,12420,ms
naive,1:82,sample_power,3.951,W
naive,1:82,sample_process_cpu,491.503,% one core
naive,1:82,sample_free_ram,1.882,GiB
naive,1:82,sample_battery_temp,35.300,C
naive,1:82,sample_thermal_status,0,Android PowerManager status
naive,1:82,sample_cpu0_freq,1804,MHz
naive,1:82,sample_cpu1_freq,1804,MHz
naive,1:82,sample_cpu2_freq,1804,MHz
naive,1:82,sample_cpu3_freq,1804,MHz
naive,1:82,sample_cpu4_freq,2208,MHz
naive,1:82,sample_cpu5_freq,2208,MHz
naive,1:82,sample_cpu6_freq,2208,MHz
naive,1:82,sample_cpu7_freq,2304,MHz
naive,1:83,sample_elapsed,12572,ms
naive,1:83,sample_power,3.951,W
naive,1:83,sample_process_cpu,493.421,% one core
naive,1:83,sample_free_ram,1.882,GiB
naive,1:83,sample_battery_temp,35.300,C
naive,1:83,sample_thermal_status,0,Android PowerManager status
naive,1:83,sample_cpu0_freq,1804,MHz
naive,1:83,sample_cpu1_freq,1804,MHz
naive,1:83,sample_cpu2_freq,1804,MHz
naive,1:83,sample_cpu3_freq,1804,MHz
naive,1:83,sample_cpu4_freq,2208,MHz
naive,1:83,sample_cpu5_freq,2208,MHz
naive,1:83,sample_cpu6_freq,2208,MHz
naive,1:83,sample_cpu7_freq,2304,MHz
naive,1:84,sample_elapsed,12724,ms
naive,1:84,sample_power,3.951,W
naive,1:84,sample_process_cpu,496.053,% one core
naive,1:84,sample_free_ram,1.882,GiB
naive,1:84,sample_battery_temp,35.300,C
naive,1:84,sample_thermal_status,0,Android PowerManager status
naive,1:84,sample_cpu0_freq,1804,MHz
naive,1:84,sample_cpu1_freq,1804,MHz
naive,1:84,sample_cpu2_freq,1804,MHz
naive,1:84,sample_cpu3_freq,1804,MHz
naive,1:84,sample_cpu4_freq,2208,MHz
naive,1:84,sample_cpu5_freq,2208,MHz
naive,1:84,sample_cpu6_freq,2208,MHz
naive,1:84,sample_cpu7_freq,2304,MHz
naive,1:85,sample_elapsed,12877,ms
naive,1:85,sample_power,3.951,W
naive,1:85,sample_process_cpu,491.503,% one core
naive,1:85,sample_free_ram,1.882,GiB
naive,1:85,sample_battery_temp,35.300,C
naive,1:85,sample_thermal_status,0,Android PowerManager status
naive,1:85,sample_cpu0_freq,1804,MHz
naive,1:85,sample_cpu1_freq,1804,MHz
naive,1:85,sample_cpu2_freq,1804,MHz
naive,1:85,sample_cpu3_freq,1804,MHz
naive,1:85,sample_cpu4_freq,2208,MHz
naive,1:85,sample_cpu5_freq,2208,MHz
naive,1:85,sample_cpu6_freq,2208,MHz
naive,1:85,sample_cpu7_freq,2304,MHz
naive,1:86,sample_elapsed,13029,ms
naive,1:86,sample_power,3.951,W
naive,1:86,sample_process_cpu,493.421,% one core
naive,1:86,sample_free_ram,1.881,GiB
naive,1:86,sample_battery_temp,35.300,C
naive,1:86,sample_thermal_status,0,Android PowerManager status
naive,1:86,sample_cpu0_freq,1804,MHz
naive,1:86,sample_cpu1_freq,1804,MHz
naive,1:86,sample_cpu2_freq,1804,MHz
naive,1:86,sample_cpu3_freq,1804,MHz
naive,1:86,sample_cpu4_freq,2208,MHz
naive,1:86,sample_cpu5_freq,2208,MHz
naive,1:86,sample_cpu6_freq,2208,MHz
naive,1:86,sample_cpu7_freq,2304,MHz
naive,1:87,sample_elapsed,13182,ms
naive,1:87,sample_power,3.951,W
naive,1:87,sample_process_cpu,483.660,% one core
naive,1:87,sample_free_ram,1.881,GiB
naive,1:87,sample_battery_temp,35.300,C
naive,1:87,sample_thermal_status,0,Android PowerManager status
naive,1:87,sample_cpu0_freq,1804,MHz
naive,1:87,sample_cpu1_freq,1804,MHz
naive,1:87,sample_cpu2_freq,1804,MHz
naive,1:87,sample_cpu3_freq,1804,MHz
naive,1:87,sample_cpu4_freq,2208,MHz
naive,1:87,sample_cpu5_freq,2208,MHz
naive,1:87,sample_cpu6_freq,2208,MHz
naive,1:87,sample_cpu7_freq,2304,MHz
naive,1:88,sample_elapsed,13334,ms
naive,1:88,sample_power,3.951,W
naive,1:88,sample_process_cpu,492.105,% one core
naive,1:88,sample_free_ram,1.881,GiB
naive,1:88,sample_battery_temp,35.300,C
naive,1:88,sample_thermal_status,0,Android PowerManager status
naive,1:88,sample_cpu0_freq,1804,MHz
naive,1:88,sample_cpu1_freq,1804,MHz
naive,1:88,sample_cpu2_freq,1804,MHz
naive,1:88,sample_cpu3_freq,1804,MHz
naive,1:88,sample_cpu4_freq,2208,MHz
naive,1:88,sample_cpu5_freq,2208,MHz
naive,1:88,sample_cpu6_freq,2208,MHz
naive,1:88,sample_cpu7_freq,2304,MHz
naive,1:89,sample_elapsed,13492,ms
naive,1:89,sample_power,3.951,W
naive,1:89,sample_process_cpu,493.038,% one core
naive,1:89,sample_free_ram,1.881,GiB
naive,1:89,sample_battery_temp,35.300,C
naive,1:89,sample_thermal_status,0,Android PowerManager status
naive,1:89,sample_cpu0_freq,1804,MHz
naive,1:89,sample_cpu1_freq,1804,MHz
naive,1:89,sample_cpu2_freq,1804,MHz
naive,1:89,sample_cpu3_freq,1804,MHz
naive,1:89,sample_cpu4_freq,2208,MHz
naive,1:89,sample_cpu5_freq,2208,MHz
naive,1:89,sample_cpu6_freq,2208,MHz
naive,1:89,sample_cpu7_freq,2304,MHz
naive,1:90,sample_elapsed,13644,ms
naive,1:90,sample_power,3.951,W
naive,1:90,sample_process_cpu,494.079,% one core
naive,1:90,sample_free_ram,1.894,GiB
naive,1:90,sample_battery_temp,35.300,C
naive,1:90,sample_thermal_status,0,Android PowerManager status
naive,1:90,sample_cpu0_freq,1804,MHz
naive,1:90,sample_cpu1_freq,1804,MHz
naive,1:90,sample_cpu2_freq,1804,MHz
naive,1:90,sample_cpu3_freq,1804,MHz
naive,1:90,sample_cpu4_freq,2208,MHz
naive,1:90,sample_cpu5_freq,2208,MHz
naive,1:90,sample_cpu6_freq,2208,MHz
naive,1:90,sample_cpu7_freq,2304,MHz
naive,1:91,sample_elapsed,13797,ms
naive,1:91,sample_power,3.951,W
naive,1:91,sample_process_cpu,489.542,% one core
naive,1:91,sample_free_ram,1.903,GiB
naive,1:91,sample_battery_temp,35.300,C
naive,1:91,sample_thermal_status,0,Android PowerManager status
naive,1:91,sample_cpu0_freq,1804,MHz
naive,1:91,sample_cpu1_freq,1804,MHz
naive,1:91,sample_cpu2_freq,1804,MHz
naive,1:91,sample_cpu3_freq,1804,MHz
naive,1:91,sample_cpu4_freq,2208,MHz
naive,1:91,sample_cpu5_freq,2208,MHz
naive,1:91,sample_cpu6_freq,2208,MHz
naive,1:91,sample_cpu7_freq,2304,MHz
naive,1:92,sample_elapsed,13961,ms
naive,1:92,sample_power,3.951,W
naive,1:92,sample_process_cpu,487.195,% one core
naive,1:92,sample_free_ram,1.903,GiB
naive,1:92,sample_battery_temp,35.300,C
naive,1:92,sample_thermal_status,0,Android PowerManager status
naive,1:92,sample_cpu0_freq,1804,MHz
naive,1:92,sample_cpu1_freq,1804,MHz
naive,1:92,sample_cpu2_freq,1804,MHz
naive,1:92,sample_cpu3_freq,1804,MHz
naive,1:92,sample_cpu4_freq,2208,MHz
naive,1:92,sample_cpu5_freq,2208,MHz
naive,1:92,sample_cpu6_freq,2208,MHz
naive,1:92,sample_cpu7_freq,2304,MHz
naive,1:93,sample_elapsed,14113,ms
naive,1:93,sample_power,3.951,W
naive,1:93,sample_process_cpu,487.500,% one core
naive,1:93,sample_free_ram,1.903,GiB
naive,1:93,sample_battery_temp,35.300,C
naive,1:93,sample_thermal_status,0,Android PowerManager status
naive,1:93,sample_cpu0_freq,1804,MHz
naive,1:93,sample_cpu1_freq,1804,MHz
naive,1:93,sample_cpu2_freq,1804,MHz
naive,1:93,sample_cpu3_freq,1804,MHz
naive,1:93,sample_cpu4_freq,2208,MHz
naive,1:93,sample_cpu5_freq,2208,MHz
naive,1:93,sample_cpu6_freq,2208,MHz
naive,1:93,sample_cpu7_freq,2304,MHz
naive,1:94,sample_elapsed,14265,ms
naive,1:94,sample_power,3.951,W
naive,1:94,sample_process_cpu,493.421,% one core
naive,1:94,sample_free_ram,1.903,GiB
naive,1:94,sample_battery_temp,35.300,C
naive,1:94,sample_thermal_status,0,Android PowerManager status
naive,1:94,sample_cpu0_freq,1804,MHz
naive,1:94,sample_cpu1_freq,1804,MHz
naive,1:94,sample_cpu2_freq,1804,MHz
naive,1:94,sample_cpu3_freq,1804,MHz
naive,1:94,sample_cpu4_freq,2208,MHz
naive,1:94,sample_cpu5_freq,2208,MHz
naive,1:94,sample_cpu6_freq,2208,MHz
naive,1:94,sample_cpu7_freq,2304,MHz
naive,1:95,sample_elapsed,14417,ms
naive,1:95,sample_power,3.951,W
naive,1:95,sample_process_cpu,519.737,% one core
naive,1:95,sample_free_ram,1.907,GiB
naive,1:95,sample_battery_temp,35.300,C
naive,1:95,sample_thermal_status,0,Android PowerManager status
naive,1:95,sample_cpu0_freq,1804,MHz
naive,1:95,sample_cpu1_freq,1804,MHz
naive,1:95,sample_cpu2_freq,1804,MHz
naive,1:95,sample_cpu3_freq,1804,MHz
naive,1:95,sample_cpu4_freq,2208,MHz
naive,1:95,sample_cpu5_freq,2208,MHz
naive,1:95,sample_cpu6_freq,2208,MHz
naive,1:95,sample_cpu7_freq,2304,MHz
naive,1:96,sample_elapsed,14570,ms
naive,1:96,sample_power,3.951,W
naive,1:96,sample_process_cpu,490.196,% one core
naive,1:96,sample_free_ram,1.912,GiB
naive,1:96,sample_battery_temp,35.300,C
naive,1:96,sample_thermal_status,0,Android PowerManager status
naive,1:96,sample_cpu0_freq,1804,MHz
naive,1:96,sample_cpu1_freq,1804,MHz
naive,1:96,sample_cpu2_freq,1804,MHz
naive,1:96,sample_cpu3_freq,1804,MHz
naive,1:96,sample_cpu4_freq,2208,MHz
naive,1:96,sample_cpu5_freq,2208,MHz
naive,1:96,sample_cpu6_freq,2208,MHz
naive,1:96,sample_cpu7_freq,2304,MHz
naive,1:97,sample_elapsed,14722,ms
naive,1:97,sample_power,3.951,W
naive,1:97,sample_process_cpu,493.421,% one core
naive,1:97,sample_free_ram,1.912,GiB
naive,1:97,sample_battery_temp,35.300,C
naive,1:97,sample_thermal_status,0,Android PowerManager status
naive,1:97,sample_cpu0_freq,1804,MHz
naive,1:97,sample_cpu1_freq,1804,MHz
naive,1:97,sample_cpu2_freq,1804,MHz
naive,1:97,sample_cpu3_freq,1804,MHz
naive,1:97,sample_cpu4_freq,2208,MHz
naive,1:97,sample_cpu5_freq,2208,MHz
naive,1:97,sample_cpu6_freq,2208,MHz
naive,1:97,sample_cpu7_freq,2304,MHz
naive,1:98,sample_elapsed,14875,ms
naive,1:98,sample_power,3.951,W
naive,1:98,sample_process_cpu,490.850,% one core
naive,1:98,sample_free_ram,1.912,GiB
naive,1:98,sample_battery_temp,35.300,C
naive,1:98,sample_thermal_status,0,Android PowerManager status
naive,1:98,sample_cpu0_freq,1804,MHz
naive,1:98,sample_cpu1_freq,1804,MHz
naive,1:98,sample_cpu2_freq,1804,MHz
naive,1:98,sample_cpu3_freq,1804,MHz
naive,1:98,sample_cpu4_freq,2208,MHz
naive,1:98,sample_cpu5_freq,2208,MHz
naive,1:98,sample_cpu6_freq,2208,MHz
naive,1:98,sample_cpu7_freq,2304,MHz
naive,1:99,sample_elapsed,15027,ms
naive,1:99,sample_power,3.951,W
naive,1:99,sample_process_cpu,492.105,% one core
naive,1:99,sample_free_ram,1.911,GiB
naive,1:99,sample_battery_temp,35.300,C
naive,1:99,sample_thermal_status,0,Android PowerManager status
naive,1:99,sample_cpu0_freq,1804,MHz
naive,1:99,sample_cpu1_freq,1804,MHz
naive,1:99,sample_cpu2_freq,1804,MHz
naive,1:99,sample_cpu3_freq,1804,MHz
naive,1:99,sample_cpu4_freq,2208,MHz
naive,1:99,sample_cpu5_freq,2208,MHz
naive,1:99,sample_cpu6_freq,2208,MHz
naive,1:99,sample_cpu7_freq,2304,MHz
naive,1:100,sample_elapsed,15179,ms
naive,1:100,sample_power,3.951,W
naive,1:100,sample_process_cpu,490.789,% one core
naive,1:100,sample_free_ram,1.911,GiB
naive,1:100,sample_battery_temp,35.300,C
naive,1:100,sample_thermal_status,0,Android PowerManager status
naive,1:100,sample_cpu0_freq,1804,MHz
naive,1:100,sample_cpu1_freq,1804,MHz
naive,1:100,sample_cpu2_freq,1804,MHz
naive,1:100,sample_cpu3_freq,1804,MHz
naive,1:100,sample_cpu4_freq,2208,MHz
naive,1:100,sample_cpu5_freq,2208,MHz
naive,1:100,sample_cpu6_freq,2208,MHz
naive,1:100,sample_cpu7_freq,2304,MHz
naive,1:101,sample_elapsed,15331,ms
naive,1:101,sample_power,3.951,W
naive,1:101,sample_process_cpu,490.132,% one core
naive,1:101,sample_free_ram,1.911,GiB
naive,1:101,sample_battery_temp,35.300,C
naive,1:101,sample_thermal_status,0,Android PowerManager status
naive,1:101,sample_cpu0_freq,1804,MHz
naive,1:101,sample_cpu1_freq,1804,MHz
naive,1:101,sample_cpu2_freq,1804,MHz
naive,1:101,sample_cpu3_freq,1804,MHz
naive,1:101,sample_cpu4_freq,2208,MHz
naive,1:101,sample_cpu5_freq,2208,MHz
naive,1:101,sample_cpu6_freq,2208,MHz
naive,1:101,sample_cpu7_freq,2304,MHz
naive,1:102,sample_elapsed,15483,ms
naive,1:102,sample_power,3.951,W
naive,1:102,sample_process_cpu,494.079,% one core
naive,1:102,sample_free_ram,1.911,GiB
naive,1:102,sample_battery_temp,35.300,C
naive,1:102,sample_thermal_status,0,Android PowerManager status
naive,1:102,sample_cpu0_freq,1804,MHz
naive,1:102,sample_cpu1_freq,1804,MHz
naive,1:102,sample_cpu2_freq,1804,MHz
naive,1:102,sample_cpu3_freq,1804,MHz
naive,1:102,sample_cpu4_freq,2208,MHz
naive,1:102,sample_cpu5_freq,2208,MHz
naive,1:102,sample_cpu6_freq,2208,MHz
naive,1:102,sample_cpu7_freq,2304,MHz
naive,2,pp,146.000,tok/s
naive,2,tg,9.260,tok/s
naive,2,power,4.127,W
naive,2,tok_per_w,2.244,tok/W
naive,2,ttft_pp512_derived,3614.841,ms
naive,2,start_temp,35.300,C
naive,2,average_process_cpu,393.711,% one core
naive,2,minimum_free_ram,1.919,GiB
naive,2,peak_battery_temp,35.300,C
naive,2,peak_thermal_status,0,Android PowerManager status
naive,2:1,sample_elapsed,1,ms
naive,2:1,sample_power,1.034,W
naive,2:1,sample_process_cpu,400.000,% one core
naive,2:1,sample_free_ram,1.972,GiB
naive,2:1,sample_battery_temp,35.300,C
naive,2:1,sample_thermal_status,0,Android PowerManager status
naive,2:1,sample_cpu0_freq,595,MHz
naive,2:1,sample_cpu1_freq,595,MHz
naive,2:1,sample_cpu2_freq,595,MHz
naive,2:1,sample_cpu3_freq,595,MHz
naive,2:1,sample_cpu4_freq,1401,MHz
naive,2:1,sample_cpu5_freq,1401,MHz
naive,2:1,sample_cpu6_freq,1401,MHz
naive,2:1,sample_cpu7_freq,633,MHz
naive,2:2,sample_elapsed,157,ms
naive,2:2,sample_power,1.034,W
naive,2:2,sample_process_cpu,363.462,% one core
naive,2:2,sample_free_ram,1.945,GiB
naive,2:2,sample_battery_temp,35.300,C
naive,2:2,sample_thermal_status,0,Android PowerManager status
naive,2:2,sample_cpu0_freq,1804,MHz
naive,2:2,sample_cpu1_freq,1804,MHz
naive,2:2,sample_cpu2_freq,1804,MHz
naive,2:2,sample_cpu3_freq,1804,MHz
naive,2:2,sample_cpu4_freq,2208,MHz
naive,2:2,sample_cpu5_freq,2208,MHz
naive,2:2,sample_cpu6_freq,2208,MHz
naive,2:2,sample_cpu7_freq,2304,MHz
naive,2:3,sample_elapsed,312,ms
naive,2:3,sample_power,1.034,W
naive,2:3,sample_process_cpu,399.355,% one core
naive,2:3,sample_free_ram,1.931,GiB
naive,2:3,sample_battery_temp,35.300,C
naive,2:3,sample_thermal_status,0,Android PowerManager status
naive,2:3,sample_cpu0_freq,1804,MHz
naive,2:3,sample_cpu1_freq,1804,MHz
naive,2:3,sample_cpu2_freq,1804,MHz
naive,2:3,sample_cpu3_freq,1804,MHz
naive,2:3,sample_cpu4_freq,2208,MHz
naive,2:3,sample_cpu5_freq,2208,MHz
naive,2:3,sample_cpu6_freq,2208,MHz
naive,2:3,sample_cpu7_freq,2304,MHz
naive,2:4,sample_elapsed,467,ms
naive,2:4,sample_power,1.034,W
naive,2:4,sample_process_cpu,400.000,% one core
naive,2:4,sample_free_ram,1.919,GiB
naive,2:4,sample_battery_temp,35.300,C
naive,2:4,sample_thermal_status,0,Android PowerManager status
naive,2:4,sample_cpu0_freq,1804,MHz
naive,2:4,sample_cpu1_freq,1804,MHz
naive,2:4,sample_cpu2_freq,1804,MHz
naive,2:4,sample_cpu3_freq,1804,MHz
naive,2:4,sample_cpu4_freq,2208,MHz
naive,2:4,sample_cpu5_freq,2208,MHz
naive,2:4,sample_cpu6_freq,2208,MHz
naive,2:4,sample_cpu7_freq,2304,MHz
naive,2:5,sample_elapsed,621,ms
naive,2:5,sample_power,1.034,W
naive,2:5,sample_process_cpu,398.052,% one core
naive,2:5,sample_free_ram,1.921,GiB
naive,2:5,sample_battery_temp,35.300,C
naive,2:5,sample_thermal_status,0,Android PowerManager status
naive,2:5,sample_cpu0_freq,1804,MHz
naive,2:5,sample_cpu1_freq,1804,MHz
naive,2:5,sample_cpu2_freq,1804,MHz
naive,2:5,sample_cpu3_freq,1804,MHz
naive,2:5,sample_cpu4_freq,2208,MHz
naive,2:5,sample_cpu5_freq,2208,MHz
naive,2:5,sample_cpu6_freq,2208,MHz
naive,2:5,sample_cpu7_freq,2304,MHz
naive,2:6,sample_elapsed,774,ms
naive,2:6,sample_power,1.034,W
naive,2:6,sample_process_cpu,390.850,% one core
naive,2:6,sample_free_ram,1.930,GiB
naive,2:6,sample_battery_temp,35.300,C
naive,2:6,sample_thermal_status,0,Android PowerManager status
naive,2:6,sample_cpu0_freq,1804,MHz
naive,2:6,sample_cpu1_freq,1804,MHz
naive,2:6,sample_cpu2_freq,1804,MHz
naive,2:6,sample_cpu3_freq,1804,MHz
naive,2:6,sample_cpu4_freq,2208,MHz
naive,2:6,sample_cpu5_freq,2208,MHz
naive,2:6,sample_cpu6_freq,2208,MHz
naive,2:6,sample_cpu7_freq,2304,MHz
naive,2:7,sample_elapsed,928,ms
naive,2:7,sample_power,1.034,W
naive,2:7,sample_process_cpu,405.195,% one core
naive,2:7,sample_free_ram,1.949,GiB
naive,2:7,sample_battery_temp,35.300,C
naive,2:7,sample_thermal_status,0,Android PowerManager status
naive,2:7,sample_cpu0_freq,1804,MHz
naive,2:7,sample_cpu1_freq,1804,MHz
naive,2:7,sample_cpu2_freq,1804,MHz
naive,2:7,sample_cpu3_freq,1804,MHz
naive,2:7,sample_cpu4_freq,2208,MHz
naive,2:7,sample_cpu5_freq,2208,MHz
naive,2:7,sample_cpu6_freq,2208,MHz
naive,2:7,sample_cpu7_freq,2304,MHz
naive,2:8,sample_elapsed,1081,ms
naive,2:8,sample_power,1.034,W
naive,2:8,sample_process_cpu,397.386,% one core
naive,2:8,sample_free_ram,1.950,GiB
naive,2:8,sample_battery_temp,35.300,C
naive,2:8,sample_thermal_status,0,Android PowerManager status
naive,2:8,sample_cpu0_freq,1804,MHz
naive,2:8,sample_cpu1_freq,1804,MHz
naive,2:8,sample_cpu2_freq,1804,MHz
naive,2:8,sample_cpu3_freq,1804,MHz
naive,2:8,sample_cpu4_freq,2208,MHz
naive,2:8,sample_cpu5_freq,2208,MHz
naive,2:8,sample_cpu6_freq,2208,MHz
naive,2:8,sample_cpu7_freq,2304,MHz
naive,2:9,sample_elapsed,1237,ms
naive,2:9,sample_power,1.034,W
naive,2:9,sample_process_cpu,392.949,% one core
naive,2:9,sample_free_ram,1.949,GiB
naive,2:9,sample_battery_temp,35.300,C
naive,2:9,sample_thermal_status,0,Android PowerManager status
naive,2:9,sample_cpu0_freq,1804,MHz
naive,2:9,sample_cpu1_freq,1804,MHz
naive,2:9,sample_cpu2_freq,1804,MHz
naive,2:9,sample_cpu3_freq,1804,MHz
naive,2:9,sample_cpu4_freq,2208,MHz
naive,2:9,sample_cpu5_freq,2208,MHz
naive,2:9,sample_cpu6_freq,2208,MHz
naive,2:9,sample_cpu7_freq,2304,MHz
naive,2:10,sample_elapsed,1391,ms
naive,2:10,sample_power,1.034,W
naive,2:10,sample_process_cpu,400.649,% one core
naive,2:10,sample_free_ram,1.949,GiB
naive,2:10,sample_battery_temp,35.300,C
naive,2:10,sample_thermal_status,0,Android PowerManager status
naive,2:10,sample_cpu0_freq,1804,MHz
naive,2:10,sample_cpu1_freq,1804,MHz
naive,2:10,sample_cpu2_freq,1804,MHz
naive,2:10,sample_cpu3_freq,1804,MHz
naive,2:10,sample_cpu4_freq,2208,MHz
naive,2:10,sample_cpu5_freq,2208,MHz
naive,2:10,sample_cpu6_freq,2208,MHz
naive,2:10,sample_cpu7_freq,2304,MHz
naive,2:11,sample_elapsed,1544,ms
naive,2:11,sample_power,4.632,W
naive,2:11,sample_process_cpu,400.000,% one core
naive,2:11,sample_free_ram,1.949,GiB
naive,2:11,sample_battery_temp,35.300,C
naive,2:11,sample_thermal_status,0,Android PowerManager status
naive,2:11,sample_cpu0_freq,1804,MHz
naive,2:11,sample_cpu1_freq,1804,MHz
naive,2:11,sample_cpu2_freq,1804,MHz
naive,2:11,sample_cpu3_freq,1804,MHz
naive,2:11,sample_cpu4_freq,2208,MHz
naive,2:11,sample_cpu5_freq,2208,MHz
naive,2:11,sample_cpu6_freq,2208,MHz
naive,2:11,sample_cpu7_freq,2304,MHz
naive,2:12,sample_elapsed,1699,ms
naive,2:12,sample_power,4.632,W
naive,2:12,sample_process_cpu,394.194,% one core
naive,2:12,sample_free_ram,1.949,GiB
naive,2:12,sample_battery_temp,35.300,C
naive,2:12,sample_thermal_status,0,Android PowerManager status
naive,2:12,sample_cpu0_freq,1804,MHz
naive,2:12,sample_cpu1_freq,1804,MHz
naive,2:12,sample_cpu2_freq,1804,MHz
naive,2:12,sample_cpu3_freq,1804,MHz
naive,2:12,sample_cpu4_freq,2208,MHz
naive,2:12,sample_cpu5_freq,2208,MHz
naive,2:12,sample_cpu6_freq,2208,MHz
naive,2:12,sample_cpu7_freq,2304,MHz
naive,2:13,sample_elapsed,1853,ms
naive,2:13,sample_power,4.632,W
naive,2:13,sample_process_cpu,397.403,% one core
naive,2:13,sample_free_ram,1.949,GiB
naive,2:13,sample_battery_temp,35.300,C
naive,2:13,sample_thermal_status,0,Android PowerManager status
naive,2:13,sample_cpu0_freq,1804,MHz
naive,2:13,sample_cpu1_freq,1804,MHz
naive,2:13,sample_cpu2_freq,1804,MHz
naive,2:13,sample_cpu3_freq,1804,MHz
naive,2:13,sample_cpu4_freq,2208,MHz
naive,2:13,sample_cpu5_freq,2208,MHz
naive,2:13,sample_cpu6_freq,2208,MHz
naive,2:13,sample_cpu7_freq,2304,MHz
naive,2:14,sample_elapsed,2008,ms
naive,2:14,sample_power,4.632,W
naive,2:14,sample_process_cpu,398.065,% one core
naive,2:14,sample_free_ram,1.949,GiB
naive,2:14,sample_battery_temp,35.300,C
naive,2:14,sample_thermal_status,0,Android PowerManager status
naive,2:14,sample_cpu0_freq,1804,MHz
naive,2:14,sample_cpu1_freq,1804,MHz
naive,2:14,sample_cpu2_freq,1804,MHz
naive,2:14,sample_cpu3_freq,1804,MHz
naive,2:14,sample_cpu4_freq,2208,MHz
naive,2:14,sample_cpu5_freq,2208,MHz
naive,2:14,sample_cpu6_freq,2208,MHz
naive,2:14,sample_cpu7_freq,2304,MHz
naive,2:15,sample_elapsed,2162,ms
naive,2:15,sample_power,4.632,W
naive,2:15,sample_process_cpu,393.506,% one core
naive,2:15,sample_free_ram,1.948,GiB
naive,2:15,sample_battery_temp,35.300,C
naive,2:15,sample_thermal_status,0,Android PowerManager status
naive,2:15,sample_cpu0_freq,1804,MHz
naive,2:15,sample_cpu1_freq,1804,MHz
naive,2:15,sample_cpu2_freq,1804,MHz
naive,2:15,sample_cpu3_freq,1804,MHz
naive,2:15,sample_cpu4_freq,2208,MHz
naive,2:15,sample_cpu5_freq,2208,MHz
naive,2:15,sample_cpu6_freq,2208,MHz
naive,2:15,sample_cpu7_freq,2304,MHz
naive,2:16,sample_elapsed,2316,ms
naive,2:16,sample_power,4.632,W
naive,2:16,sample_process_cpu,396.753,% one core
naive,2:16,sample_free_ram,1.948,GiB
naive,2:16,sample_battery_temp,35.300,C
naive,2:16,sample_thermal_status,0,Android PowerManager status
naive,2:16,sample_cpu0_freq,1804,MHz
naive,2:16,sample_cpu1_freq,1804,MHz
naive,2:16,sample_cpu2_freq,1804,MHz
naive,2:16,sample_cpu3_freq,1804,MHz
naive,2:16,sample_cpu4_freq,2208,MHz
naive,2:16,sample_cpu5_freq,2208,MHz
naive,2:16,sample_cpu6_freq,2208,MHz
naive,2:16,sample_cpu7_freq,2304,MHz
naive,2:17,sample_elapsed,2469,ms
naive,2:17,sample_power,4.632,W
naive,2:17,sample_process_cpu,393.464,% one core
naive,2:17,sample_free_ram,1.948,GiB
naive,2:17,sample_battery_temp,35.300,C
naive,2:17,sample_thermal_status,0,Android PowerManager status
naive,2:17,sample_cpu0_freq,1804,MHz
naive,2:17,sample_cpu1_freq,1804,MHz
naive,2:17,sample_cpu2_freq,1804,MHz
naive,2:17,sample_cpu3_freq,1804,MHz
naive,2:17,sample_cpu4_freq,2208,MHz
naive,2:17,sample_cpu5_freq,2208,MHz
naive,2:17,sample_cpu6_freq,2208,MHz
naive,2:17,sample_cpu7_freq,2304,MHz
naive,2:18,sample_elapsed,2623,ms
naive,2:18,sample_power,4.632,W
naive,2:18,sample_process_cpu,410.390,% one core
naive,2:18,sample_free_ram,1.948,GiB
naive,2:18,sample_battery_temp,35.300,C
naive,2:18,sample_thermal_status,0,Android PowerManager status
naive,2:18,sample_cpu0_freq,1804,MHz
naive,2:18,sample_cpu1_freq,1804,MHz
naive,2:18,sample_cpu2_freq,1804,MHz
naive,2:18,sample_cpu3_freq,1804,MHz
naive,2:18,sample_cpu4_freq,2208,MHz
naive,2:18,sample_cpu5_freq,2208,MHz
naive,2:18,sample_cpu6_freq,2208,MHz
naive,2:18,sample_cpu7_freq,2304,MHz
naive,2:19,sample_elapsed,2782,ms
naive,2:19,sample_power,4.632,W
naive,2:19,sample_process_cpu,389.308,% one core
naive,2:19,sample_free_ram,1.948,GiB
naive,2:19,sample_battery_temp,35.300,C
naive,2:19,sample_thermal_status,0,Android PowerManager status
naive,2:19,sample_cpu0_freq,1804,MHz
naive,2:19,sample_cpu1_freq,1804,MHz
naive,2:19,sample_cpu2_freq,1804,MHz
naive,2:19,sample_cpu3_freq,1804,MHz
naive,2:19,sample_cpu4_freq,2208,MHz
naive,2:19,sample_cpu5_freq,2208,MHz
naive,2:19,sample_cpu6_freq,2208,MHz
naive,2:19,sample_cpu7_freq,2304,MHz
naive,2:20,sample_elapsed,2935,ms
naive,2:20,sample_power,4.632,W
naive,2:20,sample_process_cpu,394.118,% one core
naive,2:20,sample_free_ram,1.948,GiB
naive,2:20,sample_battery_temp,35.300,C
naive,2:20,sample_thermal_status,0,Android PowerManager status
naive,2:20,sample_cpu0_freq,1804,MHz
naive,2:20,sample_cpu1_freq,1804,MHz
naive,2:20,sample_cpu2_freq,1804,MHz
naive,2:20,sample_cpu3_freq,1804,MHz
naive,2:20,sample_cpu4_freq,2208,MHz
naive,2:20,sample_cpu5_freq,2208,MHz
naive,2:20,sample_cpu6_freq,2208,MHz
naive,2:20,sample_cpu7_freq,2304,MHz
naive,2:21,sample_elapsed,3089,ms
naive,2:21,sample_power,4.632,W
naive,2:21,sample_process_cpu,393.506,% one core
naive,2:21,sample_free_ram,1.948,GiB
naive,2:21,sample_battery_temp,35.300,C
naive,2:21,sample_thermal_status,0,Android PowerManager status
naive,2:21,sample_cpu0_freq,1804,MHz
naive,2:21,sample_cpu1_freq,1804,MHz
naive,2:21,sample_cpu2_freq,1804,MHz
naive,2:21,sample_cpu3_freq,1804,MHz
naive,2:21,sample_cpu4_freq,2208,MHz
naive,2:21,sample_cpu5_freq,2208,MHz
naive,2:21,sample_cpu6_freq,2208,MHz
naive,2:21,sample_cpu7_freq,2304,MHz
naive,2:22,sample_elapsed,3242,ms
naive,2:22,sample_power,4.632,W
naive,2:22,sample_process_cpu,400.000,% one core
naive,2:22,sample_free_ram,1.948,GiB
naive,2:22,sample_battery_temp,35.300,C
naive,2:22,sample_thermal_status,0,Android PowerManager status
naive,2:22,sample_cpu0_freq,1804,MHz
naive,2:22,sample_cpu1_freq,1804,MHz
naive,2:22,sample_cpu2_freq,1804,MHz
naive,2:22,sample_cpu3_freq,1804,MHz
naive,2:22,sample_cpu4_freq,2208,MHz
naive,2:22,sample_cpu5_freq,2208,MHz
naive,2:22,sample_cpu6_freq,2208,MHz
naive,2:22,sample_cpu7_freq,2304,MHz
naive,2:23,sample_elapsed,3395,ms
naive,2:23,sample_power,4.632,W
naive,2:23,sample_process_cpu,395.425,% one core
naive,2:23,sample_free_ram,1.947,GiB
naive,2:23,sample_battery_temp,35.300,C
naive,2:23,sample_thermal_status,0,Android PowerManager status
naive,2:23,sample_cpu0_freq,1804,MHz
naive,2:23,sample_cpu1_freq,1804,MHz
naive,2:23,sample_cpu2_freq,1804,MHz
naive,2:23,sample_cpu3_freq,1804,MHz
naive,2:23,sample_cpu4_freq,2208,MHz
naive,2:23,sample_cpu5_freq,2208,MHz
naive,2:23,sample_cpu6_freq,2208,MHz
naive,2:23,sample_cpu7_freq,2304,MHz
naive,2:24,sample_elapsed,3549,ms
naive,2:24,sample_power,4.632,W
naive,2:24,sample_process_cpu,397.403,% one core
naive,2:24,sample_free_ram,1.947,GiB
naive,2:24,sample_battery_temp,35.300,C
naive,2:24,sample_thermal_status,0,Android PowerManager status
naive,2:24,sample_cpu0_freq,1804,MHz
naive,2:24,sample_cpu1_freq,1804,MHz
naive,2:24,sample_cpu2_freq,1804,MHz
naive,2:24,sample_cpu3_freq,1804,MHz
naive,2:24,sample_cpu4_freq,2208,MHz
naive,2:24,sample_cpu5_freq,2208,MHz
naive,2:24,sample_cpu6_freq,2208,MHz
naive,2:24,sample_cpu7_freq,2304,MHz
naive,2:25,sample_elapsed,3707,ms
naive,2:25,sample_power,4.632,W
naive,2:25,sample_process_cpu,393.671,% one core
naive,2:25,sample_free_ram,1.947,GiB
naive,2:25,sample_battery_temp,35.300,C
naive,2:25,sample_thermal_status,0,Android PowerManager status
naive,2:25,sample_cpu0_freq,1804,MHz
naive,2:25,sample_cpu1_freq,1804,MHz
naive,2:25,sample_cpu2_freq,1804,MHz
naive,2:25,sample_cpu3_freq,1804,MHz
naive,2:25,sample_cpu4_freq,2208,MHz
naive,2:25,sample_cpu5_freq,2208,MHz
naive,2:25,sample_cpu6_freq,2208,MHz
naive,2:25,sample_cpu7_freq,2304,MHz
naive,2:26,sample_elapsed,3868,ms
naive,2:26,sample_power,4.632,W
naive,2:26,sample_process_cpu,412.422,% one core
naive,2:26,sample_free_ram,1.945,GiB
naive,2:26,sample_battery_temp,35.300,C
naive,2:26,sample_thermal_status,0,Android PowerManager status
naive,2:26,sample_cpu0_freq,1804,MHz
naive,2:26,sample_cpu1_freq,1804,MHz
naive,2:26,sample_cpu2_freq,1804,MHz
naive,2:26,sample_cpu3_freq,1804,MHz
naive,2:26,sample_cpu4_freq,2208,MHz
naive,2:26,sample_cpu5_freq,2208,MHz
naive,2:26,sample_cpu6_freq,2208,MHz
naive,2:26,sample_cpu7_freq,2304,MHz
naive,2:27,sample_elapsed,4024,ms
naive,2:27,sample_power,4.632,W
naive,2:27,sample_process_cpu,392.949,% one core
naive,2:27,sample_free_ram,1.943,GiB
naive,2:27,sample_battery_temp,35.300,C
naive,2:27,sample_thermal_status,0,Android PowerManager status
naive,2:27,sample_cpu0_freq,1804,MHz
naive,2:27,sample_cpu1_freq,1804,MHz
naive,2:27,sample_cpu2_freq,1804,MHz
naive,2:27,sample_cpu3_freq,1804,MHz
naive,2:27,sample_cpu4_freq,2208,MHz
naive,2:27,sample_cpu5_freq,2208,MHz
naive,2:27,sample_cpu6_freq,2208,MHz
naive,2:27,sample_cpu7_freq,2304,MHz
naive,2:28,sample_elapsed,4181,ms
naive,2:28,sample_power,4.632,W
naive,2:28,sample_process_cpu,392.357,% one core
naive,2:28,sample_free_ram,1.945,GiB
naive,2:28,sample_battery_temp,35.300,C
naive,2:28,sample_thermal_status,0,Android PowerManager status
naive,2:28,sample_cpu0_freq,1804,MHz
naive,2:28,sample_cpu1_freq,1804,MHz
naive,2:28,sample_cpu2_freq,1804,MHz
naive,2:28,sample_cpu3_freq,1804,MHz
naive,2:28,sample_cpu4_freq,2208,MHz
naive,2:28,sample_cpu5_freq,2208,MHz
naive,2:28,sample_cpu6_freq,2208,MHz
naive,2:28,sample_cpu7_freq,2304,MHz
naive,2:29,sample_elapsed,4338,ms
naive,2:29,sample_power,4.632,W
naive,2:29,sample_process_cpu,394.268,% one core
naive,2:29,sample_free_ram,1.945,GiB
naive,2:29,sample_battery_temp,35.300,C
naive,2:29,sample_thermal_status,0,Android PowerManager status
naive,2:29,sample_cpu0_freq,1804,MHz
naive,2:29,sample_cpu1_freq,1804,MHz
naive,2:29,sample_cpu2_freq,1804,MHz
naive,2:29,sample_cpu3_freq,1804,MHz
naive,2:29,sample_cpu4_freq,2208,MHz
naive,2:29,sample_cpu5_freq,2208,MHz
naive,2:29,sample_cpu6_freq,2208,MHz
naive,2:29,sample_cpu7_freq,2304,MHz
naive,2:30,sample_elapsed,4491,ms
naive,2:30,sample_power,4.632,W
naive,2:30,sample_process_cpu,396.078,% one core
naive,2:30,sample_free_ram,1.945,GiB
naive,2:30,sample_battery_temp,35.300,C
naive,2:30,sample_thermal_status,0,Android PowerManager status
naive,2:30,sample_cpu0_freq,1804,MHz
naive,2:30,sample_cpu1_freq,1804,MHz
naive,2:30,sample_cpu2_freq,1804,MHz
naive,2:30,sample_cpu3_freq,1804,MHz
naive,2:30,sample_cpu4_freq,2208,MHz
naive,2:30,sample_cpu5_freq,2208,MHz
naive,2:30,sample_cpu6_freq,2208,MHz
naive,2:30,sample_cpu7_freq,2304,MHz
naive,2:31,sample_elapsed,4647,ms
naive,2:31,sample_power,4.632,W
naive,2:31,sample_process_cpu,394.872,% one core
naive,2:31,sample_free_ram,1.944,GiB
naive,2:31,sample_battery_temp,35.300,C
naive,2:31,sample_thermal_status,0,Android PowerManager status
naive,2:31,sample_cpu0_freq,1804,MHz
naive,2:31,sample_cpu1_freq,1804,MHz
naive,2:31,sample_cpu2_freq,1804,MHz
naive,2:31,sample_cpu3_freq,1804,MHz
naive,2:31,sample_cpu4_freq,2208,MHz
naive,2:31,sample_cpu5_freq,2208,MHz
naive,2:31,sample_cpu6_freq,2208,MHz
naive,2:31,sample_cpu7_freq,2304,MHz
naive,2:32,sample_elapsed,4800,ms
naive,2:32,sample_power,4.632,W
naive,2:32,sample_process_cpu,399.346,% one core
naive,2:32,sample_free_ram,1.944,GiB
naive,2:32,sample_battery_temp,35.300,C
naive,2:32,sample_thermal_status,0,Android PowerManager status
naive,2:32,sample_cpu0_freq,1804,MHz
naive,2:32,sample_cpu1_freq,1804,MHz
naive,2:32,sample_cpu2_freq,1804,MHz
naive,2:32,sample_cpu3_freq,1804,MHz
naive,2:32,sample_cpu4_freq,2208,MHz
naive,2:32,sample_cpu5_freq,2208,MHz
naive,2:32,sample_cpu6_freq,2208,MHz
naive,2:32,sample_cpu7_freq,2304,MHz
naive,2:33,sample_elapsed,4956,ms
naive,2:33,sample_power,4.632,W
naive,2:33,sample_process_cpu,396.795,% one core
naive,2:33,sample_free_ram,1.944,GiB
naive,2:33,sample_battery_temp,35.300,C
naive,2:33,sample_thermal_status,0,Android PowerManager status
naive,2:33,sample_cpu0_freq,1804,MHz
naive,2:33,sample_cpu1_freq,1804,MHz
naive,2:33,sample_cpu2_freq,1804,MHz
naive,2:33,sample_cpu3_freq,1804,MHz
naive,2:33,sample_cpu4_freq,2208,MHz
naive,2:33,sample_cpu5_freq,2208,MHz
naive,2:33,sample_cpu6_freq,2208,MHz
naive,2:33,sample_cpu7_freq,2304,MHz
naive,2:34,sample_elapsed,5109,ms
naive,2:34,sample_power,4.632,W
naive,2:34,sample_process_cpu,400.654,% one core
naive,2:34,sample_free_ram,1.944,GiB
naive,2:34,sample_battery_temp,35.300,C
naive,2:34,sample_thermal_status,0,Android PowerManager status
naive,2:34,sample_cpu0_freq,1804,MHz
naive,2:34,sample_cpu1_freq,1804,MHz
naive,2:34,sample_cpu2_freq,1804,MHz
naive,2:34,sample_cpu3_freq,1804,MHz
naive,2:34,sample_cpu4_freq,2208,MHz
naive,2:34,sample_cpu5_freq,2208,MHz
naive,2:34,sample_cpu6_freq,2208,MHz
naive,2:34,sample_cpu7_freq,2304,MHz
naive,2:35,sample_elapsed,5266,ms
naive,2:35,sample_power,4.632,W
naive,2:35,sample_process_cpu,398.726,% one core
naive,2:35,sample_free_ram,1.944,GiB
naive,2:35,sample_battery_temp,35.300,C
naive,2:35,sample_thermal_status,0,Android PowerManager status
naive,2:35,sample_cpu0_freq,1804,MHz
naive,2:35,sample_cpu1_freq,1804,MHz
naive,2:35,sample_cpu2_freq,1804,MHz
naive,2:35,sample_cpu3_freq,1804,MHz
naive,2:35,sample_cpu4_freq,2208,MHz
naive,2:35,sample_cpu5_freq,2208,MHz
naive,2:35,sample_cpu6_freq,2208,MHz
naive,2:35,sample_cpu7_freq,2304,MHz
naive,2:36,sample_elapsed,5422,ms
naive,2:36,sample_power,4.632,W
naive,2:36,sample_process_cpu,397.436,% one core
naive,2:36,sample_free_ram,1.944,GiB
naive,2:36,sample_battery_temp,35.300,C
naive,2:36,sample_thermal_status,0,Android PowerManager status
naive,2:36,sample_cpu0_freq,1804,MHz
naive,2:36,sample_cpu1_freq,1804,MHz
naive,2:36,sample_cpu2_freq,1804,MHz
naive,2:36,sample_cpu3_freq,1804,MHz
naive,2:36,sample_cpu4_freq,2208,MHz
naive,2:36,sample_cpu5_freq,2208,MHz
naive,2:36,sample_cpu6_freq,2208,MHz
naive,2:36,sample_cpu7_freq,2304,MHz
naive,2:37,sample_elapsed,5578,ms
naive,2:37,sample_power,4.632,W
naive,2:37,sample_process_cpu,393.590,% one core
naive,2:37,sample_free_ram,1.944,GiB
naive,2:37,sample_battery_temp,35.300,C
naive,2:37,sample_thermal_status,0,Android PowerManager status
naive,2:37,sample_cpu0_freq,1804,MHz
naive,2:37,sample_cpu1_freq,1804,MHz
naive,2:37,sample_cpu2_freq,1804,MHz
naive,2:37,sample_cpu3_freq,1804,MHz
naive,2:37,sample_cpu4_freq,2208,MHz
naive,2:37,sample_cpu5_freq,2208,MHz
naive,2:37,sample_cpu6_freq,2208,MHz
naive,2:37,sample_cpu7_freq,2304,MHz
naive,2:38,sample_elapsed,5749,ms
naive,2:38,sample_power,4.632,W
naive,2:38,sample_process_cpu,397.661,% one core
naive,2:38,sample_free_ram,1.947,GiB
naive,2:38,sample_battery_temp,35.300,C
naive,2:38,sample_thermal_status,0,Android PowerManager status
naive,2:38,sample_cpu0_freq,1804,MHz
naive,2:38,sample_cpu1_freq,1804,MHz
naive,2:38,sample_cpu2_freq,1804,MHz
naive,2:38,sample_cpu3_freq,1804,MHz
naive,2:38,sample_cpu4_freq,2208,MHz
naive,2:38,sample_cpu5_freq,2208,MHz
naive,2:38,sample_cpu6_freq,2208,MHz
naive,2:38,sample_cpu7_freq,2304,MHz
naive,2:39,sample_elapsed,5910,ms
naive,2:39,sample_power,4.632,W
naive,2:39,sample_process_cpu,395.652,% one core
naive,2:39,sample_free_ram,1.947,GiB
naive,2:39,sample_battery_temp,35.300,C
naive,2:39,sample_thermal_status,0,Android PowerManager status
naive,2:39,sample_cpu0_freq,1804,MHz
naive,2:39,sample_cpu1_freq,1804,MHz
naive,2:39,sample_cpu2_freq,1804,MHz
naive,2:39,sample_cpu3_freq,1804,MHz
naive,2:39,sample_cpu4_freq,2208,MHz
naive,2:39,sample_cpu5_freq,2208,MHz
naive,2:39,sample_cpu6_freq,2208,MHz
naive,2:39,sample_cpu7_freq,2304,MHz
naive,2:40,sample_elapsed,6066,ms
naive,2:40,sample_power,4.632,W
naive,2:40,sample_process_cpu,396.154,% one core
naive,2:40,sample_free_ram,1.947,GiB
naive,2:40,sample_battery_temp,35.300,C
naive,2:40,sample_thermal_status,0,Android PowerManager status
naive,2:40,sample_cpu0_freq,1804,MHz
naive,2:40,sample_cpu1_freq,1804,MHz
naive,2:40,sample_cpu2_freq,1804,MHz
naive,2:40,sample_cpu3_freq,1804,MHz
naive,2:40,sample_cpu4_freq,2208,MHz
naive,2:40,sample_cpu5_freq,2208,MHz
naive,2:40,sample_cpu6_freq,2208,MHz
naive,2:40,sample_cpu7_freq,2304,MHz
naive,2:41,sample_elapsed,6221,ms
naive,2:41,sample_power,4.632,W
naive,2:41,sample_process_cpu,399.355,% one core
naive,2:41,sample_free_ram,1.947,GiB
naive,2:41,sample_battery_temp,35.300,C
naive,2:41,sample_thermal_status,0,Android PowerManager status
naive,2:41,sample_cpu0_freq,1804,MHz
naive,2:41,sample_cpu1_freq,1804,MHz
naive,2:41,sample_cpu2_freq,1804,MHz
naive,2:41,sample_cpu3_freq,1804,MHz
naive,2:41,sample_cpu4_freq,2208,MHz
naive,2:41,sample_cpu5_freq,2208,MHz
naive,2:41,sample_cpu6_freq,2208,MHz
naive,2:41,sample_cpu7_freq,2304,MHz
naive,2:42,sample_elapsed,6376,ms
naive,2:42,sample_power,4.632,W
naive,2:42,sample_process_cpu,396.774,% one core
naive,2:42,sample_free_ram,1.947,GiB
naive,2:42,sample_battery_temp,35.300,C
naive,2:42,sample_thermal_status,0,Android PowerManager status
naive,2:42,sample_cpu0_freq,1804,MHz
naive,2:42,sample_cpu1_freq,1804,MHz
naive,2:42,sample_cpu2_freq,1804,MHz
naive,2:42,sample_cpu3_freq,1804,MHz
naive,2:42,sample_cpu4_freq,2208,MHz
naive,2:42,sample_cpu5_freq,2208,MHz
naive,2:42,sample_cpu6_freq,2208,MHz
naive,2:42,sample_cpu7_freq,2304,MHz
naive,2:43,sample_elapsed,6532,ms
naive,2:43,sample_power,4.632,W
naive,2:43,sample_process_cpu,394.231,% one core
naive,2:43,sample_free_ram,1.947,GiB
naive,2:43,sample_battery_temp,35.300,C
naive,2:43,sample_thermal_status,0,Android PowerManager status
naive,2:43,sample_cpu0_freq,1804,MHz
naive,2:43,sample_cpu1_freq,1804,MHz
naive,2:43,sample_cpu2_freq,1804,MHz
naive,2:43,sample_cpu3_freq,1804,MHz
naive,2:43,sample_cpu4_freq,2208,MHz
naive,2:43,sample_cpu5_freq,2208,MHz
naive,2:43,sample_cpu6_freq,2208,MHz
naive,2:43,sample_cpu7_freq,2304,MHz
naive,2:44,sample_elapsed,6687,ms
naive,2:44,sample_power,4.632,W
naive,2:44,sample_process_cpu,392.903,% one core
naive,2:44,sample_free_ram,1.947,GiB
naive,2:44,sample_battery_temp,35.300,C
naive,2:44,sample_thermal_status,0,Android PowerManager status
naive,2:44,sample_cpu0_freq,1804,MHz
naive,2:44,sample_cpu1_freq,1804,MHz
naive,2:44,sample_cpu2_freq,1804,MHz
naive,2:44,sample_cpu3_freq,1804,MHz
naive,2:44,sample_cpu4_freq,2208,MHz
naive,2:44,sample_cpu5_freq,2208,MHz
naive,2:44,sample_cpu6_freq,2208,MHz
naive,2:44,sample_cpu7_freq,2304,MHz
naive,2:45,sample_elapsed,6841,ms
naive,2:45,sample_power,4.632,W
naive,2:45,sample_process_cpu,399.351,% one core
naive,2:45,sample_free_ram,1.947,GiB
naive,2:45,sample_battery_temp,35.300,C
naive,2:45,sample_thermal_status,0,Android PowerManager status
naive,2:45,sample_cpu0_freq,1804,MHz
naive,2:45,sample_cpu1_freq,1804,MHz
naive,2:45,sample_cpu2_freq,1804,MHz
naive,2:45,sample_cpu3_freq,1804,MHz
naive,2:45,sample_cpu4_freq,2208,MHz
naive,2:45,sample_cpu5_freq,2208,MHz
naive,2:45,sample_cpu6_freq,2208,MHz
naive,2:45,sample_cpu7_freq,2304,MHz
naive,2:46,sample_elapsed,6999,ms
naive,2:46,sample_power,4.632,W
naive,2:46,sample_process_cpu,375.316,% one core
naive,2:46,sample_free_ram,1.948,GiB
naive,2:46,sample_battery_temp,35.300,C
naive,2:46,sample_thermal_status,0,Android PowerManager status
naive,2:46,sample_cpu0_freq,1804,MHz
naive,2:46,sample_cpu1_freq,1804,MHz
naive,2:46,sample_cpu2_freq,1804,MHz
naive,2:46,sample_cpu3_freq,1804,MHz
naive,2:46,sample_cpu4_freq,2208,MHz
naive,2:46,sample_cpu5_freq,2208,MHz
naive,2:46,sample_cpu6_freq,2208,MHz
naive,2:46,sample_cpu7_freq,2304,MHz
naive,2:47,sample_elapsed,7164,ms
naive,2:47,sample_power,4.632,W
naive,2:47,sample_process_cpu,360.606,% one core
naive,2:47,sample_free_ram,1.944,GiB
naive,2:47,sample_battery_temp,35.300,C
naive,2:47,sample_thermal_status,0,Android PowerManager status
naive,2:47,sample_cpu0_freq,1804,MHz
naive,2:47,sample_cpu1_freq,1804,MHz
naive,2:47,sample_cpu2_freq,1804,MHz
naive,2:47,sample_cpu3_freq,1804,MHz
naive,2:47,sample_cpu4_freq,2208,MHz
naive,2:47,sample_cpu5_freq,2208,MHz
naive,2:47,sample_cpu6_freq,2208,MHz
naive,2:47,sample_cpu7_freq,2304,MHz
naive,2:48,sample_elapsed,7328,ms
naive,2:48,sample_power,4.632,W
naive,2:48,sample_process_cpu,421.341,% one core
naive,2:48,sample_free_ram,1.944,GiB
naive,2:48,sample_battery_temp,35.300,C
naive,2:48,sample_thermal_status,0,Android PowerManager status
naive,2:48,sample_cpu0_freq,1804,MHz
naive,2:48,sample_cpu1_freq,1804,MHz
naive,2:48,sample_cpu2_freq,1804,MHz
naive,2:48,sample_cpu3_freq,1804,MHz
naive,2:48,sample_cpu4_freq,2208,MHz
naive,2:48,sample_cpu5_freq,2208,MHz
naive,2:48,sample_cpu6_freq,2208,MHz
naive,2:48,sample_cpu7_freq,2304,MHz
naive,2:49,sample_elapsed,7484,ms
naive,2:49,sample_power,4.632,W
naive,2:49,sample_process_cpu,386.538,% one core
naive,2:49,sample_free_ram,1.943,GiB
naive,2:49,sample_battery_temp,35.300,C
naive,2:49,sample_thermal_status,0,Android PowerManager status
naive,2:49,sample_cpu0_freq,1804,MHz
naive,2:49,sample_cpu1_freq,1804,MHz
naive,2:49,sample_cpu2_freq,1804,MHz
naive,2:49,sample_cpu3_freq,1804,MHz
naive,2:49,sample_cpu4_freq,2208,MHz
naive,2:49,sample_cpu5_freq,2208,MHz
naive,2:49,sample_cpu6_freq,2208,MHz
naive,2:49,sample_cpu7_freq,2304,MHz
naive,2:50,sample_elapsed,7640,ms
naive,2:50,sample_power,4.632,W
naive,2:50,sample_process_cpu,379.487,% one core
naive,2:50,sample_free_ram,1.938,GiB
naive,2:50,sample_battery_temp,35.300,C
naive,2:50,sample_thermal_status,0,Android PowerManager status
naive,2:50,sample_cpu0_freq,1804,MHz
naive,2:50,sample_cpu1_freq,1804,MHz
naive,2:50,sample_cpu2_freq,1804,MHz
naive,2:50,sample_cpu3_freq,1804,MHz
naive,2:50,sample_cpu4_freq,2208,MHz
naive,2:50,sample_cpu5_freq,2208,MHz
naive,2:50,sample_cpu6_freq,2208,MHz
naive,2:50,sample_cpu7_freq,2304,MHz
naive,2:51,sample_elapsed,7794,ms
naive,2:51,sample_power,4.632,W
naive,2:51,sample_process_cpu,344.156,% one core
naive,2:51,sample_free_ram,1.929,GiB
naive,2:51,sample_battery_temp,35.300,C
naive,2:51,sample_thermal_status,0,Android PowerManager status
naive,2:51,sample_cpu0_freq,1804,MHz
naive,2:51,sample_cpu1_freq,1804,MHz
naive,2:51,sample_cpu2_freq,1804,MHz
naive,2:51,sample_cpu3_freq,1804,MHz
naive,2:51,sample_cpu4_freq,2208,MHz
naive,2:51,sample_cpu5_freq,2208,MHz
naive,2:51,sample_cpu6_freq,2208,MHz
naive,2:51,sample_cpu7_freq,2304,MHz
naive,2:52,sample_elapsed,7948,ms
naive,2:52,sample_power,4.632,W
naive,2:52,sample_process_cpu,370.779,% one core
naive,2:52,sample_free_ram,1.928,GiB
naive,2:52,sample_battery_temp,35.300,C
naive,2:52,sample_thermal_status,0,Android PowerManager status
naive,2:52,sample_cpu0_freq,1804,MHz
naive,2:52,sample_cpu1_freq,1804,MHz
naive,2:52,sample_cpu2_freq,1804,MHz
naive,2:52,sample_cpu3_freq,1804,MHz
naive,2:52,sample_cpu4_freq,2208,MHz
naive,2:52,sample_cpu5_freq,2208,MHz
naive,2:52,sample_cpu6_freq,2208,MHz
naive,2:52,sample_cpu7_freq,2304,MHz
naive,2:53,sample_elapsed,8103,ms
naive,2:53,sample_power,4.632,W
naive,2:53,sample_process_cpu,392.258,% one core
naive,2:53,sample_free_ram,1.930,GiB
naive,2:53,sample_battery_temp,35.300,C
naive,2:53,sample_thermal_status,0,Android PowerManager status
naive,2:53,sample_cpu0_freq,1804,MHz
naive,2:53,sample_cpu1_freq,1804,MHz
naive,2:53,sample_cpu2_freq,1804,MHz
naive,2:53,sample_cpu3_freq,1804,MHz
naive,2:53,sample_cpu4_freq,2208,MHz
naive,2:53,sample_cpu5_freq,2208,MHz
naive,2:53,sample_cpu6_freq,2208,MHz
naive,2:53,sample_cpu7_freq,2304,MHz
naive,2:54,sample_elapsed,8258,ms
naive,2:54,sample_power,4.632,W
naive,2:54,sample_process_cpu,397.419,% one core
naive,2:54,sample_free_ram,1.930,GiB
naive,2:54,sample_battery_temp,35.300,C
naive,2:54,sample_thermal_status,0,Android PowerManager status
naive,2:54,sample_cpu0_freq,1804,MHz
naive,2:54,sample_cpu1_freq,1804,MHz
naive,2:54,sample_cpu2_freq,1804,MHz
naive,2:54,sample_cpu3_freq,1804,MHz
naive,2:54,sample_cpu4_freq,2208,MHz
naive,2:54,sample_cpu5_freq,2208,MHz
naive,2:54,sample_cpu6_freq,2208,MHz
naive,2:54,sample_cpu7_freq,2304,MHz
naive,2:55,sample_elapsed,8413,ms
naive,2:55,sample_power,4.632,W
naive,2:55,sample_process_cpu,398.065,% one core
naive,2:55,sample_free_ram,1.930,GiB
naive,2:55,sample_battery_temp,35.300,C
naive,2:55,sample_thermal_status,0,Android PowerManager status
naive,2:55,sample_cpu0_freq,1804,MHz
naive,2:55,sample_cpu1_freq,1804,MHz
naive,2:55,sample_cpu2_freq,1804,MHz
naive,2:55,sample_cpu3_freq,1804,MHz
naive,2:55,sample_cpu4_freq,2208,MHz
naive,2:55,sample_cpu5_freq,2208,MHz
naive,2:55,sample_cpu6_freq,2208,MHz
naive,2:55,sample_cpu7_freq,2304,MHz
naive,2:56,sample_elapsed,8571,ms
naive,2:56,sample_power,4.632,W
naive,2:56,sample_process_cpu,393.671,% one core
naive,2:56,sample_free_ram,1.929,GiB
naive,2:56,sample_battery_temp,35.300,C
naive,2:56,sample_thermal_status,0,Android PowerManager status
naive,2:56,sample_cpu0_freq,1804,MHz
naive,2:56,sample_cpu1_freq,1804,MHz
naive,2:56,sample_cpu2_freq,1804,MHz
naive,2:56,sample_cpu3_freq,1804,MHz
naive,2:56,sample_cpu4_freq,2208,MHz
naive,2:56,sample_cpu5_freq,2208,MHz
naive,2:56,sample_cpu6_freq,2208,MHz
naive,2:56,sample_cpu7_freq,2304,MHz
naive,2:57,sample_elapsed,8727,ms
naive,2:57,sample_power,4.632,W
naive,2:57,sample_process_cpu,397.436,% one core
naive,2:57,sample_free_ram,1.929,GiB
naive,2:57,sample_battery_temp,35.300,C
naive,2:57,sample_thermal_status,0,Android PowerManager status
naive,2:57,sample_cpu0_freq,1804,MHz
naive,2:57,sample_cpu1_freq,1804,MHz
naive,2:57,sample_cpu2_freq,1804,MHz
naive,2:57,sample_cpu3_freq,1804,MHz
naive,2:57,sample_cpu4_freq,2208,MHz
naive,2:57,sample_cpu5_freq,2208,MHz
naive,2:57,sample_cpu6_freq,2208,MHz
naive,2:57,sample_cpu7_freq,2304,MHz
naive,2:58,sample_elapsed,8883,ms
naive,2:58,sample_power,4.632,W
naive,2:58,sample_process_cpu,389.744,% one core
naive,2:58,sample_free_ram,1.932,GiB
naive,2:58,sample_battery_temp,35.300,C
naive,2:58,sample_thermal_status,0,Android PowerManager status
naive,2:58,sample_cpu0_freq,1804,MHz
naive,2:58,sample_cpu1_freq,1804,MHz
naive,2:58,sample_cpu2_freq,1804,MHz
naive,2:58,sample_cpu3_freq,1804,MHz
naive,2:58,sample_cpu4_freq,2208,MHz
naive,2:58,sample_cpu5_freq,2208,MHz
naive,2:58,sample_cpu6_freq,2208,MHz
naive,2:58,sample_cpu7_freq,2304,MHz
naive,2:59,sample_elapsed,9039,ms
naive,2:59,sample_power,4.632,W
naive,2:59,sample_process_cpu,383.974,% one core
naive,2:59,sample_free_ram,1.932,GiB
naive,2:59,sample_battery_temp,35.300,C
naive,2:59,sample_thermal_status,0,Android PowerManager status
naive,2:59,sample_cpu0_freq,1804,MHz
naive,2:59,sample_cpu1_freq,1804,MHz
naive,2:59,sample_cpu2_freq,1804,MHz
naive,2:59,sample_cpu3_freq,1804,MHz
naive,2:59,sample_cpu4_freq,2208,MHz
naive,2:59,sample_cpu5_freq,2208,MHz
naive,2:59,sample_cpu6_freq,2208,MHz
naive,2:59,sample_cpu7_freq,2304,MHz
naive,2:60,sample_elapsed,9194,ms
naive,2:60,sample_power,4.632,W
naive,2:60,sample_process_cpu,392.903,% one core
naive,2:60,sample_free_ram,1.932,GiB
naive,2:60,sample_battery_temp,35.300,C
naive,2:60,sample_thermal_status,0,Android PowerManager status
naive,2:60,sample_cpu0_freq,1804,MHz
naive,2:60,sample_cpu1_freq,1804,MHz
naive,2:60,sample_cpu2_freq,1804,MHz
naive,2:60,sample_cpu3_freq,1804,MHz
naive,2:60,sample_cpu4_freq,2208,MHz
naive,2:60,sample_cpu5_freq,2208,MHz
naive,2:60,sample_cpu6_freq,2208,MHz
naive,2:60,sample_cpu7_freq,2304,MHz
naive,2:61,sample_elapsed,9348,ms
naive,2:61,sample_power,4.632,W
naive,2:61,sample_process_cpu,386.364,% one core
naive,2:61,sample_free_ram,1.934,GiB
naive,2:61,sample_battery_temp,35.300,C
naive,2:61,sample_thermal_status,0,Android PowerManager status
naive,2:61,sample_cpu0_freq,1804,MHz
naive,2:61,sample_cpu1_freq,1804,MHz
naive,2:61,sample_cpu2_freq,1804,MHz
naive,2:61,sample_cpu3_freq,1804,MHz
naive,2:61,sample_cpu4_freq,2208,MHz
naive,2:61,sample_cpu5_freq,2208,MHz
naive,2:61,sample_cpu6_freq,2208,MHz
naive,2:61,sample_cpu7_freq,2304,MHz
naive,2:62,sample_elapsed,9509,ms
naive,2:62,sample_power,4.632,W
naive,2:62,sample_process_cpu,336.646,% one core
naive,2:62,sample_free_ram,1.953,GiB
naive,2:62,sample_battery_temp,35.300,C
naive,2:62,sample_thermal_status,0,Android PowerManager status
naive,2:62,sample_cpu0_freq,1804,MHz
naive,2:62,sample_cpu1_freq,1804,MHz
naive,2:62,sample_cpu2_freq,1804,MHz
naive,2:62,sample_cpu3_freq,1804,MHz
naive,2:62,sample_cpu4_freq,2208,MHz
naive,2:62,sample_cpu5_freq,2208,MHz
naive,2:62,sample_cpu6_freq,2208,MHz
naive,2:62,sample_cpu7_freq,2304,MHz
naive,2:63,sample_elapsed,9662,ms
naive,2:63,sample_power,4.632,W
naive,2:63,sample_process_cpu,369.935,% one core
naive,2:63,sample_free_ram,1.964,GiB
naive,2:63,sample_battery_temp,35.300,C
naive,2:63,sample_thermal_status,0,Android PowerManager status
naive,2:63,sample_cpu0_freq,1804,MHz
naive,2:63,sample_cpu1_freq,1804,MHz
naive,2:63,sample_cpu2_freq,1804,MHz
naive,2:63,sample_cpu3_freq,1804,MHz
naive,2:63,sample_cpu4_freq,2208,MHz
naive,2:63,sample_cpu5_freq,2208,MHz
naive,2:63,sample_cpu6_freq,2208,MHz
naive,2:63,sample_cpu7_freq,2304,MHz
naive,2:64,sample_elapsed,9821,ms
naive,2:64,sample_power,4.632,W
naive,2:64,sample_process_cpu,375.472,% one core
naive,2:64,sample_free_ram,1.971,GiB
naive,2:64,sample_battery_temp,35.300,C
naive,2:64,sample_thermal_status,0,Android PowerManager status
naive,2:64,sample_cpu0_freq,1804,MHz
naive,2:64,sample_cpu1_freq,1804,MHz
naive,2:64,sample_cpu2_freq,1804,MHz
naive,2:64,sample_cpu3_freq,1804,MHz
naive,2:64,sample_cpu4_freq,2208,MHz
naive,2:64,sample_cpu5_freq,2208,MHz
naive,2:64,sample_cpu6_freq,2208,MHz
naive,2:64,sample_cpu7_freq,2304,MHz
naive,2:65,sample_elapsed,9978,ms
naive,2:65,sample_power,4.632,W
naive,2:65,sample_process_cpu,389.809,% one core
naive,2:65,sample_free_ram,1.978,GiB
naive,2:65,sample_battery_temp,35.300,C
naive,2:65,sample_thermal_status,0,Android PowerManager status
naive,2:65,sample_cpu0_freq,1804,MHz
naive,2:65,sample_cpu1_freq,1804,MHz
naive,2:65,sample_cpu2_freq,1804,MHz
naive,2:65,sample_cpu3_freq,1804,MHz
naive,2:65,sample_cpu4_freq,2208,MHz
naive,2:65,sample_cpu5_freq,2208,MHz
naive,2:65,sample_cpu6_freq,2208,MHz
naive,2:65,sample_cpu7_freq,2304,MHz
naive,2:66,sample_elapsed,10145,ms
naive,2:66,sample_power,4.632,W
naive,2:66,sample_process_cpu,387.425,% one core
naive,2:66,sample_free_ram,1.983,GiB
naive,2:66,sample_battery_temp,35.300,C
naive,2:66,sample_thermal_status,0,Android PowerManager status
naive,2:66,sample_cpu0_freq,1804,MHz
naive,2:66,sample_cpu1_freq,1804,MHz
naive,2:66,sample_cpu2_freq,1804,MHz
naive,2:66,sample_cpu3_freq,1804,MHz
naive,2:66,sample_cpu4_freq,2208,MHz
naive,2:66,sample_cpu5_freq,2208,MHz
naive,2:66,sample_cpu6_freq,2208,MHz
naive,2:66,sample_cpu7_freq,2304,MHz
naive,2:67,sample_elapsed,10300,ms
naive,2:67,sample_power,4.632,W
naive,2:67,sample_process_cpu,356.774,% one core
naive,2:67,sample_free_ram,1.976,GiB
naive,2:67,sample_battery_temp,35.300,C
naive,2:67,sample_thermal_status,0,Android PowerManager status
naive,2:67,sample_cpu0_freq,1804,MHz
naive,2:67,sample_cpu1_freq,1804,MHz
naive,2:67,sample_cpu2_freq,1804,MHz
naive,2:67,sample_cpu3_freq,1804,MHz
naive,2:67,sample_cpu4_freq,2208,MHz
naive,2:67,sample_cpu5_freq,2208,MHz
naive,2:67,sample_cpu6_freq,2208,MHz
naive,2:67,sample_cpu7_freq,2304,MHz
naive,2:68,sample_elapsed,10465,ms
naive,2:68,sample_power,4.632,W
naive,2:68,sample_process_cpu,390.303,% one core
naive,2:68,sample_free_ram,1.981,GiB
naive,2:68,sample_battery_temp,35.300,C
naive,2:68,sample_thermal_status,0,Android PowerManager status
naive,2:68,sample_cpu0_freq,1804,MHz
naive,2:68,sample_cpu1_freq,1804,MHz
naive,2:68,sample_cpu2_freq,1804,MHz
naive,2:68,sample_cpu3_freq,1804,MHz
naive,2:68,sample_cpu4_freq,2208,MHz
naive,2:68,sample_cpu5_freq,2208,MHz
naive,2:68,sample_cpu6_freq,2208,MHz
naive,2:68,sample_cpu7_freq,2304,MHz
naive,2:69,sample_elapsed,10624,ms
naive,2:69,sample_power,4.632,W
naive,2:69,sample_process_cpu,386.792,% one core
naive,2:69,sample_free_ram,1.979,GiB
naive,2:69,sample_battery_temp,35.300,C
naive,2:69,sample_thermal_status,0,Android PowerManager status
naive,2:69,sample_cpu0_freq,1804,MHz
naive,2:69,sample_cpu1_freq,1804,MHz
naive,2:69,sample_cpu2_freq,1804,MHz
naive,2:69,sample_cpu3_freq,1804,MHz
naive,2:69,sample_cpu4_freq,2208,MHz
naive,2:69,sample_cpu5_freq,2208,MHz
naive,2:69,sample_cpu6_freq,2208,MHz
naive,2:69,sample_cpu7_freq,2304,MHz
naive,2:70,sample_elapsed,10780,ms
naive,2:70,sample_power,4.632,W
naive,2:70,sample_process_cpu,397.436,% one core
naive,2:70,sample_free_ram,1.979,GiB
naive,2:70,sample_battery_temp,35.300,C
naive,2:70,sample_thermal_status,0,Android PowerManager status
naive,2:70,sample_cpu0_freq,1804,MHz
naive,2:70,sample_cpu1_freq,1804,MHz
naive,2:70,sample_cpu2_freq,1804,MHz
naive,2:70,sample_cpu3_freq,1804,MHz
naive,2:70,sample_cpu4_freq,2208,MHz
naive,2:70,sample_cpu5_freq,2208,MHz
naive,2:70,sample_cpu6_freq,2208,MHz
naive,2:70,sample_cpu7_freq,2304,MHz
naive,2:71,sample_elapsed,10937,ms
naive,2:71,sample_power,4.632,W
naive,2:71,sample_process_cpu,401.274,% one core
naive,2:71,sample_free_ram,1.978,GiB
naive,2:71,sample_battery_temp,35.300,C
naive,2:71,sample_thermal_status,0,Android PowerManager status
naive,2:71,sample_cpu0_freq,1804,MHz
naive,2:71,sample_cpu1_freq,1804,MHz
naive,2:71,sample_cpu2_freq,1804,MHz
naive,2:71,sample_cpu3_freq,1804,MHz
naive,2:71,sample_cpu4_freq,2208,MHz
naive,2:71,sample_cpu5_freq,2208,MHz
naive,2:71,sample_cpu6_freq,2208,MHz
naive,2:71,sample_cpu7_freq,2304,MHz
naive,2:72,sample_elapsed,11097,ms
naive,2:72,sample_power,4.632,W
naive,2:72,sample_process_cpu,410.000,% one core
naive,2:72,sample_free_ram,1.977,GiB
naive,2:72,sample_battery_temp,35.300,C
naive,2:72,sample_thermal_status,0,Android PowerManager status
naive,2:72,sample_cpu0_freq,1804,MHz
naive,2:72,sample_cpu1_freq,1804,MHz
naive,2:72,sample_cpu2_freq,1804,MHz
naive,2:72,sample_cpu3_freq,1804,MHz
naive,2:72,sample_cpu4_freq,2208,MHz
naive,2:72,sample_cpu5_freq,2208,MHz
naive,2:72,sample_cpu6_freq,2208,MHz
naive,2:72,sample_cpu7_freq,2304,MHz
naive,2:73,sample_elapsed,11253,ms
naive,2:73,sample_power,4.632,W
naive,2:73,sample_process_cpu,394.872,% one core
naive,2:73,sample_free_ram,1.977,GiB
naive,2:73,sample_battery_temp,35.300,C
naive,2:73,sample_thermal_status,0,Android PowerManager status
naive,2:73,sample_cpu0_freq,1804,MHz
naive,2:73,sample_cpu1_freq,1804,MHz
naive,2:73,sample_cpu2_freq,1804,MHz
naive,2:73,sample_cpu3_freq,1804,MHz
naive,2:73,sample_cpu4_freq,2208,MHz
naive,2:73,sample_cpu5_freq,2208,MHz
naive,2:73,sample_cpu6_freq,2208,MHz
naive,2:73,sample_cpu7_freq,2304,MHz
naive,2:74,sample_elapsed,11407,ms
naive,2:74,sample_power,4.632,W
naive,2:74,sample_process_cpu,399.351,% one core
naive,2:74,sample_free_ram,1.977,GiB
naive,2:74,sample_battery_temp,35.300,C
naive,2:74,sample_thermal_status,0,Android PowerManager status
naive,2:74,sample_cpu0_freq,1804,MHz
naive,2:74,sample_cpu1_freq,1804,MHz
naive,2:74,sample_cpu2_freq,1804,MHz
naive,2:74,sample_cpu3_freq,1804,MHz
naive,2:74,sample_cpu4_freq,2208,MHz
naive,2:74,sample_cpu5_freq,2208,MHz
naive,2:74,sample_cpu6_freq,2208,MHz
naive,2:74,sample_cpu7_freq,2304,MHz
naive,2:75,sample_elapsed,11563,ms
naive,2:75,sample_power,4.632,W
naive,2:75,sample_process_cpu,396.795,% one core
naive,2:75,sample_free_ram,1.977,GiB
naive,2:75,sample_battery_temp,35.300,C
naive,2:75,sample_thermal_status,0,Android PowerManager status
naive,2:75,sample_cpu0_freq,1804,MHz
naive,2:75,sample_cpu1_freq,1804,MHz
naive,2:75,sample_cpu2_freq,1804,MHz
naive,2:75,sample_cpu3_freq,1804,MHz
naive,2:75,sample_cpu4_freq,2208,MHz
naive,2:75,sample_cpu5_freq,2208,MHz
naive,2:75,sample_cpu6_freq,2208,MHz
naive,2:75,sample_cpu7_freq,2304,MHz
naive,2:76,sample_elapsed,11718,ms
naive,2:76,sample_power,4.632,W
naive,2:76,sample_process_cpu,399.355,% one core
naive,2:76,sample_free_ram,1.977,GiB
naive,2:76,sample_battery_temp,35.300,C
naive,2:76,sample_thermal_status,0,Android PowerManager status
naive,2:76,sample_cpu0_freq,1804,MHz
naive,2:76,sample_cpu1_freq,1804,MHz
naive,2:76,sample_cpu2_freq,1804,MHz
naive,2:76,sample_cpu3_freq,1804,MHz
naive,2:76,sample_cpu4_freq,2208,MHz
naive,2:76,sample_cpu5_freq,2208,MHz
naive,2:76,sample_cpu6_freq,2208,MHz
naive,2:76,sample_cpu7_freq,2304,MHz
naive,2:77,sample_elapsed,11874,ms
naive,2:77,sample_power,4.058,W
naive,2:77,sample_process_cpu,399.359,% one core
naive,2:77,sample_free_ram,1.976,GiB
naive,2:77,sample_battery_temp,35.300,C
naive,2:77,sample_thermal_status,0,Android PowerManager status
naive,2:77,sample_cpu0_freq,1804,MHz
naive,2:77,sample_cpu1_freq,1804,MHz
naive,2:77,sample_cpu2_freq,1804,MHz
naive,2:77,sample_cpu3_freq,1804,MHz
naive,2:77,sample_cpu4_freq,2208,MHz
naive,2:77,sample_cpu5_freq,2208,MHz
naive,2:77,sample_cpu6_freq,2208,MHz
naive,2:77,sample_cpu7_freq,2304,MHz
naive,2:78,sample_elapsed,12031,ms
naive,2:78,sample_power,4.058,W
naive,2:78,sample_process_cpu,406.369,% one core
naive,2:78,sample_free_ram,1.978,GiB
naive,2:78,sample_battery_temp,35.300,C
naive,2:78,sample_thermal_status,0,Android PowerManager status
naive,2:78,sample_cpu0_freq,1804,MHz
naive,2:78,sample_cpu1_freq,1804,MHz
naive,2:78,sample_cpu2_freq,1804,MHz
naive,2:78,sample_cpu3_freq,1804,MHz
naive,2:78,sample_cpu4_freq,2208,MHz
naive,2:78,sample_cpu5_freq,2208,MHz
naive,2:78,sample_cpu6_freq,2208,MHz
naive,2:78,sample_cpu7_freq,2304,MHz
naive,2:79,sample_elapsed,12192,ms
naive,2:79,sample_power,4.058,W
naive,2:79,sample_process_cpu,390.062,% one core
naive,2:79,sample_free_ram,1.976,GiB
naive,2:79,sample_battery_temp,35.300,C
naive,2:79,sample_thermal_status,0,Android PowerManager status
naive,2:79,sample_cpu0_freq,1804,MHz
naive,2:79,sample_cpu1_freq,1804,MHz
naive,2:79,sample_cpu2_freq,1804,MHz
naive,2:79,sample_cpu3_freq,1804,MHz
naive,2:79,sample_cpu4_freq,2208,MHz
naive,2:79,sample_cpu5_freq,2208,MHz
naive,2:79,sample_cpu6_freq,2208,MHz
naive,2:79,sample_cpu7_freq,2304,MHz
naive,2:80,sample_elapsed,12348,ms
naive,2:80,sample_power,4.058,W
naive,2:80,sample_process_cpu,395.513,% one core
naive,2:80,sample_free_ram,1.976,GiB
naive,2:80,sample_battery_temp,35.300,C
naive,2:80,sample_thermal_status,0,Android PowerManager status
naive,2:80,sample_cpu0_freq,1804,MHz
naive,2:80,sample_cpu1_freq,1804,MHz
naive,2:80,sample_cpu2_freq,1804,MHz
naive,2:80,sample_cpu3_freq,1804,MHz
naive,2:80,sample_cpu4_freq,2208,MHz
naive,2:80,sample_cpu5_freq,2208,MHz
naive,2:80,sample_cpu6_freq,2208,MHz
naive,2:80,sample_cpu7_freq,2304,MHz
naive,2:81,sample_elapsed,12503,ms
naive,2:81,sample_power,4.058,W
naive,2:81,sample_process_cpu,399.355,% one core
naive,2:81,sample_free_ram,1.976,GiB
naive,2:81,sample_battery_temp,35.300,C
naive,2:81,sample_thermal_status,0,Android PowerManager status
naive,2:81,sample_cpu0_freq,1804,MHz
naive,2:81,sample_cpu1_freq,1804,MHz
naive,2:81,sample_cpu2_freq,1804,MHz
naive,2:81,sample_cpu3_freq,1804,MHz
naive,2:81,sample_cpu4_freq,2208,MHz
naive,2:81,sample_cpu5_freq,2208,MHz
naive,2:81,sample_cpu6_freq,2208,MHz
naive,2:81,sample_cpu7_freq,2304,MHz
naive,2:82,sample_elapsed,12662,ms
naive,2:82,sample_power,4.058,W
naive,2:82,sample_process_cpu,404.403,% one core
naive,2:82,sample_free_ram,1.976,GiB
naive,2:82,sample_battery_temp,35.300,C
naive,2:82,sample_thermal_status,0,Android PowerManager status
naive,2:82,sample_cpu0_freq,1804,MHz
naive,2:82,sample_cpu1_freq,1804,MHz
naive,2:82,sample_cpu2_freq,1804,MHz
naive,2:82,sample_cpu3_freq,1804,MHz
naive,2:82,sample_cpu4_freq,2208,MHz
naive,2:82,sample_cpu5_freq,2208,MHz
naive,2:82,sample_cpu6_freq,2208,MHz
naive,2:82,sample_cpu7_freq,2304,MHz
naive,2:83,sample_elapsed,12822,ms
naive,2:83,sample_power,4.058,W
naive,2:83,sample_process_cpu,386.875,% one core
naive,2:83,sample_free_ram,1.975,GiB
naive,2:83,sample_battery_temp,35.300,C
naive,2:83,sample_thermal_status,0,Android PowerManager status
naive,2:83,sample_cpu0_freq,1804,MHz
naive,2:83,sample_cpu1_freq,1804,MHz
naive,2:83,sample_cpu2_freq,1804,MHz
naive,2:83,sample_cpu3_freq,1804,MHz
naive,2:83,sample_cpu4_freq,2208,MHz
naive,2:83,sample_cpu5_freq,2208,MHz
naive,2:83,sample_cpu6_freq,2208,MHz
naive,2:83,sample_cpu7_freq,2304,MHz
naive,2:84,sample_elapsed,12980,ms
naive,2:84,sample_power,4.058,W
naive,2:84,sample_process_cpu,395.570,% one core
naive,2:84,sample_free_ram,1.974,GiB
naive,2:84,sample_battery_temp,35.300,C
naive,2:84,sample_thermal_status,0,Android PowerManager status
naive,2:84,sample_cpu0_freq,1804,MHz
naive,2:84,sample_cpu1_freq,1804,MHz
naive,2:84,sample_cpu2_freq,1804,MHz
naive,2:84,sample_cpu3_freq,1804,MHz
naive,2:84,sample_cpu4_freq,2208,MHz
naive,2:84,sample_cpu5_freq,2208,MHz
naive,2:84,sample_cpu6_freq,2208,MHz
naive,2:84,sample_cpu7_freq,2304,MHz
naive,2:85,sample_elapsed,13135,ms
naive,2:85,sample_power,4.058,W
naive,2:85,sample_process_cpu,401.935,% one core
naive,2:85,sample_free_ram,1.974,GiB
naive,2:85,sample_battery_temp,35.300,C
naive,2:85,sample_thermal_status,0,Android PowerManager status
naive,2:85,sample_cpu0_freq,1804,MHz
naive,2:85,sample_cpu1_freq,1804,MHz
naive,2:85,sample_cpu2_freq,1804,MHz
naive,2:85,sample_cpu3_freq,1804,MHz
naive,2:85,sample_cpu4_freq,2208,MHz
naive,2:85,sample_cpu5_freq,2208,MHz
naive,2:85,sample_cpu6_freq,2208,MHz
naive,2:85,sample_cpu7_freq,2304,MHz
naive,2:86,sample_elapsed,13292,ms
naive,2:86,sample_power,4.058,W
naive,2:86,sample_process_cpu,396.178,% one core
naive,2:86,sample_free_ram,1.974,GiB
naive,2:86,sample_battery_temp,35.300,C
naive,2:86,sample_thermal_status,0,Android PowerManager status
naive,2:86,sample_cpu0_freq,1804,MHz
naive,2:86,sample_cpu1_freq,1804,MHz
naive,2:86,sample_cpu2_freq,1804,MHz
naive,2:86,sample_cpu3_freq,1804,MHz
naive,2:86,sample_cpu4_freq,2208,MHz
naive,2:86,sample_cpu5_freq,2208,MHz
naive,2:86,sample_cpu6_freq,2208,MHz
naive,2:86,sample_cpu7_freq,2304,MHz
naive,2:87,sample_elapsed,13448,ms
naive,2:87,sample_power,4.058,W
naive,2:87,sample_process_cpu,403.205,% one core
naive,2:87,sample_free_ram,1.974,GiB
naive,2:87,sample_battery_temp,35.300,C
naive,2:87,sample_thermal_status,0,Android PowerManager status
naive,2:87,sample_cpu0_freq,1804,MHz
naive,2:87,sample_cpu1_freq,1804,MHz
naive,2:87,sample_cpu2_freq,1804,MHz
naive,2:87,sample_cpu3_freq,1804,MHz
naive,2:87,sample_cpu4_freq,2208,MHz
naive,2:87,sample_cpu5_freq,2208,MHz
naive,2:87,sample_cpu6_freq,2208,MHz
naive,2:87,sample_cpu7_freq,2304,MHz
naive,2:88,sample_elapsed,13605,ms
naive,2:88,sample_power,4.058,W
naive,2:88,sample_process_cpu,382.803,% one core
naive,2:88,sample_free_ram,1.971,GiB
naive,2:88,sample_battery_temp,35.300,C
naive,2:88,sample_thermal_status,0,Android PowerManager status
naive,2:88,sample_cpu0_freq,1804,MHz
naive,2:88,sample_cpu1_freq,1804,MHz
naive,2:88,sample_cpu2_freq,1804,MHz
naive,2:88,sample_cpu3_freq,1804,MHz
naive,2:88,sample_cpu4_freq,2208,MHz
naive,2:88,sample_cpu5_freq,2208,MHz
naive,2:88,sample_cpu6_freq,2208,MHz
naive,2:88,sample_cpu7_freq,2304,MHz
naive,2:89,sample_elapsed,13764,ms
naive,2:89,sample_power,4.058,W
naive,2:89,sample_process_cpu,385.535,% one core
naive,2:89,sample_free_ram,1.972,GiB
naive,2:89,sample_battery_temp,35.300,C
naive,2:89,sample_thermal_status,0,Android PowerManager status
naive,2:89,sample_cpu0_freq,1804,MHz
naive,2:89,sample_cpu1_freq,1804,MHz
naive,2:89,sample_cpu2_freq,1804,MHz
naive,2:89,sample_cpu3_freq,1804,MHz
naive,2:89,sample_cpu4_freq,2208,MHz
naive,2:89,sample_cpu5_freq,2208,MHz
naive,2:89,sample_cpu6_freq,2208,MHz
naive,2:89,sample_cpu7_freq,2304,MHz
naive,2:90,sample_elapsed,13917,ms
naive,2:90,sample_power,4.058,W
naive,2:90,sample_process_cpu,399.346,% one core
naive,2:90,sample_free_ram,1.971,GiB
naive,2:90,sample_battery_temp,35.300,C
naive,2:90,sample_thermal_status,0,Android PowerManager status
naive,2:90,sample_cpu0_freq,1804,MHz
naive,2:90,sample_cpu1_freq,1804,MHz
naive,2:90,sample_cpu2_freq,1804,MHz
naive,2:90,sample_cpu3_freq,1804,MHz
naive,2:90,sample_cpu4_freq,2208,MHz
naive,2:90,sample_cpu5_freq,2208,MHz
naive,2:90,sample_cpu6_freq,2208,MHz
naive,2:90,sample_cpu7_freq,2304,MHz
naive,2:91,sample_elapsed,14072,ms
naive,2:91,sample_power,4.058,W
naive,2:91,sample_process_cpu,397.419,% one core
naive,2:91,sample_free_ram,1.970,GiB
naive,2:91,sample_battery_temp,35.300,C
naive,2:91,sample_thermal_status,0,Android PowerManager status
naive,2:91,sample_cpu0_freq,1804,MHz
naive,2:91,sample_cpu1_freq,1804,MHz
naive,2:91,sample_cpu2_freq,1804,MHz
naive,2:91,sample_cpu3_freq,1804,MHz
naive,2:91,sample_cpu4_freq,2208,MHz
naive,2:91,sample_cpu5_freq,2208,MHz
naive,2:91,sample_cpu6_freq,2208,MHz
naive,2:91,sample_cpu7_freq,2304,MHz
naive,2:92,sample_elapsed,14228,ms
naive,2:92,sample_power,4.058,W
naive,2:92,sample_process_cpu,423.077,% one core
naive,2:92,sample_free_ram,1.970,GiB
naive,2:92,sample_battery_temp,35.300,C
naive,2:92,sample_thermal_status,0,Android PowerManager status
naive,2:92,sample_cpu0_freq,1804,MHz
naive,2:92,sample_cpu1_freq,1804,MHz
naive,2:92,sample_cpu2_freq,1804,MHz
naive,2:92,sample_cpu3_freq,1804,MHz
naive,2:92,sample_cpu4_freq,2208,MHz
naive,2:92,sample_cpu5_freq,2208,MHz
naive,2:92,sample_cpu6_freq,2208,MHz
naive,2:92,sample_cpu7_freq,2304,MHz
naive,2:93,sample_elapsed,14384,ms
naive,2:93,sample_power,4.058,W
naive,2:93,sample_process_cpu,396.795,% one core
naive,2:93,sample_free_ram,1.970,GiB
naive,2:93,sample_battery_temp,35.300,C
naive,2:93,sample_thermal_status,0,Android PowerManager status
naive,2:93,sample_cpu0_freq,1804,MHz
naive,2:93,sample_cpu1_freq,1804,MHz
naive,2:93,sample_cpu2_freq,1804,MHz
naive,2:93,sample_cpu3_freq,1804,MHz
naive,2:93,sample_cpu4_freq,2208,MHz
naive,2:93,sample_cpu5_freq,2208,MHz
naive,2:93,sample_cpu6_freq,2208,MHz
naive,2:93,sample_cpu7_freq,2304,MHz
naive,2:94,sample_elapsed,14541,ms
naive,2:94,sample_power,4.058,W
naive,2:94,sample_process_cpu,397.452,% one core
naive,2:94,sample_free_ram,1.970,GiB
naive,2:94,sample_battery_temp,35.300,C
naive,2:94,sample_thermal_status,0,Android PowerManager status
naive,2:94,sample_cpu0_freq,1804,MHz
naive,2:94,sample_cpu1_freq,1804,MHz
naive,2:94,sample_cpu2_freq,1804,MHz
naive,2:94,sample_cpu3_freq,1804,MHz
naive,2:94,sample_cpu4_freq,2208,MHz
naive,2:94,sample_cpu5_freq,2208,MHz
naive,2:94,sample_cpu6_freq,2208,MHz
naive,2:94,sample_cpu7_freq,2304,MHz
naive,2:95,sample_elapsed,14696,ms
naive,2:95,sample_power,4.058,W
naive,2:95,sample_process_cpu,396.774,% one core
naive,2:95,sample_free_ram,1.970,GiB
naive,2:95,sample_battery_temp,35.300,C
naive,2:95,sample_thermal_status,0,Android PowerManager status
naive,2:95,sample_cpu0_freq,1804,MHz
naive,2:95,sample_cpu1_freq,1804,MHz
naive,2:95,sample_cpu2_freq,1804,MHz
naive,2:95,sample_cpu3_freq,1804,MHz
naive,2:95,sample_cpu4_freq,2208,MHz
naive,2:95,sample_cpu5_freq,2208,MHz
naive,2:95,sample_cpu6_freq,2208,MHz
naive,2:95,sample_cpu7_freq,2304,MHz
naive,2:96,sample_elapsed,14852,ms
naive,2:96,sample_power,4.058,W
naive,2:96,sample_process_cpu,398.718,% one core
naive,2:96,sample_free_ram,1.970,GiB
naive,2:96,sample_battery_temp,35.300,C
naive,2:96,sample_thermal_status,0,Android PowerManager status
naive,2:96,sample_cpu0_freq,1804,MHz
naive,2:96,sample_cpu1_freq,1804,MHz
naive,2:96,sample_cpu2_freq,1804,MHz
naive,2:96,sample_cpu3_freq,1804,MHz
naive,2:96,sample_cpu4_freq,2208,MHz
naive,2:96,sample_cpu5_freq,2208,MHz
naive,2:96,sample_cpu6_freq,2208,MHz
naive,2:96,sample_cpu7_freq,2304,MHz
naive,2:97,sample_elapsed,15015,ms
naive,2:97,sample_power,4.058,W
naive,2:97,sample_process_cpu,393.865,% one core
naive,2:97,sample_free_ram,1.970,GiB
naive,2:97,sample_battery_temp,35.300,C
naive,2:97,sample_thermal_status,0,Android PowerManager status
naive,2:97,sample_cpu0_freq,1804,MHz
naive,2:97,sample_cpu1_freq,1804,MHz
naive,2:97,sample_cpu2_freq,1804,MHz
naive,2:97,sample_cpu3_freq,1804,MHz
naive,2:97,sample_cpu4_freq,2208,MHz
naive,2:97,sample_cpu5_freq,2208,MHz
naive,2:97,sample_cpu6_freq,2208,MHz
naive,2:97,sample_cpu7_freq,2304,MHz
naive,2:98,sample_elapsed,15170,ms
naive,2:98,sample_power,4.058,W
naive,2:98,sample_process_cpu,400.645,% one core
naive,2:98,sample_free_ram,1.970,GiB
naive,2:98,sample_battery_temp,35.300,C
naive,2:98,sample_thermal_status,0,Android PowerManager status
naive,2:98,sample_cpu0_freq,1804,MHz
naive,2:98,sample_cpu1_freq,1804,MHz
naive,2:98,sample_cpu2_freq,1804,MHz
naive,2:98,sample_cpu3_freq,1804,MHz
naive,2:98,sample_cpu4_freq,2208,MHz
naive,2:98,sample_cpu5_freq,2208,MHz
naive,2:98,sample_cpu6_freq,2208,MHz
naive,2:98,sample_cpu7_freq,2304,MHz
naive,2:99,sample_elapsed,15326,ms
naive,2:99,sample_power,4.058,W
naive,2:99,sample_process_cpu,397.436,% one core
naive,2:99,sample_free_ram,1.970,GiB
naive,2:99,sample_battery_temp,35.300,C
naive,2:99,sample_thermal_status,0,Android PowerManager status
naive,2:99,sample_cpu0_freq,1804,MHz
naive,2:99,sample_cpu1_freq,1804,MHz
naive,2:99,sample_cpu2_freq,1804,MHz
naive,2:99,sample_cpu3_freq,1804,MHz
naive,2:99,sample_cpu4_freq,2208,MHz
naive,2:99,sample_cpu5_freq,2208,MHz
naive,2:99,sample_cpu6_freq,2208,MHz
naive,2:99,sample_cpu7_freq,2304,MHz
naive,2:100,sample_elapsed,15483,ms
naive,2:100,sample_power,4.058,W
naive,2:100,sample_process_cpu,390.446,% one core
naive,2:100,sample_free_ram,1.970,GiB
naive,2:100,sample_battery_temp,35.300,C
naive,2:100,sample_thermal_status,0,Android PowerManager status
naive,2:100,sample_cpu0_freq,1804,MHz
naive,2:100,sample_cpu1_freq,1804,MHz
naive,2:100,sample_cpu2_freq,1804,MHz
naive,2:100,sample_cpu3_freq,1804,MHz
naive,2:100,sample_cpu4_freq,2208,MHz
naive,2:100,sample_cpu5_freq,2208,MHz
naive,2:100,sample_cpu6_freq,2208,MHz
naive,2:100,sample_cpu7_freq,2304,MHz
naive,2:101,sample_elapsed,15640,ms
naive,2:101,sample_power,4.058,W
naive,2:101,sample_process_cpu,391.720,% one core
naive,2:101,sample_free_ram,1.972,GiB
naive,2:101,sample_battery_temp,35.300,C
naive,2:101,sample_thermal_status,0,Android PowerManager status
naive,2:101,sample_cpu0_freq,1804,MHz
naive,2:101,sample_cpu1_freq,1804,MHz
naive,2:101,sample_cpu2_freq,1804,MHz
naive,2:101,sample_cpu3_freq,1804,MHz
naive,2:101,sample_cpu4_freq,2208,MHz
naive,2:101,sample_cpu5_freq,2208,MHz
naive,2:101,sample_cpu6_freq,2208,MHz
naive,2:101,sample_cpu7_freq,2304,MHz
naive,2:102,sample_elapsed,15795,ms
naive,2:102,sample_power,4.058,W
naive,2:102,sample_process_cpu,398.710,% one core
naive,2:102,sample_free_ram,1.971,GiB
naive,2:102,sample_battery_temp,35.300,C
naive,2:102,sample_thermal_status,0,Android PowerManager status
naive,2:102,sample_cpu0_freq,1804,MHz
naive,2:102,sample_cpu1_freq,1804,MHz
naive,2:102,sample_cpu2_freq,1804,MHz
naive,2:102,sample_cpu3_freq,1804,MHz
naive,2:102,sample_cpu4_freq,2208,MHz
naive,2:102,sample_cpu5_freq,2208,MHz
naive,2:102,sample_cpu6_freq,2208,MHz
naive,2:102,sample_cpu7_freq,2304,MHz
naive,2:103,sample_elapsed,15953,ms
naive,2:103,sample_power,4.058,W
naive,2:103,sample_process_cpu,401.266,% one core
naive,2:103,sample_free_ram,1.971,GiB
naive,2:103,sample_battery_temp,35.300,C
naive,2:103,sample_thermal_status,0,Android PowerManager status
naive,2:103,sample_cpu0_freq,1804,MHz
naive,2:103,sample_cpu1_freq,1804,MHz
naive,2:103,sample_cpu2_freq,1804,MHz
naive,2:103,sample_cpu3_freq,1804,MHz
naive,2:103,sample_cpu4_freq,2208,MHz
naive,2:103,sample_cpu5_freq,2208,MHz
naive,2:103,sample_cpu6_freq,2208,MHz
naive,2:103,sample_cpu7_freq,2304,MHz
naive,2:104,sample_elapsed,16113,ms
naive,2:104,sample_power,4.058,W
naive,2:104,sample_process_cpu,397.500,% one core
naive,2:104,sample_free_ram,1.971,GiB
naive,2:104,sample_battery_temp,35.300,C
naive,2:104,sample_thermal_status,0,Android PowerManager status
naive,2:104,sample_cpu0_freq,1804,MHz
naive,2:104,sample_cpu1_freq,1804,MHz
naive,2:104,sample_cpu2_freq,1804,MHz
naive,2:104,sample_cpu3_freq,1804,MHz
naive,2:104,sample_cpu4_freq,2208,MHz
naive,2:104,sample_cpu5_freq,2208,MHz
naive,2:104,sample_cpu6_freq,2208,MHz
naive,2:104,sample_cpu7_freq,2304,MHz
naive,2:105,sample_elapsed,16270,ms
naive,2:105,sample_power,4.058,W
naive,2:105,sample_process_cpu,398.726,% one core
naive,2:105,sample_free_ram,1.971,GiB
naive,2:105,sample_battery_temp,35.300,C
naive,2:105,sample_thermal_status,0,Android PowerManager status
naive,2:105,sample_cpu0_freq,1804,MHz
naive,2:105,sample_cpu1_freq,1804,MHz
naive,2:105,sample_cpu2_freq,1804,MHz
naive,2:105,sample_cpu3_freq,1804,MHz
naive,2:105,sample_cpu4_freq,2208,MHz
naive,2:105,sample_cpu5_freq,2208,MHz
naive,2:105,sample_cpu6_freq,2208,MHz
naive,2:105,sample_cpu7_freq,2304,MHz
naive,2:106,sample_elapsed,16427,ms
naive,2:106,sample_power,4.058,W
naive,2:106,sample_process_cpu,396.815,% one core
naive,2:106,sample_free_ram,1.971,GiB
naive,2:106,sample_battery_temp,35.300,C
naive,2:106,sample_thermal_status,0,Android PowerManager status
naive,2:106,sample_cpu0_freq,1804,MHz
naive,2:106,sample_cpu1_freq,1804,MHz
naive,2:106,sample_cpu2_freq,1804,MHz
naive,2:106,sample_cpu3_freq,1804,MHz
naive,2:106,sample_cpu4_freq,2208,MHz
naive,2:106,sample_cpu5_freq,2208,MHz
naive,2:106,sample_cpu6_freq,2208,MHz
naive,2:106,sample_cpu7_freq,2304,MHz
naive,2:107,sample_elapsed,16584,ms
naive,2:107,sample_power,4.058,W
naive,2:107,sample_process_cpu,394.904,% one core
naive,2:107,sample_free_ram,1.971,GiB
naive,2:107,sample_battery_temp,35.300,C
naive,2:107,sample_thermal_status,0,Android PowerManager status
naive,2:107,sample_cpu0_freq,1804,MHz
naive,2:107,sample_cpu1_freq,1804,MHz
naive,2:107,sample_cpu2_freq,1804,MHz
naive,2:107,sample_cpu3_freq,1804,MHz
naive,2:107,sample_cpu4_freq,2208,MHz
naive,2:107,sample_cpu5_freq,2208,MHz
naive,2:107,sample_cpu6_freq,2208,MHz
naive,2:107,sample_cpu7_freq,2304,MHz
naive,2:108,sample_elapsed,16740,ms
naive,2:108,sample_power,4.058,W
naive,2:108,sample_process_cpu,403.205,% one core
naive,2:108,sample_free_ram,1.971,GiB
naive,2:108,sample_battery_temp,35.300,C
naive,2:108,sample_thermal_status,0,Android PowerManager status
naive,2:108,sample_cpu0_freq,1804,MHz
naive,2:108,sample_cpu1_freq,1804,MHz
naive,2:108,sample_cpu2_freq,1804,MHz
naive,2:108,sample_cpu3_freq,1804,MHz
naive,2:108,sample_cpu4_freq,2208,MHz
naive,2:108,sample_cpu5_freq,2208,MHz
naive,2:108,sample_cpu6_freq,2208,MHz
naive,2:108,sample_cpu7_freq,2304,MHz
naive,2:109,sample_elapsed,16898,ms
naive,2:109,sample_power,4.058,W
naive,2:109,sample_process_cpu,392.405,% one core
naive,2:109,sample_free_ram,1.971,GiB
naive,2:109,sample_battery_temp,35.300,C
naive,2:109,sample_thermal_status,0,Android PowerManager status
naive,2:109,sample_cpu0_freq,1804,MHz
naive,2:109,sample_cpu1_freq,1804,MHz
naive,2:109,sample_cpu2_freq,1804,MHz
naive,2:109,sample_cpu3_freq,1804,MHz
naive,2:109,sample_cpu4_freq,2208,MHz
naive,2:109,sample_cpu5_freq,2208,MHz
naive,2:109,sample_cpu6_freq,2208,MHz
naive,2:109,sample_cpu7_freq,2304,MHz
naive,2:110,sample_elapsed,17054,ms
naive,2:110,sample_power,4.058,W
naive,2:110,sample_process_cpu,396.795,% one core
naive,2:110,sample_free_ram,1.971,GiB
naive,2:110,sample_battery_temp,35.300,C
naive,2:110,sample_thermal_status,0,Android PowerManager status
naive,2:110,sample_cpu0_freq,1804,MHz
naive,2:110,sample_cpu1_freq,1804,MHz
naive,2:110,sample_cpu2_freq,1804,MHz
naive,2:110,sample_cpu3_freq,1804,MHz
naive,2:110,sample_cpu4_freq,2208,MHz
naive,2:110,sample_cpu5_freq,2208,MHz
naive,2:110,sample_cpu6_freq,2208,MHz
naive,2:110,sample_cpu7_freq,2304,MHz
naive,2:111,sample_elapsed,17209,ms
naive,2:111,sample_power,4.058,W
naive,2:111,sample_process_cpu,398.065,% one core
naive,2:111,sample_free_ram,1.971,GiB
naive,2:111,sample_battery_temp,35.300,C
naive,2:111,sample_thermal_status,0,Android PowerManager status
naive,2:111,sample_cpu0_freq,1804,MHz
naive,2:111,sample_cpu1_freq,1804,MHz
naive,2:111,sample_cpu2_freq,1804,MHz
naive,2:111,sample_cpu3_freq,1804,MHz
naive,2:111,sample_cpu4_freq,2208,MHz
naive,2:111,sample_cpu5_freq,2208,MHz
naive,2:111,sample_cpu6_freq,2208,MHz
naive,2:111,sample_cpu7_freq,2304,MHz
naive,3,pp,152.000,tok/s
naive,3,tg,9.550,tok/s
naive,3,power,1.964,W
naive,3,tok_per_w,4.862,tok/W
naive,3,ttft_pp512_derived,3473.133,ms
naive,3,start_temp,34.500,C
naive,3,average_process_cpu,394.773,% one core
naive,3,minimum_free_ram,1.993,GiB
naive,3,peak_battery_temp,34.500,C
naive,3,peak_thermal_status,0,Android PowerManager status
naive,3:1,sample_elapsed,0,ms
naive,3:1,sample_power,0.871,W
naive,3:1,sample_process_cpu,0.000,% one core
naive,3:1,sample_free_ram,1.995,GiB
naive,3:1,sample_battery_temp,34.500,C
naive,3:1,sample_thermal_status,0,Android PowerManager status
naive,3:1,sample_cpu0_freq,1804,MHz
naive,3:1,sample_cpu1_freq,1804,MHz
naive,3:1,sample_cpu2_freq,1804,MHz
naive,3:1,sample_cpu3_freq,1804,MHz
naive,3:1,sample_cpu4_freq,1612,MHz
naive,3:1,sample_cpu5_freq,1612,MHz
naive,3:1,sample_cpu6_freq,1612,MHz
naive,3:1,sample_cpu7_freq,633,MHz
naive,3:2,sample_elapsed,169,ms
naive,3:2,sample_power,0.871,W
naive,3:2,sample_process_cpu,342.604,% one core
naive,3:2,sample_free_ram,2.045,GiB
naive,3:2,sample_battery_temp,34.500,C
naive,3:2,sample_thermal_status,0,Android PowerManager status
naive,3:2,sample_cpu0_freq,1804,MHz
naive,3:2,sample_cpu1_freq,1804,MHz
naive,3:2,sample_cpu2_freq,1804,MHz
naive,3:2,sample_cpu3_freq,1804,MHz
naive,3:2,sample_cpu4_freq,2208,MHz
naive,3:2,sample_cpu5_freq,2208,MHz
naive,3:2,sample_cpu6_freq,2208,MHz
naive,3:2,sample_cpu7_freq,2304,MHz
naive,3:3,sample_elapsed,350,ms
naive,3:3,sample_power,0.871,W
naive,3:3,sample_process_cpu,408.287,% one core
naive,3:3,sample_free_ram,1.997,GiB
naive,3:3,sample_battery_temp,34.500,C
naive,3:3,sample_thermal_status,0,Android PowerManager status
naive,3:3,sample_cpu0_freq,1804,MHz
naive,3:3,sample_cpu1_freq,1804,MHz
naive,3:3,sample_cpu2_freq,1804,MHz
naive,3:3,sample_cpu3_freq,1804,MHz
naive,3:3,sample_cpu4_freq,2208,MHz
naive,3:3,sample_cpu5_freq,2208,MHz
naive,3:3,sample_cpu6_freq,2208,MHz
naive,3:3,sample_cpu7_freq,2304,MHz
naive,3:4,sample_elapsed,502,ms
naive,3:4,sample_power,0.871,W
naive,3:4,sample_process_cpu,398.684,% one core
naive,3:4,sample_free_ram,2.000,GiB
naive,3:4,sample_battery_temp,34.500,C
naive,3:4,sample_thermal_status,0,Android PowerManager status
naive,3:4,sample_cpu0_freq,1804,MHz
naive,3:4,sample_cpu1_freq,1804,MHz
naive,3:4,sample_cpu2_freq,1804,MHz
naive,3:4,sample_cpu3_freq,1804,MHz
naive,3:4,sample_cpu4_freq,2208,MHz
naive,3:4,sample_cpu5_freq,2208,MHz
naive,3:4,sample_cpu6_freq,2208,MHz
naive,3:4,sample_cpu7_freq,2304,MHz
naive,3:5,sample_elapsed,654,ms
naive,3:5,sample_power,0.871,W
naive,3:5,sample_process_cpu,393.421,% one core
naive,3:5,sample_free_ram,2.000,GiB
naive,3:5,sample_battery_temp,34.500,C
naive,3:5,sample_thermal_status,0,Android PowerManager status
naive,3:5,sample_cpu0_freq,1804,MHz
naive,3:5,sample_cpu1_freq,1804,MHz
naive,3:5,sample_cpu2_freq,1804,MHz
naive,3:5,sample_cpu3_freq,1804,MHz
naive,3:5,sample_cpu4_freq,2208,MHz
naive,3:5,sample_cpu5_freq,2208,MHz
naive,3:5,sample_cpu6_freq,2208,MHz
naive,3:5,sample_cpu7_freq,2304,MHz
naive,3:6,sample_elapsed,806,ms
naive,3:6,sample_power,0.871,W
naive,3:6,sample_process_cpu,396.053,% one core
naive,3:6,sample_free_ram,2.000,GiB
naive,3:6,sample_battery_temp,34.500,C
naive,3:6,sample_thermal_status,0,Android PowerManager status
naive,3:6,sample_cpu0_freq,1804,MHz
naive,3:6,sample_cpu1_freq,1804,MHz
naive,3:6,sample_cpu2_freq,1804,MHz
naive,3:6,sample_cpu3_freq,1804,MHz
naive,3:6,sample_cpu4_freq,2208,MHz
naive,3:6,sample_cpu5_freq,2208,MHz
naive,3:6,sample_cpu6_freq,2208,MHz
naive,3:6,sample_cpu7_freq,2304,MHz
naive,3:7,sample_elapsed,958,ms
naive,3:7,sample_power,0.871,W
naive,3:7,sample_process_cpu,396.053,% one core
naive,3:7,sample_free_ram,1.999,GiB
naive,3:7,sample_battery_temp,34.500,C
naive,3:7,sample_thermal_status,0,Android PowerManager status
naive,3:7,sample_cpu0_freq,1804,MHz
naive,3:7,sample_cpu1_freq,1804,MHz
naive,3:7,sample_cpu2_freq,1804,MHz
naive,3:7,sample_cpu3_freq,1804,MHz
naive,3:7,sample_cpu4_freq,2208,MHz
naive,3:7,sample_cpu5_freq,2208,MHz
naive,3:7,sample_cpu6_freq,2208,MHz
naive,3:7,sample_cpu7_freq,2304,MHz
naive,3:8,sample_elapsed,1110,ms
naive,3:8,sample_power,0.871,W
naive,3:8,sample_process_cpu,398.026,% one core
naive,3:8,sample_free_ram,1.999,GiB
naive,3:8,sample_battery_temp,34.500,C
naive,3:8,sample_thermal_status,0,Android PowerManager status
naive,3:8,sample_cpu0_freq,1804,MHz
naive,3:8,sample_cpu1_freq,1804,MHz
naive,3:8,sample_cpu2_freq,1804,MHz
naive,3:8,sample_cpu3_freq,1804,MHz
naive,3:8,sample_cpu4_freq,2208,MHz
naive,3:8,sample_cpu5_freq,2208,MHz
naive,3:8,sample_cpu6_freq,2208,MHz
naive,3:8,sample_cpu7_freq,2304,MHz
naive,3:9,sample_elapsed,1262,ms
naive,3:9,sample_power,0.871,W
naive,3:9,sample_process_cpu,391.447,% one core
naive,3:9,sample_free_ram,1.999,GiB
naive,3:9,sample_battery_temp,34.500,C
naive,3:9,sample_thermal_status,0,Android PowerManager status
naive,3:9,sample_cpu0_freq,1804,MHz
naive,3:9,sample_cpu1_freq,1804,MHz
naive,3:9,sample_cpu2_freq,1804,MHz
naive,3:9,sample_cpu3_freq,1804,MHz
naive,3:9,sample_cpu4_freq,2208,MHz
naive,3:9,sample_cpu5_freq,2208,MHz
naive,3:9,sample_cpu6_freq,2208,MHz
naive,3:9,sample_cpu7_freq,2304,MHz
naive,3:10,sample_elapsed,1414,ms
naive,3:10,sample_power,0.871,W
naive,3:10,sample_process_cpu,394.737,% one core
naive,3:10,sample_free_ram,1.999,GiB
naive,3:10,sample_battery_temp,34.500,C
naive,3:10,sample_thermal_status,0,Android PowerManager status
naive,3:10,sample_cpu0_freq,1804,MHz
naive,3:10,sample_cpu1_freq,1804,MHz
naive,3:10,sample_cpu2_freq,1804,MHz
naive,3:10,sample_cpu3_freq,1804,MHz
naive,3:10,sample_cpu4_freq,2208,MHz
naive,3:10,sample_cpu5_freq,2208,MHz
naive,3:10,sample_cpu6_freq,2208,MHz
naive,3:10,sample_cpu7_freq,2304,MHz
naive,3:11,sample_elapsed,1566,ms
naive,3:11,sample_power,0.871,W
naive,3:11,sample_process_cpu,396.053,% one core
naive,3:11,sample_free_ram,1.998,GiB
naive,3:11,sample_battery_temp,34.500,C
naive,3:11,sample_thermal_status,0,Android PowerManager status
naive,3:11,sample_cpu0_freq,1804,MHz
naive,3:11,sample_cpu1_freq,1804,MHz
naive,3:11,sample_cpu2_freq,1804,MHz
naive,3:11,sample_cpu3_freq,1804,MHz
naive,3:11,sample_cpu4_freq,2208,MHz
naive,3:11,sample_cpu5_freq,2208,MHz
naive,3:11,sample_cpu6_freq,2208,MHz
naive,3:11,sample_cpu7_freq,2304,MHz
naive,3:12,sample_elapsed,1718,ms
naive,3:12,sample_power,0.871,W
naive,3:12,sample_process_cpu,395.395,% one core
naive,3:12,sample_free_ram,1.998,GiB
naive,3:12,sample_battery_temp,34.500,C
naive,3:12,sample_thermal_status,0,Android PowerManager status
naive,3:12,sample_cpu0_freq,1804,MHz
naive,3:12,sample_cpu1_freq,1804,MHz
naive,3:12,sample_cpu2_freq,1804,MHz
naive,3:12,sample_cpu3_freq,1804,MHz
naive,3:12,sample_cpu4_freq,2208,MHz
naive,3:12,sample_cpu5_freq,2208,MHz
naive,3:12,sample_cpu6_freq,2208,MHz
naive,3:12,sample_cpu7_freq,2304,MHz
naive,3:13,sample_elapsed,1870,ms
naive,3:13,sample_power,0.871,W
naive,3:13,sample_process_cpu,394.079,% one core
naive,3:13,sample_free_ram,1.998,GiB
naive,3:13,sample_battery_temp,34.500,C
naive,3:13,sample_thermal_status,0,Android PowerManager status
naive,3:13,sample_cpu0_freq,1804,MHz
naive,3:13,sample_cpu1_freq,1804,MHz
naive,3:13,sample_cpu2_freq,1804,MHz
naive,3:13,sample_cpu3_freq,1804,MHz
naive,3:13,sample_cpu4_freq,2208,MHz
naive,3:13,sample_cpu5_freq,2208,MHz
naive,3:13,sample_cpu6_freq,2208,MHz
naive,3:13,sample_cpu7_freq,2304,MHz
naive,3:14,sample_elapsed,2021,ms
naive,3:14,sample_power,0.871,W
naive,3:14,sample_process_cpu,396.026,% one core
naive,3:14,sample_free_ram,1.998,GiB
naive,3:14,sample_battery_temp,34.500,C
naive,3:14,sample_thermal_status,0,Android PowerManager status
naive,3:14,sample_cpu0_freq,1804,MHz
naive,3:14,sample_cpu1_freq,1804,MHz
naive,3:14,sample_cpu2_freq,1804,MHz
naive,3:14,sample_cpu3_freq,1804,MHz
naive,3:14,sample_cpu4_freq,2208,MHz
naive,3:14,sample_cpu5_freq,2208,MHz
naive,3:14,sample_cpu6_freq,2208,MHz
naive,3:14,sample_cpu7_freq,2304,MHz
naive,3:15,sample_elapsed,2173,ms
naive,3:15,sample_power,0.871,W
naive,3:15,sample_process_cpu,396.053,% one core
naive,3:15,sample_free_ram,1.998,GiB
naive,3:15,sample_battery_temp,34.500,C
naive,3:15,sample_thermal_status,0,Android PowerManager status
naive,3:15,sample_cpu0_freq,1804,MHz
naive,3:15,sample_cpu1_freq,1804,MHz
naive,3:15,sample_cpu2_freq,1804,MHz
naive,3:15,sample_cpu3_freq,1804,MHz
naive,3:15,sample_cpu4_freq,2208,MHz
naive,3:15,sample_cpu5_freq,2208,MHz
naive,3:15,sample_cpu6_freq,2208,MHz
naive,3:15,sample_cpu7_freq,2304,MHz
naive,3:16,sample_elapsed,2326,ms
naive,3:16,sample_power,0.871,W
naive,3:16,sample_process_cpu,394.771,% one core
naive,3:16,sample_free_ram,1.997,GiB
naive,3:16,sample_battery_temp,34.500,C
naive,3:16,sample_thermal_status,0,Android PowerManager status
naive,3:16,sample_cpu0_freq,1804,MHz
naive,3:16,sample_cpu1_freq,1804,MHz
naive,3:16,sample_cpu2_freq,1804,MHz
naive,3:16,sample_cpu3_freq,1804,MHz
naive,3:16,sample_cpu4_freq,2208,MHz
naive,3:16,sample_cpu5_freq,2208,MHz
naive,3:16,sample_cpu6_freq,2208,MHz
naive,3:16,sample_cpu7_freq,2304,MHz
naive,3:17,sample_elapsed,2479,ms
naive,3:17,sample_power,0.871,W
naive,3:17,sample_process_cpu,390.196,% one core
naive,3:17,sample_free_ram,1.997,GiB
naive,3:17,sample_battery_temp,34.500,C
naive,3:17,sample_thermal_status,0,Android PowerManager status
naive,3:17,sample_cpu0_freq,1804,MHz
naive,3:17,sample_cpu1_freq,1804,MHz
naive,3:17,sample_cpu2_freq,1804,MHz
naive,3:17,sample_cpu3_freq,1804,MHz
naive,3:17,sample_cpu4_freq,2208,MHz
naive,3:17,sample_cpu5_freq,2208,MHz
naive,3:17,sample_cpu6_freq,2208,MHz
naive,3:17,sample_cpu7_freq,2304,MHz
naive,3:18,sample_elapsed,2631,ms
naive,3:18,sample_power,0.871,W
naive,3:18,sample_process_cpu,400.000,% one core
naive,3:18,sample_free_ram,1.997,GiB
naive,3:18,sample_battery_temp,34.500,C
naive,3:18,sample_thermal_status,0,Android PowerManager status
naive,3:18,sample_cpu0_freq,1804,MHz
naive,3:18,sample_cpu1_freq,1804,MHz
naive,3:18,sample_cpu2_freq,1804,MHz
naive,3:18,sample_cpu3_freq,1804,MHz
naive,3:18,sample_cpu4_freq,2208,MHz
naive,3:18,sample_cpu5_freq,2208,MHz
naive,3:18,sample_cpu6_freq,2208,MHz
naive,3:18,sample_cpu7_freq,2304,MHz
naive,3:19,sample_elapsed,2783,ms
naive,3:19,sample_power,0.871,W
naive,3:19,sample_process_cpu,391.447,% one core
naive,3:19,sample_free_ram,1.997,GiB
naive,3:19,sample_battery_temp,34.500,C
naive,3:19,sample_thermal_status,0,Android PowerManager status
naive,3:19,sample_cpu0_freq,1804,MHz
naive,3:19,sample_cpu1_freq,1804,MHz
naive,3:19,sample_cpu2_freq,1804,MHz
naive,3:19,sample_cpu3_freq,1804,MHz
naive,3:19,sample_cpu4_freq,2208,MHz
naive,3:19,sample_cpu5_freq,2208,MHz
naive,3:19,sample_cpu6_freq,2208,MHz
naive,3:19,sample_cpu7_freq,2304,MHz
naive,3:20,sample_elapsed,2935,ms
naive,3:20,sample_power,0.871,W
naive,3:20,sample_process_cpu,397.368,% one core
naive,3:20,sample_free_ram,1.997,GiB
naive,3:20,sample_battery_temp,34.500,C
naive,3:20,sample_thermal_status,0,Android PowerManager status
naive,3:20,sample_cpu0_freq,1804,MHz
naive,3:20,sample_cpu1_freq,1804,MHz
naive,3:20,sample_cpu2_freq,1804,MHz
naive,3:20,sample_cpu3_freq,1804,MHz
naive,3:20,sample_cpu4_freq,2208,MHz
naive,3:20,sample_cpu5_freq,2208,MHz
naive,3:20,sample_cpu6_freq,2208,MHz
naive,3:20,sample_cpu7_freq,2304,MHz
naive,3:21,sample_elapsed,3087,ms
naive,3:21,sample_power,0.871,W
naive,3:21,sample_process_cpu,394.079,% one core
naive,3:21,sample_free_ram,1.997,GiB
naive,3:21,sample_battery_temp,34.500,C
naive,3:21,sample_thermal_status,0,Android PowerManager status
naive,3:21,sample_cpu0_freq,1804,MHz
naive,3:21,sample_cpu1_freq,1804,MHz
naive,3:21,sample_cpu2_freq,1804,MHz
naive,3:21,sample_cpu3_freq,1804,MHz
naive,3:21,sample_cpu4_freq,2208,MHz
naive,3:21,sample_cpu5_freq,2208,MHz
naive,3:21,sample_cpu6_freq,2208,MHz
naive,3:21,sample_cpu7_freq,2304,MHz
naive,3:22,sample_elapsed,3239,ms
naive,3:22,sample_power,0.871,W
naive,3:22,sample_process_cpu,393.421,% one core
naive,3:22,sample_free_ram,1.996,GiB
naive,3:22,sample_battery_temp,34.500,C
naive,3:22,sample_thermal_status,0,Android PowerManager status
naive,3:22,sample_cpu0_freq,1804,MHz
naive,3:22,sample_cpu1_freq,1804,MHz
naive,3:22,sample_cpu2_freq,1804,MHz
naive,3:22,sample_cpu3_freq,1804,MHz
naive,3:22,sample_cpu4_freq,2208,MHz
naive,3:22,sample_cpu5_freq,2208,MHz
naive,3:22,sample_cpu6_freq,2208,MHz
naive,3:22,sample_cpu7_freq,2304,MHz
naive,3:23,sample_elapsed,3392,ms
naive,3:23,sample_power,0.871,W
naive,3:23,sample_process_cpu,398.693,% one core
naive,3:23,sample_free_ram,1.995,GiB
naive,3:23,sample_battery_temp,34.500,C
naive,3:23,sample_thermal_status,0,Android PowerManager status
naive,3:23,sample_cpu0_freq,1804,MHz
naive,3:23,sample_cpu1_freq,1804,MHz
naive,3:23,sample_cpu2_freq,1804,MHz
naive,3:23,sample_cpu3_freq,1804,MHz
naive,3:23,sample_cpu4_freq,2208,MHz
naive,3:23,sample_cpu5_freq,2208,MHz
naive,3:23,sample_cpu6_freq,2208,MHz
naive,3:23,sample_cpu7_freq,2304,MHz
naive,3:24,sample_elapsed,3548,ms
naive,3:24,sample_power,0.871,W
naive,3:24,sample_process_cpu,384.615,% one core
naive,3:24,sample_free_ram,1.993,GiB
naive,3:24,sample_battery_temp,34.500,C
naive,3:24,sample_thermal_status,0,Android PowerManager status
naive,3:24,sample_cpu0_freq,1804,MHz
naive,3:24,sample_cpu1_freq,1804,MHz
naive,3:24,sample_cpu2_freq,1804,MHz
naive,3:24,sample_cpu3_freq,1804,MHz
naive,3:24,sample_cpu4_freq,2208,MHz
naive,3:24,sample_cpu5_freq,2208,MHz
naive,3:24,sample_cpu6_freq,2208,MHz
naive,3:24,sample_cpu7_freq,2304,MHz
naive,3:25,sample_elapsed,3700,ms
naive,3:25,sample_power,0.871,W
naive,3:25,sample_process_cpu,395.395,% one core
naive,3:25,sample_free_ram,1.993,GiB
naive,3:25,sample_battery_temp,34.500,C
naive,3:25,sample_thermal_status,0,Android PowerManager status
naive,3:25,sample_cpu0_freq,1804,MHz
naive,3:25,sample_cpu1_freq,1804,MHz
naive,3:25,sample_cpu2_freq,1804,MHz
naive,3:25,sample_cpu3_freq,1804,MHz
naive,3:25,sample_cpu4_freq,2208,MHz
naive,3:25,sample_cpu5_freq,2208,MHz
naive,3:25,sample_cpu6_freq,2208,MHz
naive,3:25,sample_cpu7_freq,2304,MHz
naive,3:26,sample_elapsed,3852,ms
naive,3:26,sample_power,0.871,W
naive,3:26,sample_process_cpu,409.211,% one core
naive,3:26,sample_free_ram,1.993,GiB
naive,3:26,sample_battery_temp,34.500,C
naive,3:26,sample_thermal_status,0,Android PowerManager status
naive,3:26,sample_cpu0_freq,1804,MHz
naive,3:26,sample_cpu1_freq,1804,MHz
naive,3:26,sample_cpu2_freq,1804,MHz
naive,3:26,sample_cpu3_freq,1804,MHz
naive,3:26,sample_cpu4_freq,2208,MHz
naive,3:26,sample_cpu5_freq,2208,MHz
naive,3:26,sample_cpu6_freq,2208,MHz
naive,3:26,sample_cpu7_freq,2304,MHz
naive,3:27,sample_elapsed,4004,ms
naive,3:27,sample_power,0.871,W
naive,3:27,sample_process_cpu,395.395,% one core
naive,3:27,sample_free_ram,1.993,GiB
naive,3:27,sample_battery_temp,34.500,C
naive,3:27,sample_thermal_status,0,Android PowerManager status
naive,3:27,sample_cpu0_freq,1804,MHz
naive,3:27,sample_cpu1_freq,1804,MHz
naive,3:27,sample_cpu2_freq,1804,MHz
naive,3:27,sample_cpu3_freq,1804,MHz
naive,3:27,sample_cpu4_freq,2208,MHz
naive,3:27,sample_cpu5_freq,2208,MHz
naive,3:27,sample_cpu6_freq,2208,MHz
naive,3:27,sample_cpu7_freq,2304,MHz
naive,3:28,sample_elapsed,4156,ms
naive,3:28,sample_power,0.871,W
naive,3:28,sample_process_cpu,393.421,% one core
naive,3:28,sample_free_ram,1.993,GiB
naive,3:28,sample_battery_temp,34.500,C
naive,3:28,sample_thermal_status,0,Android PowerManager status
naive,3:28,sample_cpu0_freq,1804,MHz
naive,3:28,sample_cpu1_freq,1804,MHz
naive,3:28,sample_cpu2_freq,1804,MHz
naive,3:28,sample_cpu3_freq,1804,MHz
naive,3:28,sample_cpu4_freq,2208,MHz
naive,3:28,sample_cpu5_freq,2208,MHz
naive,3:28,sample_cpu6_freq,2208,MHz
naive,3:28,sample_cpu7_freq,2304,MHz
naive,3:29,sample_elapsed,4308,ms
naive,3:29,sample_power,0.871,W
naive,3:29,sample_process_cpu,393.421,% one core
naive,3:29,sample_free_ram,1.993,GiB
naive,3:29,sample_battery_temp,34.500,C
naive,3:29,sample_thermal_status,0,Android PowerManager status
naive,3:29,sample_cpu0_freq,1804,MHz
naive,3:29,sample_cpu1_freq,1804,MHz
naive,3:29,sample_cpu2_freq,1804,MHz
naive,3:29,sample_cpu3_freq,1804,MHz
naive,3:29,sample_cpu4_freq,2208,MHz
naive,3:29,sample_cpu5_freq,2208,MHz
naive,3:29,sample_cpu6_freq,2208,MHz
naive,3:29,sample_cpu7_freq,2304,MHz
naive,3:30,sample_elapsed,4459,ms
naive,3:30,sample_power,0.871,W
naive,3:30,sample_process_cpu,394.702,% one core
naive,3:30,sample_free_ram,1.993,GiB
naive,3:30,sample_battery_temp,34.500,C
naive,3:30,sample_thermal_status,0,Android PowerManager status
naive,3:30,sample_cpu0_freq,1804,MHz
naive,3:30,sample_cpu1_freq,1804,MHz
naive,3:30,sample_cpu2_freq,1804,MHz
naive,3:30,sample_cpu3_freq,1804,MHz
naive,3:30,sample_cpu4_freq,2208,MHz
naive,3:30,sample_cpu5_freq,2208,MHz
naive,3:30,sample_cpu6_freq,2208,MHz
naive,3:30,sample_cpu7_freq,2304,MHz
naive,3:31,sample_elapsed,4611,ms
naive,3:31,sample_power,0.871,W
naive,3:31,sample_process_cpu,395.395,% one core
naive,3:31,sample_free_ram,1.993,GiB
naive,3:31,sample_battery_temp,34.500,C
naive,3:31,sample_thermal_status,0,Android PowerManager status
naive,3:31,sample_cpu0_freq,1804,MHz
naive,3:31,sample_cpu1_freq,1804,MHz
naive,3:31,sample_cpu2_freq,1804,MHz
naive,3:31,sample_cpu3_freq,1804,MHz
naive,3:31,sample_cpu4_freq,2208,MHz
naive,3:31,sample_cpu5_freq,2208,MHz
naive,3:31,sample_cpu6_freq,2208,MHz
naive,3:31,sample_cpu7_freq,2304,MHz
naive,3:32,sample_elapsed,4763,ms
naive,3:32,sample_power,0.871,W
naive,3:32,sample_process_cpu,392.763,% one core
naive,3:32,sample_free_ram,1.996,GiB
naive,3:32,sample_battery_temp,34.500,C
naive,3:32,sample_thermal_status,0,Android PowerManager status
naive,3:32,sample_cpu0_freq,1804,MHz
naive,3:32,sample_cpu1_freq,1804,MHz
naive,3:32,sample_cpu2_freq,1804,MHz
naive,3:32,sample_cpu3_freq,1804,MHz
naive,3:32,sample_cpu4_freq,2208,MHz
naive,3:32,sample_cpu5_freq,2208,MHz
naive,3:32,sample_cpu6_freq,2208,MHz
naive,3:32,sample_cpu7_freq,2304,MHz
naive,3:33,sample_elapsed,4915,ms
naive,3:33,sample_power,0.871,W
naive,3:33,sample_process_cpu,394.079,% one core
naive,3:33,sample_free_ram,1.998,GiB
naive,3:33,sample_battery_temp,34.500,C
naive,3:33,sample_thermal_status,0,Android PowerManager status
naive,3:33,sample_cpu0_freq,1804,MHz
naive,3:33,sample_cpu1_freq,1804,MHz
naive,3:33,sample_cpu2_freq,1804,MHz
naive,3:33,sample_cpu3_freq,1804,MHz
naive,3:33,sample_cpu4_freq,2208,MHz
naive,3:33,sample_cpu5_freq,2208,MHz
naive,3:33,sample_cpu6_freq,2208,MHz
naive,3:33,sample_cpu7_freq,2304,MHz
naive,3:34,sample_elapsed,5067,ms
naive,3:34,sample_power,0.871,W
naive,3:34,sample_process_cpu,395.395,% one core
naive,3:34,sample_free_ram,1.998,GiB
naive,3:34,sample_battery_temp,34.500,C
naive,3:34,sample_thermal_status,0,Android PowerManager status
naive,3:34,sample_cpu0_freq,1804,MHz
naive,3:34,sample_cpu1_freq,1804,MHz
naive,3:34,sample_cpu2_freq,1804,MHz
naive,3:34,sample_cpu3_freq,1804,MHz
naive,3:34,sample_cpu4_freq,2208,MHz
naive,3:34,sample_cpu5_freq,2208,MHz
naive,3:34,sample_cpu6_freq,2208,MHz
naive,3:34,sample_cpu7_freq,2304,MHz
naive,3:35,sample_elapsed,5218,ms
naive,3:35,sample_power,0.871,W
naive,3:35,sample_process_cpu,395.364,% one core
naive,3:35,sample_free_ram,1.998,GiB
naive,3:35,sample_battery_temp,34.500,C
naive,3:35,sample_thermal_status,0,Android PowerManager status
naive,3:35,sample_cpu0_freq,1804,MHz
naive,3:35,sample_cpu1_freq,1804,MHz
naive,3:35,sample_cpu2_freq,1804,MHz
naive,3:35,sample_cpu3_freq,1804,MHz
naive,3:35,sample_cpu4_freq,2208,MHz
naive,3:35,sample_cpu5_freq,2208,MHz
naive,3:35,sample_cpu6_freq,2208,MHz
naive,3:35,sample_cpu7_freq,2304,MHz
naive,3:36,sample_elapsed,5371,ms
naive,3:36,sample_power,0.871,W
naive,3:36,sample_process_cpu,393.464,% one core
naive,3:36,sample_free_ram,1.998,GiB
naive,3:36,sample_battery_temp,34.500,C
naive,3:36,sample_thermal_status,0,Android PowerManager status
naive,3:36,sample_cpu0_freq,1804,MHz
naive,3:36,sample_cpu1_freq,1804,MHz
naive,3:36,sample_cpu2_freq,1804,MHz
naive,3:36,sample_cpu3_freq,1804,MHz
naive,3:36,sample_cpu4_freq,2208,MHz
naive,3:36,sample_cpu5_freq,2208,MHz
naive,3:36,sample_cpu6_freq,2208,MHz
naive,3:36,sample_cpu7_freq,2304,MHz
naive,3:37,sample_elapsed,5523,ms
naive,3:37,sample_power,0.871,W
naive,3:37,sample_process_cpu,394.737,% one core
naive,3:37,sample_free_ram,1.998,GiB
naive,3:37,sample_battery_temp,34.500,C
naive,3:37,sample_thermal_status,0,Android PowerManager status
naive,3:37,sample_cpu0_freq,1804,MHz
naive,3:37,sample_cpu1_freq,1804,MHz
naive,3:37,sample_cpu2_freq,1804,MHz
naive,3:37,sample_cpu3_freq,1804,MHz
naive,3:37,sample_cpu4_freq,2208,MHz
naive,3:37,sample_cpu5_freq,2208,MHz
naive,3:37,sample_cpu6_freq,2208,MHz
naive,3:37,sample_cpu7_freq,2304,MHz
naive,3:38,sample_elapsed,5675,ms
naive,3:38,sample_power,0.871,W
naive,3:38,sample_process_cpu,394.079,% one core
naive,3:38,sample_free_ram,1.997,GiB
naive,3:38,sample_battery_temp,34.500,C
naive,3:38,sample_thermal_status,0,Android PowerManager status
naive,3:38,sample_cpu0_freq,1804,MHz
naive,3:38,sample_cpu1_freq,1804,MHz
naive,3:38,sample_cpu2_freq,1804,MHz
naive,3:38,sample_cpu3_freq,1804,MHz
naive,3:38,sample_cpu4_freq,2208,MHz
naive,3:38,sample_cpu5_freq,2208,MHz
naive,3:38,sample_cpu6_freq,2208,MHz
naive,3:38,sample_cpu7_freq,2304,MHz
naive,3:39,sample_elapsed,5826,ms
naive,3:39,sample_power,0.871,W
naive,3:39,sample_process_cpu,398.013,% one core
naive,3:39,sample_free_ram,1.997,GiB
naive,3:39,sample_battery_temp,34.500,C
naive,3:39,sample_thermal_status,0,Android PowerManager status
naive,3:39,sample_cpu0_freq,1804,MHz
naive,3:39,sample_cpu1_freq,1804,MHz
naive,3:39,sample_cpu2_freq,1804,MHz
naive,3:39,sample_cpu3_freq,1804,MHz
naive,3:39,sample_cpu4_freq,2208,MHz
naive,3:39,sample_cpu5_freq,2208,MHz
naive,3:39,sample_cpu6_freq,2208,MHz
naive,3:39,sample_cpu7_freq,2304,MHz
naive,3:40,sample_elapsed,5978,ms
naive,3:40,sample_power,0.871,W
naive,3:40,sample_process_cpu,395.395,% one core
naive,3:40,sample_free_ram,1.997,GiB
naive,3:40,sample_battery_temp,34.500,C
naive,3:40,sample_thermal_status,0,Android PowerManager status
naive,3:40,sample_cpu0_freq,1804,MHz
naive,3:40,sample_cpu1_freq,1804,MHz
naive,3:40,sample_cpu2_freq,1804,MHz
naive,3:40,sample_cpu3_freq,1804,MHz
naive,3:40,sample_cpu4_freq,2208,MHz
naive,3:40,sample_cpu5_freq,2208,MHz
naive,3:40,sample_cpu6_freq,2208,MHz
naive,3:40,sample_cpu7_freq,2304,MHz
naive,3:41,sample_elapsed,6130,ms
naive,3:41,sample_power,0.871,W
naive,3:41,sample_process_cpu,394.737,% one core
naive,3:41,sample_free_ram,1.997,GiB
naive,3:41,sample_battery_temp,34.500,C
naive,3:41,sample_thermal_status,0,Android PowerManager status
naive,3:41,sample_cpu0_freq,1804,MHz
naive,3:41,sample_cpu1_freq,1804,MHz
naive,3:41,sample_cpu2_freq,1804,MHz
naive,3:41,sample_cpu3_freq,1804,MHz
naive,3:41,sample_cpu4_freq,2208,MHz
naive,3:41,sample_cpu5_freq,2208,MHz
naive,3:41,sample_cpu6_freq,2208,MHz
naive,3:41,sample_cpu7_freq,2304,MHz
naive,3:42,sample_elapsed,6282,ms
naive,3:42,sample_power,0.871,W
naive,3:42,sample_process_cpu,394.079,% one core
naive,3:42,sample_free_ram,1.997,GiB
naive,3:42,sample_battery_temp,34.500,C
naive,3:42,sample_thermal_status,0,Android PowerManager status
naive,3:42,sample_cpu0_freq,1804,MHz
naive,3:42,sample_cpu1_freq,1804,MHz
naive,3:42,sample_cpu2_freq,1804,MHz
naive,3:42,sample_cpu3_freq,1804,MHz
naive,3:42,sample_cpu4_freq,2208,MHz
naive,3:42,sample_cpu5_freq,2208,MHz
naive,3:42,sample_cpu6_freq,2208,MHz
naive,3:42,sample_cpu7_freq,2304,MHz
naive,3:43,sample_elapsed,6434,ms
naive,3:43,sample_power,0.871,W
naive,3:43,sample_process_cpu,395.395,% one core
naive,3:43,sample_free_ram,1.996,GiB
naive,3:43,sample_battery_temp,34.500,C
naive,3:43,sample_thermal_status,0,Android PowerManager status
naive,3:43,sample_cpu0_freq,1804,MHz
naive,3:43,sample_cpu1_freq,1804,MHz
naive,3:43,sample_cpu2_freq,1804,MHz
naive,3:43,sample_cpu3_freq,1804,MHz
naive,3:43,sample_cpu4_freq,2208,MHz
naive,3:43,sample_cpu5_freq,2208,MHz
naive,3:43,sample_cpu6_freq,2208,MHz
naive,3:43,sample_cpu7_freq,2304,MHz
naive,3:44,sample_elapsed,6586,ms
naive,3:44,sample_power,0.871,W
naive,3:44,sample_process_cpu,394.079,% one core
naive,3:44,sample_free_ram,1.996,GiB
naive,3:44,sample_battery_temp,34.500,C
naive,3:44,sample_thermal_status,0,Android PowerManager status
naive,3:44,sample_cpu0_freq,1804,MHz
naive,3:44,sample_cpu1_freq,1804,MHz
naive,3:44,sample_cpu2_freq,1804,MHz
naive,3:44,sample_cpu3_freq,1804,MHz
naive,3:44,sample_cpu4_freq,2208,MHz
naive,3:44,sample_cpu5_freq,2208,MHz
naive,3:44,sample_cpu6_freq,2208,MHz
naive,3:44,sample_cpu7_freq,2304,MHz
naive,3:45,sample_elapsed,6738,ms
naive,3:45,sample_power,0.871,W
naive,3:45,sample_process_cpu,396.711,% one core
naive,3:45,sample_free_ram,1.996,GiB
naive,3:45,sample_battery_temp,34.500,C
naive,3:45,sample_thermal_status,0,Android PowerManager status
naive,3:45,sample_cpu0_freq,1804,MHz
naive,3:45,sample_cpu1_freq,1804,MHz
naive,3:45,sample_cpu2_freq,1804,MHz
naive,3:45,sample_cpu3_freq,1804,MHz
naive,3:45,sample_cpu4_freq,2208,MHz
naive,3:45,sample_cpu5_freq,2208,MHz
naive,3:45,sample_cpu6_freq,2208,MHz
naive,3:45,sample_cpu7_freq,2304,MHz
naive,3:46,sample_elapsed,6889,ms
naive,3:46,sample_power,0.871,W
naive,3:46,sample_process_cpu,398.013,% one core
naive,3:46,sample_free_ram,1.996,GiB
naive,3:46,sample_battery_temp,34.500,C
naive,3:46,sample_thermal_status,0,Android PowerManager status
naive,3:46,sample_cpu0_freq,1804,MHz
naive,3:46,sample_cpu1_freq,1804,MHz
naive,3:46,sample_cpu2_freq,1804,MHz
naive,3:46,sample_cpu3_freq,1804,MHz
naive,3:46,sample_cpu4_freq,2208,MHz
naive,3:46,sample_cpu5_freq,2208,MHz
naive,3:46,sample_cpu6_freq,2208,MHz
naive,3:46,sample_cpu7_freq,2304,MHz
naive,3:47,sample_elapsed,7041,ms
naive,3:47,sample_power,0.871,W
naive,3:47,sample_process_cpu,392.105,% one core
naive,3:47,sample_free_ram,1.996,GiB
naive,3:47,sample_battery_temp,34.500,C
naive,3:47,sample_thermal_status,0,Android PowerManager status
naive,3:47,sample_cpu0_freq,1804,MHz
naive,3:47,sample_cpu1_freq,1804,MHz
naive,3:47,sample_cpu2_freq,1804,MHz
naive,3:47,sample_cpu3_freq,1804,MHz
naive,3:47,sample_cpu4_freq,2208,MHz
naive,3:47,sample_cpu5_freq,2208,MHz
naive,3:47,sample_cpu6_freq,2208,MHz
naive,3:47,sample_cpu7_freq,2304,MHz
naive,3:48,sample_elapsed,7193,ms
naive,3:48,sample_power,0.871,W
naive,3:48,sample_process_cpu,392.763,% one core
naive,3:48,sample_free_ram,1.996,GiB
naive,3:48,sample_battery_temp,34.500,C
naive,3:48,sample_thermal_status,0,Android PowerManager status
naive,3:48,sample_cpu0_freq,1804,MHz
naive,3:48,sample_cpu1_freq,1804,MHz
naive,3:48,sample_cpu2_freq,1804,MHz
naive,3:48,sample_cpu3_freq,1804,MHz
naive,3:48,sample_cpu4_freq,2208,MHz
naive,3:48,sample_cpu5_freq,2208,MHz
naive,3:48,sample_cpu6_freq,2208,MHz
naive,3:48,sample_cpu7_freq,2304,MHz
naive,3:49,sample_elapsed,7345,ms
naive,3:49,sample_power,0.871,W
naive,3:49,sample_process_cpu,419.737,% one core
naive,3:49,sample_free_ram,1.995,GiB
naive,3:49,sample_battery_temp,34.500,C
naive,3:49,sample_thermal_status,0,Android PowerManager status
naive,3:49,sample_cpu0_freq,1804,MHz
naive,3:49,sample_cpu1_freq,1804,MHz
naive,3:49,sample_cpu2_freq,1804,MHz
naive,3:49,sample_cpu3_freq,1804,MHz
naive,3:49,sample_cpu4_freq,2208,MHz
naive,3:49,sample_cpu5_freq,2208,MHz
naive,3:49,sample_cpu6_freq,2208,MHz
naive,3:49,sample_cpu7_freq,2304,MHz
naive,3:50,sample_elapsed,7497,ms
naive,3:50,sample_power,0.871,W
naive,3:50,sample_process_cpu,394.079,% one core
naive,3:50,sample_free_ram,1.995,GiB
naive,3:50,sample_battery_temp,34.500,C
naive,3:50,sample_thermal_status,0,Android PowerManager status
naive,3:50,sample_cpu0_freq,1804,MHz
naive,3:50,sample_cpu1_freq,1804,MHz
naive,3:50,sample_cpu2_freq,1804,MHz
naive,3:50,sample_cpu3_freq,1804,MHz
naive,3:50,sample_cpu4_freq,2208,MHz
naive,3:50,sample_cpu5_freq,2208,MHz
naive,3:50,sample_cpu6_freq,2208,MHz
naive,3:50,sample_cpu7_freq,2304,MHz
naive,3:51,sample_elapsed,7649,ms
naive,3:51,sample_power,0.871,W
naive,3:51,sample_process_cpu,394.079,% one core
naive,3:51,sample_free_ram,1.995,GiB
naive,3:51,sample_battery_temp,34.500,C
naive,3:51,sample_thermal_status,0,Android PowerManager status
naive,3:51,sample_cpu0_freq,1804,MHz
naive,3:51,sample_cpu1_freq,1804,MHz
naive,3:51,sample_cpu2_freq,1804,MHz
naive,3:51,sample_cpu3_freq,1804,MHz
naive,3:51,sample_cpu4_freq,2208,MHz
naive,3:51,sample_cpu5_freq,2208,MHz
naive,3:51,sample_cpu6_freq,2208,MHz
naive,3:51,sample_cpu7_freq,2304,MHz
naive,3:52,sample_elapsed,7801,ms
naive,3:52,sample_power,0.871,W
naive,3:52,sample_process_cpu,395.395,% one core
naive,3:52,sample_free_ram,1.994,GiB
naive,3:52,sample_battery_temp,34.500,C
naive,3:52,sample_thermal_status,0,Android PowerManager status
naive,3:52,sample_cpu0_freq,1804,MHz
naive,3:52,sample_cpu1_freq,1804,MHz
naive,3:52,sample_cpu2_freq,1804,MHz
naive,3:52,sample_cpu3_freq,1804,MHz
naive,3:52,sample_cpu4_freq,2208,MHz
naive,3:52,sample_cpu5_freq,2208,MHz
naive,3:52,sample_cpu6_freq,2208,MHz
naive,3:52,sample_cpu7_freq,2304,MHz
naive,3:53,sample_elapsed,7953,ms
naive,3:53,sample_power,0.871,W
naive,3:53,sample_process_cpu,395.395,% one core
naive,3:53,sample_free_ram,1.994,GiB
naive,3:53,sample_battery_temp,34.500,C
naive,3:53,sample_thermal_status,0,Android PowerManager status
naive,3:53,sample_cpu0_freq,1804,MHz
naive,3:53,sample_cpu1_freq,1804,MHz
naive,3:53,sample_cpu2_freq,1804,MHz
naive,3:53,sample_cpu3_freq,1804,MHz
naive,3:53,sample_cpu4_freq,2208,MHz
naive,3:53,sample_cpu5_freq,2208,MHz
naive,3:53,sample_cpu6_freq,2208,MHz
naive,3:53,sample_cpu7_freq,2304,MHz
naive,3:54,sample_elapsed,8105,ms
naive,3:54,sample_power,0.871,W
naive,3:54,sample_process_cpu,395.395,% one core
naive,3:54,sample_free_ram,1.994,GiB
naive,3:54,sample_battery_temp,34.500,C
naive,3:54,sample_thermal_status,0,Android PowerManager status
naive,3:54,sample_cpu0_freq,1804,MHz
naive,3:54,sample_cpu1_freq,1804,MHz
naive,3:54,sample_cpu2_freq,1804,MHz
naive,3:54,sample_cpu3_freq,1804,MHz
naive,3:54,sample_cpu4_freq,2208,MHz
naive,3:54,sample_cpu5_freq,2208,MHz
naive,3:54,sample_cpu6_freq,2208,MHz
naive,3:54,sample_cpu7_freq,2304,MHz
naive,3:55,sample_elapsed,8256,ms
naive,3:55,sample_power,0.871,W
naive,3:55,sample_process_cpu,396.026,% one core
naive,3:55,sample_free_ram,1.994,GiB
naive,3:55,sample_battery_temp,34.500,C
naive,3:55,sample_thermal_status,0,Android PowerManager status
naive,3:55,sample_cpu0_freq,1804,MHz
naive,3:55,sample_cpu1_freq,1804,MHz
naive,3:55,sample_cpu2_freq,1804,MHz
naive,3:55,sample_cpu3_freq,1804,MHz
naive,3:55,sample_cpu4_freq,2208,MHz
naive,3:55,sample_cpu5_freq,2208,MHz
naive,3:55,sample_cpu6_freq,2208,MHz
naive,3:55,sample_cpu7_freq,2304,MHz
naive,3:56,sample_elapsed,8408,ms
naive,3:56,sample_power,0.871,W
naive,3:56,sample_process_cpu,394.079,% one core
naive,3:56,sample_free_ram,1.994,GiB
naive,3:56,sample_battery_temp,34.500,C
naive,3:56,sample_thermal_status,0,Android PowerManager status
naive,3:56,sample_cpu0_freq,1804,MHz
naive,3:56,sample_cpu1_freq,1804,MHz
naive,3:56,sample_cpu2_freq,1804,MHz
naive,3:56,sample_cpu3_freq,1804,MHz
naive,3:56,sample_cpu4_freq,2208,MHz
naive,3:56,sample_cpu5_freq,2208,MHz
naive,3:56,sample_cpu6_freq,2208,MHz
naive,3:56,sample_cpu7_freq,2304,MHz
naive,3:57,sample_elapsed,8560,ms
naive,3:57,sample_power,0.871,W
naive,3:57,sample_process_cpu,395.395,% one core
naive,3:57,sample_free_ram,1.994,GiB
naive,3:57,sample_battery_temp,34.500,C
naive,3:57,sample_thermal_status,0,Android PowerManager status
naive,3:57,sample_cpu0_freq,1804,MHz
naive,3:57,sample_cpu1_freq,1804,MHz
naive,3:57,sample_cpu2_freq,1804,MHz
naive,3:57,sample_cpu3_freq,1804,MHz
naive,3:57,sample_cpu4_freq,2208,MHz
naive,3:57,sample_cpu5_freq,2208,MHz
naive,3:57,sample_cpu6_freq,2208,MHz
naive,3:57,sample_cpu7_freq,2304,MHz
naive,3:58,sample_elapsed,8712,ms
naive,3:58,sample_power,0.871,W
naive,3:58,sample_process_cpu,392.763,% one core
naive,3:58,sample_free_ram,1.994,GiB
naive,3:58,sample_battery_temp,34.500,C
naive,3:58,sample_thermal_status,0,Android PowerManager status
naive,3:58,sample_cpu0_freq,1804,MHz
naive,3:58,sample_cpu1_freq,1804,MHz
naive,3:58,sample_cpu2_freq,1804,MHz
naive,3:58,sample_cpu3_freq,1804,MHz
naive,3:58,sample_cpu4_freq,2208,MHz
naive,3:58,sample_cpu5_freq,2208,MHz
naive,3:58,sample_cpu6_freq,2208,MHz
naive,3:58,sample_cpu7_freq,2304,MHz
naive,3:59,sample_elapsed,8864,ms
naive,3:59,sample_power,0.871,W
naive,3:59,sample_process_cpu,395.395,% one core
naive,3:59,sample_free_ram,1.993,GiB
naive,3:59,sample_battery_temp,34.500,C
naive,3:59,sample_thermal_status,0,Android PowerManager status
naive,3:59,sample_cpu0_freq,1804,MHz
naive,3:59,sample_cpu1_freq,1804,MHz
naive,3:59,sample_cpu2_freq,1804,MHz
naive,3:59,sample_cpu3_freq,1804,MHz
naive,3:59,sample_cpu4_freq,2208,MHz
naive,3:59,sample_cpu5_freq,2208,MHz
naive,3:59,sample_cpu6_freq,2208,MHz
naive,3:59,sample_cpu7_freq,2304,MHz
naive,3:60,sample_elapsed,9016,ms
naive,3:60,sample_power,0.871,W
naive,3:60,sample_process_cpu,394.737,% one core
naive,3:60,sample_free_ram,1.993,GiB
naive,3:60,sample_battery_temp,34.500,C
naive,3:60,sample_thermal_status,0,Android PowerManager status
naive,3:60,sample_cpu0_freq,1804,MHz
naive,3:60,sample_cpu1_freq,1804,MHz
naive,3:60,sample_cpu2_freq,1804,MHz
naive,3:60,sample_cpu3_freq,1804,MHz
naive,3:60,sample_cpu4_freq,2208,MHz
naive,3:60,sample_cpu5_freq,2208,MHz
naive,3:60,sample_cpu6_freq,2208,MHz
naive,3:60,sample_cpu7_freq,2304,MHz
naive,3:61,sample_elapsed,9168,ms
naive,3:61,sample_power,0.871,W
naive,3:61,sample_process_cpu,394.737,% one core
naive,3:61,sample_free_ram,1.994,GiB
naive,3:61,sample_battery_temp,34.500,C
naive,3:61,sample_thermal_status,0,Android PowerManager status
naive,3:61,sample_cpu0_freq,1804,MHz
naive,3:61,sample_cpu1_freq,1804,MHz
naive,3:61,sample_cpu2_freq,1804,MHz
naive,3:61,sample_cpu3_freq,1804,MHz
naive,3:61,sample_cpu4_freq,2208,MHz
naive,3:61,sample_cpu5_freq,2208,MHz
naive,3:61,sample_cpu6_freq,2208,MHz
naive,3:61,sample_cpu7_freq,2304,MHz
naive,3:62,sample_elapsed,9320,ms
naive,3:62,sample_power,0.871,W
naive,3:62,sample_process_cpu,394.737,% one core
naive,3:62,sample_free_ram,1.994,GiB
naive,3:62,sample_battery_temp,34.500,C
naive,3:62,sample_thermal_status,0,Android PowerManager status
naive,3:62,sample_cpu0_freq,1804,MHz
naive,3:62,sample_cpu1_freq,1804,MHz
naive,3:62,sample_cpu2_freq,1804,MHz
naive,3:62,sample_cpu3_freq,1804,MHz
naive,3:62,sample_cpu4_freq,2208,MHz
naive,3:62,sample_cpu5_freq,2208,MHz
naive,3:62,sample_cpu6_freq,2208,MHz
naive,3:62,sample_cpu7_freq,2304,MHz
naive,3:63,sample_elapsed,9471,ms
naive,3:63,sample_power,0.871,W
naive,3:63,sample_process_cpu,398.013,% one core
naive,3:63,sample_free_ram,1.994,GiB
naive,3:63,sample_battery_temp,34.500,C
naive,3:63,sample_thermal_status,0,Android PowerManager status
naive,3:63,sample_cpu0_freq,1804,MHz
naive,3:63,sample_cpu1_freq,1804,MHz
naive,3:63,sample_cpu2_freq,1804,MHz
naive,3:63,sample_cpu3_freq,1804,MHz
naive,3:63,sample_cpu4_freq,2208,MHz
naive,3:63,sample_cpu5_freq,2208,MHz
naive,3:63,sample_cpu6_freq,2208,MHz
naive,3:63,sample_cpu7_freq,2304,MHz
naive,3:64,sample_elapsed,9623,ms
naive,3:64,sample_power,0.871,W
naive,3:64,sample_process_cpu,394.737,% one core
naive,3:64,sample_free_ram,1.994,GiB
naive,3:64,sample_battery_temp,34.500,C
naive,3:64,sample_thermal_status,0,Android PowerManager status
naive,3:64,sample_cpu0_freq,1804,MHz
naive,3:64,sample_cpu1_freq,1804,MHz
naive,3:64,sample_cpu2_freq,1804,MHz
naive,3:64,sample_cpu3_freq,1804,MHz
naive,3:64,sample_cpu4_freq,2208,MHz
naive,3:64,sample_cpu5_freq,2208,MHz
naive,3:64,sample_cpu6_freq,2208,MHz
naive,3:64,sample_cpu7_freq,2304,MHz
naive,3:65,sample_elapsed,9775,ms
naive,3:65,sample_power,0.871,W
naive,3:65,sample_process_cpu,395.395,% one core
naive,3:65,sample_free_ram,1.994,GiB
naive,3:65,sample_battery_temp,34.500,C
naive,3:65,sample_thermal_status,0,Android PowerManager status
naive,3:65,sample_cpu0_freq,1804,MHz
naive,3:65,sample_cpu1_freq,1804,MHz
naive,3:65,sample_cpu2_freq,1804,MHz
naive,3:65,sample_cpu3_freq,1804,MHz
naive,3:65,sample_cpu4_freq,2208,MHz
naive,3:65,sample_cpu5_freq,2208,MHz
naive,3:65,sample_cpu6_freq,2208,MHz
naive,3:65,sample_cpu7_freq,2304,MHz
naive,3:66,sample_elapsed,9928,ms
naive,3:66,sample_power,0.871,W
naive,3:66,sample_process_cpu,396.078,% one core
naive,3:66,sample_free_ram,1.994,GiB
naive,3:66,sample_battery_temp,34.500,C
naive,3:66,sample_thermal_status,0,Android PowerManager status
naive,3:66,sample_cpu0_freq,1804,MHz
naive,3:66,sample_cpu1_freq,1804,MHz
naive,3:66,sample_cpu2_freq,1804,MHz
naive,3:66,sample_cpu3_freq,1804,MHz
naive,3:66,sample_cpu4_freq,2208,MHz
naive,3:66,sample_cpu5_freq,2208,MHz
naive,3:66,sample_cpu6_freq,2208,MHz
naive,3:66,sample_cpu7_freq,2304,MHz
naive,3:67,sample_elapsed,10082,ms
naive,3:67,sample_power,3.604,W
naive,3:67,sample_process_cpu,392.208,% one core
naive,3:67,sample_free_ram,1.994,GiB
naive,3:67,sample_battery_temp,34.500,C
naive,3:67,sample_thermal_status,0,Android PowerManager status
naive,3:67,sample_cpu0_freq,1804,MHz
naive,3:67,sample_cpu1_freq,1804,MHz
naive,3:67,sample_cpu2_freq,1804,MHz
naive,3:67,sample_cpu3_freq,1804,MHz
naive,3:67,sample_cpu4_freq,2208,MHz
naive,3:67,sample_cpu5_freq,2208,MHz
naive,3:67,sample_cpu6_freq,2208,MHz
naive,3:67,sample_cpu7_freq,2304,MHz
naive,3:68,sample_elapsed,10234,ms
naive,3:68,sample_power,3.604,W
naive,3:68,sample_process_cpu,394.079,% one core
naive,3:68,sample_free_ram,1.993,GiB
naive,3:68,sample_battery_temp,34.500,C
naive,3:68,sample_thermal_status,0,Android PowerManager status
naive,3:68,sample_cpu0_freq,1804,MHz
naive,3:68,sample_cpu1_freq,1804,MHz
naive,3:68,sample_cpu2_freq,1804,MHz
naive,3:68,sample_cpu3_freq,1804,MHz
naive,3:68,sample_cpu4_freq,2208,MHz
naive,3:68,sample_cpu5_freq,2208,MHz
naive,3:68,sample_cpu6_freq,2208,MHz
naive,3:68,sample_cpu7_freq,2304,MHz
naive,3:69,sample_elapsed,10387,ms
naive,3:69,sample_power,3.604,W
naive,3:69,sample_process_cpu,397.386,% one core
naive,3:69,sample_free_ram,1.993,GiB
naive,3:69,sample_battery_temp,34.500,C
naive,3:69,sample_thermal_status,0,Android PowerManager status
naive,3:69,sample_cpu0_freq,1804,MHz
naive,3:69,sample_cpu1_freq,1804,MHz
naive,3:69,sample_cpu2_freq,1804,MHz
naive,3:69,sample_cpu3_freq,1804,MHz
naive,3:69,sample_cpu4_freq,2208,MHz
naive,3:69,sample_cpu5_freq,2208,MHz
naive,3:69,sample_cpu6_freq,2208,MHz
naive,3:69,sample_cpu7_freq,2304,MHz
naive,3:70,sample_elapsed,10539,ms
naive,3:70,sample_power,3.604,W
naive,3:70,sample_process_cpu,395.395,% one core
naive,3:70,sample_free_ram,1.993,GiB
naive,3:70,sample_battery_temp,34.500,C
naive,3:70,sample_thermal_status,0,Android PowerManager status
naive,3:70,sample_cpu0_freq,1804,MHz
naive,3:70,sample_cpu1_freq,1804,MHz
naive,3:70,sample_cpu2_freq,1804,MHz
naive,3:70,sample_cpu3_freq,1804,MHz
naive,3:70,sample_cpu4_freq,2208,MHz
naive,3:70,sample_cpu5_freq,2208,MHz
naive,3:70,sample_cpu6_freq,2208,MHz
naive,3:70,sample_cpu7_freq,2304,MHz
naive,3:71,sample_elapsed,10691,ms
naive,3:71,sample_power,3.604,W
naive,3:71,sample_process_cpu,394.737,% one core
naive,3:71,sample_free_ram,1.993,GiB
naive,3:71,sample_battery_temp,34.500,C
naive,3:71,sample_thermal_status,0,Android PowerManager status
naive,3:71,sample_cpu0_freq,1804,MHz
naive,3:71,sample_cpu1_freq,1804,MHz
naive,3:71,sample_cpu2_freq,1804,MHz
naive,3:71,sample_cpu3_freq,1804,MHz
naive,3:71,sample_cpu4_freq,2208,MHz
naive,3:71,sample_cpu5_freq,2208,MHz
naive,3:71,sample_cpu6_freq,2208,MHz
naive,3:71,sample_cpu7_freq,2304,MHz
naive,3:72,sample_elapsed,10844,ms
naive,3:72,sample_power,3.604,W
naive,3:72,sample_process_cpu,409.804,% one core
naive,3:72,sample_free_ram,1.993,GiB
naive,3:72,sample_battery_temp,34.500,C
naive,3:72,sample_thermal_status,0,Android PowerManager status
naive,3:72,sample_cpu0_freq,1804,MHz
naive,3:72,sample_cpu1_freq,1804,MHz
naive,3:72,sample_cpu2_freq,1804,MHz
naive,3:72,sample_cpu3_freq,1804,MHz
naive,3:72,sample_cpu4_freq,2208,MHz
naive,3:72,sample_cpu5_freq,2208,MHz
naive,3:72,sample_cpu6_freq,2208,MHz
naive,3:72,sample_cpu7_freq,2304,MHz
naive,3:73,sample_elapsed,10999,ms
naive,3:73,sample_power,3.604,W
naive,3:73,sample_process_cpu,395.484,% one core
naive,3:73,sample_free_ram,1.993,GiB
naive,3:73,sample_battery_temp,34.500,C
naive,3:73,sample_thermal_status,0,Android PowerManager status
naive,3:73,sample_cpu0_freq,1804,MHz
naive,3:73,sample_cpu1_freq,1804,MHz
naive,3:73,sample_cpu2_freq,1804,MHz
naive,3:73,sample_cpu3_freq,1804,MHz
naive,3:73,sample_cpu4_freq,2208,MHz
naive,3:73,sample_cpu5_freq,2208,MHz
naive,3:73,sample_cpu6_freq,2208,MHz
naive,3:73,sample_cpu7_freq,2304,MHz
naive,3:74,sample_elapsed,11153,ms
naive,3:74,sample_power,3.604,W
naive,3:74,sample_process_cpu,392.208,% one core
naive,3:74,sample_free_ram,1.993,GiB
naive,3:74,sample_battery_temp,34.500,C
naive,3:74,sample_thermal_status,0,Android PowerManager status
naive,3:74,sample_cpu0_freq,1804,MHz
naive,3:74,sample_cpu1_freq,1804,MHz
naive,3:74,sample_cpu2_freq,1804,MHz
naive,3:74,sample_cpu3_freq,1804,MHz
naive,3:74,sample_cpu4_freq,2208,MHz
naive,3:74,sample_cpu5_freq,2208,MHz
naive,3:74,sample_cpu6_freq,2208,MHz
naive,3:74,sample_cpu7_freq,2304,MHz
naive,3:75,sample_elapsed,11305,ms
naive,3:75,sample_power,3.604,W
naive,3:75,sample_process_cpu,394.079,% one core
naive,3:75,sample_free_ram,1.993,GiB
naive,3:75,sample_battery_temp,34.500,C
naive,3:75,sample_thermal_status,0,Android PowerManager status
naive,3:75,sample_cpu0_freq,1804,MHz
naive,3:75,sample_cpu1_freq,1804,MHz
naive,3:75,sample_cpu2_freq,1804,MHz
naive,3:75,sample_cpu3_freq,1804,MHz
naive,3:75,sample_cpu4_freq,2208,MHz
naive,3:75,sample_cpu5_freq,2208,MHz
naive,3:75,sample_cpu6_freq,2208,MHz
naive,3:75,sample_cpu7_freq,2304,MHz
naive,3:76,sample_elapsed,11457,ms
naive,3:76,sample_power,3.604,W
naive,3:76,sample_process_cpu,394.737,% one core
naive,3:76,sample_free_ram,1.993,GiB
naive,3:76,sample_battery_temp,34.500,C
naive,3:76,sample_thermal_status,0,Android PowerManager status
naive,3:76,sample_cpu0_freq,1804,MHz
naive,3:76,sample_cpu1_freq,1804,MHz
naive,3:76,sample_cpu2_freq,1804,MHz
naive,3:76,sample_cpu3_freq,1804,MHz
naive,3:76,sample_cpu4_freq,2208,MHz
naive,3:76,sample_cpu5_freq,2208,MHz
naive,3:76,sample_cpu6_freq,2208,MHz
naive,3:76,sample_cpu7_freq,2304,MHz
naive,3:77,sample_elapsed,11609,ms
naive,3:77,sample_power,3.604,W
naive,3:77,sample_process_cpu,395.395,% one core
naive,3:77,sample_free_ram,1.993,GiB
naive,3:77,sample_battery_temp,34.500,C
naive,3:77,sample_thermal_status,0,Android PowerManager status
naive,3:77,sample_cpu0_freq,1804,MHz
naive,3:77,sample_cpu1_freq,1804,MHz
naive,3:77,sample_cpu2_freq,1804,MHz
naive,3:77,sample_cpu3_freq,1804,MHz
naive,3:77,sample_cpu4_freq,2208,MHz
naive,3:77,sample_cpu5_freq,2208,MHz
naive,3:77,sample_cpu6_freq,2208,MHz
naive,3:77,sample_cpu7_freq,2304,MHz
naive,3:78,sample_elapsed,11761,ms
naive,3:78,sample_power,3.604,W
naive,3:78,sample_process_cpu,394.737,% one core
naive,3:78,sample_free_ram,1.994,GiB
naive,3:78,sample_battery_temp,34.500,C
naive,3:78,sample_thermal_status,0,Android PowerManager status
naive,3:78,sample_cpu0_freq,1804,MHz
naive,3:78,sample_cpu1_freq,1804,MHz
naive,3:78,sample_cpu2_freq,1804,MHz
naive,3:78,sample_cpu3_freq,1804,MHz
naive,3:78,sample_cpu4_freq,2208,MHz
naive,3:78,sample_cpu5_freq,2208,MHz
naive,3:78,sample_cpu6_freq,2208,MHz
naive,3:78,sample_cpu7_freq,2304,MHz
naive,3:79,sample_elapsed,11913,ms
naive,3:79,sample_power,3.604,W
naive,3:79,sample_process_cpu,392.763,% one core
naive,3:79,sample_free_ram,1.993,GiB
naive,3:79,sample_battery_temp,34.500,C
naive,3:79,sample_thermal_status,0,Android PowerManager status
naive,3:79,sample_cpu0_freq,1804,MHz
naive,3:79,sample_cpu1_freq,1804,MHz
naive,3:79,sample_cpu2_freq,1804,MHz
naive,3:79,sample_cpu3_freq,1804,MHz
naive,3:79,sample_cpu4_freq,2208,MHz
naive,3:79,sample_cpu5_freq,2208,MHz
naive,3:79,sample_cpu6_freq,2208,MHz
naive,3:79,sample_cpu7_freq,2304,MHz
naive,3:80,sample_elapsed,12065,ms
naive,3:80,sample_power,3.604,W
naive,3:80,sample_process_cpu,394.737,% one core
naive,3:80,sample_free_ram,1.993,GiB
naive,3:80,sample_battery_temp,34.500,C
naive,3:80,sample_thermal_status,0,Android PowerManager status
naive,3:80,sample_cpu0_freq,1804,MHz
naive,3:80,sample_cpu1_freq,1804,MHz
naive,3:80,sample_cpu2_freq,1804,MHz
naive,3:80,sample_cpu3_freq,1804,MHz
naive,3:80,sample_cpu4_freq,2208,MHz
naive,3:80,sample_cpu5_freq,2208,MHz
naive,3:80,sample_cpu6_freq,2208,MHz
naive,3:80,sample_cpu7_freq,2304,MHz
naive,3:81,sample_elapsed,12219,ms
naive,3:81,sample_power,3.604,W
naive,3:81,sample_process_cpu,394.805,% one core
naive,3:81,sample_free_ram,1.993,GiB
naive,3:81,sample_battery_temp,34.500,C
naive,3:81,sample_thermal_status,0,Android PowerManager status
naive,3:81,sample_cpu0_freq,1804,MHz
naive,3:81,sample_cpu1_freq,1804,MHz
naive,3:81,sample_cpu2_freq,1804,MHz
naive,3:81,sample_cpu3_freq,1804,MHz
naive,3:81,sample_cpu4_freq,2208,MHz
naive,3:81,sample_cpu5_freq,2208,MHz
naive,3:81,sample_cpu6_freq,2208,MHz
naive,3:81,sample_cpu7_freq,2304,MHz
naive,3:82,sample_elapsed,12372,ms
naive,3:82,sample_power,3.604,W
naive,3:82,sample_process_cpu,392.810,% one core
naive,3:82,sample_free_ram,1.995,GiB
naive,3:82,sample_battery_temp,34.500,C
naive,3:82,sample_thermal_status,0,Android PowerManager status
naive,3:82,sample_cpu0_freq,1804,MHz
naive,3:82,sample_cpu1_freq,1804,MHz
naive,3:82,sample_cpu2_freq,1804,MHz
naive,3:82,sample_cpu3_freq,1804,MHz
naive,3:82,sample_cpu4_freq,2208,MHz
naive,3:82,sample_cpu5_freq,2208,MHz
naive,3:82,sample_cpu6_freq,2208,MHz
naive,3:82,sample_cpu7_freq,2304,MHz
naive,3:83,sample_elapsed,12527,ms
naive,3:83,sample_power,3.604,W
naive,3:83,sample_process_cpu,392.258,% one core
naive,3:83,sample_free_ram,1.995,GiB
naive,3:83,sample_battery_temp,34.500,C
naive,3:83,sample_thermal_status,0,Android PowerManager status
naive,3:83,sample_cpu0_freq,1804,MHz
naive,3:83,sample_cpu1_freq,1804,MHz
naive,3:83,sample_cpu2_freq,1804,MHz
naive,3:83,sample_cpu3_freq,1804,MHz
naive,3:83,sample_cpu4_freq,2208,MHz
naive,3:83,sample_cpu5_freq,2208,MHz
naive,3:83,sample_cpu6_freq,2208,MHz
naive,3:83,sample_cpu7_freq,2304,MHz
naive,3:84,sample_elapsed,12679,ms
naive,3:84,sample_power,3.604,W
naive,3:84,sample_process_cpu,399.342,% one core
naive,3:84,sample_free_ram,1.994,GiB
naive,3:84,sample_battery_temp,34.500,C
naive,3:84,sample_thermal_status,0,Android PowerManager status
naive,3:84,sample_cpu0_freq,1804,MHz
naive,3:84,sample_cpu1_freq,1804,MHz
naive,3:84,sample_cpu2_freq,1804,MHz
naive,3:84,sample_cpu3_freq,1804,MHz
naive,3:84,sample_cpu4_freq,2208,MHz
naive,3:84,sample_cpu5_freq,2208,MHz
naive,3:84,sample_cpu6_freq,2208,MHz
naive,3:84,sample_cpu7_freq,2304,MHz
naive,3:85,sample_elapsed,12835,ms
naive,3:85,sample_power,3.604,W
naive,3:85,sample_process_cpu,389.744,% one core
naive,3:85,sample_free_ram,1.994,GiB
naive,3:85,sample_battery_temp,34.500,C
naive,3:85,sample_thermal_status,0,Android PowerManager status
naive,3:85,sample_cpu0_freq,1804,MHz
naive,3:85,sample_cpu1_freq,1804,MHz
naive,3:85,sample_cpu2_freq,1804,MHz
naive,3:85,sample_cpu3_freq,1804,MHz
naive,3:85,sample_cpu4_freq,2208,MHz
naive,3:85,sample_cpu5_freq,2208,MHz
naive,3:85,sample_cpu6_freq,2208,MHz
naive,3:85,sample_cpu7_freq,2304,MHz
naive,3:86,sample_elapsed,12987,ms
naive,3:86,sample_power,3.604,W
naive,3:86,sample_process_cpu,391.447,% one core
naive,3:86,sample_free_ram,1.994,GiB
naive,3:86,sample_battery_temp,34.500,C
naive,3:86,sample_thermal_status,0,Android PowerManager status
naive,3:86,sample_cpu0_freq,1804,MHz
naive,3:86,sample_cpu1_freq,1804,MHz
naive,3:86,sample_cpu2_freq,1804,MHz
naive,3:86,sample_cpu3_freq,1804,MHz
naive,3:86,sample_cpu4_freq,2208,MHz
naive,3:86,sample_cpu5_freq,2208,MHz
naive,3:86,sample_cpu6_freq,2208,MHz
naive,3:86,sample_cpu7_freq,2304,MHz
naive,3:87,sample_elapsed,13142,ms
naive,3:87,sample_power,3.604,W
naive,3:87,sample_process_cpu,401.935,% one core
naive,3:87,sample_free_ram,1.998,GiB
naive,3:87,sample_battery_temp,34.500,C
naive,3:87,sample_thermal_status,0,Android PowerManager status
naive,3:87,sample_cpu0_freq,1804,MHz
naive,3:87,sample_cpu1_freq,1804,MHz
naive,3:87,sample_cpu2_freq,1804,MHz
naive,3:87,sample_cpu3_freq,1804,MHz
naive,3:87,sample_cpu4_freq,2208,MHz
naive,3:87,sample_cpu5_freq,2208,MHz
naive,3:87,sample_cpu6_freq,2208,MHz
naive,3:87,sample_cpu7_freq,2304,MHz
naive,3:88,sample_elapsed,13318,ms
naive,3:88,sample_power,3.604,W
naive,3:88,sample_process_cpu,375.568,% one core
naive,3:88,sample_free_ram,2.001,GiB
naive,3:88,sample_battery_temp,34.500,C
naive,3:88,sample_thermal_status,0,Android PowerManager status
naive,3:88,sample_cpu0_freq,1804,MHz
naive,3:88,sample_cpu1_freq,1804,MHz
naive,3:88,sample_cpu2_freq,1804,MHz
naive,3:88,sample_cpu3_freq,1804,MHz
naive,3:88,sample_cpu4_freq,2208,MHz
naive,3:88,sample_cpu5_freq,2208,MHz
naive,3:88,sample_cpu6_freq,2208,MHz
naive,3:88,sample_cpu7_freq,2304,MHz
naive,3:89,sample_elapsed,13472,ms
naive,3:89,sample_power,3.604,W
naive,3:89,sample_process_cpu,393.506,% one core
naive,3:89,sample_free_ram,2.001,GiB
naive,3:89,sample_battery_temp,34.500,C
naive,3:89,sample_thermal_status,0,Android PowerManager status
naive,3:89,sample_cpu0_freq,1804,MHz
naive,3:89,sample_cpu1_freq,1804,MHz
naive,3:89,sample_cpu2_freq,1804,MHz
naive,3:89,sample_cpu3_freq,1804,MHz
naive,3:89,sample_cpu4_freq,2208,MHz
naive,3:89,sample_cpu5_freq,2208,MHz
naive,3:89,sample_cpu6_freq,2208,MHz
naive,3:89,sample_cpu7_freq,2304,MHz
naive,3:90,sample_elapsed,13624,ms
naive,3:90,sample_power,3.604,W
naive,3:90,sample_process_cpu,395.395,% one core
naive,3:90,sample_free_ram,2.001,GiB
naive,3:90,sample_battery_temp,34.500,C
naive,3:90,sample_thermal_status,0,Android PowerManager status
naive,3:90,sample_cpu0_freq,1804,MHz
naive,3:90,sample_cpu1_freq,1804,MHz
naive,3:90,sample_cpu2_freq,1804,MHz
naive,3:90,sample_cpu3_freq,1804,MHz
naive,3:90,sample_cpu4_freq,2208,MHz
naive,3:90,sample_cpu5_freq,2208,MHz
naive,3:90,sample_cpu6_freq,2208,MHz
naive,3:90,sample_cpu7_freq,2304,MHz
naive,3:91,sample_elapsed,13776,ms
naive,3:91,sample_power,3.604,W
naive,3:91,sample_process_cpu,394.737,% one core
naive,3:91,sample_free_ram,2.001,GiB
naive,3:91,sample_battery_temp,34.500,C
naive,3:91,sample_thermal_status,0,Android PowerManager status
naive,3:91,sample_cpu0_freq,1804,MHz
naive,3:91,sample_cpu1_freq,1804,MHz
naive,3:91,sample_cpu2_freq,1804,MHz
naive,3:91,sample_cpu3_freq,1804,MHz
naive,3:91,sample_cpu4_freq,2208,MHz
naive,3:91,sample_cpu5_freq,2208,MHz
naive,3:91,sample_cpu6_freq,2208,MHz
naive,3:91,sample_cpu7_freq,2304,MHz
naive,3:92,sample_elapsed,13928,ms
naive,3:92,sample_power,3.604,W
naive,3:92,sample_process_cpu,396.053,% one core
naive,3:92,sample_free_ram,2.001,GiB
naive,3:92,sample_battery_temp,34.500,C
naive,3:92,sample_thermal_status,0,Android PowerManager status
naive,3:92,sample_cpu0_freq,1804,MHz
naive,3:92,sample_cpu1_freq,1804,MHz
naive,3:92,sample_cpu2_freq,1804,MHz
naive,3:92,sample_cpu3_freq,1804,MHz
naive,3:92,sample_cpu4_freq,2208,MHz
naive,3:92,sample_cpu5_freq,2208,MHz
naive,3:92,sample_cpu6_freq,2208,MHz
naive,3:92,sample_cpu7_freq,2304,MHz
naive,3:93,sample_elapsed,14081,ms
naive,3:93,sample_power,3.604,W
naive,3:93,sample_process_cpu,393.464,% one core
naive,3:93,sample_free_ram,2.001,GiB
naive,3:93,sample_battery_temp,34.500,C
naive,3:93,sample_thermal_status,0,Android PowerManager status
naive,3:93,sample_cpu0_freq,1804,MHz
naive,3:93,sample_cpu1_freq,1804,MHz
naive,3:93,sample_cpu2_freq,1804,MHz
naive,3:93,sample_cpu3_freq,1804,MHz
naive,3:93,sample_cpu4_freq,2208,MHz
naive,3:93,sample_cpu5_freq,2208,MHz
naive,3:93,sample_cpu6_freq,2208,MHz
naive,3:93,sample_cpu7_freq,2304,MHz
naive,3:94,sample_elapsed,14241,ms
naive,3:94,sample_power,3.604,W
naive,3:94,sample_process_cpu,398.750,% one core
naive,3:94,sample_free_ram,2.001,GiB
naive,3:94,sample_battery_temp,34.500,C
naive,3:94,sample_thermal_status,0,Android PowerManager status
naive,3:94,sample_cpu0_freq,1804,MHz
naive,3:94,sample_cpu1_freq,1804,MHz
naive,3:94,sample_cpu2_freq,1804,MHz
naive,3:94,sample_cpu3_freq,1804,MHz
naive,3:94,sample_cpu4_freq,2208,MHz
naive,3:94,sample_cpu5_freq,2208,MHz
naive,3:94,sample_cpu6_freq,2208,MHz
naive,3:94,sample_cpu7_freq,2304,MHz
naive,3:95,sample_elapsed,14422,ms
naive,3:95,sample_power,3.604,W
naive,3:95,sample_process_cpu,395.028,% one core
naive,3:95,sample_free_ram,1.998,GiB
naive,3:95,sample_battery_temp,34.500,C
naive,3:95,sample_thermal_status,0,Android PowerManager status
naive,3:95,sample_cpu0_freq,1804,MHz
naive,3:95,sample_cpu1_freq,1804,MHz
naive,3:95,sample_cpu2_freq,1804,MHz
naive,3:95,sample_cpu3_freq,1804,MHz
naive,3:95,sample_cpu4_freq,2208,MHz
naive,3:95,sample_cpu5_freq,2208,MHz
naive,3:95,sample_cpu6_freq,2208,MHz
naive,3:95,sample_cpu7_freq,2304,MHz
naive,3:96,sample_elapsed,14574,ms
naive,3:96,sample_power,3.604,W
naive,3:96,sample_process_cpu,396.053,% one core
naive,3:96,sample_free_ram,1.998,GiB
naive,3:96,sample_battery_temp,34.500,C
naive,3:96,sample_thermal_status,0,Android PowerManager status
naive,3:96,sample_cpu0_freq,1804,MHz
naive,3:96,sample_cpu1_freq,1804,MHz
naive,3:96,sample_cpu2_freq,1804,MHz
naive,3:96,sample_cpu3_freq,1804,MHz
naive,3:96,sample_cpu4_freq,2208,MHz
naive,3:96,sample_cpu5_freq,2208,MHz
naive,3:96,sample_cpu6_freq,2208,MHz
naive,3:96,sample_cpu7_freq,2304,MHz
naive,3:97,sample_elapsed,14726,ms
naive,3:97,sample_power,3.604,W
naive,3:97,sample_process_cpu,392.763,% one core
naive,3:97,sample_free_ram,1.998,GiB
naive,3:97,sample_battery_temp,34.500,C
naive,3:97,sample_thermal_status,0,Android PowerManager status
naive,3:97,sample_cpu0_freq,1804,MHz
naive,3:97,sample_cpu1_freq,1804,MHz
naive,3:97,sample_cpu2_freq,1804,MHz
naive,3:97,sample_cpu3_freq,1804,MHz
naive,3:97,sample_cpu4_freq,2208,MHz
naive,3:97,sample_cpu5_freq,2208,MHz
naive,3:97,sample_cpu6_freq,2208,MHz
naive,3:97,sample_cpu7_freq,2304,MHz
naive,3:98,sample_elapsed,14878,ms
naive,3:98,sample_power,3.604,W
naive,3:98,sample_process_cpu,395.395,% one core
naive,3:98,sample_free_ram,1.998,GiB
naive,3:98,sample_battery_temp,34.500,C
naive,3:98,sample_thermal_status,0,Android PowerManager status
naive,3:98,sample_cpu0_freq,1804,MHz
naive,3:98,sample_cpu1_freq,1804,MHz
naive,3:98,sample_cpu2_freq,1804,MHz
naive,3:98,sample_cpu3_freq,1804,MHz
naive,3:98,sample_cpu4_freq,2208,MHz
naive,3:98,sample_cpu5_freq,2208,MHz
naive,3:98,sample_cpu6_freq,2208,MHz
naive,3:98,sample_cpu7_freq,2304,MHz
naive,3:99,sample_elapsed,15030,ms
naive,3:99,sample_power,3.604,W
naive,3:99,sample_process_cpu,394.737,% one core
naive,3:99,sample_free_ram,1.997,GiB
naive,3:99,sample_battery_temp,34.500,C
naive,3:99,sample_thermal_status,0,Android PowerManager status
naive,3:99,sample_cpu0_freq,1804,MHz
naive,3:99,sample_cpu1_freq,1804,MHz
naive,3:99,sample_cpu2_freq,1804,MHz
naive,3:99,sample_cpu3_freq,1804,MHz
naive,3:99,sample_cpu4_freq,2208,MHz
naive,3:99,sample_cpu5_freq,2208,MHz
naive,3:99,sample_cpu6_freq,2208,MHz
naive,3:99,sample_cpu7_freq,2304,MHz
naive,3:100,sample_elapsed,15183,ms
naive,3:100,sample_power,3.604,W
naive,3:100,sample_process_cpu,394.118,% one core
naive,3:100,sample_free_ram,1.997,GiB
naive,3:100,sample_battery_temp,34.500,C
naive,3:100,sample_thermal_status,0,Android PowerManager status
naive,3:100,sample_cpu0_freq,1804,MHz
naive,3:100,sample_cpu1_freq,1804,MHz
naive,3:100,sample_cpu2_freq,1804,MHz
naive,3:100,sample_cpu3_freq,1804,MHz
naive,3:100,sample_cpu4_freq,2208,MHz
naive,3:100,sample_cpu5_freq,2208,MHz
naive,3:100,sample_cpu6_freq,2208,MHz
naive,3:100,sample_cpu7_freq,2304,MHz
naive,3:101,sample_elapsed,15335,ms
naive,3:101,sample_power,3.604,W
naive,3:101,sample_process_cpu,395.395,% one core
naive,3:101,sample_free_ram,1.997,GiB
naive,3:101,sample_battery_temp,34.500,C
naive,3:101,sample_thermal_status,0,Android PowerManager status
naive,3:101,sample_cpu0_freq,1804,MHz
naive,3:101,sample_cpu1_freq,1804,MHz
naive,3:101,sample_cpu2_freq,1804,MHz
naive,3:101,sample_cpu3_freq,1804,MHz
naive,3:101,sample_cpu4_freq,2208,MHz
naive,3:101,sample_cpu5_freq,2208,MHz
naive,3:101,sample_cpu6_freq,2208,MHz
naive,3:101,sample_cpu7_freq,2304,MHz
naive,3:102,sample_elapsed,15487,ms
naive,3:102,sample_power,3.604,W
naive,3:102,sample_process_cpu,394.737,% one core
naive,3:102,sample_free_ram,1.997,GiB
naive,3:102,sample_battery_temp,34.500,C
naive,3:102,sample_thermal_status,0,Android PowerManager status
naive,3:102,sample_cpu0_freq,1804,MHz
naive,3:102,sample_cpu1_freq,1804,MHz
naive,3:102,sample_cpu2_freq,1804,MHz
naive,3:102,sample_cpu3_freq,1804,MHz
naive,3:102,sample_cpu4_freq,2208,MHz
naive,3:102,sample_cpu5_freq,2208,MHz
naive,3:102,sample_cpu6_freq,2208,MHz
naive,3:102,sample_cpu7_freq,2304,MHz
naive,3:103,sample_elapsed,15639,ms
naive,3:103,sample_power,3.604,W
naive,3:103,sample_process_cpu,396.053,% one core
naive,3:103,sample_free_ram,1.997,GiB
naive,3:103,sample_battery_temp,34.500,C
naive,3:103,sample_thermal_status,0,Android PowerManager status
naive,3:103,sample_cpu0_freq,1804,MHz
naive,3:103,sample_cpu1_freq,1804,MHz
naive,3:103,sample_cpu2_freq,1804,MHz
naive,3:103,sample_cpu3_freq,1804,MHz
naive,3:103,sample_cpu4_freq,2208,MHz
naive,3:103,sample_cpu5_freq,2208,MHz
naive,3:103,sample_cpu6_freq,2208,MHz
naive,3:103,sample_cpu7_freq,2304,MHz
naive,3:104,sample_elapsed,15791,ms
naive,3:104,sample_power,3.604,W
naive,3:104,sample_process_cpu,394.737,% one core
naive,3:104,sample_free_ram,1.997,GiB
naive,3:104,sample_battery_temp,34.500,C
naive,3:104,sample_thermal_status,0,Android PowerManager status
naive,3:104,sample_cpu0_freq,1804,MHz
naive,3:104,sample_cpu1_freq,1804,MHz
naive,3:104,sample_cpu2_freq,1804,MHz
naive,3:104,sample_cpu3_freq,1804,MHz
naive,3:104,sample_cpu4_freq,2208,MHz
naive,3:104,sample_cpu5_freq,2208,MHz
naive,3:104,sample_cpu6_freq,2208,MHz
naive,3:104,sample_cpu7_freq,2304,MHz
naive,3:105,sample_elapsed,15942,ms
naive,3:105,sample_power,3.604,W
naive,3:105,sample_process_cpu,397.351,% one core
naive,3:105,sample_free_ram,1.997,GiB
naive,3:105,sample_battery_temp,34.500,C
naive,3:105,sample_thermal_status,0,Android PowerManager status
naive,3:105,sample_cpu0_freq,1804,MHz
naive,3:105,sample_cpu1_freq,1804,MHz
naive,3:105,sample_cpu2_freq,1804,MHz
naive,3:105,sample_cpu3_freq,1804,MHz
naive,3:105,sample_cpu4_freq,2208,MHz
naive,3:105,sample_cpu5_freq,2208,MHz
naive,3:105,sample_cpu6_freq,2208,MHz
naive,3:105,sample_cpu7_freq,2304,MHz
naive,3:106,sample_elapsed,16094,ms
naive,3:106,sample_power,3.604,W
naive,3:106,sample_process_cpu,394.737,% one core
naive,3:106,sample_free_ram,1.997,GiB
naive,3:106,sample_battery_temp,34.500,C
naive,3:106,sample_thermal_status,0,Android PowerManager status
naive,3:106,sample_cpu0_freq,1804,MHz
naive,3:106,sample_cpu1_freq,1804,MHz
naive,3:106,sample_cpu2_freq,1804,MHz
naive,3:106,sample_cpu3_freq,1804,MHz
naive,3:106,sample_cpu4_freq,2208,MHz
naive,3:106,sample_cpu5_freq,2208,MHz
naive,3:106,sample_cpu6_freq,2208,MHz
naive,3:106,sample_cpu7_freq,2304,MHz
naive,3:107,sample_elapsed,16246,ms
naive,3:107,sample_power,3.604,W
naive,3:107,sample_process_cpu,392.763,% one core
naive,3:107,sample_free_ram,1.996,GiB
naive,3:107,sample_battery_temp,34.500,C
naive,3:107,sample_thermal_status,0,Android PowerManager status
naive,3:107,sample_cpu0_freq,1804,MHz
naive,3:107,sample_cpu1_freq,1804,MHz
naive,3:107,sample_cpu2_freq,1804,MHz
naive,3:107,sample_cpu3_freq,1804,MHz
naive,3:107,sample_cpu4_freq,2208,MHz
naive,3:107,sample_cpu5_freq,2208,MHz
naive,3:107,sample_cpu6_freq,2208,MHz
naive,3:107,sample_cpu7_freq,2304,MHz
naive,3:108,sample_elapsed,16398,ms
naive,3:108,sample_power,3.604,W
naive,3:108,sample_process_cpu,393.421,% one core
naive,3:108,sample_free_ram,1.996,GiB
naive,3:108,sample_battery_temp,34.500,C
naive,3:108,sample_thermal_status,0,Android PowerManager status
naive,3:108,sample_cpu0_freq,1804,MHz
naive,3:108,sample_cpu1_freq,1804,MHz
naive,3:108,sample_cpu2_freq,1804,MHz
naive,3:108,sample_cpu3_freq,1804,MHz
naive,3:108,sample_cpu4_freq,2208,MHz
naive,3:108,sample_cpu5_freq,2208,MHz
naive,3:108,sample_cpu6_freq,2208,MHz
naive,3:108,sample_cpu7_freq,2304,MHz
naive,3:109,sample_elapsed,16554,ms
naive,3:109,sample_power,3.604,W
naive,3:109,sample_process_cpu,394.872,% one core
naive,3:109,sample_free_ram,1.996,GiB
naive,3:109,sample_battery_temp,34.500,C
naive,3:109,sample_thermal_status,0,Android PowerManager status
naive,3:109,sample_cpu0_freq,1804,MHz
naive,3:109,sample_cpu1_freq,1804,MHz
naive,3:109,sample_cpu2_freq,1804,MHz
naive,3:109,sample_cpu3_freq,1804,MHz
naive,3:109,sample_cpu4_freq,2208,MHz
naive,3:109,sample_cpu5_freq,2208,MHz
naive,3:109,sample_cpu6_freq,2208,MHz
naive,3:109,sample_cpu7_freq,2304,MHz
naive,3:110,sample_elapsed,16706,ms
naive,3:110,sample_power,3.604,W
naive,3:110,sample_process_cpu,394.737,% one core
naive,3:110,sample_free_ram,1.996,GiB
naive,3:110,sample_battery_temp,34.500,C
naive,3:110,sample_thermal_status,0,Android PowerManager status
naive,3:110,sample_cpu0_freq,1804,MHz
naive,3:110,sample_cpu1_freq,1804,MHz
naive,3:110,sample_cpu2_freq,1804,MHz
naive,3:110,sample_cpu3_freq,1804,MHz
naive,3:110,sample_cpu4_freq,2208,MHz
naive,3:110,sample_cpu5_freq,2208,MHz
naive,3:110,sample_cpu6_freq,2208,MHz
naive,3:110,sample_cpu7_freq,2304,MHz
naive,4,pp,154.000,tok/s
naive,4,tg,9.670,tok/s
naive,4,power,2.868,W
naive,4,tok_per_w,3.371,tok/W
naive,4,ttft_pp512_derived,3428.088,ms
naive,4,start_temp,34.500,C
naive,4,average_process_cpu,397.763,% one core
naive,4,minimum_free_ram,1.913,GiB
naive,4,peak_battery_temp,34.500,C
naive,4,peak_thermal_status,0,Android PowerManager status
naive,4:1,sample_elapsed,1,ms
naive,4:1,sample_power,2.133,W
naive,4:1,sample_process_cpu,400.000,% one core
naive,4:1,sample_free_ram,2.002,GiB
naive,4:1,sample_battery_temp,34.500,C
naive,4:1,sample_thermal_status,0,Android PowerManager status
naive,4:1,sample_cpu0_freq,1113,MHz
naive,4:1,sample_cpu1_freq,1113,MHz
naive,4:1,sample_cpu2_freq,1113,MHz
naive,4:1,sample_cpu3_freq,1113,MHz
naive,4:1,sample_cpu4_freq,633,MHz
naive,4:1,sample_cpu5_freq,633,MHz
naive,4:1,sample_cpu6_freq,633,MHz
naive,4:1,sample_cpu7_freq,633,MHz
naive,4:2,sample_elapsed,161,ms
naive,4:2,sample_power,2.133,W
naive,4:2,sample_process_cpu,321.875,% one core
naive,4:2,sample_free_ram,1.974,GiB
naive,4:2,sample_battery_temp,34.500,C
naive,4:2,sample_thermal_status,0,Android PowerManager status
naive,4:2,sample_cpu0_freq,1804,MHz
naive,4:2,sample_cpu1_freq,1804,MHz
naive,4:2,sample_cpu2_freq,1804,MHz
naive,4:2,sample_cpu3_freq,1804,MHz
naive,4:2,sample_cpu4_freq,2208,MHz
naive,4:2,sample_cpu5_freq,2208,MHz
naive,4:2,sample_cpu6_freq,2208,MHz
naive,4:2,sample_cpu7_freq,2304,MHz
naive,4:3,sample_elapsed,315,ms
naive,4:3,sample_power,2.133,W
naive,4:3,sample_process_cpu,393.506,% one core
naive,4:3,sample_free_ram,1.949,GiB
naive,4:3,sample_battery_temp,34.500,C
naive,4:3,sample_thermal_status,0,Android PowerManager status
naive,4:3,sample_cpu0_freq,1804,MHz
naive,4:3,sample_cpu1_freq,1804,MHz
naive,4:3,sample_cpu2_freq,1804,MHz
naive,4:3,sample_cpu3_freq,1804,MHz
naive,4:3,sample_cpu4_freq,2208,MHz
naive,4:3,sample_cpu5_freq,2208,MHz
naive,4:3,sample_cpu6_freq,2208,MHz
naive,4:3,sample_cpu7_freq,2304,MHz
naive,4:4,sample_elapsed,468,ms
naive,4:4,sample_power,2.133,W
naive,4:4,sample_process_cpu,401.307,% one core
naive,4:4,sample_free_ram,1.928,GiB
naive,4:4,sample_battery_temp,34.500,C
naive,4:4,sample_thermal_status,0,Android PowerManager status
naive,4:4,sample_cpu0_freq,1804,MHz
naive,4:4,sample_cpu1_freq,1804,MHz
naive,4:4,sample_cpu2_freq,1804,MHz
naive,4:4,sample_cpu3_freq,1804,MHz
naive,4:4,sample_cpu4_freq,2208,MHz
naive,4:4,sample_cpu5_freq,2208,MHz
naive,4:4,sample_cpu6_freq,2208,MHz
naive,4:4,sample_cpu7_freq,2304,MHz
naive,4:5,sample_elapsed,623,ms
naive,4:5,sample_power,2.133,W
naive,4:5,sample_process_cpu,390.323,% one core
naive,4:5,sample_free_ram,1.928,GiB
naive,4:5,sample_battery_temp,34.500,C
naive,4:5,sample_thermal_status,0,Android PowerManager status
naive,4:5,sample_cpu0_freq,1804,MHz
naive,4:5,sample_cpu1_freq,1804,MHz
naive,4:5,sample_cpu2_freq,1804,MHz
naive,4:5,sample_cpu3_freq,1804,MHz
naive,4:5,sample_cpu4_freq,2208,MHz
naive,4:5,sample_cpu5_freq,2208,MHz
naive,4:5,sample_cpu6_freq,2208,MHz
naive,4:5,sample_cpu7_freq,2304,MHz
naive,4:6,sample_elapsed,777,ms
naive,4:6,sample_power,2.133,W
naive,4:6,sample_process_cpu,392.208,% one core
naive,4:6,sample_free_ram,1.928,GiB
naive,4:6,sample_battery_temp,34.500,C
naive,4:6,sample_thermal_status,0,Android PowerManager status
naive,4:6,sample_cpu0_freq,1804,MHz
naive,4:6,sample_cpu1_freq,1804,MHz
naive,4:6,sample_cpu2_freq,1804,MHz
naive,4:6,sample_cpu3_freq,1804,MHz
naive,4:6,sample_cpu4_freq,2208,MHz
naive,4:6,sample_cpu5_freq,2208,MHz
naive,4:6,sample_cpu6_freq,2208,MHz
naive,4:6,sample_cpu7_freq,2304,MHz
naive,4:7,sample_elapsed,931,ms
naive,4:7,sample_power,2.133,W
naive,4:7,sample_process_cpu,417.532,% one core
naive,4:7,sample_free_ram,1.926,GiB
naive,4:7,sample_battery_temp,34.500,C
naive,4:7,sample_thermal_status,0,Android PowerManager status
naive,4:7,sample_cpu0_freq,1804,MHz
naive,4:7,sample_cpu1_freq,1804,MHz
naive,4:7,sample_cpu2_freq,1804,MHz
naive,4:7,sample_cpu3_freq,1804,MHz
naive,4:7,sample_cpu4_freq,2208,MHz
naive,4:7,sample_cpu5_freq,2208,MHz
naive,4:7,sample_cpu6_freq,2208,MHz
naive,4:7,sample_cpu7_freq,2304,MHz
naive,4:8,sample_elapsed,1089,ms
naive,4:8,sample_power,2.133,W
naive,4:8,sample_process_cpu,392.405,% one core
naive,4:8,sample_free_ram,1.926,GiB
naive,4:8,sample_battery_temp,34.500,C
naive,4:8,sample_thermal_status,0,Android PowerManager status
naive,4:8,sample_cpu0_freq,1804,MHz
naive,4:8,sample_cpu1_freq,1804,MHz
naive,4:8,sample_cpu2_freq,1804,MHz
naive,4:8,sample_cpu3_freq,1804,MHz
naive,4:8,sample_cpu4_freq,2208,MHz
naive,4:8,sample_cpu5_freq,2208,MHz
naive,4:8,sample_cpu6_freq,2208,MHz
naive,4:8,sample_cpu7_freq,2304,MHz
naive,4:9,sample_elapsed,1243,ms
naive,4:9,sample_power,2.133,W
naive,4:9,sample_process_cpu,402.597,% one core
naive,4:9,sample_free_ram,1.926,GiB
naive,4:9,sample_battery_temp,34.500,C
naive,4:9,sample_thermal_status,0,Android PowerManager status
naive,4:9,sample_cpu0_freq,1804,MHz
naive,4:9,sample_cpu1_freq,1804,MHz
naive,4:9,sample_cpu2_freq,1804,MHz
naive,4:9,sample_cpu3_freq,1804,MHz
naive,4:9,sample_cpu4_freq,2208,MHz
naive,4:9,sample_cpu5_freq,2208,MHz
naive,4:9,sample_cpu6_freq,2208,MHz
naive,4:9,sample_cpu7_freq,2304,MHz
naive,4:10,sample_elapsed,1397,ms
naive,4:10,sample_power,2.133,W
naive,4:10,sample_process_cpu,401.299,% one core
naive,4:10,sample_free_ram,1.925,GiB
naive,4:10,sample_battery_temp,34.500,C
naive,4:10,sample_thermal_status,0,Android PowerManager status
naive,4:10,sample_cpu0_freq,1804,MHz
naive,4:10,sample_cpu1_freq,1804,MHz
naive,4:10,sample_cpu2_freq,1804,MHz
naive,4:10,sample_cpu3_freq,1804,MHz
naive,4:10,sample_cpu4_freq,2208,MHz
naive,4:10,sample_cpu5_freq,2208,MHz
naive,4:10,sample_cpu6_freq,2208,MHz
naive,4:10,sample_cpu7_freq,2304,MHz
naive,4:11,sample_elapsed,1551,ms
naive,4:11,sample_power,2.133,W
naive,4:11,sample_process_cpu,392.857,% one core
naive,4:11,sample_free_ram,1.924,GiB
naive,4:11,sample_battery_temp,34.500,C
naive,4:11,sample_thermal_status,0,Android PowerManager status
naive,4:11,sample_cpu0_freq,1804,MHz
naive,4:11,sample_cpu1_freq,1804,MHz
naive,4:11,sample_cpu2_freq,1804,MHz
naive,4:11,sample_cpu3_freq,1804,MHz
naive,4:11,sample_cpu4_freq,2208,MHz
naive,4:11,sample_cpu5_freq,2208,MHz
naive,4:11,sample_cpu6_freq,2208,MHz
naive,4:11,sample_cpu7_freq,2304,MHz
naive,4:12,sample_elapsed,1708,ms
naive,4:12,sample_power,2.133,W
naive,4:12,sample_process_cpu,402.548,% one core
naive,4:12,sample_free_ram,1.924,GiB
naive,4:12,sample_battery_temp,34.500,C
naive,4:12,sample_thermal_status,0,Android PowerManager status
naive,4:12,sample_cpu0_freq,1804,MHz
naive,4:12,sample_cpu1_freq,1804,MHz
naive,4:12,sample_cpu2_freq,1804,MHz
naive,4:12,sample_cpu3_freq,1804,MHz
naive,4:12,sample_cpu4_freq,2208,MHz
naive,4:12,sample_cpu5_freq,2208,MHz
naive,4:12,sample_cpu6_freq,2208,MHz
naive,4:12,sample_cpu7_freq,2304,MHz
naive,4:13,sample_elapsed,1864,ms
naive,4:13,sample_power,2.133,W
naive,4:13,sample_process_cpu,387.179,% one core
naive,4:13,sample_free_ram,1.924,GiB
naive,4:13,sample_battery_temp,34.500,C
naive,4:13,sample_thermal_status,0,Android PowerManager status
naive,4:13,sample_cpu0_freq,1804,MHz
naive,4:13,sample_cpu1_freq,1804,MHz
naive,4:13,sample_cpu2_freq,1804,MHz
naive,4:13,sample_cpu3_freq,1804,MHz
naive,4:13,sample_cpu4_freq,2208,MHz
naive,4:13,sample_cpu5_freq,2208,MHz
naive,4:13,sample_cpu6_freq,2208,MHz
naive,4:13,sample_cpu7_freq,2304,MHz
naive,4:14,sample_elapsed,2018,ms
naive,4:14,sample_power,2.133,W
naive,4:14,sample_process_cpu,403.247,% one core
naive,4:14,sample_free_ram,1.924,GiB
naive,4:14,sample_battery_temp,34.500,C
naive,4:14,sample_thermal_status,0,Android PowerManager status
naive,4:14,sample_cpu0_freq,1804,MHz
naive,4:14,sample_cpu1_freq,1804,MHz
naive,4:14,sample_cpu2_freq,1804,MHz
naive,4:14,sample_cpu3_freq,1804,MHz
naive,4:14,sample_cpu4_freq,2208,MHz
naive,4:14,sample_cpu5_freq,2208,MHz
naive,4:14,sample_cpu6_freq,2208,MHz
naive,4:14,sample_cpu7_freq,2304,MHz
naive,4:15,sample_elapsed,2172,ms
naive,4:15,sample_power,2.133,W
naive,4:15,sample_process_cpu,392.857,% one core
naive,4:15,sample_free_ram,1.924,GiB
naive,4:15,sample_battery_temp,34.500,C
naive,4:15,sample_thermal_status,0,Android PowerManager status
naive,4:15,sample_cpu0_freq,1804,MHz
naive,4:15,sample_cpu1_freq,1804,MHz
naive,4:15,sample_cpu2_freq,1804,MHz
naive,4:15,sample_cpu3_freq,1804,MHz
naive,4:15,sample_cpu4_freq,2208,MHz
naive,4:15,sample_cpu5_freq,2208,MHz
naive,4:15,sample_cpu6_freq,2208,MHz
naive,4:15,sample_cpu7_freq,2304,MHz
naive,4:16,sample_elapsed,2327,ms
naive,4:16,sample_power,2.133,W
naive,4:16,sample_process_cpu,398.710,% one core
naive,4:16,sample_free_ram,1.924,GiB
naive,4:16,sample_battery_temp,34.500,C
naive,4:16,sample_thermal_status,0,Android PowerManager status
naive,4:16,sample_cpu0_freq,1804,MHz
naive,4:16,sample_cpu1_freq,1804,MHz
naive,4:16,sample_cpu2_freq,1804,MHz
naive,4:16,sample_cpu3_freq,1804,MHz
naive,4:16,sample_cpu4_freq,2208,MHz
naive,4:16,sample_cpu5_freq,2208,MHz
naive,4:16,sample_cpu6_freq,2208,MHz
naive,4:16,sample_cpu7_freq,2304,MHz
naive,4:17,sample_elapsed,2481,ms
naive,4:17,sample_power,2.133,W
naive,4:17,sample_process_cpu,387.662,% one core
naive,4:17,sample_free_ram,1.924,GiB
naive,4:17,sample_battery_temp,34.500,C
naive,4:17,sample_thermal_status,0,Android PowerManager status
naive,4:17,sample_cpu0_freq,1804,MHz
naive,4:17,sample_cpu1_freq,1804,MHz
naive,4:17,sample_cpu2_freq,1804,MHz
naive,4:17,sample_cpu3_freq,1804,MHz
naive,4:17,sample_cpu4_freq,2208,MHz
naive,4:17,sample_cpu5_freq,2208,MHz
naive,4:17,sample_cpu6_freq,2208,MHz
naive,4:17,sample_cpu7_freq,2304,MHz
naive,4:18,sample_elapsed,2635,ms
naive,4:18,sample_power,2.133,W
naive,4:18,sample_process_cpu,403.247,% one core
naive,4:18,sample_free_ram,1.924,GiB
naive,4:18,sample_battery_temp,34.500,C
naive,4:18,sample_thermal_status,0,Android PowerManager status
naive,4:18,sample_cpu0_freq,1804,MHz
naive,4:18,sample_cpu1_freq,1804,MHz
naive,4:18,sample_cpu2_freq,1804,MHz
naive,4:18,sample_cpu3_freq,1804,MHz
naive,4:18,sample_cpu4_freq,2208,MHz
naive,4:18,sample_cpu5_freq,2208,MHz
naive,4:18,sample_cpu6_freq,2208,MHz
naive,4:18,sample_cpu7_freq,2304,MHz
naive,4:19,sample_elapsed,2789,ms
naive,4:19,sample_power,2.133,W
naive,4:19,sample_process_cpu,392.857,% one core
naive,4:19,sample_free_ram,1.923,GiB
naive,4:19,sample_battery_temp,34.500,C
naive,4:19,sample_thermal_status,0,Android PowerManager status
naive,4:19,sample_cpu0_freq,1804,MHz
naive,4:19,sample_cpu1_freq,1804,MHz
naive,4:19,sample_cpu2_freq,1804,MHz
naive,4:19,sample_cpu3_freq,1804,MHz
naive,4:19,sample_cpu4_freq,2208,MHz
naive,4:19,sample_cpu5_freq,2208,MHz
naive,4:19,sample_cpu6_freq,2208,MHz
naive,4:19,sample_cpu7_freq,2304,MHz
naive,4:20,sample_elapsed,2943,ms
naive,4:20,sample_power,2.133,W
naive,4:20,sample_process_cpu,407.143,% one core
naive,4:20,sample_free_ram,1.923,GiB
naive,4:20,sample_battery_temp,34.500,C
naive,4:20,sample_thermal_status,0,Android PowerManager status
naive,4:20,sample_cpu0_freq,1804,MHz
naive,4:20,sample_cpu1_freq,1804,MHz
naive,4:20,sample_cpu2_freq,1804,MHz
naive,4:20,sample_cpu3_freq,1804,MHz
naive,4:20,sample_cpu4_freq,2208,MHz
naive,4:20,sample_cpu5_freq,2208,MHz
naive,4:20,sample_cpu6_freq,2208,MHz
naive,4:20,sample_cpu7_freq,2304,MHz
naive,4:21,sample_elapsed,3098,ms
naive,4:21,sample_power,2.133,W
naive,4:21,sample_process_cpu,396.774,% one core
naive,4:21,sample_free_ram,1.923,GiB
naive,4:21,sample_battery_temp,34.500,C
naive,4:21,sample_thermal_status,0,Android PowerManager status
naive,4:21,sample_cpu0_freq,1804,MHz
naive,4:21,sample_cpu1_freq,1804,MHz
naive,4:21,sample_cpu2_freq,1804,MHz
naive,4:21,sample_cpu3_freq,1804,MHz
naive,4:21,sample_cpu4_freq,2208,MHz
naive,4:21,sample_cpu5_freq,2208,MHz
naive,4:21,sample_cpu6_freq,2208,MHz
naive,4:21,sample_cpu7_freq,2304,MHz
naive,4:22,sample_elapsed,3253,ms
naive,4:22,sample_power,2.133,W
naive,4:22,sample_process_cpu,390.323,% one core
naive,4:22,sample_free_ram,1.923,GiB
naive,4:22,sample_battery_temp,34.500,C
naive,4:22,sample_thermal_status,0,Android PowerManager status
naive,4:22,sample_cpu0_freq,1804,MHz
naive,4:22,sample_cpu1_freq,1804,MHz
naive,4:22,sample_cpu2_freq,1804,MHz
naive,4:22,sample_cpu3_freq,1804,MHz
naive,4:22,sample_cpu4_freq,2208,MHz
naive,4:22,sample_cpu5_freq,2208,MHz
naive,4:22,sample_cpu6_freq,2208,MHz
naive,4:22,sample_cpu7_freq,2304,MHz
naive,4:23,sample_elapsed,3407,ms
naive,4:23,sample_power,2.133,W
naive,4:23,sample_process_cpu,405.195,% one core
naive,4:23,sample_free_ram,1.923,GiB
naive,4:23,sample_battery_temp,34.500,C
naive,4:23,sample_thermal_status,0,Android PowerManager status
naive,4:23,sample_cpu0_freq,1804,MHz
naive,4:23,sample_cpu1_freq,1804,MHz
naive,4:23,sample_cpu2_freq,1804,MHz
naive,4:23,sample_cpu3_freq,1804,MHz
naive,4:23,sample_cpu4_freq,2208,MHz
naive,4:23,sample_cpu5_freq,2208,MHz
naive,4:23,sample_cpu6_freq,2208,MHz
naive,4:23,sample_cpu7_freq,2304,MHz
naive,4:24,sample_elapsed,3563,ms
naive,4:24,sample_power,2.133,W
naive,4:24,sample_process_cpu,394.231,% one core
naive,4:24,sample_free_ram,1.923,GiB
naive,4:24,sample_battery_temp,34.500,C
naive,4:24,sample_thermal_status,0,Android PowerManager status
naive,4:24,sample_cpu0_freq,1804,MHz
naive,4:24,sample_cpu1_freq,1804,MHz
naive,4:24,sample_cpu2_freq,1804,MHz
naive,4:24,sample_cpu3_freq,1804,MHz
naive,4:24,sample_cpu4_freq,2208,MHz
naive,4:24,sample_cpu5_freq,2208,MHz
naive,4:24,sample_cpu6_freq,2208,MHz
naive,4:24,sample_cpu7_freq,2304,MHz
naive,4:25,sample_elapsed,3718,ms
naive,4:25,sample_power,2.133,W
naive,4:25,sample_process_cpu,400.645,% one core
naive,4:25,sample_free_ram,1.923,GiB
naive,4:25,sample_battery_temp,34.500,C
naive,4:25,sample_thermal_status,0,Android PowerManager status
naive,4:25,sample_cpu0_freq,1804,MHz
naive,4:25,sample_cpu1_freq,1804,MHz
naive,4:25,sample_cpu2_freq,1804,MHz
naive,4:25,sample_cpu3_freq,1804,MHz
naive,4:25,sample_cpu4_freq,2208,MHz
naive,4:25,sample_cpu5_freq,2208,MHz
naive,4:25,sample_cpu6_freq,2208,MHz
naive,4:25,sample_cpu7_freq,2304,MHz
naive,4:26,sample_elapsed,3873,ms
naive,4:26,sample_power,2.133,W
naive,4:26,sample_process_cpu,396.129,% one core
naive,4:26,sample_free_ram,1.923,GiB
naive,4:26,sample_battery_temp,34.500,C
naive,4:26,sample_thermal_status,0,Android PowerManager status
naive,4:26,sample_cpu0_freq,1804,MHz
naive,4:26,sample_cpu1_freq,1804,MHz
naive,4:26,sample_cpu2_freq,1804,MHz
naive,4:26,sample_cpu3_freq,1804,MHz
naive,4:26,sample_cpu4_freq,2208,MHz
naive,4:26,sample_cpu5_freq,2208,MHz
naive,4:26,sample_cpu6_freq,2208,MHz
naive,4:26,sample_cpu7_freq,2304,MHz
naive,4:27,sample_elapsed,4028,ms
naive,4:27,sample_power,2.133,W
naive,4:27,sample_process_cpu,399.355,% one core
naive,4:27,sample_free_ram,1.922,GiB
naive,4:27,sample_battery_temp,34.500,C
naive,4:27,sample_thermal_status,0,Android PowerManager status
naive,4:27,sample_cpu0_freq,1804,MHz
naive,4:27,sample_cpu1_freq,1804,MHz
naive,4:27,sample_cpu2_freq,1804,MHz
naive,4:27,sample_cpu3_freq,1804,MHz
naive,4:27,sample_cpu4_freq,2208,MHz
naive,4:27,sample_cpu5_freq,2208,MHz
naive,4:27,sample_cpu6_freq,2208,MHz
naive,4:27,sample_cpu7_freq,2304,MHz
naive,4:28,sample_elapsed,4184,ms
naive,4:28,sample_power,2.133,W
naive,4:28,sample_process_cpu,397.436,% one core
naive,4:28,sample_free_ram,1.921,GiB
naive,4:28,sample_battery_temp,34.500,C
naive,4:28,sample_thermal_status,0,Android PowerManager status
naive,4:28,sample_cpu0_freq,1804,MHz
naive,4:28,sample_cpu1_freq,1804,MHz
naive,4:28,sample_cpu2_freq,1804,MHz
naive,4:28,sample_cpu3_freq,1804,MHz
naive,4:28,sample_cpu4_freq,2208,MHz
naive,4:28,sample_cpu5_freq,2208,MHz
naive,4:28,sample_cpu6_freq,2208,MHz
naive,4:28,sample_cpu7_freq,2304,MHz
naive,4:29,sample_elapsed,4340,ms
naive,4:29,sample_power,2.133,W
naive,4:29,sample_process_cpu,398.718,% one core
naive,4:29,sample_free_ram,1.921,GiB
naive,4:29,sample_battery_temp,34.500,C
naive,4:29,sample_thermal_status,0,Android PowerManager status
naive,4:29,sample_cpu0_freq,1804,MHz
naive,4:29,sample_cpu1_freq,1804,MHz
naive,4:29,sample_cpu2_freq,1804,MHz
naive,4:29,sample_cpu3_freq,1804,MHz
naive,4:29,sample_cpu4_freq,2208,MHz
naive,4:29,sample_cpu5_freq,2208,MHz
naive,4:29,sample_cpu6_freq,2208,MHz
naive,4:29,sample_cpu7_freq,2304,MHz
naive,4:30,sample_elapsed,4498,ms
naive,4:30,sample_power,2.133,W
naive,4:30,sample_process_cpu,415.823,% one core
naive,4:30,sample_free_ram,1.920,GiB
naive,4:30,sample_battery_temp,34.500,C
naive,4:30,sample_thermal_status,0,Android PowerManager status
naive,4:30,sample_cpu0_freq,1804,MHz
naive,4:30,sample_cpu1_freq,1804,MHz
naive,4:30,sample_cpu2_freq,1804,MHz
naive,4:30,sample_cpu3_freq,1804,MHz
naive,4:30,sample_cpu4_freq,2208,MHz
naive,4:30,sample_cpu5_freq,2208,MHz
naive,4:30,sample_cpu6_freq,2208,MHz
naive,4:30,sample_cpu7_freq,2304,MHz
naive,4:31,sample_elapsed,4654,ms
naive,4:31,sample_power,2.133,W
naive,4:31,sample_process_cpu,396.795,% one core
naive,4:31,sample_free_ram,1.917,GiB
naive,4:31,sample_battery_temp,34.500,C
naive,4:31,sample_thermal_status,0,Android PowerManager status
naive,4:31,sample_cpu0_freq,1804,MHz
naive,4:31,sample_cpu1_freq,1804,MHz
naive,4:31,sample_cpu2_freq,1804,MHz
naive,4:31,sample_cpu3_freq,1804,MHz
naive,4:31,sample_cpu4_freq,2208,MHz
naive,4:31,sample_cpu5_freq,2208,MHz
naive,4:31,sample_cpu6_freq,2208,MHz
naive,4:31,sample_cpu7_freq,2304,MHz
naive,4:32,sample_elapsed,4809,ms
naive,4:32,sample_power,2.133,W
naive,4:32,sample_process_cpu,401.290,% one core
naive,4:32,sample_free_ram,1.918,GiB
naive,4:32,sample_battery_temp,34.500,C
naive,4:32,sample_thermal_status,0,Android PowerManager status
naive,4:32,sample_cpu0_freq,1804,MHz
naive,4:32,sample_cpu1_freq,1804,MHz
naive,4:32,sample_cpu2_freq,1804,MHz
naive,4:32,sample_cpu3_freq,1804,MHz
naive,4:32,sample_cpu4_freq,2208,MHz
naive,4:32,sample_cpu5_freq,2208,MHz
naive,4:32,sample_cpu6_freq,2208,MHz
naive,4:32,sample_cpu7_freq,2304,MHz
naive,4:33,sample_elapsed,4968,ms
naive,4:33,sample_power,2.133,W
naive,4:33,sample_process_cpu,397.484,% one core
naive,4:33,sample_free_ram,1.918,GiB
naive,4:33,sample_battery_temp,34.500,C
naive,4:33,sample_thermal_status,0,Android PowerManager status
naive,4:33,sample_cpu0_freq,1804,MHz
naive,4:33,sample_cpu1_freq,1804,MHz
naive,4:33,sample_cpu2_freq,1804,MHz
naive,4:33,sample_cpu3_freq,1804,MHz
naive,4:33,sample_cpu4_freq,2208,MHz
naive,4:33,sample_cpu5_freq,2208,MHz
naive,4:33,sample_cpu6_freq,2208,MHz
naive,4:33,sample_cpu7_freq,2304,MHz
naive,4:34,sample_elapsed,5127,ms
naive,4:34,sample_power,2.133,W
naive,4:34,sample_process_cpu,391.195,% one core
naive,4:34,sample_free_ram,1.917,GiB
naive,4:34,sample_battery_temp,34.500,C
naive,4:34,sample_thermal_status,0,Android PowerManager status
naive,4:34,sample_cpu0_freq,1804,MHz
naive,4:34,sample_cpu1_freq,1804,MHz
naive,4:34,sample_cpu2_freq,1804,MHz
naive,4:34,sample_cpu3_freq,1804,MHz
naive,4:34,sample_cpu4_freq,2208,MHz
naive,4:34,sample_cpu5_freq,2208,MHz
naive,4:34,sample_cpu6_freq,2208,MHz
naive,4:34,sample_cpu7_freq,2304,MHz
naive,4:35,sample_elapsed,5283,ms
naive,4:35,sample_power,2.133,W
naive,4:35,sample_process_cpu,400.000,% one core
naive,4:35,sample_free_ram,1.917,GiB
naive,4:35,sample_battery_temp,34.500,C
naive,4:35,sample_thermal_status,0,Android PowerManager status
naive,4:35,sample_cpu0_freq,1804,MHz
naive,4:35,sample_cpu1_freq,1804,MHz
naive,4:35,sample_cpu2_freq,1804,MHz
naive,4:35,sample_cpu3_freq,1804,MHz
naive,4:35,sample_cpu4_freq,2208,MHz
naive,4:35,sample_cpu5_freq,2208,MHz
naive,4:35,sample_cpu6_freq,2208,MHz
naive,4:35,sample_cpu7_freq,2304,MHz
naive,4:36,sample_elapsed,5438,ms
naive,4:36,sample_power,2.133,W
naive,4:36,sample_process_cpu,397.419,% one core
naive,4:36,sample_free_ram,1.917,GiB
naive,4:36,sample_battery_temp,34.500,C
naive,4:36,sample_thermal_status,0,Android PowerManager status
naive,4:36,sample_cpu0_freq,1804,MHz
naive,4:36,sample_cpu1_freq,1804,MHz
naive,4:36,sample_cpu2_freq,1804,MHz
naive,4:36,sample_cpu3_freq,1804,MHz
naive,4:36,sample_cpu4_freq,2208,MHz
naive,4:36,sample_cpu5_freq,2208,MHz
naive,4:36,sample_cpu6_freq,2208,MHz
naive,4:36,sample_cpu7_freq,2304,MHz
naive,4:37,sample_elapsed,5594,ms
naive,4:37,sample_power,2.133,W
naive,4:37,sample_process_cpu,405.769,% one core
naive,4:37,sample_free_ram,1.917,GiB
naive,4:37,sample_battery_temp,34.500,C
naive,4:37,sample_thermal_status,0,Android PowerManager status
naive,4:37,sample_cpu0_freq,1804,MHz
naive,4:37,sample_cpu1_freq,1804,MHz
naive,4:37,sample_cpu2_freq,1804,MHz
naive,4:37,sample_cpu3_freq,1804,MHz
naive,4:37,sample_cpu4_freq,2208,MHz
naive,4:37,sample_cpu5_freq,2208,MHz
naive,4:37,sample_cpu6_freq,2208,MHz
naive,4:37,sample_cpu7_freq,2304,MHz
naive,4:38,sample_elapsed,5755,ms
naive,4:38,sample_power,2.133,W
naive,4:38,sample_process_cpu,389.441,% one core
naive,4:38,sample_free_ram,1.917,GiB
naive,4:38,sample_battery_temp,34.500,C
naive,4:38,sample_thermal_status,0,Android PowerManager status
naive,4:38,sample_cpu0_freq,1804,MHz
naive,4:38,sample_cpu1_freq,1804,MHz
naive,4:38,sample_cpu2_freq,1804,MHz
naive,4:38,sample_cpu3_freq,1804,MHz
naive,4:38,sample_cpu4_freq,2208,MHz
naive,4:38,sample_cpu5_freq,2208,MHz
naive,4:38,sample_cpu6_freq,2208,MHz
naive,4:38,sample_cpu7_freq,2304,MHz
naive,4:39,sample_elapsed,5911,ms
naive,4:39,sample_power,2.133,W
naive,4:39,sample_process_cpu,395.513,% one core
naive,4:39,sample_free_ram,1.917,GiB
naive,4:39,sample_battery_temp,34.500,C
naive,4:39,sample_thermal_status,0,Android PowerManager status
naive,4:39,sample_cpu0_freq,1804,MHz
naive,4:39,sample_cpu1_freq,1804,MHz
naive,4:39,sample_cpu2_freq,1804,MHz
naive,4:39,sample_cpu3_freq,1804,MHz
naive,4:39,sample_cpu4_freq,2208,MHz
naive,4:39,sample_cpu5_freq,2208,MHz
naive,4:39,sample_cpu6_freq,2208,MHz
naive,4:39,sample_cpu7_freq,2304,MHz
naive,4:40,sample_elapsed,6065,ms
naive,4:40,sample_power,2.133,W
naive,4:40,sample_process_cpu,399.351,% one core
naive,4:40,sample_free_ram,1.917,GiB
naive,4:40,sample_battery_temp,34.500,C
naive,4:40,sample_thermal_status,0,Android PowerManager status
naive,4:40,sample_cpu0_freq,1804,MHz
naive,4:40,sample_cpu1_freq,1804,MHz
naive,4:40,sample_cpu2_freq,1804,MHz
naive,4:40,sample_cpu3_freq,1804,MHz
naive,4:40,sample_cpu4_freq,2208,MHz
naive,4:40,sample_cpu5_freq,2208,MHz
naive,4:40,sample_cpu6_freq,2208,MHz
naive,4:40,sample_cpu7_freq,2304,MHz
naive,4:41,sample_elapsed,6221,ms
naive,4:41,sample_power,2.133,W
naive,4:41,sample_process_cpu,398.077,% one core
naive,4:41,sample_free_ram,1.917,GiB
naive,4:41,sample_battery_temp,34.500,C
naive,4:41,sample_thermal_status,0,Android PowerManager status
naive,4:41,sample_cpu0_freq,1804,MHz
naive,4:41,sample_cpu1_freq,1804,MHz
naive,4:41,sample_cpu2_freq,1804,MHz
naive,4:41,sample_cpu3_freq,1804,MHz
naive,4:41,sample_cpu4_freq,2208,MHz
naive,4:41,sample_cpu5_freq,2208,MHz
naive,4:41,sample_cpu6_freq,2208,MHz
naive,4:41,sample_cpu7_freq,2304,MHz
naive,4:42,sample_elapsed,6377,ms
naive,4:42,sample_power,2.133,W
naive,4:42,sample_process_cpu,400.000,% one core
naive,4:42,sample_free_ram,1.917,GiB
naive,4:42,sample_battery_temp,34.500,C
naive,4:42,sample_thermal_status,0,Android PowerManager status
naive,4:42,sample_cpu0_freq,1804,MHz
naive,4:42,sample_cpu1_freq,1804,MHz
naive,4:42,sample_cpu2_freq,1804,MHz
naive,4:42,sample_cpu3_freq,1804,MHz
naive,4:42,sample_cpu4_freq,2208,MHz
naive,4:42,sample_cpu5_freq,2208,MHz
naive,4:42,sample_cpu6_freq,2208,MHz
naive,4:42,sample_cpu7_freq,2304,MHz
naive,4:43,sample_elapsed,6535,ms
naive,4:43,sample_power,2.133,W
naive,4:43,sample_process_cpu,396.203,% one core
naive,4:43,sample_free_ram,1.916,GiB
naive,4:43,sample_battery_temp,34.500,C
naive,4:43,sample_thermal_status,0,Android PowerManager status
naive,4:43,sample_cpu0_freq,1804,MHz
naive,4:43,sample_cpu1_freq,1804,MHz
naive,4:43,sample_cpu2_freq,1804,MHz
naive,4:43,sample_cpu3_freq,1804,MHz
naive,4:43,sample_cpu4_freq,2208,MHz
naive,4:43,sample_cpu5_freq,2208,MHz
naive,4:43,sample_cpu6_freq,2208,MHz
naive,4:43,sample_cpu7_freq,2304,MHz
naive,4:44,sample_elapsed,6692,ms
naive,4:44,sample_power,2.133,W
naive,4:44,sample_process_cpu,400.000,% one core
naive,4:44,sample_free_ram,1.916,GiB
naive,4:44,sample_battery_temp,34.500,C
naive,4:44,sample_thermal_status,0,Android PowerManager status
naive,4:44,sample_cpu0_freq,1804,MHz
naive,4:44,sample_cpu1_freq,1804,MHz
naive,4:44,sample_cpu2_freq,1804,MHz
naive,4:44,sample_cpu3_freq,1804,MHz
naive,4:44,sample_cpu4_freq,2208,MHz
naive,4:44,sample_cpu5_freq,2208,MHz
naive,4:44,sample_cpu6_freq,2208,MHz
naive,4:44,sample_cpu7_freq,2304,MHz
naive,4:45,sample_elapsed,6858,ms
naive,4:45,sample_power,2.133,W
naive,4:45,sample_process_cpu,395.783,% one core
naive,4:45,sample_free_ram,1.916,GiB
naive,4:45,sample_battery_temp,34.500,C
naive,4:45,sample_thermal_status,0,Android PowerManager status
naive,4:45,sample_cpu0_freq,1804,MHz
naive,4:45,sample_cpu1_freq,1804,MHz
naive,4:45,sample_cpu2_freq,1804,MHz
naive,4:45,sample_cpu3_freq,1804,MHz
naive,4:45,sample_cpu4_freq,2208,MHz
naive,4:45,sample_cpu5_freq,2208,MHz
naive,4:45,sample_cpu6_freq,2208,MHz
naive,4:45,sample_cpu7_freq,2304,MHz
naive,4:46,sample_elapsed,7014,ms
naive,4:46,sample_power,2.133,W
naive,4:46,sample_process_cpu,396.795,% one core
naive,4:46,sample_free_ram,1.916,GiB
naive,4:46,sample_battery_temp,34.500,C
naive,4:46,sample_thermal_status,0,Android PowerManager status
naive,4:46,sample_cpu0_freq,1804,MHz
naive,4:46,sample_cpu1_freq,1804,MHz
naive,4:46,sample_cpu2_freq,1804,MHz
naive,4:46,sample_cpu3_freq,1804,MHz
naive,4:46,sample_cpu4_freq,2208,MHz
naive,4:46,sample_cpu5_freq,2208,MHz
naive,4:46,sample_cpu6_freq,2208,MHz
naive,4:46,sample_cpu7_freq,2304,MHz
naive,4:47,sample_elapsed,7168,ms
naive,4:47,sample_power,2.133,W
naive,4:47,sample_process_cpu,398.701,% one core
naive,4:47,sample_free_ram,1.916,GiB
naive,4:47,sample_battery_temp,34.500,C
naive,4:47,sample_thermal_status,0,Android PowerManager status
naive,4:47,sample_cpu0_freq,1804,MHz
naive,4:47,sample_cpu1_freq,1804,MHz
naive,4:47,sample_cpu2_freq,1804,MHz
naive,4:47,sample_cpu3_freq,1804,MHz
naive,4:47,sample_cpu4_freq,2208,MHz
naive,4:47,sample_cpu5_freq,2208,MHz
naive,4:47,sample_cpu6_freq,2208,MHz
naive,4:47,sample_cpu7_freq,2304,MHz
naive,4:48,sample_elapsed,7324,ms
naive,4:48,sample_power,2.133,W
naive,4:48,sample_process_cpu,399.359,% one core
naive,4:48,sample_free_ram,1.916,GiB
naive,4:48,sample_battery_temp,34.500,C
naive,4:48,sample_thermal_status,0,Android PowerManager status
naive,4:48,sample_cpu0_freq,1804,MHz
naive,4:48,sample_cpu1_freq,1804,MHz
naive,4:48,sample_cpu2_freq,1804,MHz
naive,4:48,sample_cpu3_freq,1804,MHz
naive,4:48,sample_cpu4_freq,2208,MHz
naive,4:48,sample_cpu5_freq,2208,MHz
naive,4:48,sample_cpu6_freq,2208,MHz
naive,4:48,sample_cpu7_freq,2304,MHz
naive,4:49,sample_elapsed,7480,ms
naive,4:49,sample_power,2.133,W
naive,4:49,sample_process_cpu,393.590,% one core
naive,4:49,sample_free_ram,1.916,GiB
naive,4:49,sample_battery_temp,34.500,C
naive,4:49,sample_thermal_status,0,Android PowerManager status
naive,4:49,sample_cpu0_freq,1804,MHz
naive,4:49,sample_cpu1_freq,1804,MHz
naive,4:49,sample_cpu2_freq,1804,MHz
naive,4:49,sample_cpu3_freq,1804,MHz
naive,4:49,sample_cpu4_freq,2208,MHz
naive,4:49,sample_cpu5_freq,2208,MHz
naive,4:49,sample_cpu6_freq,2208,MHz
naive,4:49,sample_cpu7_freq,2304,MHz
naive,4:50,sample_elapsed,7636,ms
naive,4:50,sample_power,2.133,W
naive,4:50,sample_process_cpu,398.077,% one core
naive,4:50,sample_free_ram,1.916,GiB
naive,4:50,sample_battery_temp,34.500,C
naive,4:50,sample_thermal_status,0,Android PowerManager status
naive,4:50,sample_cpu0_freq,1804,MHz
naive,4:50,sample_cpu1_freq,1804,MHz
naive,4:50,sample_cpu2_freq,1804,MHz
naive,4:50,sample_cpu3_freq,1804,MHz
naive,4:50,sample_cpu4_freq,2208,MHz
naive,4:50,sample_cpu5_freq,2208,MHz
naive,4:50,sample_cpu6_freq,2208,MHz
naive,4:50,sample_cpu7_freq,2304,MHz
naive,4:51,sample_elapsed,7792,ms
naive,4:51,sample_power,2.133,W
naive,4:51,sample_process_cpu,399.359,% one core
naive,4:51,sample_free_ram,1.916,GiB
naive,4:51,sample_battery_temp,34.500,C
naive,4:51,sample_thermal_status,0,Android PowerManager status
naive,4:51,sample_cpu0_freq,1804,MHz
naive,4:51,sample_cpu1_freq,1804,MHz
naive,4:51,sample_cpu2_freq,1804,MHz
naive,4:51,sample_cpu3_freq,1804,MHz
naive,4:51,sample_cpu4_freq,2208,MHz
naive,4:51,sample_cpu5_freq,2208,MHz
naive,4:51,sample_cpu6_freq,2208,MHz
naive,4:51,sample_cpu7_freq,2304,MHz
naive,4:52,sample_elapsed,7947,ms
naive,4:52,sample_power,2.133,W
naive,4:52,sample_process_cpu,400.645,% one core
naive,4:52,sample_free_ram,1.916,GiB
naive,4:52,sample_battery_temp,34.500,C
naive,4:52,sample_thermal_status,0,Android PowerManager status
naive,4:52,sample_cpu0_freq,1804,MHz
naive,4:52,sample_cpu1_freq,1804,MHz
naive,4:52,sample_cpu2_freq,1804,MHz
naive,4:52,sample_cpu3_freq,1804,MHz
naive,4:52,sample_cpu4_freq,2208,MHz
naive,4:52,sample_cpu5_freq,2208,MHz
naive,4:52,sample_cpu6_freq,2208,MHz
naive,4:52,sample_cpu7_freq,2304,MHz
naive,4:53,sample_elapsed,8104,ms
naive,4:53,sample_power,2.133,W
naive,4:53,sample_process_cpu,398.726,% one core
naive,4:53,sample_free_ram,1.917,GiB
naive,4:53,sample_battery_temp,34.500,C
naive,4:53,sample_thermal_status,0,Android PowerManager status
naive,4:53,sample_cpu0_freq,1804,MHz
naive,4:53,sample_cpu1_freq,1804,MHz
naive,4:53,sample_cpu2_freq,1804,MHz
naive,4:53,sample_cpu3_freq,1804,MHz
naive,4:53,sample_cpu4_freq,2208,MHz
naive,4:53,sample_cpu5_freq,2208,MHz
naive,4:53,sample_cpu6_freq,2208,MHz
naive,4:53,sample_cpu7_freq,2304,MHz
naive,4:54,sample_elapsed,8262,ms
naive,4:54,sample_power,2.133,W
naive,4:54,sample_process_cpu,412.025,% one core
naive,4:54,sample_free_ram,1.917,GiB
naive,4:54,sample_battery_temp,34.500,C
naive,4:54,sample_thermal_status,0,Android PowerManager status
naive,4:54,sample_cpu0_freq,1804,MHz
naive,4:54,sample_cpu1_freq,1804,MHz
naive,4:54,sample_cpu2_freq,1804,MHz
naive,4:54,sample_cpu3_freq,1804,MHz
naive,4:54,sample_cpu4_freq,2208,MHz
naive,4:54,sample_cpu5_freq,2208,MHz
naive,4:54,sample_cpu6_freq,2208,MHz
naive,4:54,sample_cpu7_freq,2304,MHz
naive,4:55,sample_elapsed,8422,ms
naive,4:55,sample_power,2.133,W
naive,4:55,sample_process_cpu,400.625,% one core
naive,4:55,sample_free_ram,1.917,GiB
naive,4:55,sample_battery_temp,34.500,C
naive,4:55,sample_thermal_status,0,Android PowerManager status
naive,4:55,sample_cpu0_freq,1804,MHz
naive,4:55,sample_cpu1_freq,1804,MHz
naive,4:55,sample_cpu2_freq,1804,MHz
naive,4:55,sample_cpu3_freq,1804,MHz
naive,4:55,sample_cpu4_freq,2208,MHz
naive,4:55,sample_cpu5_freq,2208,MHz
naive,4:55,sample_cpu6_freq,2208,MHz
naive,4:55,sample_cpu7_freq,2304,MHz
naive,4:56,sample_elapsed,8578,ms
naive,4:56,sample_power,2.133,W
naive,4:56,sample_process_cpu,396.795,% one core
naive,4:56,sample_free_ram,1.917,GiB
naive,4:56,sample_battery_temp,34.500,C
naive,4:56,sample_thermal_status,0,Android PowerManager status
naive,4:56,sample_cpu0_freq,1804,MHz
naive,4:56,sample_cpu1_freq,1804,MHz
naive,4:56,sample_cpu2_freq,1804,MHz
naive,4:56,sample_cpu3_freq,1804,MHz
naive,4:56,sample_cpu4_freq,2208,MHz
naive,4:56,sample_cpu5_freq,2208,MHz
naive,4:56,sample_cpu6_freq,2208,MHz
naive,4:56,sample_cpu7_freq,2304,MHz
naive,4:57,sample_elapsed,8732,ms
naive,4:57,sample_power,2.133,W
naive,4:57,sample_process_cpu,398.701,% one core
naive,4:57,sample_free_ram,1.917,GiB
naive,4:57,sample_battery_temp,34.500,C
naive,4:57,sample_thermal_status,0,Android PowerManager status
naive,4:57,sample_cpu0_freq,1804,MHz
naive,4:57,sample_cpu1_freq,1804,MHz
naive,4:57,sample_cpu2_freq,1804,MHz
naive,4:57,sample_cpu3_freq,1804,MHz
naive,4:57,sample_cpu4_freq,2208,MHz
naive,4:57,sample_cpu5_freq,2208,MHz
naive,4:57,sample_cpu6_freq,2208,MHz
naive,4:57,sample_cpu7_freq,2304,MHz
naive,4:58,sample_elapsed,8889,ms
naive,4:58,sample_power,2.133,W
naive,4:58,sample_process_cpu,396.815,% one core
naive,4:58,sample_free_ram,1.917,GiB
naive,4:58,sample_battery_temp,34.500,C
naive,4:58,sample_thermal_status,0,Android PowerManager status
naive,4:58,sample_cpu0_freq,1804,MHz
naive,4:58,sample_cpu1_freq,1804,MHz
naive,4:58,sample_cpu2_freq,1804,MHz
naive,4:58,sample_cpu3_freq,1804,MHz
naive,4:58,sample_cpu4_freq,2208,MHz
naive,4:58,sample_cpu5_freq,2208,MHz
naive,4:58,sample_cpu6_freq,2208,MHz
naive,4:58,sample_cpu7_freq,2304,MHz
naive,4:59,sample_elapsed,9045,ms
naive,4:59,sample_power,3.739,W
naive,4:59,sample_process_cpu,395.513,% one core
naive,4:59,sample_free_ram,1.917,GiB
naive,4:59,sample_battery_temp,34.500,C
naive,4:59,sample_thermal_status,0,Android PowerManager status
naive,4:59,sample_cpu0_freq,1804,MHz
naive,4:59,sample_cpu1_freq,1804,MHz
naive,4:59,sample_cpu2_freq,1804,MHz
naive,4:59,sample_cpu3_freq,1804,MHz
naive,4:59,sample_cpu4_freq,2208,MHz
naive,4:59,sample_cpu5_freq,2208,MHz
naive,4:59,sample_cpu6_freq,2208,MHz
naive,4:59,sample_cpu7_freq,2304,MHz
naive,4:60,sample_elapsed,9201,ms
naive,4:60,sample_power,3.739,W
naive,4:60,sample_process_cpu,400.641,% one core
naive,4:60,sample_free_ram,1.917,GiB
naive,4:60,sample_battery_temp,34.500,C
naive,4:60,sample_thermal_status,0,Android PowerManager status
naive,4:60,sample_cpu0_freq,1804,MHz
naive,4:60,sample_cpu1_freq,1804,MHz
naive,4:60,sample_cpu2_freq,1804,MHz
naive,4:60,sample_cpu3_freq,1804,MHz
naive,4:60,sample_cpu4_freq,2208,MHz
naive,4:60,sample_cpu5_freq,2208,MHz
naive,4:60,sample_cpu6_freq,2208,MHz
naive,4:60,sample_cpu7_freq,2304,MHz
naive,4:61,sample_elapsed,9358,ms
naive,4:61,sample_power,3.739,W
naive,4:61,sample_process_cpu,396.178,% one core
naive,4:61,sample_free_ram,1.918,GiB
naive,4:61,sample_battery_temp,34.500,C
naive,4:61,sample_thermal_status,0,Android PowerManager status
naive,4:61,sample_cpu0_freq,1804,MHz
naive,4:61,sample_cpu1_freq,1804,MHz
naive,4:61,sample_cpu2_freq,1804,MHz
naive,4:61,sample_cpu3_freq,1804,MHz
naive,4:61,sample_cpu4_freq,2208,MHz
naive,4:61,sample_cpu5_freq,2208,MHz
naive,4:61,sample_cpu6_freq,2208,MHz
naive,4:61,sample_cpu7_freq,2304,MHz
naive,4:62,sample_elapsed,9514,ms
naive,4:62,sample_power,3.739,W
naive,4:62,sample_process_cpu,395.513,% one core
naive,4:62,sample_free_ram,1.918,GiB
naive,4:62,sample_battery_temp,34.500,C
naive,4:62,sample_thermal_status,0,Android PowerManager status
naive,4:62,sample_cpu0_freq,1804,MHz
naive,4:62,sample_cpu1_freq,1804,MHz
naive,4:62,sample_cpu2_freq,1804,MHz
naive,4:62,sample_cpu3_freq,1804,MHz
naive,4:62,sample_cpu4_freq,2208,MHz
naive,4:62,sample_cpu5_freq,2208,MHz
naive,4:62,sample_cpu6_freq,2208,MHz
naive,4:62,sample_cpu7_freq,2304,MHz
naive,4:63,sample_elapsed,9673,ms
naive,4:63,sample_power,3.739,W
naive,4:63,sample_process_cpu,398.742,% one core
naive,4:63,sample_free_ram,1.918,GiB
naive,4:63,sample_battery_temp,34.500,C
naive,4:63,sample_thermal_status,0,Android PowerManager status
naive,4:63,sample_cpu0_freq,1804,MHz
naive,4:63,sample_cpu1_freq,1804,MHz
naive,4:63,sample_cpu2_freq,1804,MHz
naive,4:63,sample_cpu3_freq,1804,MHz
naive,4:63,sample_cpu4_freq,2208,MHz
naive,4:63,sample_cpu5_freq,2208,MHz
naive,4:63,sample_cpu6_freq,2208,MHz
naive,4:63,sample_cpu7_freq,2304,MHz
naive,4:64,sample_elapsed,9833,ms
naive,4:64,sample_power,3.739,W
naive,4:64,sample_process_cpu,398.750,% one core
naive,4:64,sample_free_ram,1.918,GiB
naive,4:64,sample_battery_temp,34.500,C
naive,4:64,sample_thermal_status,0,Android PowerManager status
naive,4:64,sample_cpu0_freq,1804,MHz
naive,4:64,sample_cpu1_freq,1804,MHz
naive,4:64,sample_cpu2_freq,1804,MHz
naive,4:64,sample_cpu3_freq,1804,MHz
naive,4:64,sample_cpu4_freq,2208,MHz
naive,4:64,sample_cpu5_freq,2208,MHz
naive,4:64,sample_cpu6_freq,2208,MHz
naive,4:64,sample_cpu7_freq,2304,MHz
naive,4:65,sample_elapsed,9991,ms
naive,4:65,sample_power,3.739,W
naive,4:65,sample_process_cpu,396.203,% one core
naive,4:65,sample_free_ram,1.918,GiB
naive,4:65,sample_battery_temp,34.500,C
naive,4:65,sample_thermal_status,0,Android PowerManager status
naive,4:65,sample_cpu0_freq,1804,MHz
naive,4:65,sample_cpu1_freq,1804,MHz
naive,4:65,sample_cpu2_freq,1804,MHz
naive,4:65,sample_cpu3_freq,1804,MHz
naive,4:65,sample_cpu4_freq,2208,MHz
naive,4:65,sample_cpu5_freq,2208,MHz
naive,4:65,sample_cpu6_freq,2208,MHz
naive,4:65,sample_cpu7_freq,2304,MHz
naive,4:66,sample_elapsed,10145,ms
naive,4:66,sample_power,3.739,W
naive,4:66,sample_process_cpu,398.052,% one core
naive,4:66,sample_free_ram,1.918,GiB
naive,4:66,sample_battery_temp,34.500,C
naive,4:66,sample_thermal_status,0,Android PowerManager status
naive,4:66,sample_cpu0_freq,1804,MHz
naive,4:66,sample_cpu1_freq,1804,MHz
naive,4:66,sample_cpu2_freq,1804,MHz
naive,4:66,sample_cpu3_freq,1804,MHz
naive,4:66,sample_cpu4_freq,2208,MHz
naive,4:66,sample_cpu5_freq,2208,MHz
naive,4:66,sample_cpu6_freq,2208,MHz
naive,4:66,sample_cpu7_freq,2304,MHz
naive,4:67,sample_elapsed,10301,ms
naive,4:67,sample_power,3.739,W
naive,4:67,sample_process_cpu,398.718,% one core
naive,4:67,sample_free_ram,1.917,GiB
naive,4:67,sample_battery_temp,34.500,C
naive,4:67,sample_thermal_status,0,Android PowerManager status
naive,4:67,sample_cpu0_freq,1804,MHz
naive,4:67,sample_cpu1_freq,1804,MHz
naive,4:67,sample_cpu2_freq,1804,MHz
naive,4:67,sample_cpu3_freq,1804,MHz
naive,4:67,sample_cpu4_freq,2208,MHz
naive,4:67,sample_cpu5_freq,2208,MHz
naive,4:67,sample_cpu6_freq,2208,MHz
naive,4:67,sample_cpu7_freq,2304,MHz
naive,4:68,sample_elapsed,10456,ms
naive,4:68,sample_power,3.739,W
naive,4:68,sample_process_cpu,397.419,% one core
naive,4:68,sample_free_ram,1.917,GiB
naive,4:68,sample_battery_temp,34.500,C
naive,4:68,sample_thermal_status,0,Android PowerManager status
naive,4:68,sample_cpu0_freq,1804,MHz
naive,4:68,sample_cpu1_freq,1804,MHz
naive,4:68,sample_cpu2_freq,1804,MHz
naive,4:68,sample_cpu3_freq,1804,MHz
naive,4:68,sample_cpu4_freq,2208,MHz
naive,4:68,sample_cpu5_freq,2208,MHz
naive,4:68,sample_cpu6_freq,2208,MHz
naive,4:68,sample_cpu7_freq,2304,MHz
naive,4:69,sample_elapsed,10612,ms
naive,4:69,sample_power,3.739,W
naive,4:69,sample_process_cpu,396.154,% one core
naive,4:69,sample_free_ram,1.917,GiB
naive,4:69,sample_battery_temp,34.500,C
naive,4:69,sample_thermal_status,0,Android PowerManager status
naive,4:69,sample_cpu0_freq,1804,MHz
naive,4:69,sample_cpu1_freq,1804,MHz
naive,4:69,sample_cpu2_freq,1804,MHz
naive,4:69,sample_cpu3_freq,1804,MHz
naive,4:69,sample_cpu4_freq,2208,MHz
naive,4:69,sample_cpu5_freq,2208,MHz
naive,4:69,sample_cpu6_freq,2208,MHz
naive,4:69,sample_cpu7_freq,2304,MHz
naive,4:70,sample_elapsed,10767,ms
naive,4:70,sample_power,3.739,W
naive,4:70,sample_process_cpu,399.355,% one core
naive,4:70,sample_free_ram,1.917,GiB
naive,4:70,sample_battery_temp,34.500,C
naive,4:70,sample_thermal_status,0,Android PowerManager status
naive,4:70,sample_cpu0_freq,1804,MHz
naive,4:70,sample_cpu1_freq,1804,MHz
naive,4:70,sample_cpu2_freq,1804,MHz
naive,4:70,sample_cpu3_freq,1804,MHz
naive,4:70,sample_cpu4_freq,2208,MHz
naive,4:70,sample_cpu5_freq,2208,MHz
naive,4:70,sample_cpu6_freq,2208,MHz
naive,4:70,sample_cpu7_freq,2304,MHz
naive,4:71,sample_elapsed,10923,ms
naive,4:71,sample_power,3.739,W
naive,4:71,sample_process_cpu,400.641,% one core
naive,4:71,sample_free_ram,1.917,GiB
naive,4:71,sample_battery_temp,34.500,C
naive,4:71,sample_thermal_status,0,Android PowerManager status
naive,4:71,sample_cpu0_freq,1804,MHz
naive,4:71,sample_cpu1_freq,1804,MHz
naive,4:71,sample_cpu2_freq,1804,MHz
naive,4:71,sample_cpu3_freq,1804,MHz
naive,4:71,sample_cpu4_freq,2208,MHz
naive,4:71,sample_cpu5_freq,2208,MHz
naive,4:71,sample_cpu6_freq,2208,MHz
naive,4:71,sample_cpu7_freq,2304,MHz
naive,4:72,sample_elapsed,11080,ms
naive,4:72,sample_power,3.739,W
naive,4:72,sample_process_cpu,391.720,% one core
naive,4:72,sample_free_ram,1.917,GiB
naive,4:72,sample_battery_temp,34.500,C
naive,4:72,sample_thermal_status,0,Android PowerManager status
naive,4:72,sample_cpu0_freq,1804,MHz
naive,4:72,sample_cpu1_freq,1804,MHz
naive,4:72,sample_cpu2_freq,1804,MHz
naive,4:72,sample_cpu3_freq,1804,MHz
naive,4:72,sample_cpu4_freq,2208,MHz
naive,4:72,sample_cpu5_freq,2208,MHz
naive,4:72,sample_cpu6_freq,2208,MHz
naive,4:72,sample_cpu7_freq,2304,MHz
naive,4:73,sample_elapsed,11238,ms
naive,4:73,sample_power,3.739,W
naive,4:73,sample_process_cpu,398.734,% one core
naive,4:73,sample_free_ram,1.917,GiB
naive,4:73,sample_battery_temp,34.500,C
naive,4:73,sample_thermal_status,0,Android PowerManager status
naive,4:73,sample_cpu0_freq,1804,MHz
naive,4:73,sample_cpu1_freq,1804,MHz
naive,4:73,sample_cpu2_freq,1804,MHz
naive,4:73,sample_cpu3_freq,1804,MHz
naive,4:73,sample_cpu4_freq,2208,MHz
naive,4:73,sample_cpu5_freq,2208,MHz
naive,4:73,sample_cpu6_freq,2208,MHz
naive,4:73,sample_cpu7_freq,2304,MHz
naive,4:74,sample_elapsed,11395,ms
naive,4:74,sample_power,3.739,W
naive,4:74,sample_process_cpu,401.274,% one core
naive,4:74,sample_free_ram,1.917,GiB
naive,4:74,sample_battery_temp,34.500,C
naive,4:74,sample_thermal_status,0,Android PowerManager status
naive,4:74,sample_cpu0_freq,1804,MHz
naive,4:74,sample_cpu1_freq,1804,MHz
naive,4:74,sample_cpu2_freq,1804,MHz
naive,4:74,sample_cpu3_freq,1804,MHz
naive,4:74,sample_cpu4_freq,2208,MHz
naive,4:74,sample_cpu5_freq,2208,MHz
naive,4:74,sample_cpu6_freq,2208,MHz
naive,4:74,sample_cpu7_freq,2304,MHz
naive,4:75,sample_elapsed,11559,ms
naive,4:75,sample_power,3.739,W
naive,4:75,sample_process_cpu,395.122,% one core
naive,4:75,sample_free_ram,1.916,GiB
naive,4:75,sample_battery_temp,34.500,C
naive,4:75,sample_thermal_status,0,Android PowerManager status
naive,4:75,sample_cpu0_freq,1804,MHz
naive,4:75,sample_cpu1_freq,1804,MHz
naive,4:75,sample_cpu2_freq,1804,MHz
naive,4:75,sample_cpu3_freq,1804,MHz
naive,4:75,sample_cpu4_freq,2208,MHz
naive,4:75,sample_cpu5_freq,2208,MHz
naive,4:75,sample_cpu6_freq,2208,MHz
naive,4:75,sample_cpu7_freq,2304,MHz
naive,4:76,sample_elapsed,11715,ms
naive,4:76,sample_power,3.739,W
naive,4:76,sample_process_cpu,426.923,% one core
naive,4:76,sample_free_ram,1.917,GiB
naive,4:76,sample_battery_temp,34.500,C
naive,4:76,sample_thermal_status,0,Android PowerManager status
naive,4:76,sample_cpu0_freq,1804,MHz
naive,4:76,sample_cpu1_freq,1804,MHz
naive,4:76,sample_cpu2_freq,1804,MHz
naive,4:76,sample_cpu3_freq,1804,MHz
naive,4:76,sample_cpu4_freq,2208,MHz
naive,4:76,sample_cpu5_freq,2208,MHz
naive,4:76,sample_cpu6_freq,2208,MHz
naive,4:76,sample_cpu7_freq,2304,MHz
naive,4:77,sample_elapsed,11872,ms
naive,4:77,sample_power,3.739,W
naive,4:77,sample_process_cpu,396.815,% one core
naive,4:77,sample_free_ram,1.917,GiB
naive,4:77,sample_battery_temp,34.500,C
naive,4:77,sample_thermal_status,0,Android PowerManager status
naive,4:77,sample_cpu0_freq,1804,MHz
naive,4:77,sample_cpu1_freq,1804,MHz
naive,4:77,sample_cpu2_freq,1804,MHz
naive,4:77,sample_cpu3_freq,1804,MHz
naive,4:77,sample_cpu4_freq,2208,MHz
naive,4:77,sample_cpu5_freq,2208,MHz
naive,4:77,sample_cpu6_freq,2208,MHz
naive,4:77,sample_cpu7_freq,2304,MHz
naive,4:78,sample_elapsed,12028,ms
naive,4:78,sample_power,3.739,W
naive,4:78,sample_process_cpu,398.718,% one core
naive,4:78,sample_free_ram,1.917,GiB
naive,4:78,sample_battery_temp,34.500,C
naive,4:78,sample_thermal_status,0,Android PowerManager status
naive,4:78,sample_cpu0_freq,1804,MHz
naive,4:78,sample_cpu1_freq,1804,MHz
naive,4:78,sample_cpu2_freq,1804,MHz
naive,4:78,sample_cpu3_freq,1804,MHz
naive,4:78,sample_cpu4_freq,2208,MHz
naive,4:78,sample_cpu5_freq,2208,MHz
naive,4:78,sample_cpu6_freq,2208,MHz
naive,4:78,sample_cpu7_freq,2304,MHz
naive,4:79,sample_elapsed,12185,ms
naive,4:79,sample_power,3.739,W
naive,4:79,sample_process_cpu,403.185,% one core
naive,4:79,sample_free_ram,1.917,GiB
naive,4:79,sample_battery_temp,34.500,C
naive,4:79,sample_thermal_status,0,Android PowerManager status
naive,4:79,sample_cpu0_freq,1804,MHz
naive,4:79,sample_cpu1_freq,1804,MHz
naive,4:79,sample_cpu2_freq,1804,MHz
naive,4:79,sample_cpu3_freq,1804,MHz
naive,4:79,sample_cpu4_freq,2208,MHz
naive,4:79,sample_cpu5_freq,2208,MHz
naive,4:79,sample_cpu6_freq,2208,MHz
naive,4:79,sample_cpu7_freq,2304,MHz
naive,4:80,sample_elapsed,12341,ms
naive,4:80,sample_power,3.739,W
naive,4:80,sample_process_cpu,398.077,% one core
naive,4:80,sample_free_ram,1.917,GiB
naive,4:80,sample_battery_temp,34.500,C
naive,4:80,sample_thermal_status,0,Android PowerManager status
naive,4:80,sample_cpu0_freq,1804,MHz
naive,4:80,sample_cpu1_freq,1804,MHz
naive,4:80,sample_cpu2_freq,1804,MHz
naive,4:80,sample_cpu3_freq,1804,MHz
naive,4:80,sample_cpu4_freq,2208,MHz
naive,4:80,sample_cpu5_freq,2208,MHz
naive,4:80,sample_cpu6_freq,2208,MHz
naive,4:80,sample_cpu7_freq,2304,MHz
naive,4:81,sample_elapsed,12499,ms
naive,4:81,sample_power,3.739,W
naive,4:81,sample_process_cpu,400.000,% one core
naive,4:81,sample_free_ram,1.916,GiB
naive,4:81,sample_battery_temp,34.500,C
naive,4:81,sample_thermal_status,0,Android PowerManager status
naive,4:81,sample_cpu0_freq,1804,MHz
naive,4:81,sample_cpu1_freq,1804,MHz
naive,4:81,sample_cpu2_freq,1804,MHz
naive,4:81,sample_cpu3_freq,1804,MHz
naive,4:81,sample_cpu4_freq,2208,MHz
naive,4:81,sample_cpu5_freq,2208,MHz
naive,4:81,sample_cpu6_freq,2208,MHz
naive,4:81,sample_cpu7_freq,2304,MHz
naive,4:82,sample_elapsed,12657,ms
naive,4:82,sample_power,3.739,W
naive,4:82,sample_process_cpu,395.570,% one core
naive,4:82,sample_free_ram,1.917,GiB
naive,4:82,sample_battery_temp,34.500,C
naive,4:82,sample_thermal_status,0,Android PowerManager status
naive,4:82,sample_cpu0_freq,1804,MHz
naive,4:82,sample_cpu1_freq,1804,MHz
naive,4:82,sample_cpu2_freq,1804,MHz
naive,4:82,sample_cpu3_freq,1804,MHz
naive,4:82,sample_cpu4_freq,2208,MHz
naive,4:82,sample_cpu5_freq,2208,MHz
naive,4:82,sample_cpu6_freq,2208,MHz
naive,4:82,sample_cpu7_freq,2304,MHz
naive,4:83,sample_elapsed,12814,ms
naive,4:83,sample_power,3.739,W
naive,4:83,sample_process_cpu,395.541,% one core
naive,4:83,sample_free_ram,1.917,GiB
naive,4:83,sample_battery_temp,34.500,C
naive,4:83,sample_thermal_status,0,Android PowerManager status
naive,4:83,sample_cpu0_freq,1804,MHz
naive,4:83,sample_cpu1_freq,1804,MHz
naive,4:83,sample_cpu2_freq,1804,MHz
naive,4:83,sample_cpu3_freq,1804,MHz
naive,4:83,sample_cpu4_freq,2208,MHz
naive,4:83,sample_cpu5_freq,2208,MHz
naive,4:83,sample_cpu6_freq,2208,MHz
naive,4:83,sample_cpu7_freq,2304,MHz
naive,4:84,sample_elapsed,12971,ms
naive,4:84,sample_power,3.739,W
naive,4:84,sample_process_cpu,404.459,% one core
naive,4:84,sample_free_ram,1.917,GiB
naive,4:84,sample_battery_temp,34.500,C
naive,4:84,sample_thermal_status,0,Android PowerManager status
naive,4:84,sample_cpu0_freq,1804,MHz
naive,4:84,sample_cpu1_freq,1804,MHz
naive,4:84,sample_cpu2_freq,1804,MHz
naive,4:84,sample_cpu3_freq,1804,MHz
naive,4:84,sample_cpu4_freq,2208,MHz
naive,4:84,sample_cpu5_freq,2208,MHz
naive,4:84,sample_cpu6_freq,2208,MHz
naive,4:84,sample_cpu7_freq,2304,MHz
naive,4:85,sample_elapsed,13135,ms
naive,4:85,sample_power,3.739,W
naive,4:85,sample_process_cpu,394.512,% one core
naive,4:85,sample_free_ram,1.917,GiB
naive,4:85,sample_battery_temp,34.500,C
naive,4:85,sample_thermal_status,0,Android PowerManager status
naive,4:85,sample_cpu0_freq,1804,MHz
naive,4:85,sample_cpu1_freq,1804,MHz
naive,4:85,sample_cpu2_freq,1804,MHz
naive,4:85,sample_cpu3_freq,1804,MHz
naive,4:85,sample_cpu4_freq,2208,MHz
naive,4:85,sample_cpu5_freq,2208,MHz
naive,4:85,sample_cpu6_freq,2208,MHz
naive,4:85,sample_cpu7_freq,2304,MHz
naive,4:86,sample_elapsed,13292,ms
naive,4:86,sample_power,3.739,W
naive,4:86,sample_process_cpu,396.815,% one core
naive,4:86,sample_free_ram,1.917,GiB
naive,4:86,sample_battery_temp,34.500,C
naive,4:86,sample_thermal_status,0,Android PowerManager status
naive,4:86,sample_cpu0_freq,1804,MHz
naive,4:86,sample_cpu1_freq,1804,MHz
naive,4:86,sample_cpu2_freq,1804,MHz
naive,4:86,sample_cpu3_freq,1804,MHz
naive,4:86,sample_cpu4_freq,2208,MHz
naive,4:86,sample_cpu5_freq,2208,MHz
naive,4:86,sample_cpu6_freq,2208,MHz
naive,4:86,sample_cpu7_freq,2304,MHz
naive,4:87,sample_elapsed,13447,ms
naive,4:87,sample_power,3.739,W
naive,4:87,sample_process_cpu,398.065,% one core
naive,4:87,sample_free_ram,1.916,GiB
naive,4:87,sample_battery_temp,34.500,C
naive,4:87,sample_thermal_status,0,Android PowerManager status
naive,4:87,sample_cpu0_freq,1804,MHz
naive,4:87,sample_cpu1_freq,1804,MHz
naive,4:87,sample_cpu2_freq,1804,MHz
naive,4:87,sample_cpu3_freq,1804,MHz
naive,4:87,sample_cpu4_freq,2208,MHz
naive,4:87,sample_cpu5_freq,2208,MHz
naive,4:87,sample_cpu6_freq,2208,MHz
naive,4:87,sample_cpu7_freq,2304,MHz
naive,4:88,sample_elapsed,13604,ms
naive,4:88,sample_power,3.739,W
naive,4:88,sample_process_cpu,397.452,% one core
naive,4:88,sample_free_ram,1.916,GiB
naive,4:88,sample_battery_temp,34.500,C
naive,4:88,sample_thermal_status,0,Android PowerManager status
naive,4:88,sample_cpu0_freq,1804,MHz
naive,4:88,sample_cpu1_freq,1804,MHz
naive,4:88,sample_cpu2_freq,1804,MHz
naive,4:88,sample_cpu3_freq,1804,MHz
naive,4:88,sample_cpu4_freq,2208,MHz
naive,4:88,sample_cpu5_freq,2208,MHz
naive,4:88,sample_cpu6_freq,2208,MHz
naive,4:88,sample_cpu7_freq,2304,MHz
naive,4:89,sample_elapsed,13759,ms
naive,4:89,sample_power,3.739,W
naive,4:89,sample_process_cpu,400.000,% one core
naive,4:89,sample_free_ram,1.916,GiB
naive,4:89,sample_battery_temp,34.500,C
naive,4:89,sample_thermal_status,0,Android PowerManager status
naive,4:89,sample_cpu0_freq,1804,MHz
naive,4:89,sample_cpu1_freq,1804,MHz
naive,4:89,sample_cpu2_freq,1804,MHz
naive,4:89,sample_cpu3_freq,1804,MHz
naive,4:89,sample_cpu4_freq,2208,MHz
naive,4:89,sample_cpu5_freq,2208,MHz
naive,4:89,sample_cpu6_freq,2208,MHz
naive,4:89,sample_cpu7_freq,2304,MHz
naive,4:90,sample_elapsed,13915,ms
naive,4:90,sample_power,3.739,W
naive,4:90,sample_process_cpu,397.436,% one core
naive,4:90,sample_free_ram,1.916,GiB
naive,4:90,sample_battery_temp,34.500,C
naive,4:90,sample_thermal_status,0,Android PowerManager status
naive,4:90,sample_cpu0_freq,1804,MHz
naive,4:90,sample_cpu1_freq,1804,MHz
naive,4:90,sample_cpu2_freq,1804,MHz
naive,4:90,sample_cpu3_freq,1804,MHz
naive,4:90,sample_cpu4_freq,2208,MHz
naive,4:90,sample_cpu5_freq,2208,MHz
naive,4:90,sample_cpu6_freq,2208,MHz
naive,4:90,sample_cpu7_freq,2304,MHz
naive,4:91,sample_elapsed,14072,ms
naive,4:91,sample_power,3.739,W
naive,4:91,sample_process_cpu,401.274,% one core
naive,4:91,sample_free_ram,1.916,GiB
naive,4:91,sample_battery_temp,34.500,C
naive,4:91,sample_thermal_status,0,Android PowerManager status
naive,4:91,sample_cpu0_freq,1804,MHz
naive,4:91,sample_cpu1_freq,1804,MHz
naive,4:91,sample_cpu2_freq,1804,MHz
naive,4:91,sample_cpu3_freq,1804,MHz
naive,4:91,sample_cpu4_freq,2208,MHz
naive,4:91,sample_cpu5_freq,2208,MHz
naive,4:91,sample_cpu6_freq,2208,MHz
naive,4:91,sample_cpu7_freq,2304,MHz
naive,4:92,sample_elapsed,14233,ms
naive,4:92,sample_power,3.739,W
naive,4:92,sample_process_cpu,396.273,% one core
naive,4:92,sample_free_ram,1.916,GiB
naive,4:92,sample_battery_temp,34.500,C
naive,4:92,sample_thermal_status,0,Android PowerManager status
naive,4:92,sample_cpu0_freq,1804,MHz
naive,4:92,sample_cpu1_freq,1804,MHz
naive,4:92,sample_cpu2_freq,1804,MHz
naive,4:92,sample_cpu3_freq,1804,MHz
naive,4:92,sample_cpu4_freq,2208,MHz
naive,4:92,sample_cpu5_freq,2208,MHz
naive,4:92,sample_cpu6_freq,2208,MHz
naive,4:92,sample_cpu7_freq,2304,MHz
naive,4:93,sample_elapsed,14389,ms
naive,4:93,sample_power,3.739,W
naive,4:93,sample_process_cpu,400.641,% one core
naive,4:93,sample_free_ram,1.916,GiB
naive,4:93,sample_battery_temp,34.500,C
naive,4:93,sample_thermal_status,0,Android PowerManager status
naive,4:93,sample_cpu0_freq,1804,MHz
naive,4:93,sample_cpu1_freq,1804,MHz
naive,4:93,sample_cpu2_freq,1804,MHz
naive,4:93,sample_cpu3_freq,1804,MHz
naive,4:93,sample_cpu4_freq,2208,MHz
naive,4:93,sample_cpu5_freq,2208,MHz
naive,4:93,sample_cpu6_freq,2208,MHz
naive,4:93,sample_cpu7_freq,2304,MHz
naive,4:94,sample_elapsed,14545,ms
naive,4:94,sample_power,3.739,W
naive,4:94,sample_process_cpu,391.026,% one core
naive,4:94,sample_free_ram,1.916,GiB
naive,4:94,sample_battery_temp,34.500,C
naive,4:94,sample_thermal_status,0,Android PowerManager status
naive,4:94,sample_cpu0_freq,1804,MHz
naive,4:94,sample_cpu1_freq,1804,MHz
naive,4:94,sample_cpu2_freq,1804,MHz
naive,4:94,sample_cpu3_freq,1804,MHz
naive,4:94,sample_cpu4_freq,2208,MHz
naive,4:94,sample_cpu5_freq,2208,MHz
naive,4:94,sample_cpu6_freq,2208,MHz
naive,4:94,sample_cpu7_freq,2304,MHz
naive,4:95,sample_elapsed,14701,ms
naive,4:95,sample_power,3.739,W
naive,4:95,sample_process_cpu,398.718,% one core
naive,4:95,sample_free_ram,1.916,GiB
naive,4:95,sample_battery_temp,34.500,C
naive,4:95,sample_thermal_status,0,Android PowerManager status
naive,4:95,sample_cpu0_freq,1804,MHz
naive,4:95,sample_cpu1_freq,1804,MHz
naive,4:95,sample_cpu2_freq,1804,MHz
naive,4:95,sample_cpu3_freq,1804,MHz
naive,4:95,sample_cpu4_freq,2208,MHz
naive,4:95,sample_cpu5_freq,2208,MHz
naive,4:95,sample_cpu6_freq,2208,MHz
naive,4:95,sample_cpu7_freq,2304,MHz
naive,4:96,sample_elapsed,14857,ms
naive,4:96,sample_power,3.739,W
naive,4:96,sample_process_cpu,398.718,% one core
naive,4:96,sample_free_ram,1.915,GiB
naive,4:96,sample_battery_temp,34.500,C
naive,4:96,sample_thermal_status,0,Android PowerManager status
naive,4:96,sample_cpu0_freq,1804,MHz
naive,4:96,sample_cpu1_freq,1804,MHz
naive,4:96,sample_cpu2_freq,1804,MHz
naive,4:96,sample_cpu3_freq,1804,MHz
naive,4:96,sample_cpu4_freq,2208,MHz
naive,4:96,sample_cpu5_freq,2208,MHz
naive,4:96,sample_cpu6_freq,2208,MHz
naive,4:96,sample_cpu7_freq,2304,MHz
naive,4:97,sample_elapsed,15013,ms
naive,4:97,sample_power,3.739,W
naive,4:97,sample_process_cpu,397.436,% one core
naive,4:97,sample_free_ram,1.915,GiB
naive,4:97,sample_battery_temp,34.500,C
naive,4:97,sample_thermal_status,0,Android PowerManager status
naive,4:97,sample_cpu0_freq,1804,MHz
naive,4:97,sample_cpu1_freq,1804,MHz
naive,4:97,sample_cpu2_freq,1804,MHz
naive,4:97,sample_cpu3_freq,1804,MHz
naive,4:97,sample_cpu4_freq,2208,MHz
naive,4:97,sample_cpu5_freq,2208,MHz
naive,4:97,sample_cpu6_freq,2208,MHz
naive,4:97,sample_cpu7_freq,2304,MHz
naive,4:98,sample_elapsed,15169,ms
naive,4:98,sample_power,3.739,W
naive,4:98,sample_process_cpu,397.436,% one core
naive,4:98,sample_free_ram,1.914,GiB
naive,4:98,sample_battery_temp,34.500,C
naive,4:98,sample_thermal_status,0,Android PowerManager status
naive,4:98,sample_cpu0_freq,1804,MHz
naive,4:98,sample_cpu1_freq,1804,MHz
naive,4:98,sample_cpu2_freq,1804,MHz
naive,4:98,sample_cpu3_freq,1804,MHz
naive,4:98,sample_cpu4_freq,2208,MHz
naive,4:98,sample_cpu5_freq,2208,MHz
naive,4:98,sample_cpu6_freq,2208,MHz
naive,4:98,sample_cpu7_freq,2304,MHz
naive,4:99,sample_elapsed,15330,ms
naive,4:99,sample_power,3.739,W
naive,4:99,sample_process_cpu,401.863,% one core
naive,4:99,sample_free_ram,1.914,GiB
naive,4:99,sample_battery_temp,34.500,C
naive,4:99,sample_thermal_status,0,Android PowerManager status
naive,4:99,sample_cpu0_freq,1804,MHz
naive,4:99,sample_cpu1_freq,1804,MHz
naive,4:99,sample_cpu2_freq,1804,MHz
naive,4:99,sample_cpu3_freq,1804,MHz
naive,4:99,sample_cpu4_freq,2208,MHz
naive,4:99,sample_cpu5_freq,2208,MHz
naive,4:99,sample_cpu6_freq,2208,MHz
naive,4:99,sample_cpu7_freq,2304,MHz
naive,4:100,sample_elapsed,15487,ms
naive,4:100,sample_power,3.739,W
naive,4:100,sample_process_cpu,408.280,% one core
naive,4:100,sample_free_ram,1.914,GiB
naive,4:100,sample_battery_temp,34.500,C
naive,4:100,sample_thermal_status,0,Android PowerManager status
naive,4:100,sample_cpu0_freq,1804,MHz
naive,4:100,sample_cpu1_freq,1804,MHz
naive,4:100,sample_cpu2_freq,1804,MHz
naive,4:100,sample_cpu3_freq,1804,MHz
naive,4:100,sample_cpu4_freq,2208,MHz
naive,4:100,sample_cpu5_freq,2208,MHz
naive,4:100,sample_cpu6_freq,2208,MHz
naive,4:100,sample_cpu7_freq,2304,MHz
naive,4:101,sample_elapsed,15643,ms
naive,4:101,sample_power,3.739,W
naive,4:101,sample_process_cpu,402.564,% one core
naive,4:101,sample_free_ram,1.914,GiB
naive,4:101,sample_battery_temp,34.500,C
naive,4:101,sample_thermal_status,0,Android PowerManager status
naive,4:101,sample_cpu0_freq,1804,MHz
naive,4:101,sample_cpu1_freq,1804,MHz
naive,4:101,sample_cpu2_freq,1804,MHz
naive,4:101,sample_cpu3_freq,1804,MHz
naive,4:101,sample_cpu4_freq,2208,MHz
naive,4:101,sample_cpu5_freq,2208,MHz
naive,4:101,sample_cpu6_freq,2208,MHz
naive,4:101,sample_cpu7_freq,2304,MHz
naive,4:102,sample_elapsed,15807,ms
naive,4:102,sample_power,3.739,W
naive,4:102,sample_process_cpu,395.732,% one core
naive,4:102,sample_free_ram,1.914,GiB
naive,4:102,sample_battery_temp,34.500,C
naive,4:102,sample_thermal_status,0,Android PowerManager status
naive,4:102,sample_cpu0_freq,1804,MHz
naive,4:102,sample_cpu1_freq,1804,MHz
naive,4:102,sample_cpu2_freq,1804,MHz
naive,4:102,sample_cpu3_freq,1804,MHz
naive,4:102,sample_cpu4_freq,2208,MHz
naive,4:102,sample_cpu5_freq,2208,MHz
naive,4:102,sample_cpu6_freq,2208,MHz
naive,4:102,sample_cpu7_freq,2304,MHz
naive,4:103,sample_elapsed,15965,ms
naive,4:103,sample_power,3.739,W
naive,4:103,sample_process_cpu,396.203,% one core
naive,4:103,sample_free_ram,1.914,GiB
naive,4:103,sample_battery_temp,34.500,C
naive,4:103,sample_thermal_status,0,Android PowerManager status
naive,4:103,sample_cpu0_freq,1804,MHz
naive,4:103,sample_cpu1_freq,1804,MHz
naive,4:103,sample_cpu2_freq,1804,MHz
naive,4:103,sample_cpu3_freq,1804,MHz
naive,4:103,sample_cpu4_freq,2208,MHz
naive,4:103,sample_cpu5_freq,2208,MHz
naive,4:103,sample_cpu6_freq,2208,MHz
naive,4:103,sample_cpu7_freq,2304,MHz
naive,4:104,sample_elapsed,16119,ms
naive,4:104,sample_power,3.739,W
naive,4:104,sample_process_cpu,397.403,% one core
naive,4:104,sample_free_ram,1.914,GiB
naive,4:104,sample_battery_temp,34.500,C
naive,4:104,sample_thermal_status,0,Android PowerManager status
naive,4:104,sample_cpu0_freq,1804,MHz
naive,4:104,sample_cpu1_freq,1804,MHz
naive,4:104,sample_cpu2_freq,1804,MHz
naive,4:104,sample_cpu3_freq,1804,MHz
naive,4:104,sample_cpu4_freq,2208,MHz
naive,4:104,sample_cpu5_freq,2208,MHz
naive,4:104,sample_cpu6_freq,2208,MHz
naive,4:104,sample_cpu7_freq,2304,MHz
naive,4:105,sample_elapsed,16275,ms
naive,4:105,sample_power,3.739,W
naive,4:105,sample_process_cpu,393.590,% one core
naive,4:105,sample_free_ram,1.913,GiB
naive,4:105,sample_battery_temp,34.500,C
naive,4:105,sample_thermal_status,0,Android PowerManager status
naive,4:105,sample_cpu0_freq,1804,MHz
naive,4:105,sample_cpu1_freq,1804,MHz
naive,4:105,sample_cpu2_freq,1804,MHz
naive,4:105,sample_cpu3_freq,1804,MHz
naive,4:105,sample_cpu4_freq,2208,MHz
naive,4:105,sample_cpu5_freq,2208,MHz
naive,4:105,sample_cpu6_freq,2208,MHz
naive,4:105,sample_cpu7_freq,2304,MHz
naive,4:106,sample_elapsed,16429,ms
naive,4:106,sample_power,3.739,W
naive,4:106,sample_process_cpu,394.805,% one core
naive,4:106,sample_free_ram,1.913,GiB
naive,4:106,sample_battery_temp,34.500,C
naive,4:106,sample_thermal_status,0,Android PowerManager status
naive,4:106,sample_cpu0_freq,1804,MHz
naive,4:106,sample_cpu1_freq,1804,MHz
naive,4:106,sample_cpu2_freq,1804,MHz
naive,4:106,sample_cpu3_freq,1804,MHz
naive,4:106,sample_cpu4_freq,2208,MHz
naive,4:106,sample_cpu5_freq,2208,MHz
naive,4:106,sample_cpu6_freq,2208,MHz
naive,4:106,sample_cpu7_freq,2304,MHz
naive,4:107,sample_elapsed,16584,ms
naive,4:107,sample_power,3.739,W
naive,4:107,sample_process_cpu,398.065,% one core
naive,4:107,sample_free_ram,1.913,GiB
naive,4:107,sample_battery_temp,34.500,C
naive,4:107,sample_thermal_status,0,Android PowerManager status
naive,4:107,sample_cpu0_freq,1804,MHz
naive,4:107,sample_cpu1_freq,1804,MHz
naive,4:107,sample_cpu2_freq,1804,MHz
naive,4:107,sample_cpu3_freq,1804,MHz
naive,4:107,sample_cpu4_freq,2208,MHz
naive,4:107,sample_cpu5_freq,2208,MHz
naive,4:107,sample_cpu6_freq,2208,MHz
naive,4:107,sample_cpu7_freq,2304,MHz
naive,5,pp,160.000,tok/s
naive,5,tg,10.300,tok/s
naive,5,power,2.437,W
naive,5,tok_per_w,4.227,tok/W
naive,5,ttft_pp512_derived,3297.087,ms
naive,5,start_temp,34.500,C
naive,5,average_process_cpu,491.314,% one core
naive,5,minimum_free_ram,1.913,GiB
naive,5,peak_battery_temp,34.500,C
naive,5,peak_thermal_status,0,Android PowerManager status
naive,5:1,sample_elapsed,1,ms
naive,5:1,sample_power,1.007,W
naive,5:1,sample_process_cpu,400.000,% one core
naive,5:1,sample_free_ram,1.982,GiB
naive,5:1,sample_battery_temp,34.500,C
naive,5:1,sample_thermal_status,0,Android PowerManager status
naive,5:1,sample_cpu0_freq,1708,MHz
naive,5:1,sample_cpu1_freq,1804,MHz
naive,5:1,sample_cpu2_freq,1804,MHz
naive,5:1,sample_cpu3_freq,1804,MHz
naive,5:1,sample_cpu4_freq,2208,MHz
naive,5:1,sample_cpu5_freq,2208,MHz
naive,5:1,sample_cpu6_freq,2208,MHz
naive,5:1,sample_cpu7_freq,633,MHz
naive,5:2,sample_elapsed,159,ms
naive,5:2,sample_power,1.007,W
naive,5:2,sample_process_cpu,387.975,% one core
naive,5:2,sample_free_ram,1.950,GiB
naive,5:2,sample_battery_temp,34.500,C
naive,5:2,sample_thermal_status,0,Android PowerManager status
naive,5:2,sample_cpu0_freq,1804,MHz
naive,5:2,sample_cpu1_freq,1804,MHz
naive,5:2,sample_cpu2_freq,1804,MHz
naive,5:2,sample_cpu3_freq,1804,MHz
naive,5:2,sample_cpu4_freq,2208,MHz
naive,5:2,sample_cpu5_freq,2208,MHz
naive,5:2,sample_cpu6_freq,2208,MHz
naive,5:2,sample_cpu7_freq,2304,MHz
naive,5:3,sample_elapsed,313,ms
naive,5:3,sample_power,1.007,W
naive,5:3,sample_process_cpu,486.364,% one core
naive,5:3,sample_free_ram,1.913,GiB
naive,5:3,sample_battery_temp,34.500,C
naive,5:3,sample_thermal_status,0,Android PowerManager status
naive,5:3,sample_cpu0_freq,1804,MHz
naive,5:3,sample_cpu1_freq,1804,MHz
naive,5:3,sample_cpu2_freq,1804,MHz
naive,5:3,sample_cpu3_freq,1804,MHz
naive,5:3,sample_cpu4_freq,2208,MHz
naive,5:3,sample_cpu5_freq,2208,MHz
naive,5:3,sample_cpu6_freq,2208,MHz
naive,5:3,sample_cpu7_freq,2304,MHz
naive,5:4,sample_elapsed,467,ms
naive,5:4,sample_power,1.007,W
naive,5:4,sample_process_cpu,503.247,% one core
naive,5:4,sample_free_ram,1.913,GiB
naive,5:4,sample_battery_temp,34.500,C
naive,5:4,sample_thermal_status,0,Android PowerManager status
naive,5:4,sample_cpu0_freq,1804,MHz
naive,5:4,sample_cpu1_freq,1804,MHz
naive,5:4,sample_cpu2_freq,1804,MHz
naive,5:4,sample_cpu3_freq,1804,MHz
naive,5:4,sample_cpu4_freq,2208,MHz
naive,5:4,sample_cpu5_freq,2208,MHz
naive,5:4,sample_cpu6_freq,2208,MHz
naive,5:4,sample_cpu7_freq,2304,MHz
naive,5:5,sample_elapsed,621,ms
naive,5:5,sample_power,1.007,W
naive,5:5,sample_process_cpu,487.662,% one core
naive,5:5,sample_free_ram,1.913,GiB
naive,5:5,sample_battery_temp,34.500,C
naive,5:5,sample_thermal_status,0,Android PowerManager status
naive,5:5,sample_cpu0_freq,1804,MHz
naive,5:5,sample_cpu1_freq,1804,MHz
naive,5:5,sample_cpu2_freq,1804,MHz
naive,5:5,sample_cpu3_freq,1804,MHz
naive,5:5,sample_cpu4_freq,2208,MHz
naive,5:5,sample_cpu5_freq,2208,MHz
naive,5:5,sample_cpu6_freq,2208,MHz
naive,5:5,sample_cpu7_freq,2304,MHz
naive,5:6,sample_elapsed,775,ms
naive,5:6,sample_power,1.007,W
naive,5:6,sample_process_cpu,514.286,% one core
naive,5:6,sample_free_ram,1.913,GiB
naive,5:6,sample_battery_temp,34.500,C
naive,5:6,sample_thermal_status,0,Android PowerManager status
naive,5:6,sample_cpu0_freq,1804,MHz
naive,5:6,sample_cpu1_freq,1804,MHz
naive,5:6,sample_cpu2_freq,1804,MHz
naive,5:6,sample_cpu3_freq,1804,MHz
naive,5:6,sample_cpu4_freq,2208,MHz
naive,5:6,sample_cpu5_freq,2208,MHz
naive,5:6,sample_cpu6_freq,2208,MHz
naive,5:6,sample_cpu7_freq,2304,MHz
naive,5:7,sample_elapsed,932,ms
naive,5:7,sample_power,1.007,W
naive,5:7,sample_process_cpu,482.166,% one core
naive,5:7,sample_free_ram,1.913,GiB
naive,5:7,sample_battery_temp,34.500,C
naive,5:7,sample_thermal_status,0,Android PowerManager status
naive,5:7,sample_cpu0_freq,1804,MHz
naive,5:7,sample_cpu1_freq,1804,MHz
naive,5:7,sample_cpu2_freq,1804,MHz
naive,5:7,sample_cpu3_freq,1804,MHz
naive,5:7,sample_cpu4_freq,2208,MHz
naive,5:7,sample_cpu5_freq,2208,MHz
naive,5:7,sample_cpu6_freq,2208,MHz
naive,5:7,sample_cpu7_freq,2304,MHz
naive,5:8,sample_elapsed,1086,ms
naive,5:8,sample_power,1.007,W
naive,5:8,sample_process_cpu,494.805,% one core
naive,5:8,sample_free_ram,1.913,GiB
naive,5:8,sample_battery_temp,34.500,C
naive,5:8,sample_thermal_status,0,Android PowerManager status
naive,5:8,sample_cpu0_freq,1804,MHz
naive,5:8,sample_cpu1_freq,1804,MHz
naive,5:8,sample_cpu2_freq,1804,MHz
naive,5:8,sample_cpu3_freq,1804,MHz
naive,5:8,sample_cpu4_freq,2208,MHz
naive,5:8,sample_cpu5_freq,2208,MHz
naive,5:8,sample_cpu6_freq,2208,MHz
naive,5:8,sample_cpu7_freq,2304,MHz
naive,5:9,sample_elapsed,1240,ms
naive,5:9,sample_power,1.007,W
naive,5:9,sample_process_cpu,486.364,% one core
naive,5:9,sample_free_ram,1.913,GiB
naive,5:9,sample_battery_temp,34.500,C
naive,5:9,sample_thermal_status,0,Android PowerManager status
naive,5:9,sample_cpu0_freq,1804,MHz
naive,5:9,sample_cpu1_freq,1804,MHz
naive,5:9,sample_cpu2_freq,1804,MHz
naive,5:9,sample_cpu3_freq,1804,MHz
naive,5:9,sample_cpu4_freq,2208,MHz
naive,5:9,sample_cpu5_freq,2208,MHz
naive,5:9,sample_cpu6_freq,2208,MHz
naive,5:9,sample_cpu7_freq,2304,MHz
naive,5:10,sample_elapsed,1395,ms
naive,5:10,sample_power,1.007,W
naive,5:10,sample_process_cpu,503.226,% one core
naive,5:10,sample_free_ram,1.913,GiB
naive,5:10,sample_battery_temp,34.500,C
naive,5:10,sample_thermal_status,0,Android PowerManager status
naive,5:10,sample_cpu0_freq,1804,MHz
naive,5:10,sample_cpu1_freq,1804,MHz
naive,5:10,sample_cpu2_freq,1804,MHz
naive,5:10,sample_cpu3_freq,1804,MHz
naive,5:10,sample_cpu4_freq,2208,MHz
naive,5:10,sample_cpu5_freq,2208,MHz
naive,5:10,sample_cpu6_freq,2208,MHz
naive,5:10,sample_cpu7_freq,2304,MHz
naive,5:11,sample_elapsed,1554,ms
naive,5:11,sample_power,1.007,W
naive,5:11,sample_process_cpu,496.226,% one core
naive,5:11,sample_free_ram,1.939,GiB
naive,5:11,sample_battery_temp,34.500,C
naive,5:11,sample_thermal_status,0,Android PowerManager status
naive,5:11,sample_cpu0_freq,1804,MHz
naive,5:11,sample_cpu1_freq,1804,MHz
naive,5:11,sample_cpu2_freq,1804,MHz
naive,5:11,sample_cpu3_freq,1804,MHz
naive,5:11,sample_cpu4_freq,2208,MHz
naive,5:11,sample_cpu5_freq,2208,MHz
naive,5:11,sample_cpu6_freq,2208,MHz
naive,5:11,sample_cpu7_freq,2304,MHz
naive,5:12,sample_elapsed,1719,ms
naive,5:12,sample_power,1.007,W
naive,5:12,sample_process_cpu,470.909,% one core
naive,5:12,sample_free_ram,1.945,GiB
naive,5:12,sample_battery_temp,34.500,C
naive,5:12,sample_thermal_status,0,Android PowerManager status
naive,5:12,sample_cpu0_freq,1804,MHz
naive,5:12,sample_cpu1_freq,1804,MHz
naive,5:12,sample_cpu2_freq,1804,MHz
naive,5:12,sample_cpu3_freq,1804,MHz
naive,5:12,sample_cpu4_freq,2208,MHz
naive,5:12,sample_cpu5_freq,2208,MHz
naive,5:12,sample_cpu6_freq,2208,MHz
naive,5:12,sample_cpu7_freq,2304,MHz
naive,5:13,sample_elapsed,1873,ms
naive,5:13,sample_power,1.007,W
naive,5:13,sample_process_cpu,500.649,% one core
naive,5:13,sample_free_ram,1.951,GiB
naive,5:13,sample_battery_temp,34.500,C
naive,5:13,sample_thermal_status,0,Android PowerManager status
naive,5:13,sample_cpu0_freq,1804,MHz
naive,5:13,sample_cpu1_freq,1804,MHz
naive,5:13,sample_cpu2_freq,1804,MHz
naive,5:13,sample_cpu3_freq,1804,MHz
naive,5:13,sample_cpu4_freq,2208,MHz
naive,5:13,sample_cpu5_freq,2208,MHz
naive,5:13,sample_cpu6_freq,2208,MHz
naive,5:13,sample_cpu7_freq,2304,MHz
naive,5:14,sample_elapsed,2027,ms
naive,5:14,sample_power,1.007,W
naive,5:14,sample_process_cpu,492.208,% one core
naive,5:14,sample_free_ram,1.958,GiB
naive,5:14,sample_battery_temp,34.500,C
naive,5:14,sample_thermal_status,0,Android PowerManager status
naive,5:14,sample_cpu0_freq,1804,MHz
naive,5:14,sample_cpu1_freq,1804,MHz
naive,5:14,sample_cpu2_freq,1804,MHz
naive,5:14,sample_cpu3_freq,1804,MHz
naive,5:14,sample_cpu4_freq,2208,MHz
naive,5:14,sample_cpu5_freq,2208,MHz
naive,5:14,sample_cpu6_freq,2208,MHz
naive,5:14,sample_cpu7_freq,2304,MHz
naive,5:15,sample_elapsed,2181,ms
naive,5:15,sample_power,1.007,W
naive,5:15,sample_process_cpu,495.455,% one core
naive,5:15,sample_free_ram,1.958,GiB
naive,5:15,sample_battery_temp,34.500,C
naive,5:15,sample_thermal_status,0,Android PowerManager status
naive,5:15,sample_cpu0_freq,1804,MHz
naive,5:15,sample_cpu1_freq,1804,MHz
naive,5:15,sample_cpu2_freq,1804,MHz
naive,5:15,sample_cpu3_freq,1804,MHz
naive,5:15,sample_cpu4_freq,2208,MHz
naive,5:15,sample_cpu5_freq,2208,MHz
naive,5:15,sample_cpu6_freq,2208,MHz
naive,5:15,sample_cpu7_freq,2304,MHz
naive,5:16,sample_elapsed,2337,ms
naive,5:16,sample_power,1.007,W
naive,5:16,sample_process_cpu,489.103,% one core
naive,5:16,sample_free_ram,1.958,GiB
naive,5:16,sample_battery_temp,34.500,C
naive,5:16,sample_thermal_status,0,Android PowerManager status
naive,5:16,sample_cpu0_freq,1804,MHz
naive,5:16,sample_cpu1_freq,1804,MHz
naive,5:16,sample_cpu2_freq,1804,MHz
naive,5:16,sample_cpu3_freq,1804,MHz
naive,5:16,sample_cpu4_freq,2208,MHz
naive,5:16,sample_cpu5_freq,2208,MHz
naive,5:16,sample_cpu6_freq,2208,MHz
naive,5:16,sample_cpu7_freq,2304,MHz
naive,5:17,sample_elapsed,2491,ms
naive,5:17,sample_power,1.007,W
naive,5:17,sample_process_cpu,492.857,% one core
naive,5:17,sample_free_ram,1.957,GiB
naive,5:17,sample_battery_temp,34.500,C
naive,5:17,sample_thermal_status,0,Android PowerManager status
naive,5:17,sample_cpu0_freq,1804,MHz
naive,5:17,sample_cpu1_freq,1804,MHz
naive,5:17,sample_cpu2_freq,1804,MHz
naive,5:17,sample_cpu3_freq,1804,MHz
naive,5:17,sample_cpu4_freq,2208,MHz
naive,5:17,sample_cpu5_freq,2208,MHz
naive,5:17,sample_cpu6_freq,2208,MHz
naive,5:17,sample_cpu7_freq,2304,MHz
naive,5:18,sample_elapsed,2645,ms
naive,5:18,sample_power,1.007,W
naive,5:18,sample_process_cpu,489.610,% one core
naive,5:18,sample_free_ram,1.957,GiB
naive,5:18,sample_battery_temp,34.500,C
naive,5:18,sample_thermal_status,0,Android PowerManager status
naive,5:18,sample_cpu0_freq,1804,MHz
naive,5:18,sample_cpu1_freq,1804,MHz
naive,5:18,sample_cpu2_freq,1804,MHz
naive,5:18,sample_cpu3_freq,1804,MHz
naive,5:18,sample_cpu4_freq,2208,MHz
naive,5:18,sample_cpu5_freq,2208,MHz
naive,5:18,sample_cpu6_freq,2208,MHz
naive,5:18,sample_cpu7_freq,2304,MHz
naive,5:19,sample_elapsed,2799,ms
naive,5:19,sample_power,1.007,W
naive,5:19,sample_process_cpu,501.299,% one core
naive,5:19,sample_free_ram,1.957,GiB
naive,5:19,sample_battery_temp,34.500,C
naive,5:19,sample_thermal_status,0,Android PowerManager status
naive,5:19,sample_cpu0_freq,1804,MHz
naive,5:19,sample_cpu1_freq,1804,MHz
naive,5:19,sample_cpu2_freq,1804,MHz
naive,5:19,sample_cpu3_freq,1804,MHz
naive,5:19,sample_cpu4_freq,2208,MHz
naive,5:19,sample_cpu5_freq,2208,MHz
naive,5:19,sample_cpu6_freq,2208,MHz
naive,5:19,sample_cpu7_freq,2304,MHz
naive,5:20,sample_elapsed,2953,ms
naive,5:20,sample_power,1.007,W
naive,5:20,sample_process_cpu,496.753,% one core
naive,5:20,sample_free_ram,1.957,GiB
naive,5:20,sample_battery_temp,34.500,C
naive,5:20,sample_thermal_status,0,Android PowerManager status
naive,5:20,sample_cpu0_freq,1804,MHz
naive,5:20,sample_cpu1_freq,1804,MHz
naive,5:20,sample_cpu2_freq,1804,MHz
naive,5:20,sample_cpu3_freq,1804,MHz
naive,5:20,sample_cpu4_freq,2208,MHz
naive,5:20,sample_cpu5_freq,2208,MHz
naive,5:20,sample_cpu6_freq,2208,MHz
naive,5:20,sample_cpu7_freq,2304,MHz
naive,5:21,sample_elapsed,3107,ms
naive,5:21,sample_power,1.007,W
naive,5:21,sample_process_cpu,490.909,% one core
naive,5:21,sample_free_ram,1.957,GiB
naive,5:21,sample_battery_temp,34.500,C
naive,5:21,sample_thermal_status,0,Android PowerManager status
naive,5:21,sample_cpu0_freq,1804,MHz
naive,5:21,sample_cpu1_freq,1804,MHz
naive,5:21,sample_cpu2_freq,1804,MHz
naive,5:21,sample_cpu3_freq,1804,MHz
naive,5:21,sample_cpu4_freq,2208,MHz
naive,5:21,sample_cpu5_freq,2208,MHz
naive,5:21,sample_cpu6_freq,2208,MHz
naive,5:21,sample_cpu7_freq,2304,MHz
naive,5:22,sample_elapsed,3263,ms
naive,5:22,sample_power,1.007,W
naive,5:22,sample_process_cpu,501.282,% one core
naive,5:22,sample_free_ram,1.957,GiB
naive,5:22,sample_battery_temp,34.500,C
naive,5:22,sample_thermal_status,0,Android PowerManager status
naive,5:22,sample_cpu0_freq,1804,MHz
naive,5:22,sample_cpu1_freq,1804,MHz
naive,5:22,sample_cpu2_freq,1804,MHz
naive,5:22,sample_cpu3_freq,1804,MHz
naive,5:22,sample_cpu4_freq,2208,MHz
naive,5:22,sample_cpu5_freq,2208,MHz
naive,5:22,sample_cpu6_freq,2208,MHz
naive,5:22,sample_cpu7_freq,2304,MHz
naive,5:23,sample_elapsed,3419,ms
naive,5:23,sample_power,1.007,W
naive,5:23,sample_process_cpu,491.026,% one core
naive,5:23,sample_free_ram,1.956,GiB
naive,5:23,sample_battery_temp,34.500,C
naive,5:23,sample_thermal_status,0,Android PowerManager status
naive,5:23,sample_cpu0_freq,1804,MHz
naive,5:23,sample_cpu1_freq,1804,MHz
naive,5:23,sample_cpu2_freq,1804,MHz
naive,5:23,sample_cpu3_freq,1804,MHz
naive,5:23,sample_cpu4_freq,2208,MHz
naive,5:23,sample_cpu5_freq,2208,MHz
naive,5:23,sample_cpu6_freq,2208,MHz
naive,5:23,sample_cpu7_freq,2304,MHz
naive,5:24,sample_elapsed,3575,ms
naive,5:24,sample_power,1.007,W
naive,5:24,sample_process_cpu,492.949,% one core
naive,5:24,sample_free_ram,1.956,GiB
naive,5:24,sample_battery_temp,34.500,C
naive,5:24,sample_thermal_status,0,Android PowerManager status
naive,5:24,sample_cpu0_freq,1804,MHz
naive,5:24,sample_cpu1_freq,1804,MHz
naive,5:24,sample_cpu2_freq,1804,MHz
naive,5:24,sample_cpu3_freq,1804,MHz
naive,5:24,sample_cpu4_freq,2208,MHz
naive,5:24,sample_cpu5_freq,2208,MHz
naive,5:24,sample_cpu6_freq,2208,MHz
naive,5:24,sample_cpu7_freq,2304,MHz
naive,5:25,sample_elapsed,3732,ms
naive,5:25,sample_power,1.007,W
naive,5:25,sample_process_cpu,499.363,% one core
naive,5:25,sample_free_ram,1.956,GiB
naive,5:25,sample_battery_temp,34.500,C
naive,5:25,sample_thermal_status,0,Android PowerManager status
naive,5:25,sample_cpu0_freq,1804,MHz
naive,5:25,sample_cpu1_freq,1804,MHz
naive,5:25,sample_cpu2_freq,1804,MHz
naive,5:25,sample_cpu3_freq,1804,MHz
naive,5:25,sample_cpu4_freq,2208,MHz
naive,5:25,sample_cpu5_freq,2208,MHz
naive,5:25,sample_cpu6_freq,2208,MHz
naive,5:25,sample_cpu7_freq,2304,MHz
naive,5:26,sample_elapsed,3897,ms
naive,5:26,sample_power,1.007,W
naive,5:26,sample_process_cpu,514.545,% one core
naive,5:26,sample_free_ram,1.954,GiB
naive,5:26,sample_battery_temp,34.500,C
naive,5:26,sample_thermal_status,0,Android PowerManager status
naive,5:26,sample_cpu0_freq,1804,MHz
naive,5:26,sample_cpu1_freq,1804,MHz
naive,5:26,sample_cpu2_freq,1804,MHz
naive,5:26,sample_cpu3_freq,1804,MHz
naive,5:26,sample_cpu4_freq,2208,MHz
naive,5:26,sample_cpu5_freq,2208,MHz
naive,5:26,sample_cpu6_freq,2208,MHz
naive,5:26,sample_cpu7_freq,2304,MHz
naive,5:27,sample_elapsed,4055,ms
naive,5:27,sample_power,1.007,W
naive,5:27,sample_process_cpu,493.038,% one core
naive,5:27,sample_free_ram,1.954,GiB
naive,5:27,sample_battery_temp,34.500,C
naive,5:27,sample_thermal_status,0,Android PowerManager status
naive,5:27,sample_cpu0_freq,1804,MHz
naive,5:27,sample_cpu1_freq,1804,MHz
naive,5:27,sample_cpu2_freq,1804,MHz
naive,5:27,sample_cpu3_freq,1804,MHz
naive,5:27,sample_cpu4_freq,2208,MHz
naive,5:27,sample_cpu5_freq,2208,MHz
naive,5:27,sample_cpu6_freq,2208,MHz
naive,5:27,sample_cpu7_freq,2304,MHz
naive,5:28,sample_elapsed,4212,ms
naive,5:28,sample_power,1.007,W
naive,5:28,sample_process_cpu,494.268,% one core
naive,5:28,sample_free_ram,1.954,GiB
naive,5:28,sample_battery_temp,34.500,C
naive,5:28,sample_thermal_status,0,Android PowerManager status
naive,5:28,sample_cpu0_freq,1804,MHz
naive,5:28,sample_cpu1_freq,1804,MHz
naive,5:28,sample_cpu2_freq,1804,MHz
naive,5:28,sample_cpu3_freq,1804,MHz
naive,5:28,sample_cpu4_freq,2208,MHz
naive,5:28,sample_cpu5_freq,2208,MHz
naive,5:28,sample_cpu6_freq,2208,MHz
naive,5:28,sample_cpu7_freq,2304,MHz
naive,5:29,sample_elapsed,4367,ms
naive,5:29,sample_power,1.007,W
naive,5:29,sample_process_cpu,499.355,% one core
naive,5:29,sample_free_ram,1.954,GiB
naive,5:29,sample_battery_temp,34.500,C
naive,5:29,sample_thermal_status,0,Android PowerManager status
naive,5:29,sample_cpu0_freq,1804,MHz
naive,5:29,sample_cpu1_freq,1804,MHz
naive,5:29,sample_cpu2_freq,1804,MHz
naive,5:29,sample_cpu3_freq,1804,MHz
naive,5:29,sample_cpu4_freq,2208,MHz
naive,5:29,sample_cpu5_freq,2208,MHz
naive,5:29,sample_cpu6_freq,2208,MHz
naive,5:29,sample_cpu7_freq,2304,MHz
naive,5:30,sample_elapsed,4526,ms
naive,5:30,sample_power,1.007,W
naive,5:30,sample_process_cpu,492.453,% one core
naive,5:30,sample_free_ram,1.954,GiB
naive,5:30,sample_battery_temp,34.500,C
naive,5:30,sample_thermal_status,0,Android PowerManager status
naive,5:30,sample_cpu0_freq,1804,MHz
naive,5:30,sample_cpu1_freq,1804,MHz
naive,5:30,sample_cpu2_freq,1804,MHz
naive,5:30,sample_cpu3_freq,1804,MHz
naive,5:30,sample_cpu4_freq,2208,MHz
naive,5:30,sample_cpu5_freq,2208,MHz
naive,5:30,sample_cpu6_freq,2208,MHz
naive,5:30,sample_cpu7_freq,2304,MHz
naive,5:31,sample_elapsed,4684,ms
naive,5:31,sample_power,1.007,W
naive,5:31,sample_process_cpu,499.367,% one core
naive,5:31,sample_free_ram,1.953,GiB
naive,5:31,sample_battery_temp,34.500,C
naive,5:31,sample_thermal_status,0,Android PowerManager status
naive,5:31,sample_cpu0_freq,1804,MHz
naive,5:31,sample_cpu1_freq,1804,MHz
naive,5:31,sample_cpu2_freq,1804,MHz
naive,5:31,sample_cpu3_freq,1804,MHz
naive,5:31,sample_cpu4_freq,2208,MHz
naive,5:31,sample_cpu5_freq,2208,MHz
naive,5:31,sample_cpu6_freq,2208,MHz
naive,5:31,sample_cpu7_freq,2304,MHz
naive,5:32,sample_elapsed,4842,ms
naive,5:32,sample_power,1.007,W
naive,5:32,sample_process_cpu,489.873,% one core
naive,5:32,sample_free_ram,1.953,GiB
naive,5:32,sample_battery_temp,34.500,C
naive,5:32,sample_thermal_status,0,Android PowerManager status
naive,5:32,sample_cpu0_freq,1804,MHz
naive,5:32,sample_cpu1_freq,1804,MHz
naive,5:32,sample_cpu2_freq,1804,MHz
naive,5:32,sample_cpu3_freq,1804,MHz
naive,5:32,sample_cpu4_freq,2208,MHz
naive,5:32,sample_cpu5_freq,2208,MHz
naive,5:32,sample_cpu6_freq,2208,MHz
naive,5:32,sample_cpu7_freq,2304,MHz
naive,5:33,sample_elapsed,4997,ms
naive,5:33,sample_power,1.007,W
naive,5:33,sample_process_cpu,495.484,% one core
naive,5:33,sample_free_ram,1.953,GiB
naive,5:33,sample_battery_temp,34.500,C
naive,5:33,sample_thermal_status,0,Android PowerManager status
naive,5:33,sample_cpu0_freq,1804,MHz
naive,5:33,sample_cpu1_freq,1804,MHz
naive,5:33,sample_cpu2_freq,1804,MHz
naive,5:33,sample_cpu3_freq,1804,MHz
naive,5:33,sample_cpu4_freq,2208,MHz
naive,5:33,sample_cpu5_freq,2208,MHz
naive,5:33,sample_cpu6_freq,2208,MHz
naive,5:33,sample_cpu7_freq,2304,MHz
naive,5:34,sample_elapsed,5151,ms
naive,5:34,sample_power,1.007,W
naive,5:34,sample_process_cpu,497.403,% one core
naive,5:34,sample_free_ram,1.950,GiB
naive,5:34,sample_battery_temp,34.500,C
naive,5:34,sample_thermal_status,0,Android PowerManager status
naive,5:34,sample_cpu0_freq,1804,MHz
naive,5:34,sample_cpu1_freq,1804,MHz
naive,5:34,sample_cpu2_freq,1804,MHz
naive,5:34,sample_cpu3_freq,1804,MHz
naive,5:34,sample_cpu4_freq,2208,MHz
naive,5:34,sample_cpu5_freq,2208,MHz
naive,5:34,sample_cpu6_freq,2208,MHz
naive,5:34,sample_cpu7_freq,2304,MHz
naive,5:35,sample_elapsed,5307,ms
naive,5:35,sample_power,1.007,W
naive,5:35,sample_process_cpu,491.026,% one core
naive,5:35,sample_free_ram,1.950,GiB
naive,5:35,sample_battery_temp,34.500,C
naive,5:35,sample_thermal_status,0,Android PowerManager status
naive,5:35,sample_cpu0_freq,1804,MHz
naive,5:35,sample_cpu1_freq,1804,MHz
naive,5:35,sample_cpu2_freq,1804,MHz
naive,5:35,sample_cpu3_freq,1804,MHz
naive,5:35,sample_cpu4_freq,2208,MHz
naive,5:35,sample_cpu5_freq,2208,MHz
naive,5:35,sample_cpu6_freq,2208,MHz
naive,5:35,sample_cpu7_freq,2304,MHz
naive,5:36,sample_elapsed,5468,ms
naive,5:36,sample_power,1.007,W
naive,5:36,sample_process_cpu,493.168,% one core
naive,5:36,sample_free_ram,1.950,GiB
naive,5:36,sample_battery_temp,34.500,C
naive,5:36,sample_thermal_status,0,Android PowerManager status
naive,5:36,sample_cpu0_freq,1804,MHz
naive,5:36,sample_cpu1_freq,1804,MHz
naive,5:36,sample_cpu2_freq,1804,MHz
naive,5:36,sample_cpu3_freq,1804,MHz
naive,5:36,sample_cpu4_freq,2208,MHz
naive,5:36,sample_cpu5_freq,2208,MHz
naive,5:36,sample_cpu6_freq,2208,MHz
naive,5:36,sample_cpu7_freq,2304,MHz
naive,5:37,sample_elapsed,5627,ms
naive,5:37,sample_power,1.007,W
naive,5:37,sample_process_cpu,499.371,% one core
naive,5:37,sample_free_ram,1.949,GiB
naive,5:37,sample_battery_temp,34.500,C
naive,5:37,sample_thermal_status,0,Android PowerManager status
naive,5:37,sample_cpu0_freq,1804,MHz
naive,5:37,sample_cpu1_freq,1804,MHz
naive,5:37,sample_cpu2_freq,1804,MHz
naive,5:37,sample_cpu3_freq,1804,MHz
naive,5:37,sample_cpu4_freq,2208,MHz
naive,5:37,sample_cpu5_freq,2208,MHz
naive,5:37,sample_cpu6_freq,2208,MHz
naive,5:37,sample_cpu7_freq,2304,MHz
naive,5:38,sample_elapsed,5795,ms
naive,5:38,sample_power,1.007,W
naive,5:38,sample_process_cpu,491.667,% one core
naive,5:38,sample_free_ram,1.949,GiB
naive,5:38,sample_battery_temp,34.500,C
naive,5:38,sample_thermal_status,0,Android PowerManager status
naive,5:38,sample_cpu0_freq,1804,MHz
naive,5:38,sample_cpu1_freq,1804,MHz
naive,5:38,sample_cpu2_freq,1804,MHz
naive,5:38,sample_cpu3_freq,1804,MHz
naive,5:38,sample_cpu4_freq,2208,MHz
naive,5:38,sample_cpu5_freq,2208,MHz
naive,5:38,sample_cpu6_freq,2208,MHz
naive,5:38,sample_cpu7_freq,2304,MHz
naive,5:39,sample_elapsed,5953,ms
naive,5:39,sample_power,1.007,W
naive,5:39,sample_process_cpu,497.468,% one core
naive,5:39,sample_free_ram,1.949,GiB
naive,5:39,sample_battery_temp,34.500,C
naive,5:39,sample_thermal_status,0,Android PowerManager status
naive,5:39,sample_cpu0_freq,1804,MHz
naive,5:39,sample_cpu1_freq,1804,MHz
naive,5:39,sample_cpu2_freq,1804,MHz
naive,5:39,sample_cpu3_freq,1804,MHz
naive,5:39,sample_cpu4_freq,2208,MHz
naive,5:39,sample_cpu5_freq,2208,MHz
naive,5:39,sample_cpu6_freq,2208,MHz
naive,5:39,sample_cpu7_freq,2304,MHz
naive,5:40,sample_elapsed,6113,ms
naive,5:40,sample_power,1.007,W
naive,5:40,sample_process_cpu,498.750,% one core
naive,5:40,sample_free_ram,1.949,GiB
naive,5:40,sample_battery_temp,34.500,C
naive,5:40,sample_thermal_status,0,Android PowerManager status
naive,5:40,sample_cpu0_freq,1804,MHz
naive,5:40,sample_cpu1_freq,1804,MHz
naive,5:40,sample_cpu2_freq,1804,MHz
naive,5:40,sample_cpu3_freq,1804,MHz
naive,5:40,sample_cpu4_freq,2208,MHz
naive,5:40,sample_cpu5_freq,2208,MHz
naive,5:40,sample_cpu6_freq,2208,MHz
naive,5:40,sample_cpu7_freq,2304,MHz
naive,5:41,sample_elapsed,6270,ms
naive,5:41,sample_power,1.007,W
naive,5:41,sample_process_cpu,491.720,% one core
naive,5:41,sample_free_ram,1.949,GiB
naive,5:41,sample_battery_temp,34.500,C
naive,5:41,sample_thermal_status,0,Android PowerManager status
naive,5:41,sample_cpu0_freq,1804,MHz
naive,5:41,sample_cpu1_freq,1804,MHz
naive,5:41,sample_cpu2_freq,1804,MHz
naive,5:41,sample_cpu3_freq,1804,MHz
naive,5:41,sample_cpu4_freq,2208,MHz
naive,5:41,sample_cpu5_freq,2208,MHz
naive,5:41,sample_cpu6_freq,2208,MHz
naive,5:41,sample_cpu7_freq,2304,MHz
naive,5:42,sample_elapsed,6424,ms
naive,5:42,sample_power,1.007,W
naive,5:42,sample_process_cpu,497.403,% one core
naive,5:42,sample_free_ram,1.949,GiB
naive,5:42,sample_battery_temp,34.500,C
naive,5:42,sample_thermal_status,0,Android PowerManager status
naive,5:42,sample_cpu0_freq,1804,MHz
naive,5:42,sample_cpu1_freq,1804,MHz
naive,5:42,sample_cpu2_freq,1804,MHz
naive,5:42,sample_cpu3_freq,1804,MHz
naive,5:42,sample_cpu4_freq,2208,MHz
naive,5:42,sample_cpu5_freq,2208,MHz
naive,5:42,sample_cpu6_freq,2208,MHz
naive,5:42,sample_cpu7_freq,2304,MHz
naive,5:43,sample_elapsed,6579,ms
naive,5:43,sample_power,1.007,W
naive,5:43,sample_process_cpu,495.484,% one core
naive,5:43,sample_free_ram,1.949,GiB
naive,5:43,sample_battery_temp,34.500,C
naive,5:43,sample_thermal_status,0,Android PowerManager status
naive,5:43,sample_cpu0_freq,1804,MHz
naive,5:43,sample_cpu1_freq,1804,MHz
naive,5:43,sample_cpu2_freq,1804,MHz
naive,5:43,sample_cpu3_freq,1804,MHz
naive,5:43,sample_cpu4_freq,2208,MHz
naive,5:43,sample_cpu5_freq,2208,MHz
naive,5:43,sample_cpu6_freq,2208,MHz
naive,5:43,sample_cpu7_freq,2304,MHz
naive,5:44,sample_elapsed,6733,ms
naive,5:44,sample_power,1.007,W
naive,5:44,sample_process_cpu,496.104,% one core
naive,5:44,sample_free_ram,1.948,GiB
naive,5:44,sample_battery_temp,34.500,C
naive,5:44,sample_thermal_status,0,Android PowerManager status
naive,5:44,sample_cpu0_freq,1804,MHz
naive,5:44,sample_cpu1_freq,1804,MHz
naive,5:44,sample_cpu2_freq,1804,MHz
naive,5:44,sample_cpu3_freq,1804,MHz
naive,5:44,sample_cpu4_freq,2208,MHz
naive,5:44,sample_cpu5_freq,2208,MHz
naive,5:44,sample_cpu6_freq,2208,MHz
naive,5:44,sample_cpu7_freq,2304,MHz
naive,5:45,sample_elapsed,6891,ms
naive,5:45,sample_power,1.007,W
naive,5:45,sample_process_cpu,492.405,% one core
naive,5:45,sample_free_ram,1.948,GiB
naive,5:45,sample_battery_temp,34.500,C
naive,5:45,sample_thermal_status,0,Android PowerManager status
naive,5:45,sample_cpu0_freq,1804,MHz
naive,5:45,sample_cpu1_freq,1804,MHz
naive,5:45,sample_cpu2_freq,1804,MHz
naive,5:45,sample_cpu3_freq,1804,MHz
naive,5:45,sample_cpu4_freq,2208,MHz
naive,5:45,sample_cpu5_freq,2208,MHz
naive,5:45,sample_cpu6_freq,2208,MHz
naive,5:45,sample_cpu7_freq,2304,MHz
naive,5:46,sample_elapsed,7049,ms
naive,5:46,sample_power,1.007,W
naive,5:46,sample_process_cpu,519.620,% one core
naive,5:46,sample_free_ram,1.947,GiB
naive,5:46,sample_battery_temp,34.500,C
naive,5:46,sample_thermal_status,0,Android PowerManager status
naive,5:46,sample_cpu0_freq,1804,MHz
naive,5:46,sample_cpu1_freq,1804,MHz
naive,5:46,sample_cpu2_freq,1804,MHz
naive,5:46,sample_cpu3_freq,1804,MHz
naive,5:46,sample_cpu4_freq,2208,MHz
naive,5:46,sample_cpu5_freq,2208,MHz
naive,5:46,sample_cpu6_freq,2208,MHz
naive,5:46,sample_cpu7_freq,2304,MHz
naive,5:47,sample_elapsed,7209,ms
naive,5:47,sample_power,1.007,W
naive,5:47,sample_process_cpu,493.750,% one core
naive,5:47,sample_free_ram,1.947,GiB
naive,5:47,sample_battery_temp,34.500,C
naive,5:47,sample_thermal_status,0,Android PowerManager status
naive,5:47,sample_cpu0_freq,1804,MHz
naive,5:47,sample_cpu1_freq,1804,MHz
naive,5:47,sample_cpu2_freq,1804,MHz
naive,5:47,sample_cpu3_freq,1804,MHz
naive,5:47,sample_cpu4_freq,2208,MHz
naive,5:47,sample_cpu5_freq,2208,MHz
naive,5:47,sample_cpu6_freq,2208,MHz
naive,5:47,sample_cpu7_freq,2304,MHz
naive,5:48,sample_elapsed,7368,ms
naive,5:48,sample_power,1.007,W
naive,5:48,sample_process_cpu,494.969,% one core
naive,5:48,sample_free_ram,1.947,GiB
naive,5:48,sample_battery_temp,34.500,C
naive,5:48,sample_thermal_status,0,Android PowerManager status
naive,5:48,sample_cpu0_freq,1804,MHz
naive,5:48,sample_cpu1_freq,1804,MHz
naive,5:48,sample_cpu2_freq,1804,MHz
naive,5:48,sample_cpu3_freq,1804,MHz
naive,5:48,sample_cpu4_freq,2208,MHz
naive,5:48,sample_cpu5_freq,2208,MHz
naive,5:48,sample_cpu6_freq,2208,MHz
naive,5:48,sample_cpu7_freq,2304,MHz
naive,5:49,sample_elapsed,7524,ms
naive,5:49,sample_power,1.007,W
naive,5:49,sample_process_cpu,493.590,% one core
naive,5:49,sample_free_ram,1.947,GiB
naive,5:49,sample_battery_temp,34.500,C
naive,5:49,sample_thermal_status,0,Android PowerManager status
naive,5:49,sample_cpu0_freq,1804,MHz
naive,5:49,sample_cpu1_freq,1804,MHz
naive,5:49,sample_cpu2_freq,1804,MHz
naive,5:49,sample_cpu3_freq,1804,MHz
naive,5:49,sample_cpu4_freq,2208,MHz
naive,5:49,sample_cpu5_freq,2208,MHz
naive,5:49,sample_cpu6_freq,2208,MHz
naive,5:49,sample_cpu7_freq,2304,MHz
naive,5:50,sample_elapsed,7680,ms
naive,5:50,sample_power,1.007,W
naive,5:50,sample_process_cpu,494.872,% one core
naive,5:50,sample_free_ram,1.947,GiB
naive,5:50,sample_battery_temp,34.500,C
naive,5:50,sample_thermal_status,0,Android PowerManager status
naive,5:50,sample_cpu0_freq,1804,MHz
naive,5:50,sample_cpu1_freq,1804,MHz
naive,5:50,sample_cpu2_freq,1804,MHz
naive,5:50,sample_cpu3_freq,1804,MHz
naive,5:50,sample_cpu4_freq,2208,MHz
naive,5:50,sample_cpu5_freq,2208,MHz
naive,5:50,sample_cpu6_freq,2208,MHz
naive,5:50,sample_cpu7_freq,2304,MHz
naive,5:51,sample_elapsed,7836,ms
naive,5:51,sample_power,1.007,W
naive,5:51,sample_process_cpu,485.897,% one core
naive,5:51,sample_free_ram,1.946,GiB
naive,5:51,sample_battery_temp,34.500,C
naive,5:51,sample_thermal_status,0,Android PowerManager status
naive,5:51,sample_cpu0_freq,1804,MHz
naive,5:51,sample_cpu1_freq,1804,MHz
naive,5:51,sample_cpu2_freq,1804,MHz
naive,5:51,sample_cpu3_freq,1804,MHz
naive,5:51,sample_cpu4_freq,2208,MHz
naive,5:51,sample_cpu5_freq,2208,MHz
naive,5:51,sample_cpu6_freq,2208,MHz
naive,5:51,sample_cpu7_freq,2304,MHz
naive,5:52,sample_elapsed,7993,ms
naive,5:52,sample_power,1.007,W
naive,5:52,sample_process_cpu,477.070,% one core
naive,5:52,sample_free_ram,1.954,GiB
naive,5:52,sample_battery_temp,34.500,C
naive,5:52,sample_thermal_status,0,Android PowerManager status
naive,5:52,sample_cpu0_freq,1804,MHz
naive,5:52,sample_cpu1_freq,1804,MHz
naive,5:52,sample_cpu2_freq,1804,MHz
naive,5:52,sample_cpu3_freq,1804,MHz
naive,5:52,sample_cpu4_freq,2208,MHz
naive,5:52,sample_cpu5_freq,2208,MHz
naive,5:52,sample_cpu6_freq,2208,MHz
naive,5:52,sample_cpu7_freq,2304,MHz
naive,5:53,sample_elapsed,8149,ms
naive,5:53,sample_power,3.986,W
naive,5:53,sample_process_cpu,491.026,% one core
naive,5:53,sample_free_ram,1.953,GiB
naive,5:53,sample_battery_temp,34.500,C
naive,5:53,sample_thermal_status,0,Android PowerManager status
naive,5:53,sample_cpu0_freq,1804,MHz
naive,5:53,sample_cpu1_freq,1804,MHz
naive,5:53,sample_cpu2_freq,1804,MHz
naive,5:53,sample_cpu3_freq,1804,MHz
naive,5:53,sample_cpu4_freq,2208,MHz
naive,5:53,sample_cpu5_freq,2208,MHz
naive,5:53,sample_cpu6_freq,2208,MHz
naive,5:53,sample_cpu7_freq,2304,MHz
naive,5:54,sample_elapsed,8311,ms
naive,5:54,sample_power,3.986,W
naive,5:54,sample_process_cpu,441.975,% one core
naive,5:54,sample_free_ram,1.947,GiB
naive,5:54,sample_battery_temp,34.500,C
naive,5:54,sample_thermal_status,0,Android PowerManager status
naive,5:54,sample_cpu0_freq,1804,MHz
naive,5:54,sample_cpu1_freq,1804,MHz
naive,5:54,sample_cpu2_freq,1804,MHz
naive,5:54,sample_cpu3_freq,1804,MHz
naive,5:54,sample_cpu4_freq,2208,MHz
naive,5:54,sample_cpu5_freq,2208,MHz
naive,5:54,sample_cpu6_freq,2208,MHz
naive,5:54,sample_cpu7_freq,2304,MHz
naive,5:55,sample_elapsed,8473,ms
naive,5:55,sample_power,3.986,W
naive,5:55,sample_process_cpu,393.827,% one core
naive,5:55,sample_free_ram,1.938,GiB
naive,5:55,sample_battery_temp,34.500,C
naive,5:55,sample_thermal_status,0,Android PowerManager status
naive,5:55,sample_cpu0_freq,1804,MHz
naive,5:55,sample_cpu1_freq,1804,MHz
naive,5:55,sample_cpu2_freq,1804,MHz
naive,5:55,sample_cpu3_freq,1804,MHz
naive,5:55,sample_cpu4_freq,2208,MHz
naive,5:55,sample_cpu5_freq,2208,MHz
naive,5:55,sample_cpu6_freq,2208,MHz
naive,5:55,sample_cpu7_freq,2304,MHz
naive,5:56,sample_elapsed,8634,ms
naive,5:56,sample_power,3.986,W
naive,5:56,sample_process_cpu,445.342,% one core
naive,5:56,sample_free_ram,1.937,GiB
naive,5:56,sample_battery_temp,34.500,C
naive,5:56,sample_thermal_status,0,Android PowerManager status
naive,5:56,sample_cpu0_freq,1804,MHz
naive,5:56,sample_cpu1_freq,1804,MHz
naive,5:56,sample_cpu2_freq,1804,MHz
naive,5:56,sample_cpu3_freq,1804,MHz
naive,5:56,sample_cpu4_freq,2208,MHz
naive,5:56,sample_cpu5_freq,2208,MHz
naive,5:56,sample_cpu6_freq,2208,MHz
naive,5:56,sample_cpu7_freq,2304,MHz
naive,5:57,sample_elapsed,8800,ms
naive,5:57,sample_power,3.986,W
naive,5:57,sample_process_cpu,459.639,% one core
naive,5:57,sample_free_ram,1.941,GiB
naive,5:57,sample_battery_temp,34.500,C
naive,5:57,sample_thermal_status,0,Android PowerManager status
naive,5:57,sample_cpu0_freq,1804,MHz
naive,5:57,sample_cpu1_freq,1804,MHz
naive,5:57,sample_cpu2_freq,1804,MHz
naive,5:57,sample_cpu3_freq,1804,MHz
naive,5:57,sample_cpu4_freq,2208,MHz
naive,5:57,sample_cpu5_freq,2208,MHz
naive,5:57,sample_cpu6_freq,2208,MHz
naive,5:57,sample_cpu7_freq,2304,MHz
naive,5:58,sample_elapsed,8957,ms
naive,5:58,sample_power,3.986,W
naive,5:58,sample_process_cpu,500.637,% one core
naive,5:58,sample_free_ram,1.948,GiB
naive,5:58,sample_battery_temp,34.500,C
naive,5:58,sample_thermal_status,0,Android PowerManager status
naive,5:58,sample_cpu0_freq,1804,MHz
naive,5:58,sample_cpu1_freq,1804,MHz
naive,5:58,sample_cpu2_freq,1804,MHz
naive,5:58,sample_cpu3_freq,1804,MHz
naive,5:58,sample_cpu4_freq,2208,MHz
naive,5:58,sample_cpu5_freq,2208,MHz
naive,5:58,sample_cpu6_freq,2208,MHz
naive,5:58,sample_cpu7_freq,2304,MHz
naive,5:59,sample_elapsed,9122,ms
naive,5:59,sample_power,3.986,W
naive,5:59,sample_process_cpu,476.364,% one core
naive,5:59,sample_free_ram,1.954,GiB
naive,5:59,sample_battery_temp,34.500,C
naive,5:59,sample_thermal_status,0,Android PowerManager status
naive,5:59,sample_cpu0_freq,1804,MHz
naive,5:59,sample_cpu1_freq,1804,MHz
naive,5:59,sample_cpu2_freq,1804,MHz
naive,5:59,sample_cpu3_freq,1804,MHz
naive,5:59,sample_cpu4_freq,2208,MHz
naive,5:59,sample_cpu5_freq,2208,MHz
naive,5:59,sample_cpu6_freq,2208,MHz
naive,5:59,sample_cpu7_freq,2304,MHz
naive,5:60,sample_elapsed,9279,ms
naive,5:60,sample_power,3.986,W
naive,5:60,sample_process_cpu,496.815,% one core
naive,5:60,sample_free_ram,1.959,GiB
naive,5:60,sample_battery_temp,34.500,C
naive,5:60,sample_thermal_status,0,Android PowerManager status
naive,5:60,sample_cpu0_freq,1804,MHz
naive,5:60,sample_cpu1_freq,1804,MHz
naive,5:60,sample_cpu2_freq,1804,MHz
naive,5:60,sample_cpu3_freq,1804,MHz
naive,5:60,sample_cpu4_freq,2208,MHz
naive,5:60,sample_cpu5_freq,2208,MHz
naive,5:60,sample_cpu6_freq,2208,MHz
naive,5:60,sample_cpu7_freq,2304,MHz
naive,5:61,sample_elapsed,9443,ms
naive,5:61,sample_power,3.986,W
naive,5:61,sample_process_cpu,469.512,% one core
naive,5:61,sample_free_ram,1.969,GiB
naive,5:61,sample_battery_temp,34.500,C
naive,5:61,sample_thermal_status,0,Android PowerManager status
naive,5:61,sample_cpu0_freq,1804,MHz
naive,5:61,sample_cpu1_freq,1804,MHz
naive,5:61,sample_cpu2_freq,1804,MHz
naive,5:61,sample_cpu3_freq,1804,MHz
naive,5:61,sample_cpu4_freq,2208,MHz
naive,5:61,sample_cpu5_freq,2208,MHz
naive,5:61,sample_cpu6_freq,2208,MHz
naive,5:61,sample_cpu7_freq,2304,MHz
naive,5:62,sample_elapsed,9599,ms
naive,5:62,sample_power,3.986,W
naive,5:62,sample_process_cpu,487.821,% one core
naive,5:62,sample_free_ram,1.968,GiB
naive,5:62,sample_battery_temp,34.500,C
naive,5:62,sample_thermal_status,0,Android PowerManager status
naive,5:62,sample_cpu0_freq,1804,MHz
naive,5:62,sample_cpu1_freq,1804,MHz
naive,5:62,sample_cpu2_freq,1804,MHz
naive,5:62,sample_cpu3_freq,1804,MHz
naive,5:62,sample_cpu4_freq,2208,MHz
naive,5:62,sample_cpu5_freq,2208,MHz
naive,5:62,sample_cpu6_freq,2208,MHz
naive,5:62,sample_cpu7_freq,2304,MHz
naive,5:63,sample_elapsed,9757,ms
naive,5:63,sample_power,3.986,W
naive,5:63,sample_process_cpu,492.405,% one core
naive,5:63,sample_free_ram,1.968,GiB
naive,5:63,sample_battery_temp,34.500,C
naive,5:63,sample_thermal_status,0,Android PowerManager status
naive,5:63,sample_cpu0_freq,1804,MHz
naive,5:63,sample_cpu1_freq,1804,MHz
naive,5:63,sample_cpu2_freq,1804,MHz
naive,5:63,sample_cpu3_freq,1804,MHz
naive,5:63,sample_cpu4_freq,2208,MHz
naive,5:63,sample_cpu5_freq,2208,MHz
naive,5:63,sample_cpu6_freq,2208,MHz
naive,5:63,sample_cpu7_freq,2304,MHz
naive,5:64,sample_elapsed,9912,ms
naive,5:64,sample_power,3.986,W
naive,5:64,sample_process_cpu,492.903,% one core
naive,5:64,sample_free_ram,1.967,GiB
naive,5:64,sample_battery_temp,34.500,C
naive,5:64,sample_thermal_status,0,Android PowerManager status
naive,5:64,sample_cpu0_freq,1804,MHz
naive,5:64,sample_cpu1_freq,1804,MHz
naive,5:64,sample_cpu2_freq,1804,MHz
naive,5:64,sample_cpu3_freq,1804,MHz
naive,5:64,sample_cpu4_freq,2208,MHz
naive,5:64,sample_cpu5_freq,2208,MHz
naive,5:64,sample_cpu6_freq,2208,MHz
naive,5:64,sample_cpu7_freq,2304,MHz
naive,5:65,sample_elapsed,10073,ms
naive,5:65,sample_power,3.986,W
naive,5:65,sample_process_cpu,495.031,% one core
naive,5:65,sample_free_ram,1.967,GiB
naive,5:65,sample_battery_temp,34.500,C
naive,5:65,sample_thermal_status,0,Android PowerManager status
naive,5:65,sample_cpu0_freq,1804,MHz
naive,5:65,sample_cpu1_freq,1804,MHz
naive,5:65,sample_cpu2_freq,1804,MHz
naive,5:65,sample_cpu3_freq,1804,MHz
naive,5:65,sample_cpu4_freq,2208,MHz
naive,5:65,sample_cpu5_freq,2208,MHz
naive,5:65,sample_cpu6_freq,2208,MHz
naive,5:65,sample_cpu7_freq,2304,MHz
naive,5:66,sample_elapsed,10232,ms
naive,5:66,sample_power,3.986,W
naive,5:66,sample_process_cpu,492.453,% one core
naive,5:66,sample_free_ram,1.967,GiB
naive,5:66,sample_battery_temp,34.500,C
naive,5:66,sample_thermal_status,0,Android PowerManager status
naive,5:66,sample_cpu0_freq,1804,MHz
naive,5:66,sample_cpu1_freq,1804,MHz
naive,5:66,sample_cpu2_freq,1804,MHz
naive,5:66,sample_cpu3_freq,1804,MHz
naive,5:66,sample_cpu4_freq,2208,MHz
naive,5:66,sample_cpu5_freq,2208,MHz
naive,5:66,sample_cpu6_freq,2208,MHz
naive,5:66,sample_cpu7_freq,2304,MHz
naive,5:67,sample_elapsed,10391,ms
naive,5:67,sample_power,3.986,W
naive,5:67,sample_process_cpu,500.629,% one core
naive,5:67,sample_free_ram,1.966,GiB
naive,5:67,sample_battery_temp,34.500,C
naive,5:67,sample_thermal_status,0,Android PowerManager status
naive,5:67,sample_cpu0_freq,1804,MHz
naive,5:67,sample_cpu1_freq,1804,MHz
naive,5:67,sample_cpu2_freq,1804,MHz
naive,5:67,sample_cpu3_freq,1804,MHz
naive,5:67,sample_cpu4_freq,2208,MHz
naive,5:67,sample_cpu5_freq,2208,MHz
naive,5:67,sample_cpu6_freq,2208,MHz
naive,5:67,sample_cpu7_freq,2304,MHz
naive,5:68,sample_elapsed,10548,ms
naive,5:68,sample_power,3.986,W
naive,5:68,sample_process_cpu,487.261,% one core
naive,5:68,sample_free_ram,1.966,GiB
naive,5:68,sample_battery_temp,34.500,C
naive,5:68,sample_thermal_status,0,Android PowerManager status
naive,5:68,sample_cpu0_freq,1804,MHz
naive,5:68,sample_cpu1_freq,1804,MHz
naive,5:68,sample_cpu2_freq,1804,MHz
naive,5:68,sample_cpu3_freq,1804,MHz
naive,5:68,sample_cpu4_freq,2208,MHz
naive,5:68,sample_cpu5_freq,2208,MHz
naive,5:68,sample_cpu6_freq,2208,MHz
naive,5:68,sample_cpu7_freq,2304,MHz
naive,5:69,sample_elapsed,10704,ms
naive,5:69,sample_power,3.986,W
naive,5:69,sample_process_cpu,489.744,% one core
naive,5:69,sample_free_ram,1.966,GiB
naive,5:69,sample_battery_temp,34.500,C
naive,5:69,sample_thermal_status,0,Android PowerManager status
naive,5:69,sample_cpu0_freq,1804,MHz
naive,5:69,sample_cpu1_freq,1804,MHz
naive,5:69,sample_cpu2_freq,1804,MHz
naive,5:69,sample_cpu3_freq,1804,MHz
naive,5:69,sample_cpu4_freq,2208,MHz
naive,5:69,sample_cpu5_freq,2208,MHz
naive,5:69,sample_cpu6_freq,2208,MHz
naive,5:69,sample_cpu7_freq,2304,MHz
naive,5:70,sample_elapsed,10859,ms
naive,5:70,sample_power,3.986,W
naive,5:70,sample_process_cpu,510.323,% one core
naive,5:70,sample_free_ram,1.965,GiB
naive,5:70,sample_battery_temp,34.500,C
naive,5:70,sample_thermal_status,0,Android PowerManager status
naive,5:70,sample_cpu0_freq,1804,MHz
naive,5:70,sample_cpu1_freq,1804,MHz
naive,5:70,sample_cpu2_freq,1804,MHz
naive,5:70,sample_cpu3_freq,1804,MHz
naive,5:70,sample_cpu4_freq,2208,MHz
naive,5:70,sample_cpu5_freq,2208,MHz
naive,5:70,sample_cpu6_freq,2208,MHz
naive,5:70,sample_cpu7_freq,2304,MHz
naive,5:71,sample_elapsed,11014,ms
naive,5:71,sample_power,3.986,W
naive,5:71,sample_process_cpu,497.419,% one core
naive,5:71,sample_free_ram,1.965,GiB
naive,5:71,sample_battery_temp,34.500,C
naive,5:71,sample_thermal_status,0,Android PowerManager status
naive,5:71,sample_cpu0_freq,1804,MHz
naive,5:71,sample_cpu1_freq,1804,MHz
naive,5:71,sample_cpu2_freq,1804,MHz
naive,5:71,sample_cpu3_freq,1804,MHz
naive,5:71,sample_cpu4_freq,2208,MHz
naive,5:71,sample_cpu5_freq,2208,MHz
naive,5:71,sample_cpu6_freq,2208,MHz
naive,5:71,sample_cpu7_freq,2304,MHz
naive,5:72,sample_elapsed,11172,ms
naive,5:72,sample_power,3.986,W
naive,5:72,sample_process_cpu,493.671,% one core
naive,5:72,sample_free_ram,1.965,GiB
naive,5:72,sample_battery_temp,34.500,C
naive,5:72,sample_thermal_status,0,Android PowerManager status
naive,5:72,sample_cpu0_freq,1804,MHz
naive,5:72,sample_cpu1_freq,1804,MHz
naive,5:72,sample_cpu2_freq,1804,MHz
naive,5:72,sample_cpu3_freq,1804,MHz
naive,5:72,sample_cpu4_freq,2208,MHz
naive,5:72,sample_cpu5_freq,2208,MHz
naive,5:72,sample_cpu6_freq,2208,MHz
naive,5:72,sample_cpu7_freq,2304,MHz
naive,5:73,sample_elapsed,11330,ms
naive,5:73,sample_power,3.986,W
naive,5:73,sample_process_cpu,493.671,% one core
naive,5:73,sample_free_ram,1.965,GiB
naive,5:73,sample_battery_temp,34.500,C
naive,5:73,sample_thermal_status,0,Android PowerManager status
naive,5:73,sample_cpu0_freq,1804,MHz
naive,5:73,sample_cpu1_freq,1804,MHz
naive,5:73,sample_cpu2_freq,1804,MHz
naive,5:73,sample_cpu3_freq,1804,MHz
naive,5:73,sample_cpu4_freq,2208,MHz
naive,5:73,sample_cpu5_freq,2208,MHz
naive,5:73,sample_cpu6_freq,2208,MHz
naive,5:73,sample_cpu7_freq,2304,MHz
naive,5:74,sample_elapsed,11485,ms
naive,5:74,sample_power,3.986,W
naive,5:74,sample_process_cpu,498.710,% one core
naive,5:74,sample_free_ram,1.965,GiB
naive,5:74,sample_battery_temp,34.500,C
naive,5:74,sample_thermal_status,0,Android PowerManager status
naive,5:74,sample_cpu0_freq,1804,MHz
naive,5:74,sample_cpu1_freq,1804,MHz
naive,5:74,sample_cpu2_freq,1804,MHz
naive,5:74,sample_cpu3_freq,1804,MHz
naive,5:74,sample_cpu4_freq,2208,MHz
naive,5:74,sample_cpu5_freq,2208,MHz
naive,5:74,sample_cpu6_freq,2208,MHz
naive,5:74,sample_cpu7_freq,2304,MHz
naive,5:75,sample_elapsed,11642,ms
naive,5:75,sample_power,3.986,W
naive,5:75,sample_process_cpu,494.268,% one core
naive,5:75,sample_free_ram,1.965,GiB
naive,5:75,sample_battery_temp,34.500,C
naive,5:75,sample_thermal_status,0,Android PowerManager status
naive,5:75,sample_cpu0_freq,1804,MHz
naive,5:75,sample_cpu1_freq,1804,MHz
naive,5:75,sample_cpu2_freq,1804,MHz
naive,5:75,sample_cpu3_freq,1804,MHz
naive,5:75,sample_cpu4_freq,2208,MHz
naive,5:75,sample_cpu5_freq,2208,MHz
naive,5:75,sample_cpu6_freq,2208,MHz
naive,5:75,sample_cpu7_freq,2304,MHz
naive,5:76,sample_elapsed,11800,ms
naive,5:76,sample_power,3.986,W
naive,5:76,sample_process_cpu,496.203,% one core
naive,5:76,sample_free_ram,1.965,GiB
naive,5:76,sample_battery_temp,34.500,C
naive,5:76,sample_thermal_status,0,Android PowerManager status
naive,5:76,sample_cpu0_freq,1804,MHz
naive,5:76,sample_cpu1_freq,1804,MHz
naive,5:76,sample_cpu2_freq,1804,MHz
naive,5:76,sample_cpu3_freq,1804,MHz
naive,5:76,sample_cpu4_freq,2208,MHz
naive,5:76,sample_cpu5_freq,2208,MHz
naive,5:76,sample_cpu6_freq,2208,MHz
naive,5:76,sample_cpu7_freq,2304,MHz
naive,5:77,sample_elapsed,11962,ms
naive,5:77,sample_power,3.986,W
naive,5:77,sample_process_cpu,492.593,% one core
naive,5:77,sample_free_ram,1.965,GiB
naive,5:77,sample_battery_temp,34.500,C
naive,5:77,sample_thermal_status,0,Android PowerManager status
naive,5:77,sample_cpu0_freq,1804,MHz
naive,5:77,sample_cpu1_freq,1804,MHz
naive,5:77,sample_cpu2_freq,1804,MHz
naive,5:77,sample_cpu3_freq,1804,MHz
naive,5:77,sample_cpu4_freq,2208,MHz
naive,5:77,sample_cpu5_freq,2208,MHz
naive,5:77,sample_cpu6_freq,2208,MHz
naive,5:77,sample_cpu7_freq,2304,MHz
naive,5:78,sample_elapsed,12118,ms
naive,5:78,sample_power,3.986,W
naive,5:78,sample_process_cpu,495.513,% one core
naive,5:78,sample_free_ram,1.965,GiB
naive,5:78,sample_battery_temp,34.500,C
naive,5:78,sample_thermal_status,0,Android PowerManager status
naive,5:78,sample_cpu0_freq,1804,MHz
naive,5:78,sample_cpu1_freq,1804,MHz
naive,5:78,sample_cpu2_freq,1804,MHz
naive,5:78,sample_cpu3_freq,1804,MHz
naive,5:78,sample_cpu4_freq,2208,MHz
naive,5:78,sample_cpu5_freq,2208,MHz
naive,5:78,sample_cpu6_freq,2208,MHz
naive,5:78,sample_cpu7_freq,2304,MHz
naive,5:79,sample_elapsed,12272,ms
naive,5:79,sample_power,3.986,W
naive,5:79,sample_process_cpu,494.156,% one core
naive,5:79,sample_free_ram,1.965,GiB
naive,5:79,sample_battery_temp,34.500,C
naive,5:79,sample_thermal_status,0,Android PowerManager status
naive,5:79,sample_cpu0_freq,1804,MHz
naive,5:79,sample_cpu1_freq,1804,MHz
naive,5:79,sample_cpu2_freq,1804,MHz
naive,5:79,sample_cpu3_freq,1804,MHz
naive,5:79,sample_cpu4_freq,2208,MHz
naive,5:79,sample_cpu5_freq,2208,MHz
naive,5:79,sample_cpu6_freq,2208,MHz
naive,5:79,sample_cpu7_freq,2304,MHz
naive,5:80,sample_elapsed,12427,ms
naive,5:80,sample_power,3.986,W
naive,5:80,sample_process_cpu,495.484,% one core
naive,5:80,sample_free_ram,1.965,GiB
naive,5:80,sample_battery_temp,34.500,C
naive,5:80,sample_thermal_status,0,Android PowerManager status
naive,5:80,sample_cpu0_freq,1804,MHz
naive,5:80,sample_cpu1_freq,1804,MHz
naive,5:80,sample_cpu2_freq,1804,MHz
naive,5:80,sample_cpu3_freq,1804,MHz
naive,5:80,sample_cpu4_freq,2208,MHz
naive,5:80,sample_cpu5_freq,2208,MHz
naive,5:80,sample_cpu6_freq,2208,MHz
naive,5:80,sample_cpu7_freq,2304,MHz
naive,5:81,sample_elapsed,12584,ms
naive,5:81,sample_power,3.986,W
naive,5:81,sample_process_cpu,496.815,% one core
naive,5:81,sample_free_ram,1.965,GiB
naive,5:81,sample_battery_temp,34.500,C
naive,5:81,sample_thermal_status,0,Android PowerManager status
naive,5:81,sample_cpu0_freq,1804,MHz
naive,5:81,sample_cpu1_freq,1804,MHz
naive,5:81,sample_cpu2_freq,1804,MHz
naive,5:81,sample_cpu3_freq,1804,MHz
naive,5:81,sample_cpu4_freq,2208,MHz
naive,5:81,sample_cpu5_freq,2208,MHz
naive,5:81,sample_cpu6_freq,2208,MHz
naive,5:81,sample_cpu7_freq,2304,MHz
naive,5:82,sample_elapsed,12741,ms
naive,5:82,sample_power,3.986,W
naive,5:82,sample_process_cpu,494.904,% one core
naive,5:82,sample_free_ram,1.965,GiB
naive,5:82,sample_battery_temp,34.500,C
naive,5:82,sample_thermal_status,0,Android PowerManager status
naive,5:82,sample_cpu0_freq,1804,MHz
naive,5:82,sample_cpu1_freq,1804,MHz
naive,5:82,sample_cpu2_freq,1804,MHz
naive,5:82,sample_cpu3_freq,1804,MHz
naive,5:82,sample_cpu4_freq,2208,MHz
naive,5:82,sample_cpu5_freq,2208,MHz
naive,5:82,sample_cpu6_freq,2208,MHz
naive,5:82,sample_cpu7_freq,2304,MHz
naive,5:83,sample_elapsed,12897,ms
naive,5:83,sample_power,3.986,W
naive,5:83,sample_process_cpu,498.077,% one core
naive,5:83,sample_free_ram,1.965,GiB
naive,5:83,sample_battery_temp,34.500,C
naive,5:83,sample_thermal_status,0,Android PowerManager status
naive,5:83,sample_cpu0_freq,1804,MHz
naive,5:83,sample_cpu1_freq,1804,MHz
naive,5:83,sample_cpu2_freq,1804,MHz
naive,5:83,sample_cpu3_freq,1804,MHz
naive,5:83,sample_cpu4_freq,2208,MHz
naive,5:83,sample_cpu5_freq,2208,MHz
naive,5:83,sample_cpu6_freq,2208,MHz
naive,5:83,sample_cpu7_freq,2304,MHz
naive,5:84,sample_elapsed,13055,ms
naive,5:84,sample_power,3.986,W
naive,5:84,sample_process_cpu,495.570,% one core
naive,5:84,sample_free_ram,1.965,GiB
naive,5:84,sample_battery_temp,34.500,C
naive,5:84,sample_thermal_status,0,Android PowerManager status
naive,5:84,sample_cpu0_freq,1804,MHz
naive,5:84,sample_cpu1_freq,1804,MHz
naive,5:84,sample_cpu2_freq,1804,MHz
naive,5:84,sample_cpu3_freq,1804,MHz
naive,5:84,sample_cpu4_freq,2208,MHz
naive,5:84,sample_cpu5_freq,2208,MHz
naive,5:84,sample_cpu6_freq,2208,MHz
naive,5:84,sample_cpu7_freq,2304,MHz
naive,5:85,sample_elapsed,13211,ms
naive,5:85,sample_power,3.986,W
naive,5:85,sample_process_cpu,492.308,% one core
naive,5:85,sample_free_ram,1.965,GiB
naive,5:85,sample_battery_temp,34.500,C
naive,5:85,sample_thermal_status,0,Android PowerManager status
naive,5:85,sample_cpu0_freq,1804,MHz
naive,5:85,sample_cpu1_freq,1804,MHz
naive,5:85,sample_cpu2_freq,1804,MHz
naive,5:85,sample_cpu3_freq,1804,MHz
naive,5:85,sample_cpu4_freq,2208,MHz
naive,5:85,sample_cpu5_freq,2208,MHz
naive,5:85,sample_cpu6_freq,2208,MHz
naive,5:85,sample_cpu7_freq,2304,MHz
naive,5:86,sample_elapsed,13365,ms
naive,5:86,sample_power,3.986,W
naive,5:86,sample_process_cpu,499.351,% one core
naive,5:86,sample_free_ram,1.965,GiB
naive,5:86,sample_battery_temp,34.500,C
naive,5:86,sample_thermal_status,0,Android PowerManager status
naive,5:86,sample_cpu0_freq,1804,MHz
naive,5:86,sample_cpu1_freq,1804,MHz
naive,5:86,sample_cpu2_freq,1804,MHz
naive,5:86,sample_cpu3_freq,1804,MHz
naive,5:86,sample_cpu4_freq,2208,MHz
naive,5:86,sample_cpu5_freq,2208,MHz
naive,5:86,sample_cpu6_freq,2208,MHz
naive,5:86,sample_cpu7_freq,2304,MHz
naive,5:87,sample_elapsed,13527,ms
naive,5:87,sample_power,3.986,W
naive,5:87,sample_process_cpu,494.444,% one core
naive,5:87,sample_free_ram,1.963,GiB
naive,5:87,sample_battery_temp,34.500,C
naive,5:87,sample_thermal_status,0,Android PowerManager status
naive,5:87,sample_cpu0_freq,1804,MHz
naive,5:87,sample_cpu1_freq,1804,MHz
naive,5:87,sample_cpu2_freq,1804,MHz
naive,5:87,sample_cpu3_freq,1804,MHz
naive,5:87,sample_cpu4_freq,2208,MHz
naive,5:87,sample_cpu5_freq,2208,MHz
naive,5:87,sample_cpu6_freq,2208,MHz
naive,5:87,sample_cpu7_freq,2304,MHz
naive,5:88,sample_elapsed,13683,ms
naive,5:88,sample_power,3.986,W
naive,5:88,sample_process_cpu,496.154,% one core
naive,5:88,sample_free_ram,1.963,GiB
naive,5:88,sample_battery_temp,34.500,C
naive,5:88,sample_thermal_status,0,Android PowerManager status
naive,5:88,sample_cpu0_freq,1804,MHz
naive,5:88,sample_cpu1_freq,1804,MHz
naive,5:88,sample_cpu2_freq,1804,MHz
naive,5:88,sample_cpu3_freq,1804,MHz
naive,5:88,sample_cpu4_freq,2208,MHz
naive,5:88,sample_cpu5_freq,2208,MHz
naive,5:88,sample_cpu6_freq,2208,MHz
naive,5:88,sample_cpu7_freq,2304,MHz
naive,5:89,sample_elapsed,13842,ms
naive,5:89,sample_power,3.986,W
naive,5:89,sample_process_cpu,491.824,% one core
naive,5:89,sample_free_ram,1.963,GiB
naive,5:89,sample_battery_temp,34.500,C
naive,5:89,sample_thermal_status,0,Android PowerManager status
naive,5:89,sample_cpu0_freq,1804,MHz
naive,5:89,sample_cpu1_freq,1804,MHz
naive,5:89,sample_cpu2_freq,1804,MHz
naive,5:89,sample_cpu3_freq,1804,MHz
naive,5:89,sample_cpu4_freq,2208,MHz
naive,5:89,sample_cpu5_freq,2208,MHz
naive,5:89,sample_cpu6_freq,2208,MHz
naive,5:89,sample_cpu7_freq,2304,MHz
naive,5:90,sample_elapsed,14005,ms
naive,5:90,sample_power,3.986,W
naive,5:90,sample_process_cpu,495.706,% one core
naive,5:90,sample_free_ram,1.963,GiB
naive,5:90,sample_battery_temp,34.500,C
naive,5:90,sample_thermal_status,0,Android PowerManager status
naive,5:90,sample_cpu0_freq,1804,MHz
naive,5:90,sample_cpu1_freq,1804,MHz
naive,5:90,sample_cpu2_freq,1804,MHz
naive,5:90,sample_cpu3_freq,1804,MHz
naive,5:90,sample_cpu4_freq,2208,MHz
naive,5:90,sample_cpu5_freq,2208,MHz
naive,5:90,sample_cpu6_freq,2208,MHz
naive,5:90,sample_cpu7_freq,2304,MHz
naive,5:91,sample_elapsed,14163,ms
naive,5:91,sample_power,3.986,W
naive,5:91,sample_process_cpu,521.519,% one core
naive,5:91,sample_free_ram,1.961,GiB
naive,5:91,sample_battery_temp,34.500,C
naive,5:91,sample_thermal_status,0,Android PowerManager status
naive,5:91,sample_cpu0_freq,1804,MHz
naive,5:91,sample_cpu1_freq,1804,MHz
naive,5:91,sample_cpu2_freq,1804,MHz
naive,5:91,sample_cpu3_freq,1804,MHz
naive,5:91,sample_cpu4_freq,2208,MHz
naive,5:91,sample_cpu5_freq,2208,MHz
naive,5:91,sample_cpu6_freq,2208,MHz
naive,5:91,sample_cpu7_freq,2304,MHz
naive,5:92,sample_elapsed,14322,ms
naive,5:92,sample_power,3.986,W
naive,5:92,sample_process_cpu,513.836,% one core
naive,5:92,sample_free_ram,1.961,GiB
naive,5:92,sample_battery_temp,34.500,C
naive,5:92,sample_thermal_status,0,Android PowerManager status
naive,5:92,sample_cpu0_freq,1804,MHz
naive,5:92,sample_cpu1_freq,1804,MHz
naive,5:92,sample_cpu2_freq,1804,MHz
naive,5:92,sample_cpu3_freq,1804,MHz
naive,5:92,sample_cpu4_freq,2208,MHz
naive,5:92,sample_cpu5_freq,2208,MHz
naive,5:92,sample_cpu6_freq,2208,MHz
naive,5:92,sample_cpu7_freq,2304,MHz
naive,5:93,sample_elapsed,14482,ms
naive,5:93,sample_power,3.986,W
naive,5:93,sample_process_cpu,482.500,% one core
naive,5:93,sample_free_ram,1.961,GiB
naive,5:93,sample_battery_temp,34.500,C
naive,5:93,sample_thermal_status,0,Android PowerManager status
naive,5:93,sample_cpu0_freq,1804,MHz
naive,5:93,sample_cpu1_freq,1804,MHz
naive,5:93,sample_cpu2_freq,1804,MHz
naive,5:93,sample_cpu3_freq,1804,MHz
naive,5:93,sample_cpu4_freq,2208,MHz
naive,5:93,sample_cpu5_freq,2208,MHz
naive,5:93,sample_cpu6_freq,2208,MHz
naive,5:93,sample_cpu7_freq,2304,MHz
naive,5:94,sample_elapsed,14638,ms
naive,5:94,sample_power,3.986,W
naive,5:94,sample_process_cpu,492.949,% one core
naive,5:94,sample_free_ram,1.961,GiB
naive,5:94,sample_battery_temp,34.500,C
naive,5:94,sample_thermal_status,0,Android PowerManager status
naive,5:94,sample_cpu0_freq,1804,MHz
naive,5:94,sample_cpu1_freq,1804,MHz
naive,5:94,sample_cpu2_freq,1804,MHz
naive,5:94,sample_cpu3_freq,1804,MHz
naive,5:94,sample_cpu4_freq,2208,MHz
naive,5:94,sample_cpu5_freq,2208,MHz
naive,5:94,sample_cpu6_freq,2208,MHz
naive,5:94,sample_cpu7_freq,2304,MHz
naive,5:95,sample_elapsed,14795,ms
naive,5:95,sample_power,3.986,W
naive,5:95,sample_process_cpu,490.446,% one core
naive,5:95,sample_free_ram,1.961,GiB
naive,5:95,sample_battery_temp,34.500,C
naive,5:95,sample_thermal_status,0,Android PowerManager status
naive,5:95,sample_cpu0_freq,1804,MHz
naive,5:95,sample_cpu1_freq,1804,MHz
naive,5:95,sample_cpu2_freq,1804,MHz
naive,5:95,sample_cpu3_freq,1804,MHz
naive,5:95,sample_cpu4_freq,2208,MHz
naive,5:95,sample_cpu5_freq,2208,MHz
naive,5:95,sample_cpu6_freq,2208,MHz
naive,5:95,sample_cpu7_freq,2304,MHz
naive,5:96,sample_elapsed,14950,ms
naive,5:96,sample_power,3.986,W
naive,5:96,sample_process_cpu,495.484,% one core
naive,5:96,sample_free_ram,1.961,GiB
naive,5:96,sample_battery_temp,34.500,C
naive,5:96,sample_thermal_status,0,Android PowerManager status
naive,5:96,sample_cpu0_freq,1804,MHz
naive,5:96,sample_cpu1_freq,1804,MHz
naive,5:96,sample_cpu2_freq,1804,MHz
naive,5:96,sample_cpu3_freq,1804,MHz
naive,5:96,sample_cpu4_freq,2208,MHz
naive,5:96,sample_cpu5_freq,2208,MHz
naive,5:96,sample_cpu6_freq,2208,MHz
naive,5:96,sample_cpu7_freq,2304,MHz
naive,5:97,sample_elapsed,15105,ms
naive,5:97,sample_power,3.986,W
naive,5:97,sample_process_cpu,496.774,% one core
naive,5:97,sample_free_ram,1.961,GiB
naive,5:97,sample_battery_temp,34.500,C
naive,5:97,sample_thermal_status,0,Android PowerManager status
naive,5:97,sample_cpu0_freq,1804,MHz
naive,5:97,sample_cpu1_freq,1804,MHz
naive,5:97,sample_cpu2_freq,1804,MHz
naive,5:97,sample_cpu3_freq,1804,MHz
naive,5:97,sample_cpu4_freq,2208,MHz
naive,5:97,sample_cpu5_freq,2208,MHz
naive,5:97,sample_cpu6_freq,2208,MHz
naive,5:97,sample_cpu7_freq,2304,MHz
naive,5:98,sample_elapsed,15264,ms
naive,5:98,sample_power,3.986,W
naive,5:98,sample_process_cpu,491.824,% one core
naive,5:98,sample_free_ram,1.961,GiB
naive,5:98,sample_battery_temp,34.500,C
naive,5:98,sample_thermal_status,0,Android PowerManager status
naive,5:98,sample_cpu0_freq,1804,MHz
naive,5:98,sample_cpu1_freq,1804,MHz
naive,5:98,sample_cpu2_freq,1804,MHz
naive,5:98,sample_cpu3_freq,1804,MHz
naive,5:98,sample_cpu4_freq,2208,MHz
naive,5:98,sample_cpu5_freq,2208,MHz
naive,5:98,sample_cpu6_freq,2208,MHz
naive,5:98,sample_cpu7_freq,2304,MHz
naive,5:99,sample_elapsed,15418,ms
naive,5:99,sample_power,3.986,W
naive,5:99,sample_process_cpu,507.143,% one core
naive,5:99,sample_free_ram,1.961,GiB
naive,5:99,sample_battery_temp,34.500,C
naive,5:99,sample_thermal_status,0,Android PowerManager status
naive,5:99,sample_cpu0_freq,1804,MHz
naive,5:99,sample_cpu1_freq,1804,MHz
naive,5:99,sample_cpu2_freq,1804,MHz
naive,5:99,sample_cpu3_freq,1804,MHz
naive,5:99,sample_cpu4_freq,2208,MHz
naive,5:99,sample_cpu5_freq,2208,MHz
naive,5:99,sample_cpu6_freq,2208,MHz
naive,5:99,sample_cpu7_freq,2304,MHz
naive,5:100,sample_elapsed,15582,ms
naive,5:100,sample_power,3.986,W
naive,5:100,sample_process_cpu,490.244,% one core
naive,5:100,sample_free_ram,1.961,GiB
naive,5:100,sample_battery_temp,34.500,C
naive,5:100,sample_thermal_status,0,Android PowerManager status
naive,5:100,sample_cpu0_freq,1804,MHz
naive,5:100,sample_cpu1_freq,1804,MHz
naive,5:100,sample_cpu2_freq,1804,MHz
naive,5:100,sample_cpu3_freq,1804,MHz
naive,5:100,sample_cpu4_freq,2208,MHz
naive,5:100,sample_cpu5_freq,2208,MHz
naive,5:100,sample_cpu6_freq,2208,MHz
naive,5:100,sample_cpu7_freq,2304,MHz
naive,median,pp,152.000,tok/s
naive,stddev,pp,4.543,tok/s
naive,median,tg,9.670,tok/s
naive,stddev,tg,0.468,tok/s
naive,median,power,2.868,W
naive,stddev,power,1.038,W
naive,median,tok_per_w,3.371,tok/W
naive,stddev,tok_per_w,1.053,tok/W
naive,median,ttft_pp512_derived,3473.133,ms
naive,stddev,ttft_pp512_derived,102.353,ms
naive,median,start_temp,34.500,C
naive,stddev,start_temp,0.392,C
naive,median,average_process_cpu,397.763,% one core
naive,stddev,average_process_cpu,46.279,% one core
naive,median,minimum_free_ram,1.913,GiB
naive,stddev,minimum_free_ram,0.048,GiB
naive,median,peak_battery_temp,34.500,C
naive,stddev,peak_battery_temp,0.392,C
naive,median,mean_perf_core_clock,2232.000,MHz
naive,stddev,mean_perf_core_clock,0.000,MHz
naive,median,mean_little_core_clock,1804.000,MHz
naive,stddev,mean_little_core_clock,0.000,MHz
threads_only,1,pp,131.000,tok/s
threads_only,1,tg,17.600,tok/s
threads_only,1,power,1.883,W
threads_only,1,tok_per_w,9.345,tok/W
threads_only,1,ttft_pp512_derived,3965.215,ms
threads_only,1,start_temp,34.500,C
threads_only,1,average_process_cpu,398.467,% one core
threads_only,1,minimum_free_ram,1.928,GiB
threads_only,1,peak_battery_temp,34.500,C
threads_only,1,peak_thermal_status,0,Android PowerManager status
threads_only,1:1,sample_elapsed,1,ms
threads_only,1:1,sample_power,1.031,W
threads_only,1:1,sample_process_cpu,400.000,% one core
threads_only,1:1,sample_free_ram,2.025,GiB
threads_only,1:1,sample_battery_temp,34.500,C
threads_only,1:1,sample_thermal_status,0,Android PowerManager status
threads_only,1:1,sample_cpu0_freq,595,MHz
threads_only,1:1,sample_cpu1_freq,595,MHz
threads_only,1:1,sample_cpu2_freq,595,MHz
threads_only,1:1,sample_cpu3_freq,595,MHz
threads_only,1:1,sample_cpu4_freq,633,MHz
threads_only,1:1,sample_cpu5_freq,633,MHz
threads_only,1:1,sample_cpu6_freq,633,MHz
threads_only,1:1,sample_cpu7_freq,633,MHz
threads_only,1:2,sample_elapsed,160,ms
threads_only,1:2,sample_power,1.031,W
threads_only,1:2,sample_process_cpu,326.415,% one core
threads_only,1:2,sample_free_ram,1.983,GiB
threads_only,1:2,sample_battery_temp,34.500,C
threads_only,1:2,sample_thermal_status,0,Android PowerManager status
threads_only,1:2,sample_cpu0_freq,1804,MHz
threads_only,1:2,sample_cpu1_freq,1804,MHz
threads_only,1:2,sample_cpu2_freq,1804,MHz
threads_only,1:2,sample_cpu3_freq,1804,MHz
threads_only,1:2,sample_cpu4_freq,2208,MHz
threads_only,1:2,sample_cpu5_freq,2208,MHz
threads_only,1:2,sample_cpu6_freq,2208,MHz
threads_only,1:2,sample_cpu7_freq,2304,MHz
threads_only,1:3,sample_elapsed,314,ms
threads_only,1:3,sample_power,1.031,W
threads_only,1:3,sample_process_cpu,397.403,% one core
threads_only,1:3,sample_free_ram,1.949,GiB
threads_only,1:3,sample_battery_temp,34.500,C
threads_only,1:3,sample_thermal_status,0,Android PowerManager status
threads_only,1:3,sample_cpu0_freq,1804,MHz
threads_only,1:3,sample_cpu1_freq,1804,MHz
threads_only,1:3,sample_cpu2_freq,1804,MHz
threads_only,1:3,sample_cpu3_freq,1804,MHz
threads_only,1:3,sample_cpu4_freq,2208,MHz
threads_only,1:3,sample_cpu5_freq,2208,MHz
threads_only,1:3,sample_cpu6_freq,2208,MHz
threads_only,1:3,sample_cpu7_freq,2304,MHz
threads_only,1:4,sample_elapsed,468,ms
threads_only,1:4,sample_power,1.031,W
threads_only,1:4,sample_process_cpu,390.260,% one core
threads_only,1:4,sample_free_ram,1.948,GiB
threads_only,1:4,sample_battery_temp,34.500,C
threads_only,1:4,sample_thermal_status,0,Android PowerManager status
threads_only,1:4,sample_cpu0_freq,1804,MHz
threads_only,1:4,sample_cpu1_freq,1804,MHz
threads_only,1:4,sample_cpu2_freq,1804,MHz
threads_only,1:4,sample_cpu3_freq,1804,MHz
threads_only,1:4,sample_cpu4_freq,2208,MHz
threads_only,1:4,sample_cpu5_freq,2208,MHz
threads_only,1:4,sample_cpu6_freq,2208,MHz
threads_only,1:4,sample_cpu7_freq,2304,MHz
threads_only,1:5,sample_elapsed,621,ms
threads_only,1:5,sample_power,1.031,W
threads_only,1:5,sample_process_cpu,391.503,% one core
threads_only,1:5,sample_free_ram,1.948,GiB
threads_only,1:5,sample_battery_temp,34.500,C
threads_only,1:5,sample_thermal_status,0,Android PowerManager status
threads_only,1:5,sample_cpu0_freq,1804,MHz
threads_only,1:5,sample_cpu1_freq,1804,MHz
threads_only,1:5,sample_cpu2_freq,1804,MHz
threads_only,1:5,sample_cpu3_freq,1804,MHz
threads_only,1:5,sample_cpu4_freq,2208,MHz
threads_only,1:5,sample_cpu5_freq,2208,MHz
threads_only,1:5,sample_cpu6_freq,2208,MHz
threads_only,1:5,sample_cpu7_freq,2304,MHz
threads_only,1:6,sample_elapsed,800,ms
threads_only,1:6,sample_power,1.031,W
threads_only,1:6,sample_process_cpu,415.084,% one core
threads_only,1:6,sample_free_ram,1.948,GiB
threads_only,1:6,sample_battery_temp,34.500,C
threads_only,1:6,sample_thermal_status,0,Android PowerManager status
threads_only,1:6,sample_cpu0_freq,1804,MHz
threads_only,1:6,sample_cpu1_freq,1804,MHz
threads_only,1:6,sample_cpu2_freq,1804,MHz
threads_only,1:6,sample_cpu3_freq,1804,MHz
threads_only,1:6,sample_cpu4_freq,2208,MHz
threads_only,1:6,sample_cpu5_freq,2208,MHz
threads_only,1:6,sample_cpu6_freq,2208,MHz
threads_only,1:6,sample_cpu7_freq,2304,MHz
threads_only,1:7,sample_elapsed,955,ms
threads_only,1:7,sample_power,1.031,W
threads_only,1:7,sample_process_cpu,398.065,% one core
threads_only,1:7,sample_free_ram,1.948,GiB
threads_only,1:7,sample_battery_temp,34.500,C
threads_only,1:7,sample_thermal_status,0,Android PowerManager status
threads_only,1:7,sample_cpu0_freq,1804,MHz
threads_only,1:7,sample_cpu1_freq,1804,MHz
threads_only,1:7,sample_cpu2_freq,1804,MHz
threads_only,1:7,sample_cpu3_freq,1804,MHz
threads_only,1:7,sample_cpu4_freq,2208,MHz
threads_only,1:7,sample_cpu5_freq,2208,MHz
threads_only,1:7,sample_cpu6_freq,2208,MHz
threads_only,1:7,sample_cpu7_freq,2304,MHz
threads_only,1:8,sample_elapsed,1108,ms
threads_only,1:8,sample_power,1.031,W
threads_only,1:8,sample_process_cpu,396.732,% one core
threads_only,1:8,sample_free_ram,1.948,GiB
threads_only,1:8,sample_battery_temp,34.500,C
threads_only,1:8,sample_thermal_status,0,Android PowerManager status
threads_only,1:8,sample_cpu0_freq,1804,MHz
threads_only,1:8,sample_cpu1_freq,1804,MHz
threads_only,1:8,sample_cpu2_freq,1804,MHz
threads_only,1:8,sample_cpu3_freq,1804,MHz
threads_only,1:8,sample_cpu4_freq,2208,MHz
threads_only,1:8,sample_cpu5_freq,2208,MHz
threads_only,1:8,sample_cpu6_freq,2208,MHz
threads_only,1:8,sample_cpu7_freq,2304,MHz
threads_only,1:9,sample_elapsed,1262,ms
threads_only,1:9,sample_power,1.031,W
threads_only,1:9,sample_process_cpu,396.104,% one core
threads_only,1:9,sample_free_ram,1.947,GiB
threads_only,1:9,sample_battery_temp,34.500,C
threads_only,1:9,sample_thermal_status,0,Android PowerManager status
threads_only,1:9,sample_cpu0_freq,1804,MHz
threads_only,1:9,sample_cpu1_freq,1804,MHz
threads_only,1:9,sample_cpu2_freq,1804,MHz
threads_only,1:9,sample_cpu3_freq,1804,MHz
threads_only,1:9,sample_cpu4_freq,2208,MHz
threads_only,1:9,sample_cpu5_freq,2208,MHz
threads_only,1:9,sample_cpu6_freq,2208,MHz
threads_only,1:9,sample_cpu7_freq,2304,MHz
threads_only,1:10,sample_elapsed,1416,ms
threads_only,1:10,sample_power,1.031,W
threads_only,1:10,sample_process_cpu,391.558,% one core
threads_only,1:10,sample_free_ram,1.947,GiB
threads_only,1:10,sample_battery_temp,34.500,C
threads_only,1:10,sample_thermal_status,0,Android PowerManager status
threads_only,1:10,sample_cpu0_freq,1804,MHz
threads_only,1:10,sample_cpu1_freq,1804,MHz
threads_only,1:10,sample_cpu2_freq,1804,MHz
threads_only,1:10,sample_cpu3_freq,1804,MHz
threads_only,1:10,sample_cpu4_freq,2208,MHz
threads_only,1:10,sample_cpu5_freq,2208,MHz
threads_only,1:10,sample_cpu6_freq,2208,MHz
threads_only,1:10,sample_cpu7_freq,2304,MHz
threads_only,1:11,sample_elapsed,1570,ms
threads_only,1:11,sample_power,1.031,W
threads_only,1:11,sample_process_cpu,401.948,% one core
threads_only,1:11,sample_free_ram,1.947,GiB
threads_only,1:11,sample_battery_temp,34.500,C
threads_only,1:11,sample_thermal_status,0,Android PowerManager status
threads_only,1:11,sample_cpu0_freq,1804,MHz
threads_only,1:11,sample_cpu1_freq,1804,MHz
threads_only,1:11,sample_cpu2_freq,1804,MHz
threads_only,1:11,sample_cpu3_freq,1804,MHz
threads_only,1:11,sample_cpu4_freq,2208,MHz
threads_only,1:11,sample_cpu5_freq,2208,MHz
threads_only,1:11,sample_cpu6_freq,2208,MHz
threads_only,1:11,sample_cpu7_freq,2304,MHz
threads_only,1:12,sample_elapsed,1723,ms
threads_only,1:12,sample_power,1.031,W
threads_only,1:12,sample_process_cpu,394.118,% one core
threads_only,1:12,sample_free_ram,1.947,GiB
threads_only,1:12,sample_battery_temp,34.500,C
threads_only,1:12,sample_thermal_status,0,Android PowerManager status
threads_only,1:12,sample_cpu0_freq,1804,MHz
threads_only,1:12,sample_cpu1_freq,1804,MHz
threads_only,1:12,sample_cpu2_freq,1804,MHz
threads_only,1:12,sample_cpu3_freq,1804,MHz
threads_only,1:12,sample_cpu4_freq,2208,MHz
threads_only,1:12,sample_cpu5_freq,2208,MHz
threads_only,1:12,sample_cpu6_freq,2208,MHz
threads_only,1:12,sample_cpu7_freq,2304,MHz
threads_only,1:13,sample_elapsed,1878,ms
threads_only,1:13,sample_power,1.031,W
threads_only,1:13,sample_process_cpu,398.065,% one core
threads_only,1:13,sample_free_ram,1.946,GiB
threads_only,1:13,sample_battery_temp,34.500,C
threads_only,1:13,sample_thermal_status,0,Android PowerManager status
threads_only,1:13,sample_cpu0_freq,1804,MHz
threads_only,1:13,sample_cpu1_freq,1804,MHz
threads_only,1:13,sample_cpu2_freq,1804,MHz
threads_only,1:13,sample_cpu3_freq,1804,MHz
threads_only,1:13,sample_cpu4_freq,2208,MHz
threads_only,1:13,sample_cpu5_freq,2208,MHz
threads_only,1:13,sample_cpu6_freq,2208,MHz
threads_only,1:13,sample_cpu7_freq,2304,MHz
threads_only,1:14,sample_elapsed,2032,ms
threads_only,1:14,sample_power,1.031,W
threads_only,1:14,sample_process_cpu,394.156,% one core
threads_only,1:14,sample_free_ram,1.946,GiB
threads_only,1:14,sample_battery_temp,34.500,C
threads_only,1:14,sample_thermal_status,0,Android PowerManager status
threads_only,1:14,sample_cpu0_freq,1804,MHz
threads_only,1:14,sample_cpu1_freq,1804,MHz
threads_only,1:14,sample_cpu2_freq,1804,MHz
threads_only,1:14,sample_cpu3_freq,1804,MHz
threads_only,1:14,sample_cpu4_freq,2208,MHz
threads_only,1:14,sample_cpu5_freq,2208,MHz
threads_only,1:14,sample_cpu6_freq,2208,MHz
threads_only,1:14,sample_cpu7_freq,2304,MHz
threads_only,1:15,sample_elapsed,2186,ms
threads_only,1:15,sample_power,1.031,W
threads_only,1:15,sample_process_cpu,398.701,% one core
threads_only,1:15,sample_free_ram,1.946,GiB
threads_only,1:15,sample_battery_temp,34.500,C
threads_only,1:15,sample_thermal_status,0,Android PowerManager status
threads_only,1:15,sample_cpu0_freq,1804,MHz
threads_only,1:15,sample_cpu1_freq,1804,MHz
threads_only,1:15,sample_cpu2_freq,1804,MHz
threads_only,1:15,sample_cpu3_freq,1804,MHz
threads_only,1:15,sample_cpu4_freq,2208,MHz
threads_only,1:15,sample_cpu5_freq,2208,MHz
threads_only,1:15,sample_cpu6_freq,2208,MHz
threads_only,1:15,sample_cpu7_freq,2304,MHz
threads_only,1:16,sample_elapsed,2339,ms
threads_only,1:16,sample_power,1.031,W
threads_only,1:16,sample_process_cpu,388.235,% one core
threads_only,1:16,sample_free_ram,1.944,GiB
threads_only,1:16,sample_battery_temp,34.500,C
threads_only,1:16,sample_thermal_status,0,Android PowerManager status
threads_only,1:16,sample_cpu0_freq,1804,MHz
threads_only,1:16,sample_cpu1_freq,1804,MHz
threads_only,1:16,sample_cpu2_freq,1804,MHz
threads_only,1:16,sample_cpu3_freq,1804,MHz
threads_only,1:16,sample_cpu4_freq,2208,MHz
threads_only,1:16,sample_cpu5_freq,2208,MHz
threads_only,1:16,sample_cpu6_freq,2208,MHz
threads_only,1:16,sample_cpu7_freq,2304,MHz
threads_only,1:17,sample_elapsed,2493,ms
threads_only,1:17,sample_power,1.031,W
threads_only,1:17,sample_process_cpu,400.649,% one core
threads_only,1:17,sample_free_ram,1.944,GiB
threads_only,1:17,sample_battery_temp,34.500,C
threads_only,1:17,sample_thermal_status,0,Android PowerManager status
threads_only,1:17,sample_cpu0_freq,1804,MHz
threads_only,1:17,sample_cpu1_freq,1804,MHz
threads_only,1:17,sample_cpu2_freq,1804,MHz
threads_only,1:17,sample_cpu3_freq,1804,MHz
threads_only,1:17,sample_cpu4_freq,2208,MHz
threads_only,1:17,sample_cpu5_freq,2208,MHz
threads_only,1:17,sample_cpu6_freq,2208,MHz
threads_only,1:17,sample_cpu7_freq,2304,MHz
threads_only,1:18,sample_elapsed,2648,ms
threads_only,1:18,sample_power,1.031,W
threads_only,1:18,sample_process_cpu,389.032,% one core
threads_only,1:18,sample_free_ram,1.944,GiB
threads_only,1:18,sample_battery_temp,34.500,C
threads_only,1:18,sample_thermal_status,0,Android PowerManager status
threads_only,1:18,sample_cpu0_freq,1804,MHz
threads_only,1:18,sample_cpu1_freq,1804,MHz
threads_only,1:18,sample_cpu2_freq,1804,MHz
threads_only,1:18,sample_cpu3_freq,1804,MHz
threads_only,1:18,sample_cpu4_freq,2208,MHz
threads_only,1:18,sample_cpu5_freq,2208,MHz
threads_only,1:18,sample_cpu6_freq,2208,MHz
threads_only,1:18,sample_cpu7_freq,2304,MHz
threads_only,1:19,sample_elapsed,2802,ms
threads_only,1:19,sample_power,1.031,W
threads_only,1:19,sample_process_cpu,403.896,% one core
threads_only,1:19,sample_free_ram,1.944,GiB
threads_only,1:19,sample_battery_temp,34.500,C
threads_only,1:19,sample_thermal_status,0,Android PowerManager status
threads_only,1:19,sample_cpu0_freq,1804,MHz
threads_only,1:19,sample_cpu1_freq,1804,MHz
threads_only,1:19,sample_cpu2_freq,1804,MHz
threads_only,1:19,sample_cpu3_freq,1804,MHz
threads_only,1:19,sample_cpu4_freq,2208,MHz
threads_only,1:19,sample_cpu5_freq,2208,MHz
threads_only,1:19,sample_cpu6_freq,2208,MHz
threads_only,1:19,sample_cpu7_freq,2304,MHz
threads_only,1:20,sample_elapsed,2956,ms
threads_only,1:20,sample_power,1.031,W
threads_only,1:20,sample_process_cpu,389.610,% one core
threads_only,1:20,sample_free_ram,1.944,GiB
threads_only,1:20,sample_battery_temp,34.500,C
threads_only,1:20,sample_thermal_status,0,Android PowerManager status
threads_only,1:20,sample_cpu0_freq,1804,MHz
threads_only,1:20,sample_cpu1_freq,1804,MHz
threads_only,1:20,sample_cpu2_freq,1804,MHz
threads_only,1:20,sample_cpu3_freq,1804,MHz
threads_only,1:20,sample_cpu4_freq,2208,MHz
threads_only,1:20,sample_cpu5_freq,2208,MHz
threads_only,1:20,sample_cpu6_freq,2208,MHz
threads_only,1:20,sample_cpu7_freq,2304,MHz
threads_only,1:21,sample_elapsed,3111,ms
threads_only,1:21,sample_power,1.031,W
threads_only,1:21,sample_process_cpu,402.581,% one core
threads_only,1:21,sample_free_ram,1.944,GiB
threads_only,1:21,sample_battery_temp,34.500,C
threads_only,1:21,sample_thermal_status,0,Android PowerManager status
threads_only,1:21,sample_cpu0_freq,1804,MHz
threads_only,1:21,sample_cpu1_freq,1804,MHz
threads_only,1:21,sample_cpu2_freq,1804,MHz
threads_only,1:21,sample_cpu3_freq,1804,MHz
threads_only,1:21,sample_cpu4_freq,2208,MHz
threads_only,1:21,sample_cpu5_freq,2208,MHz
threads_only,1:21,sample_cpu6_freq,2208,MHz
threads_only,1:21,sample_cpu7_freq,2304,MHz
threads_only,1:22,sample_elapsed,3264,ms
threads_only,1:22,sample_power,1.031,W
threads_only,1:22,sample_process_cpu,389.542,% one core
threads_only,1:22,sample_free_ram,1.943,GiB
threads_only,1:22,sample_battery_temp,34.500,C
threads_only,1:22,sample_thermal_status,0,Android PowerManager status
threads_only,1:22,sample_cpu0_freq,1804,MHz
threads_only,1:22,sample_cpu1_freq,1804,MHz
threads_only,1:22,sample_cpu2_freq,1804,MHz
threads_only,1:22,sample_cpu3_freq,1804,MHz
threads_only,1:22,sample_cpu4_freq,2208,MHz
threads_only,1:22,sample_cpu5_freq,2208,MHz
threads_only,1:22,sample_cpu6_freq,2208,MHz
threads_only,1:22,sample_cpu7_freq,2304,MHz
threads_only,1:23,sample_elapsed,3418,ms
threads_only,1:23,sample_power,1.031,W
threads_only,1:23,sample_process_cpu,400.000,% one core
threads_only,1:23,sample_free_ram,1.943,GiB
threads_only,1:23,sample_battery_temp,34.500,C
threads_only,1:23,sample_thermal_status,0,Android PowerManager status
threads_only,1:23,sample_cpu0_freq,1804,MHz
threads_only,1:23,sample_cpu1_freq,1804,MHz
threads_only,1:23,sample_cpu2_freq,1804,MHz
threads_only,1:23,sample_cpu3_freq,1804,MHz
threads_only,1:23,sample_cpu4_freq,2208,MHz
threads_only,1:23,sample_cpu5_freq,2208,MHz
threads_only,1:23,sample_cpu6_freq,2208,MHz
threads_only,1:23,sample_cpu7_freq,2304,MHz
threads_only,1:24,sample_elapsed,3572,ms
threads_only,1:24,sample_power,1.031,W
threads_only,1:24,sample_process_cpu,401.948,% one core
threads_only,1:24,sample_free_ram,1.943,GiB
threads_only,1:24,sample_battery_temp,34.500,C
threads_only,1:24,sample_thermal_status,0,Android PowerManager status
threads_only,1:24,sample_cpu0_freq,1804,MHz
threads_only,1:24,sample_cpu1_freq,1804,MHz
threads_only,1:24,sample_cpu2_freq,1804,MHz
threads_only,1:24,sample_cpu3_freq,1804,MHz
threads_only,1:24,sample_cpu4_freq,2208,MHz
threads_only,1:24,sample_cpu5_freq,2208,MHz
threads_only,1:24,sample_cpu6_freq,2208,MHz
threads_only,1:24,sample_cpu7_freq,2304,MHz
threads_only,1:25,sample_elapsed,3734,ms
threads_only,1:25,sample_power,1.031,W
threads_only,1:25,sample_process_cpu,383.951,% one core
threads_only,1:25,sample_free_ram,1.939,GiB
threads_only,1:25,sample_battery_temp,34.500,C
threads_only,1:25,sample_thermal_status,0,Android PowerManager status
threads_only,1:25,sample_cpu0_freq,1804,MHz
threads_only,1:25,sample_cpu1_freq,1804,MHz
threads_only,1:25,sample_cpu2_freq,1804,MHz
threads_only,1:25,sample_cpu3_freq,1804,MHz
threads_only,1:25,sample_cpu4_freq,2208,MHz
threads_only,1:25,sample_cpu5_freq,2208,MHz
threads_only,1:25,sample_cpu6_freq,2208,MHz
threads_only,1:25,sample_cpu7_freq,2304,MHz
threads_only,1:26,sample_elapsed,3893,ms
threads_only,1:26,sample_power,1.031,W
threads_only,1:26,sample_process_cpu,389.937,% one core
threads_only,1:26,sample_free_ram,1.938,GiB
threads_only,1:26,sample_battery_temp,34.500,C
threads_only,1:26,sample_thermal_status,0,Android PowerManager status
threads_only,1:26,sample_cpu0_freq,787,MHz
threads_only,1:26,sample_cpu1_freq,787,MHz
threads_only,1:26,sample_cpu2_freq,787,MHz
threads_only,1:26,sample_cpu3_freq,787,MHz
threads_only,1:26,sample_cpu4_freq,2208,MHz
threads_only,1:26,sample_cpu5_freq,2208,MHz
threads_only,1:26,sample_cpu6_freq,2208,MHz
threads_only,1:26,sample_cpu7_freq,2304,MHz
threads_only,1:27,sample_elapsed,4049,ms
threads_only,1:27,sample_power,1.031,W
threads_only,1:27,sample_process_cpu,411.538,% one core
threads_only,1:27,sample_free_ram,1.938,GiB
threads_only,1:27,sample_battery_temp,34.500,C
threads_only,1:27,sample_thermal_status,0,Android PowerManager status
threads_only,1:27,sample_cpu0_freq,1804,MHz
threads_only,1:27,sample_cpu1_freq,1804,MHz
threads_only,1:27,sample_cpu2_freq,1804,MHz
threads_only,1:27,sample_cpu3_freq,1804,MHz
threads_only,1:27,sample_cpu4_freq,2208,MHz
threads_only,1:27,sample_cpu5_freq,2208,MHz
threads_only,1:27,sample_cpu6_freq,2208,MHz
threads_only,1:27,sample_cpu7_freq,2304,MHz
threads_only,1:28,sample_elapsed,4213,ms
threads_only,1:28,sample_power,1.031,W
threads_only,1:28,sample_process_cpu,401.220,% one core
threads_only,1:28,sample_free_ram,1.938,GiB
threads_only,1:28,sample_battery_temp,34.500,C
threads_only,1:28,sample_thermal_status,0,Android PowerManager status
threads_only,1:28,sample_cpu0_freq,1017,MHz
threads_only,1:28,sample_cpu1_freq,1017,MHz
threads_only,1:28,sample_cpu2_freq,1017,MHz
threads_only,1:28,sample_cpu3_freq,1804,MHz
threads_only,1:28,sample_cpu4_freq,2208,MHz
threads_only,1:28,sample_cpu5_freq,2208,MHz
threads_only,1:28,sample_cpu6_freq,2208,MHz
threads_only,1:28,sample_cpu7_freq,2304,MHz
threads_only,1:29,sample_elapsed,4383,ms
threads_only,1:29,sample_power,1.031,W
threads_only,1:29,sample_process_cpu,424.706,% one core
threads_only,1:29,sample_free_ram,1.938,GiB
threads_only,1:29,sample_battery_temp,34.500,C
threads_only,1:29,sample_thermal_status,0,Android PowerManager status
threads_only,1:29,sample_cpu0_freq,787,MHz
threads_only,1:29,sample_cpu1_freq,787,MHz
threads_only,1:29,sample_cpu2_freq,787,MHz
threads_only,1:29,sample_cpu3_freq,787,MHz
threads_only,1:29,sample_cpu4_freq,2208,MHz
threads_only,1:29,sample_cpu5_freq,2208,MHz
threads_only,1:29,sample_cpu6_freq,2208,MHz
threads_only,1:29,sample_cpu7_freq,2304,MHz
threads_only,1:30,sample_elapsed,4556,ms
threads_only,1:30,sample_power,1.031,W
threads_only,1:30,sample_process_cpu,393.642,% one core
threads_only,1:30,sample_free_ram,1.938,GiB
threads_only,1:30,sample_battery_temp,34.500,C
threads_only,1:30,sample_thermal_status,0,Android PowerManager status
threads_only,1:30,sample_cpu0_freq,787,MHz
threads_only,1:30,sample_cpu1_freq,787,MHz
threads_only,1:30,sample_cpu2_freq,787,MHz
threads_only,1:30,sample_cpu3_freq,787,MHz
threads_only,1:30,sample_cpu4_freq,2208,MHz
threads_only,1:30,sample_cpu5_freq,2208,MHz
threads_only,1:30,sample_cpu6_freq,2208,MHz
threads_only,1:30,sample_cpu7_freq,2304,MHz
threads_only,1:31,sample_elapsed,4724,ms
threads_only,1:31,sample_power,1.031,W
threads_only,1:31,sample_process_cpu,404.167,% one core
threads_only,1:31,sample_free_ram,1.938,GiB
threads_only,1:31,sample_battery_temp,34.500,C
threads_only,1:31,sample_thermal_status,0,Android PowerManager status
threads_only,1:31,sample_cpu0_freq,787,MHz
threads_only,1:31,sample_cpu1_freq,787,MHz
threads_only,1:31,sample_cpu2_freq,787,MHz
threads_only,1:31,sample_cpu3_freq,787,MHz
threads_only,1:31,sample_cpu4_freq,2208,MHz
threads_only,1:31,sample_cpu5_freq,2208,MHz
threads_only,1:31,sample_cpu6_freq,2208,MHz
threads_only,1:31,sample_cpu7_freq,2304,MHz
threads_only,1:32,sample_elapsed,4892,ms
threads_only,1:32,sample_power,1.031,W
threads_only,1:32,sample_process_cpu,401.190,% one core
threads_only,1:32,sample_free_ram,1.938,GiB
threads_only,1:32,sample_battery_temp,34.500,C
threads_only,1:32,sample_thermal_status,0,Android PowerManager status
threads_only,1:32,sample_cpu0_freq,595,MHz
threads_only,1:32,sample_cpu1_freq,595,MHz
threads_only,1:32,sample_cpu2_freq,595,MHz
threads_only,1:32,sample_cpu3_freq,787,MHz
threads_only,1:32,sample_cpu4_freq,2208,MHz
threads_only,1:32,sample_cpu5_freq,2208,MHz
threads_only,1:32,sample_cpu6_freq,2208,MHz
threads_only,1:32,sample_cpu7_freq,2304,MHz
threads_only,1:33,sample_elapsed,5060,ms
threads_only,1:33,sample_power,1.031,W
threads_only,1:33,sample_process_cpu,398.810,% one core
threads_only,1:33,sample_free_ram,1.938,GiB
threads_only,1:33,sample_battery_temp,34.500,C
threads_only,1:33,sample_thermal_status,0,Android PowerManager status
threads_only,1:33,sample_cpu0_freq,1344,MHz
threads_only,1:33,sample_cpu1_freq,1344,MHz
threads_only,1:33,sample_cpu2_freq,1344,MHz
threads_only,1:33,sample_cpu3_freq,1344,MHz
threads_only,1:33,sample_cpu4_freq,2208,MHz
threads_only,1:33,sample_cpu5_freq,2208,MHz
threads_only,1:33,sample_cpu6_freq,2208,MHz
threads_only,1:33,sample_cpu7_freq,2304,MHz
threads_only,1:34,sample_elapsed,5226,ms
threads_only,1:34,sample_power,1.031,W
threads_only,1:34,sample_process_cpu,403.614,% one core
threads_only,1:34,sample_free_ram,1.938,GiB
threads_only,1:34,sample_battery_temp,34.500,C
threads_only,1:34,sample_thermal_status,0,Android PowerManager status
threads_only,1:34,sample_cpu0_freq,1113,MHz
threads_only,1:34,sample_cpu1_freq,1113,MHz
threads_only,1:34,sample_cpu2_freq,1113,MHz
threads_only,1:34,sample_cpu3_freq,1113,MHz
threads_only,1:34,sample_cpu4_freq,2208,MHz
threads_only,1:34,sample_cpu5_freq,2208,MHz
threads_only,1:34,sample_cpu6_freq,2208,MHz
threads_only,1:34,sample_cpu7_freq,2304,MHz
threads_only,1:35,sample_elapsed,5393,ms
threads_only,1:35,sample_power,1.031,W
threads_only,1:35,sample_process_cpu,394.611,% one core
threads_only,1:35,sample_free_ram,1.938,GiB
threads_only,1:35,sample_battery_temp,34.500,C
threads_only,1:35,sample_thermal_status,0,Android PowerManager status
threads_only,1:35,sample_cpu0_freq,1113,MHz
threads_only,1:35,sample_cpu1_freq,1113,MHz
threads_only,1:35,sample_cpu2_freq,1113,MHz
threads_only,1:35,sample_cpu3_freq,1113,MHz
threads_only,1:35,sample_cpu4_freq,2208,MHz
threads_only,1:35,sample_cpu5_freq,2208,MHz
threads_only,1:35,sample_cpu6_freq,2208,MHz
threads_only,1:35,sample_cpu7_freq,2304,MHz
threads_only,1:36,sample_elapsed,5559,ms
threads_only,1:36,sample_power,1.031,W
threads_only,1:36,sample_process_cpu,398.795,% one core
threads_only,1:36,sample_free_ram,1.935,GiB
threads_only,1:36,sample_battery_temp,34.500,C
threads_only,1:36,sample_thermal_status,0,Android PowerManager status
threads_only,1:36,sample_cpu0_freq,1804,MHz
threads_only,1:36,sample_cpu1_freq,1804,MHz
threads_only,1:36,sample_cpu2_freq,1804,MHz
threads_only,1:36,sample_cpu3_freq,1804,MHz
threads_only,1:36,sample_cpu4_freq,2208,MHz
threads_only,1:36,sample_cpu5_freq,2208,MHz
threads_only,1:36,sample_cpu6_freq,2208,MHz
threads_only,1:36,sample_cpu7_freq,2304,MHz
threads_only,1:37,sample_elapsed,5729,ms
threads_only,1:37,sample_power,1.031,W
threads_only,1:37,sample_process_cpu,393.529,% one core
threads_only,1:37,sample_free_ram,1.935,GiB
threads_only,1:37,sample_battery_temp,34.500,C
threads_only,1:37,sample_thermal_status,0,Android PowerManager status
threads_only,1:37,sample_cpu0_freq,1804,MHz
threads_only,1:37,sample_cpu1_freq,1804,MHz
threads_only,1:37,sample_cpu2_freq,1804,MHz
threads_only,1:37,sample_cpu3_freq,1804,MHz
threads_only,1:37,sample_cpu4_freq,2208,MHz
threads_only,1:37,sample_cpu5_freq,2208,MHz
threads_only,1:37,sample_cpu6_freq,2208,MHz
threads_only,1:37,sample_cpu7_freq,2304,MHz
threads_only,1:38,sample_elapsed,5891,ms
threads_only,1:38,sample_power,1.031,W
threads_only,1:38,sample_process_cpu,417.901,% one core
threads_only,1:38,sample_free_ram,1.933,GiB
threads_only,1:38,sample_battery_temp,34.500,C
threads_only,1:38,sample_thermal_status,0,Android PowerManager status
threads_only,1:38,sample_cpu0_freq,1804,MHz
threads_only,1:38,sample_cpu1_freq,1804,MHz
threads_only,1:38,sample_cpu2_freq,1804,MHz
threads_only,1:38,sample_cpu3_freq,1804,MHz
threads_only,1:38,sample_cpu4_freq,2208,MHz
threads_only,1:38,sample_cpu5_freq,2208,MHz
threads_only,1:38,sample_cpu6_freq,2208,MHz
threads_only,1:38,sample_cpu7_freq,2304,MHz
threads_only,1:39,sample_elapsed,6063,ms
threads_only,1:39,sample_power,1.031,W
threads_only,1:39,sample_process_cpu,387.209,% one core
threads_only,1:39,sample_free_ram,1.933,GiB
threads_only,1:39,sample_battery_temp,34.500,C
threads_only,1:39,sample_thermal_status,0,Android PowerManager status
threads_only,1:39,sample_cpu0_freq,787,MHz
threads_only,1:39,sample_cpu1_freq,787,MHz
threads_only,1:39,sample_cpu2_freq,787,MHz
threads_only,1:39,sample_cpu3_freq,787,MHz
threads_only,1:39,sample_cpu4_freq,2208,MHz
threads_only,1:39,sample_cpu5_freq,2208,MHz
threads_only,1:39,sample_cpu6_freq,2208,MHz
threads_only,1:39,sample_cpu7_freq,2304,MHz
threads_only,1:40,sample_elapsed,6231,ms
threads_only,1:40,sample_power,1.031,W
threads_only,1:40,sample_process_cpu,399.405,% one core
threads_only,1:40,sample_free_ram,1.933,GiB
threads_only,1:40,sample_battery_temp,34.500,C
threads_only,1:40,sample_thermal_status,0,Android PowerManager status
threads_only,1:40,sample_cpu0_freq,1113,MHz
threads_only,1:40,sample_cpu1_freq,1113,MHz
threads_only,1:40,sample_cpu2_freq,1497,MHz
threads_only,1:40,sample_cpu3_freq,1113,MHz
threads_only,1:40,sample_cpu4_freq,2208,MHz
threads_only,1:40,sample_cpu5_freq,2208,MHz
threads_only,1:40,sample_cpu6_freq,2208,MHz
threads_only,1:40,sample_cpu7_freq,2304,MHz
threads_only,1:41,sample_elapsed,6400,ms
threads_only,1:41,sample_power,1.031,W
threads_only,1:41,sample_process_cpu,397.633,% one core
threads_only,1:41,sample_free_ram,1.933,GiB
threads_only,1:41,sample_battery_temp,34.500,C
threads_only,1:41,sample_thermal_status,0,Android PowerManager status
threads_only,1:41,sample_cpu0_freq,1113,MHz
threads_only,1:41,sample_cpu1_freq,1113,MHz
threads_only,1:41,sample_cpu2_freq,1113,MHz
threads_only,1:41,sample_cpu3_freq,1113,MHz
threads_only,1:41,sample_cpu4_freq,2208,MHz
threads_only,1:41,sample_cpu5_freq,2208,MHz
threads_only,1:41,sample_cpu6_freq,2208,MHz
threads_only,1:41,sample_cpu7_freq,2304,MHz
threads_only,1:42,sample_elapsed,6570,ms
threads_only,1:42,sample_power,1.031,W
threads_only,1:42,sample_process_cpu,402.353,% one core
threads_only,1:42,sample_free_ram,1.933,GiB
threads_only,1:42,sample_battery_temp,34.500,C
threads_only,1:42,sample_thermal_status,0,Android PowerManager status
threads_only,1:42,sample_cpu0_freq,1113,MHz
threads_only,1:42,sample_cpu1_freq,1113,MHz
threads_only,1:42,sample_cpu2_freq,1113,MHz
threads_only,1:42,sample_cpu3_freq,1113,MHz
threads_only,1:42,sample_cpu4_freq,2208,MHz
threads_only,1:42,sample_cpu5_freq,2208,MHz
threads_only,1:42,sample_cpu6_freq,2208,MHz
threads_only,1:42,sample_cpu7_freq,2304,MHz
threads_only,1:43,sample_elapsed,6735,ms
threads_only,1:43,sample_power,1.031,W
threads_only,1:43,sample_process_cpu,402.424,% one core
threads_only,1:43,sample_free_ram,1.933,GiB
threads_only,1:43,sample_battery_temp,34.500,C
threads_only,1:43,sample_thermal_status,0,Android PowerManager status
threads_only,1:43,sample_cpu0_freq,1113,MHz
threads_only,1:43,sample_cpu1_freq,1113,MHz
threads_only,1:43,sample_cpu2_freq,1113,MHz
threads_only,1:43,sample_cpu3_freq,1113,MHz
threads_only,1:43,sample_cpu4_freq,2208,MHz
threads_only,1:43,sample_cpu5_freq,2208,MHz
threads_only,1:43,sample_cpu6_freq,2208,MHz
threads_only,1:43,sample_cpu7_freq,2304,MHz
threads_only,1:44,sample_elapsed,6903,ms
threads_only,1:44,sample_power,1.031,W
threads_only,1:44,sample_process_cpu,397.024,% one core
threads_only,1:44,sample_free_ram,1.932,GiB
threads_only,1:44,sample_battery_temp,34.500,C
threads_only,1:44,sample_thermal_status,0,Android PowerManager status
threads_only,1:44,sample_cpu0_freq,1344,MHz
threads_only,1:44,sample_cpu1_freq,1344,MHz
threads_only,1:44,sample_cpu2_freq,1344,MHz
threads_only,1:44,sample_cpu3_freq,1708,MHz
threads_only,1:44,sample_cpu4_freq,2208,MHz
threads_only,1:44,sample_cpu5_freq,2208,MHz
threads_only,1:44,sample_cpu6_freq,2208,MHz
threads_only,1:44,sample_cpu7_freq,2304,MHz
threads_only,1:45,sample_elapsed,7066,ms
threads_only,1:45,sample_power,1.031,W
threads_only,1:45,sample_process_cpu,400.000,% one core
threads_only,1:45,sample_free_ram,1.932,GiB
threads_only,1:45,sample_battery_temp,34.500,C
threads_only,1:45,sample_thermal_status,0,Android PowerManager status
threads_only,1:45,sample_cpu0_freq,1497,MHz
threads_only,1:45,sample_cpu1_freq,1497,MHz
threads_only,1:45,sample_cpu2_freq,1497,MHz
threads_only,1:45,sample_cpu3_freq,1497,MHz
threads_only,1:45,sample_cpu4_freq,2208,MHz
threads_only,1:45,sample_cpu5_freq,2208,MHz
threads_only,1:45,sample_cpu6_freq,2208,MHz
threads_only,1:45,sample_cpu7_freq,2304,MHz
threads_only,1:46,sample_elapsed,7232,ms
threads_only,1:46,sample_power,1.031,W
threads_only,1:46,sample_process_cpu,398.795,% one core
threads_only,1:46,sample_free_ram,1.932,GiB
threads_only,1:46,sample_battery_temp,34.500,C
threads_only,1:46,sample_thermal_status,0,Android PowerManager status
threads_only,1:46,sample_cpu0_freq,1804,MHz
threads_only,1:46,sample_cpu1_freq,1804,MHz
threads_only,1:46,sample_cpu2_freq,1804,MHz
threads_only,1:46,sample_cpu3_freq,1804,MHz
threads_only,1:46,sample_cpu4_freq,2208,MHz
threads_only,1:46,sample_cpu5_freq,2208,MHz
threads_only,1:46,sample_cpu6_freq,2208,MHz
threads_only,1:46,sample_cpu7_freq,2304,MHz
threads_only,1:47,sample_elapsed,7400,ms
threads_only,1:47,sample_power,1.031,W
threads_only,1:47,sample_process_cpu,398.214,% one core
threads_only,1:47,sample_free_ram,1.931,GiB
threads_only,1:47,sample_battery_temp,34.500,C
threads_only,1:47,sample_thermal_status,0,Android PowerManager status
threads_only,1:47,sample_cpu0_freq,1804,MHz
threads_only,1:47,sample_cpu1_freq,1804,MHz
threads_only,1:47,sample_cpu2_freq,1804,MHz
threads_only,1:47,sample_cpu3_freq,1804,MHz
threads_only,1:47,sample_cpu4_freq,2208,MHz
threads_only,1:47,sample_cpu5_freq,2208,MHz
threads_only,1:47,sample_cpu6_freq,2208,MHz
threads_only,1:47,sample_cpu7_freq,2304,MHz
threads_only,1:48,sample_elapsed,7565,ms
threads_only,1:48,sample_power,1.031,W
threads_only,1:48,sample_process_cpu,403.030,% one core
threads_only,1:48,sample_free_ram,1.931,GiB
threads_only,1:48,sample_battery_temp,34.500,C
threads_only,1:48,sample_thermal_status,0,Android PowerManager status
threads_only,1:48,sample_cpu0_freq,1344,MHz
threads_only,1:48,sample_cpu1_freq,1344,MHz
threads_only,1:48,sample_cpu2_freq,1344,MHz
threads_only,1:48,sample_cpu3_freq,1344,MHz
threads_only,1:48,sample_cpu4_freq,2208,MHz
threads_only,1:48,sample_cpu5_freq,2208,MHz
threads_only,1:48,sample_cpu6_freq,2208,MHz
threads_only,1:48,sample_cpu7_freq,2304,MHz
threads_only,1:49,sample_elapsed,7730,ms
threads_only,1:49,sample_power,1.031,W
threads_only,1:49,sample_process_cpu,388.485,% one core
threads_only,1:49,sample_free_ram,1.931,GiB
threads_only,1:49,sample_battery_temp,34.500,C
threads_only,1:49,sample_thermal_status,0,Android PowerManager status
threads_only,1:49,sample_cpu0_freq,1344,MHz
threads_only,1:49,sample_cpu1_freq,1344,MHz
threads_only,1:49,sample_cpu2_freq,1344,MHz
threads_only,1:49,sample_cpu3_freq,1344,MHz
threads_only,1:49,sample_cpu4_freq,2208,MHz
threads_only,1:49,sample_cpu5_freq,2208,MHz
threads_only,1:49,sample_cpu6_freq,2208,MHz
threads_only,1:49,sample_cpu7_freq,2304,MHz
threads_only,1:50,sample_elapsed,7895,ms
threads_only,1:50,sample_power,1.031,W
threads_only,1:50,sample_process_cpu,406.667,% one core
threads_only,1:50,sample_free_ram,1.931,GiB
threads_only,1:50,sample_battery_temp,34.500,C
threads_only,1:50,sample_thermal_status,0,Android PowerManager status
threads_only,1:50,sample_cpu0_freq,902,MHz
threads_only,1:50,sample_cpu1_freq,902,MHz
threads_only,1:50,sample_cpu2_freq,902,MHz
threads_only,1:50,sample_cpu3_freq,902,MHz
threads_only,1:50,sample_cpu4_freq,2208,MHz
threads_only,1:50,sample_cpu5_freq,2208,MHz
threads_only,1:50,sample_cpu6_freq,2208,MHz
threads_only,1:50,sample_cpu7_freq,2304,MHz
threads_only,1:51,sample_elapsed,8069,ms
threads_only,1:51,sample_power,4.125,W
threads_only,1:51,sample_process_cpu,432.759,% one core
threads_only,1:51,sample_free_ram,1.929,GiB
threads_only,1:51,sample_battery_temp,34.500,C
threads_only,1:51,sample_thermal_status,0,Android PowerManager status
threads_only,1:51,sample_cpu0_freq,1113,MHz
threads_only,1:51,sample_cpu1_freq,1113,MHz
threads_only,1:51,sample_cpu2_freq,1497,MHz
threads_only,1:51,sample_cpu3_freq,1497,MHz
threads_only,1:51,sample_cpu4_freq,2208,MHz
threads_only,1:51,sample_cpu5_freq,2208,MHz
threads_only,1:51,sample_cpu6_freq,2208,MHz
threads_only,1:51,sample_cpu7_freq,2304,MHz
threads_only,1:52,sample_elapsed,8236,ms
threads_only,1:52,sample_power,4.125,W
threads_only,1:52,sample_process_cpu,401.796,% one core
threads_only,1:52,sample_free_ram,1.929,GiB
threads_only,1:52,sample_battery_temp,34.500,C
threads_only,1:52,sample_thermal_status,0,Android PowerManager status
threads_only,1:52,sample_cpu0_freq,1593,MHz
threads_only,1:52,sample_cpu1_freq,1593,MHz
threads_only,1:52,sample_cpu2_freq,1593,MHz
threads_only,1:52,sample_cpu3_freq,1593,MHz
threads_only,1:52,sample_cpu4_freq,2208,MHz
threads_only,1:52,sample_cpu5_freq,2208,MHz
threads_only,1:52,sample_cpu6_freq,2208,MHz
threads_only,1:52,sample_cpu7_freq,2304,MHz
threads_only,1:53,sample_elapsed,8405,ms
threads_only,1:53,sample_power,4.125,W
threads_only,1:53,sample_process_cpu,406.509,% one core
threads_only,1:53,sample_free_ram,1.929,GiB
threads_only,1:53,sample_battery_temp,34.500,C
threads_only,1:53,sample_thermal_status,0,Android PowerManager status
threads_only,1:53,sample_cpu0_freq,1113,MHz
threads_only,1:53,sample_cpu1_freq,1113,MHz
threads_only,1:53,sample_cpu2_freq,1113,MHz
threads_only,1:53,sample_cpu3_freq,1113,MHz
threads_only,1:53,sample_cpu4_freq,2208,MHz
threads_only,1:53,sample_cpu5_freq,2208,MHz
threads_only,1:53,sample_cpu6_freq,2208,MHz
threads_only,1:53,sample_cpu7_freq,2304,MHz
threads_only,1:54,sample_elapsed,8573,ms
threads_only,1:54,sample_power,4.125,W
threads_only,1:54,sample_process_cpu,391.667,% one core
threads_only,1:54,sample_free_ram,1.929,GiB
threads_only,1:54,sample_battery_temp,34.500,C
threads_only,1:54,sample_thermal_status,0,Android PowerManager status
threads_only,1:54,sample_cpu0_freq,1804,MHz
threads_only,1:54,sample_cpu1_freq,1804,MHz
threads_only,1:54,sample_cpu2_freq,1804,MHz
threads_only,1:54,sample_cpu3_freq,1804,MHz
threads_only,1:54,sample_cpu4_freq,2208,MHz
threads_only,1:54,sample_cpu5_freq,2208,MHz
threads_only,1:54,sample_cpu6_freq,2208,MHz
threads_only,1:54,sample_cpu7_freq,2304,MHz
threads_only,1:55,sample_elapsed,8743,ms
threads_only,1:55,sample_power,4.125,W
threads_only,1:55,sample_process_cpu,405.882,% one core
threads_only,1:55,sample_free_ram,1.929,GiB
threads_only,1:55,sample_battery_temp,34.500,C
threads_only,1:55,sample_thermal_status,0,Android PowerManager status
threads_only,1:55,sample_cpu0_freq,787,MHz
threads_only,1:55,sample_cpu1_freq,787,MHz
threads_only,1:55,sample_cpu2_freq,787,MHz
threads_only,1:55,sample_cpu3_freq,787,MHz
threads_only,1:55,sample_cpu4_freq,2208,MHz
threads_only,1:55,sample_cpu5_freq,2208,MHz
threads_only,1:55,sample_cpu6_freq,2208,MHz
threads_only,1:55,sample_cpu7_freq,2304,MHz
threads_only,1:56,sample_elapsed,8914,ms
threads_only,1:56,sample_power,4.125,W
threads_only,1:56,sample_process_cpu,403.509,% one core
threads_only,1:56,sample_free_ram,1.929,GiB
threads_only,1:56,sample_battery_temp,34.500,C
threads_only,1:56,sample_thermal_status,0,Android PowerManager status
threads_only,1:56,sample_cpu0_freq,595,MHz
threads_only,1:56,sample_cpu1_freq,595,MHz
threads_only,1:56,sample_cpu2_freq,595,MHz
threads_only,1:56,sample_cpu3_freq,595,MHz
threads_only,1:56,sample_cpu4_freq,2208,MHz
threads_only,1:56,sample_cpu5_freq,2208,MHz
threads_only,1:56,sample_cpu6_freq,2208,MHz
threads_only,1:56,sample_cpu7_freq,2304,MHz
threads_only,1:57,sample_elapsed,9088,ms
threads_only,1:57,sample_power,4.125,W
threads_only,1:57,sample_process_cpu,405.747,% one core
threads_only,1:57,sample_free_ram,1.929,GiB
threads_only,1:57,sample_battery_temp,34.500,C
threads_only,1:57,sample_thermal_status,0,Android PowerManager status
threads_only,1:57,sample_cpu0_freq,1804,MHz
threads_only,1:57,sample_cpu1_freq,1804,MHz
threads_only,1:57,sample_cpu2_freq,1804,MHz
threads_only,1:57,sample_cpu3_freq,1804,MHz
threads_only,1:57,sample_cpu4_freq,2208,MHz
threads_only,1:57,sample_cpu5_freq,2208,MHz
threads_only,1:57,sample_cpu6_freq,2208,MHz
threads_only,1:57,sample_cpu7_freq,2304,MHz
threads_only,1:58,sample_elapsed,9264,ms
threads_only,1:58,sample_power,4.125,W
threads_only,1:58,sample_process_cpu,394.886,% one core
threads_only,1:58,sample_free_ram,1.928,GiB
threads_only,1:58,sample_battery_temp,34.500,C
threads_only,1:58,sample_thermal_status,0,Android PowerManager status
threads_only,1:58,sample_cpu0_freq,1593,MHz
threads_only,1:58,sample_cpu1_freq,1593,MHz
threads_only,1:58,sample_cpu2_freq,1593,MHz
threads_only,1:58,sample_cpu3_freq,1593,MHz
threads_only,1:58,sample_cpu4_freq,2208,MHz
threads_only,1:58,sample_cpu5_freq,2208,MHz
threads_only,1:58,sample_cpu6_freq,2208,MHz
threads_only,1:58,sample_cpu7_freq,2304,MHz
threads_only,1:59,sample_elapsed,9433,ms
threads_only,1:59,sample_power,4.125,W
threads_only,1:59,sample_process_cpu,398.225,% one core
threads_only,1:59,sample_free_ram,1.928,GiB
threads_only,1:59,sample_battery_temp,34.500,C
threads_only,1:59,sample_thermal_status,0,Android PowerManager status
threads_only,1:59,sample_cpu0_freq,1497,MHz
threads_only,1:59,sample_cpu1_freq,1497,MHz
threads_only,1:59,sample_cpu2_freq,1497,MHz
threads_only,1:59,sample_cpu3_freq,1497,MHz
threads_only,1:59,sample_cpu4_freq,2208,MHz
threads_only,1:59,sample_cpu5_freq,2208,MHz
threads_only,1:59,sample_cpu6_freq,2208,MHz
threads_only,1:59,sample_cpu7_freq,2304,MHz
threads_only,1:60,sample_elapsed,9601,ms
threads_only,1:60,sample_power,4.125,W
threads_only,1:60,sample_process_cpu,400.595,% one core
threads_only,1:60,sample_free_ram,1.928,GiB
threads_only,1:60,sample_battery_temp,34.500,C
threads_only,1:60,sample_thermal_status,0,Android PowerManager status
threads_only,1:60,sample_cpu0_freq,1113,MHz
threads_only,1:60,sample_cpu1_freq,1113,MHz
threads_only,1:60,sample_cpu2_freq,1113,MHz
threads_only,1:60,sample_cpu3_freq,1113,MHz
threads_only,1:60,sample_cpu4_freq,2208,MHz
threads_only,1:60,sample_cpu5_freq,2208,MHz
threads_only,1:60,sample_cpu6_freq,2208,MHz
threads_only,1:60,sample_cpu7_freq,2304,MHz
threads_only,1:61,sample_elapsed,9773,ms
threads_only,1:61,sample_power,4.125,W
threads_only,1:61,sample_process_cpu,401.163,% one core
threads_only,1:61,sample_free_ram,1.928,GiB
threads_only,1:61,sample_battery_temp,34.500,C
threads_only,1:61,sample_thermal_status,0,Android PowerManager status
threads_only,1:61,sample_cpu0_freq,1497,MHz
threads_only,1:61,sample_cpu1_freq,1804,MHz
threads_only,1:61,sample_cpu2_freq,1804,MHz
threads_only,1:61,sample_cpu3_freq,1804,MHz
threads_only,1:61,sample_cpu4_freq,2208,MHz
threads_only,1:61,sample_cpu5_freq,2208,MHz
threads_only,1:61,sample_cpu6_freq,2208,MHz
threads_only,1:61,sample_cpu7_freq,2304,MHz
threads_only,1:62,sample_elapsed,9945,ms
threads_only,1:62,sample_power,4.125,W
threads_only,1:62,sample_process_cpu,396.512,% one core
threads_only,1:62,sample_free_ram,1.928,GiB
threads_only,1:62,sample_battery_temp,34.500,C
threads_only,1:62,sample_thermal_status,0,Android PowerManager status
threads_only,1:62,sample_cpu0_freq,1344,MHz
threads_only,1:62,sample_cpu1_freq,1344,MHz
threads_only,1:62,sample_cpu2_freq,1344,MHz
threads_only,1:62,sample_cpu3_freq,1344,MHz
threads_only,1:62,sample_cpu4_freq,2208,MHz
threads_only,1:62,sample_cpu5_freq,2208,MHz
threads_only,1:62,sample_cpu6_freq,2208,MHz
threads_only,1:62,sample_cpu7_freq,2304,MHz
threads_only,1:63,sample_elapsed,10112,ms
threads_only,1:63,sample_power,4.125,W
threads_only,1:63,sample_process_cpu,402.395,% one core
threads_only,1:63,sample_free_ram,1.928,GiB
threads_only,1:63,sample_battery_temp,34.500,C
threads_only,1:63,sample_thermal_status,0,Android PowerManager status
threads_only,1:63,sample_cpu0_freq,1113,MHz
threads_only,1:63,sample_cpu1_freq,1113,MHz
threads_only,1:63,sample_cpu2_freq,1113,MHz
threads_only,1:63,sample_cpu3_freq,1113,MHz
threads_only,1:63,sample_cpu4_freq,2208,MHz
threads_only,1:63,sample_cpu5_freq,2208,MHz
threads_only,1:63,sample_cpu6_freq,2208,MHz
threads_only,1:63,sample_cpu7_freq,2304,MHz
threads_only,1:64,sample_elapsed,10280,ms
threads_only,1:64,sample_power,4.125,W
threads_only,1:64,sample_process_cpu,402.381,% one core
threads_only,1:64,sample_free_ram,1.928,GiB
threads_only,1:64,sample_battery_temp,34.500,C
threads_only,1:64,sample_thermal_status,0,Android PowerManager status
threads_only,1:64,sample_cpu0_freq,1113,MHz
threads_only,1:64,sample_cpu1_freq,1113,MHz
threads_only,1:64,sample_cpu2_freq,1113,MHz
threads_only,1:64,sample_cpu3_freq,1113,MHz
threads_only,1:64,sample_cpu4_freq,2208,MHz
threads_only,1:64,sample_cpu5_freq,2208,MHz
threads_only,1:64,sample_cpu6_freq,2208,MHz
threads_only,1:64,sample_cpu7_freq,2304,MHz
threads_only,1:65,sample_elapsed,10451,ms
threads_only,1:65,sample_power,4.125,W
threads_only,1:65,sample_process_cpu,400.000,% one core
threads_only,1:65,sample_free_ram,1.928,GiB
threads_only,1:65,sample_battery_temp,34.500,C
threads_only,1:65,sample_thermal_status,0,Android PowerManager status
threads_only,1:65,sample_cpu0_freq,787,MHz
threads_only,1:65,sample_cpu1_freq,787,MHz
threads_only,1:65,sample_cpu2_freq,787,MHz
threads_only,1:65,sample_cpu3_freq,787,MHz
threads_only,1:65,sample_cpu4_freq,2208,MHz
threads_only,1:65,sample_cpu5_freq,2208,MHz
threads_only,1:65,sample_cpu6_freq,2208,MHz
threads_only,1:65,sample_cpu7_freq,2304,MHz
threads_only,1:66,sample_elapsed,10618,ms
threads_only,1:66,sample_power,4.125,W
threads_only,1:66,sample_process_cpu,405.389,% one core
threads_only,1:66,sample_free_ram,1.928,GiB
threads_only,1:66,sample_battery_temp,34.500,C
threads_only,1:66,sample_thermal_status,0,Android PowerManager status
threads_only,1:66,sample_cpu0_freq,787,MHz
threads_only,1:66,sample_cpu1_freq,787,MHz
threads_only,1:66,sample_cpu2_freq,1113,MHz
threads_only,1:66,sample_cpu3_freq,1113,MHz
threads_only,1:66,sample_cpu4_freq,2208,MHz
threads_only,1:66,sample_cpu5_freq,2208,MHz
threads_only,1:66,sample_cpu6_freq,2208,MHz
threads_only,1:66,sample_cpu7_freq,2304,MHz
threads_only,1:67,sample_elapsed,10789,ms
threads_only,1:67,sample_power,4.125,W
threads_only,1:67,sample_process_cpu,388.304,% one core
threads_only,1:67,sample_free_ram,1.928,GiB
threads_only,1:67,sample_battery_temp,34.500,C
threads_only,1:67,sample_thermal_status,0,Android PowerManager status
threads_only,1:67,sample_cpu0_freq,787,MHz
threads_only,1:67,sample_cpu1_freq,787,MHz
threads_only,1:67,sample_cpu2_freq,787,MHz
threads_only,1:67,sample_cpu3_freq,787,MHz
threads_only,1:67,sample_cpu4_freq,2208,MHz
threads_only,1:67,sample_cpu5_freq,2208,MHz
threads_only,1:67,sample_cpu6_freq,2208,MHz
threads_only,1:67,sample_cpu7_freq,2304,MHz
threads_only,1:68,sample_elapsed,10956,ms
threads_only,1:68,sample_power,4.125,W
threads_only,1:68,sample_process_cpu,404.192,% one core
threads_only,1:68,sample_free_ram,1.928,GiB
threads_only,1:68,sample_battery_temp,34.500,C
threads_only,1:68,sample_thermal_status,0,Android PowerManager status
threads_only,1:68,sample_cpu0_freq,595,MHz
threads_only,1:68,sample_cpu1_freq,595,MHz
threads_only,1:68,sample_cpu2_freq,595,MHz
threads_only,1:68,sample_cpu3_freq,1113,MHz
threads_only,1:68,sample_cpu4_freq,2208,MHz
threads_only,1:68,sample_cpu5_freq,2208,MHz
threads_only,1:68,sample_cpu6_freq,2208,MHz
threads_only,1:68,sample_cpu7_freq,2304,MHz
threads_only,1:69,sample_elapsed,11124,ms
threads_only,1:69,sample_power,4.125,W
threads_only,1:69,sample_process_cpu,399.405,% one core
threads_only,1:69,sample_free_ram,1.928,GiB
threads_only,1:69,sample_battery_temp,34.500,C
threads_only,1:69,sample_thermal_status,0,Android PowerManager status
threads_only,1:69,sample_cpu0_freq,787,MHz
threads_only,1:69,sample_cpu1_freq,787,MHz
threads_only,1:69,sample_cpu2_freq,787,MHz
threads_only,1:69,sample_cpu3_freq,787,MHz
threads_only,1:69,sample_cpu4_freq,2208,MHz
threads_only,1:69,sample_cpu5_freq,2208,MHz
threads_only,1:69,sample_cpu6_freq,2208,MHz
threads_only,1:69,sample_cpu7_freq,2304,MHz
threads_only,2,pp,129.000,tok/s
threads_only,2,tg,17.400,tok/s
threads_only,2,power,3.316,W
threads_only,2,tok_per_w,5.248,tok/W
threads_only,2,ttft_pp512_derived,4026.464,ms
threads_only,2,start_temp,34.500,C
threads_only,2,average_process_cpu,397.343,% one core
threads_only,2,minimum_free_ram,1.931,GiB
threads_only,2,peak_battery_temp,34.500,C
threads_only,2,peak_thermal_status,0,Android PowerManager status
threads_only,2:1,sample_elapsed,0,ms
threads_only,2:1,sample_power,0.982,W
threads_only,2:1,sample_process_cpu,0.000,% one core
threads_only,2:1,sample_free_ram,2.011,GiB
threads_only,2:1,sample_battery_temp,34.500,C
threads_only,2:1,sample_thermal_status,0,Android PowerManager status
threads_only,2:1,sample_cpu0_freq,787,MHz
threads_only,2:1,sample_cpu1_freq,787,MHz
threads_only,2:1,sample_cpu2_freq,787,MHz
threads_only,2:1,sample_cpu3_freq,787,MHz
threads_only,2:1,sample_cpu4_freq,633,MHz
threads_only,2:1,sample_cpu5_freq,633,MHz
threads_only,2:1,sample_cpu6_freq,633,MHz
threads_only,2:1,sample_cpu7_freq,633,MHz
threads_only,2:2,sample_elapsed,160,ms
threads_only,2:2,sample_power,0.982,W
threads_only,2:2,sample_process_cpu,266.250,% one core
threads_only,2:2,sample_free_ram,1.977,GiB
threads_only,2:2,sample_battery_temp,34.500,C
threads_only,2:2,sample_thermal_status,0,Android PowerManager status
threads_only,2:2,sample_cpu0_freq,1804,MHz
threads_only,2:2,sample_cpu1_freq,1804,MHz
threads_only,2:2,sample_cpu2_freq,1804,MHz
threads_only,2:2,sample_cpu3_freq,1804,MHz
threads_only,2:2,sample_cpu4_freq,2208,MHz
threads_only,2:2,sample_cpu5_freq,2208,MHz
threads_only,2:2,sample_cpu6_freq,2208,MHz
threads_only,2:2,sample_cpu7_freq,2304,MHz
threads_only,2:3,sample_elapsed,314,ms
threads_only,2:3,sample_power,0.982,W
threads_only,2:3,sample_process_cpu,401.299,% one core
threads_only,2:3,sample_free_ram,1.943,GiB
threads_only,2:3,sample_battery_temp,34.500,C
threads_only,2:3,sample_thermal_status,0,Android PowerManager status
threads_only,2:3,sample_cpu0_freq,1804,MHz
threads_only,2:3,sample_cpu1_freq,1804,MHz
threads_only,2:3,sample_cpu2_freq,1804,MHz
threads_only,2:3,sample_cpu3_freq,1804,MHz
threads_only,2:3,sample_cpu4_freq,2208,MHz
threads_only,2:3,sample_cpu5_freq,2208,MHz
threads_only,2:3,sample_cpu6_freq,2208,MHz
threads_only,2:3,sample_cpu7_freq,2304,MHz
threads_only,2:4,sample_elapsed,467,ms
threads_only,2:4,sample_power,0.982,W
threads_only,2:4,sample_process_cpu,410.458,% one core
threads_only,2:4,sample_free_ram,1.941,GiB
threads_only,2:4,sample_battery_temp,34.500,C
threads_only,2:4,sample_thermal_status,0,Android PowerManager status
threads_only,2:4,sample_cpu0_freq,1804,MHz
threads_only,2:4,sample_cpu1_freq,1804,MHz
threads_only,2:4,sample_cpu2_freq,1804,MHz
threads_only,2:4,sample_cpu3_freq,1804,MHz
threads_only,2:4,sample_cpu4_freq,2208,MHz
threads_only,2:4,sample_cpu5_freq,2208,MHz
threads_only,2:4,sample_cpu6_freq,2208,MHz
threads_only,2:4,sample_cpu7_freq,2304,MHz
threads_only,2:5,sample_elapsed,621,ms
threads_only,2:5,sample_power,0.982,W
threads_only,2:5,sample_process_cpu,396.104,% one core
threads_only,2:5,sample_free_ram,1.941,GiB
threads_only,2:5,sample_battery_temp,34.500,C
threads_only,2:5,sample_thermal_status,0,Android PowerManager status
threads_only,2:5,sample_cpu0_freq,1804,MHz
threads_only,2:5,sample_cpu1_freq,1804,MHz
threads_only,2:5,sample_cpu2_freq,1804,MHz
threads_only,2:5,sample_cpu3_freq,1804,MHz
threads_only,2:5,sample_cpu4_freq,2208,MHz
threads_only,2:5,sample_cpu5_freq,2208,MHz
threads_only,2:5,sample_cpu6_freq,2208,MHz
threads_only,2:5,sample_cpu7_freq,2304,MHz
threads_only,2:6,sample_elapsed,774,ms
threads_only,2:6,sample_power,0.982,W
threads_only,2:6,sample_process_cpu,393.464,% one core
threads_only,2:6,sample_free_ram,1.941,GiB
threads_only,2:6,sample_battery_temp,34.500,C
threads_only,2:6,sample_thermal_status,0,Android PowerManager status
threads_only,2:6,sample_cpu0_freq,1804,MHz
threads_only,2:6,sample_cpu1_freq,1804,MHz
threads_only,2:6,sample_cpu2_freq,1804,MHz
threads_only,2:6,sample_cpu3_freq,1804,MHz
threads_only,2:6,sample_cpu4_freq,2208,MHz
threads_only,2:6,sample_cpu5_freq,2208,MHz
threads_only,2:6,sample_cpu6_freq,2208,MHz
threads_only,2:6,sample_cpu7_freq,2304,MHz
threads_only,2:7,sample_elapsed,929,ms
threads_only,2:7,sample_power,0.982,W
threads_only,2:7,sample_process_cpu,399.355,% one core
threads_only,2:7,sample_free_ram,1.941,GiB
threads_only,2:7,sample_battery_temp,34.500,C
threads_only,2:7,sample_thermal_status,0,Android PowerManager status
threads_only,2:7,sample_cpu0_freq,1804,MHz
threads_only,2:7,sample_cpu1_freq,1804,MHz
threads_only,2:7,sample_cpu2_freq,1804,MHz
threads_only,2:7,sample_cpu3_freq,1804,MHz
threads_only,2:7,sample_cpu4_freq,2208,MHz
threads_only,2:7,sample_cpu5_freq,2208,MHz
threads_only,2:7,sample_cpu6_freq,2208,MHz
threads_only,2:7,sample_cpu7_freq,2304,MHz
threads_only,2:8,sample_elapsed,1083,ms
threads_only,2:8,sample_power,0.982,W
threads_only,2:8,sample_process_cpu,395.455,% one core
threads_only,2:8,sample_free_ram,1.941,GiB
threads_only,2:8,sample_battery_temp,34.500,C
threads_only,2:8,sample_thermal_status,0,Android PowerManager status
threads_only,2:8,sample_cpu0_freq,1804,MHz
threads_only,2:8,sample_cpu1_freq,1804,MHz
threads_only,2:8,sample_cpu2_freq,1804,MHz
threads_only,2:8,sample_cpu3_freq,1804,MHz
threads_only,2:8,sample_cpu4_freq,2208,MHz
threads_only,2:8,sample_cpu5_freq,2208,MHz
threads_only,2:8,sample_cpu6_freq,2208,MHz
threads_only,2:8,sample_cpu7_freq,2304,MHz
threads_only,2:9,sample_elapsed,1237,ms
threads_only,2:9,sample_power,0.982,W
threads_only,2:9,sample_process_cpu,395.455,% one core
threads_only,2:9,sample_free_ram,1.940,GiB
threads_only,2:9,sample_battery_temp,34.500,C
threads_only,2:9,sample_thermal_status,0,Android PowerManager status
threads_only,2:9,sample_cpu0_freq,1804,MHz
threads_only,2:9,sample_cpu1_freq,1804,MHz
threads_only,2:9,sample_cpu2_freq,1804,MHz
threads_only,2:9,sample_cpu3_freq,1804,MHz
threads_only,2:9,sample_cpu4_freq,2208,MHz
threads_only,2:9,sample_cpu5_freq,2208,MHz
threads_only,2:9,sample_cpu6_freq,2208,MHz
threads_only,2:9,sample_cpu7_freq,2304,MHz
threads_only,2:10,sample_elapsed,1391,ms
threads_only,2:10,sample_power,0.982,W
threads_only,2:10,sample_process_cpu,396.104,% one core
threads_only,2:10,sample_free_ram,1.940,GiB
threads_only,2:10,sample_battery_temp,34.500,C
threads_only,2:10,sample_thermal_status,0,Android PowerManager status
threads_only,2:10,sample_cpu0_freq,1804,MHz
threads_only,2:10,sample_cpu1_freq,1804,MHz
threads_only,2:10,sample_cpu2_freq,1804,MHz
threads_only,2:10,sample_cpu3_freq,1804,MHz
threads_only,2:10,sample_cpu4_freq,2208,MHz
threads_only,2:10,sample_cpu5_freq,2208,MHz
threads_only,2:10,sample_cpu6_freq,2208,MHz
threads_only,2:10,sample_cpu7_freq,2304,MHz
threads_only,2:11,sample_elapsed,1544,ms
threads_only,2:11,sample_power,0.982,W
threads_only,2:11,sample_process_cpu,389.542,% one core
threads_only,2:11,sample_free_ram,1.940,GiB
threads_only,2:11,sample_battery_temp,34.500,C
threads_only,2:11,sample_thermal_status,0,Android PowerManager status
threads_only,2:11,sample_cpu0_freq,1804,MHz
threads_only,2:11,sample_cpu1_freq,1804,MHz
threads_only,2:11,sample_cpu2_freq,1804,MHz
threads_only,2:11,sample_cpu3_freq,1804,MHz
threads_only,2:11,sample_cpu4_freq,2208,MHz
threads_only,2:11,sample_cpu5_freq,2208,MHz
threads_only,2:11,sample_cpu6_freq,2208,MHz
threads_only,2:11,sample_cpu7_freq,2304,MHz
threads_only,2:12,sample_elapsed,1698,ms
threads_only,2:12,sample_power,0.982,W
threads_only,2:12,sample_process_cpu,401.948,% one core
threads_only,2:12,sample_free_ram,1.940,GiB
threads_only,2:12,sample_battery_temp,34.500,C
threads_only,2:12,sample_thermal_status,0,Android PowerManager status
threads_only,2:12,sample_cpu0_freq,1804,MHz
threads_only,2:12,sample_cpu1_freq,1804,MHz
threads_only,2:12,sample_cpu2_freq,1804,MHz
threads_only,2:12,sample_cpu3_freq,1804,MHz
threads_only,2:12,sample_cpu4_freq,2208,MHz
threads_only,2:12,sample_cpu5_freq,2208,MHz
threads_only,2:12,sample_cpu6_freq,2208,MHz
threads_only,2:12,sample_cpu7_freq,2304,MHz
threads_only,2:13,sample_elapsed,1851,ms
threads_only,2:13,sample_power,0.982,W
threads_only,2:13,sample_process_cpu,393.464,% one core
threads_only,2:13,sample_free_ram,1.940,GiB
threads_only,2:13,sample_battery_temp,34.500,C
threads_only,2:13,sample_thermal_status,0,Android PowerManager status
threads_only,2:13,sample_cpu0_freq,1804,MHz
threads_only,2:13,sample_cpu1_freq,1804,MHz
threads_only,2:13,sample_cpu2_freq,1804,MHz
threads_only,2:13,sample_cpu3_freq,1804,MHz
threads_only,2:13,sample_cpu4_freq,2208,MHz
threads_only,2:13,sample_cpu5_freq,2208,MHz
threads_only,2:13,sample_cpu6_freq,2208,MHz
threads_only,2:13,sample_cpu7_freq,2304,MHz
threads_only,2:14,sample_elapsed,2005,ms
threads_only,2:14,sample_power,0.982,W
threads_only,2:14,sample_process_cpu,399.351,% one core
threads_only,2:14,sample_free_ram,1.940,GiB
threads_only,2:14,sample_battery_temp,34.500,C
threads_only,2:14,sample_thermal_status,0,Android PowerManager status
threads_only,2:14,sample_cpu0_freq,1804,MHz
threads_only,2:14,sample_cpu1_freq,1804,MHz
threads_only,2:14,sample_cpu2_freq,1804,MHz
threads_only,2:14,sample_cpu3_freq,1804,MHz
threads_only,2:14,sample_cpu4_freq,2208,MHz
threads_only,2:14,sample_cpu5_freq,2208,MHz
threads_only,2:14,sample_cpu6_freq,2208,MHz
threads_only,2:14,sample_cpu7_freq,2304,MHz
threads_only,2:15,sample_elapsed,2159,ms
threads_only,2:15,sample_power,0.982,W
threads_only,2:15,sample_process_cpu,395.455,% one core
threads_only,2:15,sample_free_ram,1.940,GiB
threads_only,2:15,sample_battery_temp,34.500,C
threads_only,2:15,sample_thermal_status,0,Android PowerManager status
threads_only,2:15,sample_cpu0_freq,1804,MHz
threads_only,2:15,sample_cpu1_freq,1804,MHz
threads_only,2:15,sample_cpu2_freq,1804,MHz
threads_only,2:15,sample_cpu3_freq,1804,MHz
threads_only,2:15,sample_cpu4_freq,2208,MHz
threads_only,2:15,sample_cpu5_freq,2208,MHz
threads_only,2:15,sample_cpu6_freq,2208,MHz
threads_only,2:15,sample_cpu7_freq,2304,MHz
threads_only,2:16,sample_elapsed,2312,ms
threads_only,2:16,sample_power,3.941,W
threads_only,2:16,sample_process_cpu,388.889,% one core
threads_only,2:16,sample_free_ram,1.939,GiB
threads_only,2:16,sample_battery_temp,34.500,C
threads_only,2:16,sample_thermal_status,0,Android PowerManager status
threads_only,2:16,sample_cpu0_freq,1804,MHz
threads_only,2:16,sample_cpu1_freq,1804,MHz
threads_only,2:16,sample_cpu2_freq,1804,MHz
threads_only,2:16,sample_cpu3_freq,1804,MHz
threads_only,2:16,sample_cpu4_freq,2208,MHz
threads_only,2:16,sample_cpu5_freq,2208,MHz
threads_only,2:16,sample_cpu6_freq,2208,MHz
threads_only,2:16,sample_cpu7_freq,2304,MHz
threads_only,2:17,sample_elapsed,2466,ms
threads_only,2:17,sample_power,3.941,W
threads_only,2:17,sample_process_cpu,405.195,% one core
threads_only,2:17,sample_free_ram,1.939,GiB
threads_only,2:17,sample_battery_temp,34.500,C
threads_only,2:17,sample_thermal_status,0,Android PowerManager status
threads_only,2:17,sample_cpu0_freq,1804,MHz
threads_only,2:17,sample_cpu1_freq,1804,MHz
threads_only,2:17,sample_cpu2_freq,1804,MHz
threads_only,2:17,sample_cpu3_freq,1804,MHz
threads_only,2:17,sample_cpu4_freq,2208,MHz
threads_only,2:17,sample_cpu5_freq,2208,MHz
threads_only,2:17,sample_cpu6_freq,2208,MHz
threads_only,2:17,sample_cpu7_freq,2304,MHz
threads_only,2:18,sample_elapsed,2621,ms
threads_only,2:18,sample_power,3.941,W
threads_only,2:18,sample_process_cpu,396.774,% one core
threads_only,2:18,sample_free_ram,1.939,GiB
threads_only,2:18,sample_battery_temp,34.500,C
threads_only,2:18,sample_thermal_status,0,Android PowerManager status
threads_only,2:18,sample_cpu0_freq,1804,MHz
threads_only,2:18,sample_cpu1_freq,1804,MHz
threads_only,2:18,sample_cpu2_freq,1804,MHz
threads_only,2:18,sample_cpu3_freq,1804,MHz
threads_only,2:18,sample_cpu4_freq,2208,MHz
threads_only,2:18,sample_cpu5_freq,2208,MHz
threads_only,2:18,sample_cpu6_freq,2208,MHz
threads_only,2:18,sample_cpu7_freq,2304,MHz
threads_only,2:19,sample_elapsed,2775,ms
threads_only,2:19,sample_power,3.941,W
threads_only,2:19,sample_process_cpu,401.299,% one core
threads_only,2:19,sample_free_ram,1.939,GiB
threads_only,2:19,sample_battery_temp,34.500,C
threads_only,2:19,sample_thermal_status,0,Android PowerManager status
threads_only,2:19,sample_cpu0_freq,1804,MHz
threads_only,2:19,sample_cpu1_freq,1804,MHz
threads_only,2:19,sample_cpu2_freq,1804,MHz
threads_only,2:19,sample_cpu3_freq,1804,MHz
threads_only,2:19,sample_cpu4_freq,2208,MHz
threads_only,2:19,sample_cpu5_freq,2208,MHz
threads_only,2:19,sample_cpu6_freq,2208,MHz
threads_only,2:19,sample_cpu7_freq,2304,MHz
threads_only,2:20,sample_elapsed,2931,ms
threads_only,2:20,sample_power,3.941,W
threads_only,2:20,sample_process_cpu,386.538,% one core
threads_only,2:20,sample_free_ram,1.939,GiB
threads_only,2:20,sample_battery_temp,34.500,C
threads_only,2:20,sample_thermal_status,0,Android PowerManager status
threads_only,2:20,sample_cpu0_freq,1804,MHz
threads_only,2:20,sample_cpu1_freq,1804,MHz
threads_only,2:20,sample_cpu2_freq,1804,MHz
threads_only,2:20,sample_cpu3_freq,1804,MHz
threads_only,2:20,sample_cpu4_freq,2208,MHz
threads_only,2:20,sample_cpu5_freq,2208,MHz
threads_only,2:20,sample_cpu6_freq,2208,MHz
threads_only,2:20,sample_cpu7_freq,2304,MHz
threads_only,2:21,sample_elapsed,3086,ms
threads_only,2:21,sample_power,3.941,W
threads_only,2:21,sample_process_cpu,395.484,% one core
threads_only,2:21,sample_free_ram,1.941,GiB
threads_only,2:21,sample_battery_temp,34.500,C
threads_only,2:21,sample_thermal_status,0,Android PowerManager status
threads_only,2:21,sample_cpu0_freq,1804,MHz
threads_only,2:21,sample_cpu1_freq,1804,MHz
threads_only,2:21,sample_cpu2_freq,1804,MHz
threads_only,2:21,sample_cpu3_freq,1804,MHz
threads_only,2:21,sample_cpu4_freq,2208,MHz
threads_only,2:21,sample_cpu5_freq,2208,MHz
threads_only,2:21,sample_cpu6_freq,2208,MHz
threads_only,2:21,sample_cpu7_freq,2304,MHz
threads_only,2:22,sample_elapsed,3239,ms
threads_only,2:22,sample_power,3.941,W
threads_only,2:22,sample_process_cpu,392.810,% one core
threads_only,2:22,sample_free_ram,1.941,GiB
threads_only,2:22,sample_battery_temp,34.500,C
threads_only,2:22,sample_thermal_status,0,Android PowerManager status
threads_only,2:22,sample_cpu0_freq,1804,MHz
threads_only,2:22,sample_cpu1_freq,1804,MHz
threads_only,2:22,sample_cpu2_freq,1804,MHz
threads_only,2:22,sample_cpu3_freq,1804,MHz
threads_only,2:22,sample_cpu4_freq,2208,MHz
threads_only,2:22,sample_cpu5_freq,2208,MHz
threads_only,2:22,sample_cpu6_freq,2208,MHz
threads_only,2:22,sample_cpu7_freq,2304,MHz
threads_only,2:23,sample_elapsed,3393,ms
threads_only,2:23,sample_power,3.941,W
threads_only,2:23,sample_process_cpu,400.649,% one core
threads_only,2:23,sample_free_ram,1.941,GiB
threads_only,2:23,sample_battery_temp,34.500,C
threads_only,2:23,sample_thermal_status,0,Android PowerManager status
threads_only,2:23,sample_cpu0_freq,1804,MHz
threads_only,2:23,sample_cpu1_freq,1804,MHz
threads_only,2:23,sample_cpu2_freq,1804,MHz
threads_only,2:23,sample_cpu3_freq,1804,MHz
threads_only,2:23,sample_cpu4_freq,2208,MHz
threads_only,2:23,sample_cpu5_freq,2208,MHz
threads_only,2:23,sample_cpu6_freq,2208,MHz
threads_only,2:23,sample_cpu7_freq,2304,MHz
threads_only,2:24,sample_elapsed,3547,ms
threads_only,2:24,sample_power,3.941,W
threads_only,2:24,sample_process_cpu,392.208,% one core
threads_only,2:24,sample_free_ram,1.941,GiB
threads_only,2:24,sample_battery_temp,34.500,C
threads_only,2:24,sample_thermal_status,0,Android PowerManager status
threads_only,2:24,sample_cpu0_freq,1804,MHz
threads_only,2:24,sample_cpu1_freq,1804,MHz
threads_only,2:24,sample_cpu2_freq,1804,MHz
threads_only,2:24,sample_cpu3_freq,1804,MHz
threads_only,2:24,sample_cpu4_freq,2208,MHz
threads_only,2:24,sample_cpu5_freq,2208,MHz
threads_only,2:24,sample_cpu6_freq,2208,MHz
threads_only,2:24,sample_cpu7_freq,2304,MHz
threads_only,2:25,sample_elapsed,3702,ms
threads_only,2:25,sample_power,3.941,W
threads_only,2:25,sample_process_cpu,399.355,% one core
threads_only,2:25,sample_free_ram,1.941,GiB
threads_only,2:25,sample_battery_temp,34.500,C
threads_only,2:25,sample_thermal_status,0,Android PowerManager status
threads_only,2:25,sample_cpu0_freq,1804,MHz
threads_only,2:25,sample_cpu1_freq,1804,MHz
threads_only,2:25,sample_cpu2_freq,1804,MHz
threads_only,2:25,sample_cpu3_freq,1804,MHz
threads_only,2:25,sample_cpu4_freq,2208,MHz
threads_only,2:25,sample_cpu5_freq,2208,MHz
threads_only,2:25,sample_cpu6_freq,2208,MHz
threads_only,2:25,sample_cpu7_freq,2304,MHz
threads_only,2:26,sample_elapsed,3857,ms
threads_only,2:26,sample_power,3.941,W
threads_only,2:26,sample_process_cpu,403.226,% one core
threads_only,2:26,sample_free_ram,1.941,GiB
threads_only,2:26,sample_battery_temp,34.500,C
threads_only,2:26,sample_thermal_status,0,Android PowerManager status
threads_only,2:26,sample_cpu0_freq,1804,MHz
threads_only,2:26,sample_cpu1_freq,1804,MHz
threads_only,2:26,sample_cpu2_freq,1804,MHz
threads_only,2:26,sample_cpu3_freq,1804,MHz
threads_only,2:26,sample_cpu4_freq,2208,MHz
threads_only,2:26,sample_cpu5_freq,2208,MHz
threads_only,2:26,sample_cpu6_freq,2208,MHz
threads_only,2:26,sample_cpu7_freq,2304,MHz
threads_only,2:27,sample_elapsed,4013,ms
threads_only,2:27,sample_power,3.941,W
threads_only,2:27,sample_process_cpu,417.308,% one core
threads_only,2:27,sample_free_ram,1.942,GiB
threads_only,2:27,sample_battery_temp,34.500,C
threads_only,2:27,sample_thermal_status,0,Android PowerManager status
threads_only,2:27,sample_cpu0_freq,1804,MHz
threads_only,2:27,sample_cpu1_freq,1804,MHz
threads_only,2:27,sample_cpu2_freq,1804,MHz
threads_only,2:27,sample_cpu3_freq,1804,MHz
threads_only,2:27,sample_cpu4_freq,2208,MHz
threads_only,2:27,sample_cpu5_freq,2208,MHz
threads_only,2:27,sample_cpu6_freq,2208,MHz
threads_only,2:27,sample_cpu7_freq,2304,MHz
threads_only,2:28,sample_elapsed,4182,ms
threads_only,2:28,sample_power,3.941,W
threads_only,2:28,sample_process_cpu,401.775,% one core
threads_only,2:28,sample_free_ram,1.942,GiB
threads_only,2:28,sample_battery_temp,34.500,C
threads_only,2:28,sample_thermal_status,0,Android PowerManager status
threads_only,2:28,sample_cpu0_freq,1804,MHz
threads_only,2:28,sample_cpu1_freq,1804,MHz
threads_only,2:28,sample_cpu2_freq,1804,MHz
threads_only,2:28,sample_cpu3_freq,1804,MHz
threads_only,2:28,sample_cpu4_freq,2208,MHz
threads_only,2:28,sample_cpu5_freq,2208,MHz
threads_only,2:28,sample_cpu6_freq,2208,MHz
threads_only,2:28,sample_cpu7_freq,2304,MHz
threads_only,2:29,sample_elapsed,4342,ms
threads_only,2:29,sample_power,3.941,W
threads_only,2:29,sample_process_cpu,394.375,% one core
threads_only,2:29,sample_free_ram,1.942,GiB
threads_only,2:29,sample_battery_temp,34.500,C
threads_only,2:29,sample_thermal_status,0,Android PowerManager status
threads_only,2:29,sample_cpu0_freq,1804,MHz
threads_only,2:29,sample_cpu1_freq,1804,MHz
threads_only,2:29,sample_cpu2_freq,1804,MHz
threads_only,2:29,sample_cpu3_freq,1804,MHz
threads_only,2:29,sample_cpu4_freq,2208,MHz
threads_only,2:29,sample_cpu5_freq,2208,MHz
threads_only,2:29,sample_cpu6_freq,2208,MHz
threads_only,2:29,sample_cpu7_freq,2304,MHz
threads_only,2:30,sample_elapsed,4504,ms
threads_only,2:30,sample_power,3.941,W
threads_only,2:30,sample_process_cpu,387.654,% one core
threads_only,2:30,sample_free_ram,1.942,GiB
threads_only,2:30,sample_battery_temp,34.500,C
threads_only,2:30,sample_thermal_status,0,Android PowerManager status
threads_only,2:30,sample_cpu0_freq,1804,MHz
threads_only,2:30,sample_cpu1_freq,1804,MHz
threads_only,2:30,sample_cpu2_freq,1804,MHz
threads_only,2:30,sample_cpu3_freq,1804,MHz
threads_only,2:30,sample_cpu4_freq,2208,MHz
threads_only,2:30,sample_cpu5_freq,2208,MHz
threads_only,2:30,sample_cpu6_freq,2208,MHz
threads_only,2:30,sample_cpu7_freq,2304,MHz
threads_only,2:31,sample_elapsed,4662,ms
threads_only,2:31,sample_power,3.941,W
threads_only,2:31,sample_process_cpu,400.633,% one core
threads_only,2:31,sample_free_ram,1.942,GiB
threads_only,2:31,sample_battery_temp,34.500,C
threads_only,2:31,sample_thermal_status,0,Android PowerManager status
threads_only,2:31,sample_cpu0_freq,1804,MHz
threads_only,2:31,sample_cpu1_freq,1804,MHz
threads_only,2:31,sample_cpu2_freq,1804,MHz
threads_only,2:31,sample_cpu3_freq,1804,MHz
threads_only,2:31,sample_cpu4_freq,2208,MHz
threads_only,2:31,sample_cpu5_freq,2208,MHz
threads_only,2:31,sample_cpu6_freq,2208,MHz
threads_only,2:31,sample_cpu7_freq,2304,MHz
threads_only,2:32,sample_elapsed,4822,ms
threads_only,2:32,sample_power,3.941,W
threads_only,2:32,sample_process_cpu,392.500,% one core
threads_only,2:32,sample_free_ram,1.942,GiB
threads_only,2:32,sample_battery_temp,34.500,C
threads_only,2:32,sample_thermal_status,0,Android PowerManager status
threads_only,2:32,sample_cpu0_freq,1804,MHz
threads_only,2:32,sample_cpu1_freq,1804,MHz
threads_only,2:32,sample_cpu2_freq,1804,MHz
threads_only,2:32,sample_cpu3_freq,1804,MHz
threads_only,2:32,sample_cpu4_freq,2208,MHz
threads_only,2:32,sample_cpu5_freq,2208,MHz
threads_only,2:32,sample_cpu6_freq,2208,MHz
threads_only,2:32,sample_cpu7_freq,2304,MHz
threads_only,2:33,sample_elapsed,4976,ms
threads_only,2:33,sample_power,3.941,W
threads_only,2:33,sample_process_cpu,398.052,% one core
threads_only,2:33,sample_free_ram,1.941,GiB
threads_only,2:33,sample_battery_temp,34.500,C
threads_only,2:33,sample_thermal_status,0,Android PowerManager status
threads_only,2:33,sample_cpu0_freq,787,MHz
threads_only,2:33,sample_cpu1_freq,787,MHz
threads_only,2:33,sample_cpu2_freq,787,MHz
threads_only,2:33,sample_cpu3_freq,787,MHz
threads_only,2:33,sample_cpu4_freq,2208,MHz
threads_only,2:33,sample_cpu5_freq,2208,MHz
threads_only,2:33,sample_cpu6_freq,2208,MHz
threads_only,2:33,sample_cpu7_freq,2304,MHz
threads_only,2:34,sample_elapsed,5147,ms
threads_only,2:34,sample_power,3.941,W
threads_only,2:34,sample_process_cpu,396.491,% one core
threads_only,2:34,sample_free_ram,1.941,GiB
threads_only,2:34,sample_battery_temp,34.500,C
threads_only,2:34,sample_thermal_status,0,Android PowerManager status
threads_only,2:34,sample_cpu0_freq,902,MHz
threads_only,2:34,sample_cpu1_freq,902,MHz
threads_only,2:34,sample_cpu2_freq,902,MHz
threads_only,2:34,sample_cpu3_freq,902,MHz
threads_only,2:34,sample_cpu4_freq,2208,MHz
threads_only,2:34,sample_cpu5_freq,2208,MHz
threads_only,2:34,sample_cpu6_freq,2208,MHz
threads_only,2:34,sample_cpu7_freq,2304,MHz
threads_only,2:35,sample_elapsed,5315,ms
threads_only,2:35,sample_power,3.941,W
threads_only,2:35,sample_process_cpu,401.190,% one core
threads_only,2:35,sample_free_ram,1.941,GiB
threads_only,2:35,sample_battery_temp,34.500,C
threads_only,2:35,sample_thermal_status,0,Android PowerManager status
threads_only,2:35,sample_cpu0_freq,1017,MHz
threads_only,2:35,sample_cpu1_freq,1017,MHz
threads_only,2:35,sample_cpu2_freq,1017,MHz
threads_only,2:35,sample_cpu3_freq,1017,MHz
threads_only,2:35,sample_cpu4_freq,2208,MHz
threads_only,2:35,sample_cpu5_freq,2208,MHz
threads_only,2:35,sample_cpu6_freq,2208,MHz
threads_only,2:35,sample_cpu7_freq,2304,MHz
threads_only,2:36,sample_elapsed,5486,ms
threads_only,2:36,sample_power,3.941,W
threads_only,2:36,sample_process_cpu,402.339,% one core
threads_only,2:36,sample_free_ram,1.941,GiB
threads_only,2:36,sample_battery_temp,34.500,C
threads_only,2:36,sample_thermal_status,0,Android PowerManager status
threads_only,2:36,sample_cpu0_freq,1113,MHz
threads_only,2:36,sample_cpu1_freq,1113,MHz
threads_only,2:36,sample_cpu2_freq,1113,MHz
threads_only,2:36,sample_cpu3_freq,1113,MHz
threads_only,2:36,sample_cpu4_freq,2208,MHz
threads_only,2:36,sample_cpu5_freq,2208,MHz
threads_only,2:36,sample_cpu6_freq,2208,MHz
threads_only,2:36,sample_cpu7_freq,2304,MHz
threads_only,2:37,sample_elapsed,5653,ms
threads_only,2:37,sample_power,3.941,W
threads_only,2:37,sample_process_cpu,399.401,% one core
threads_only,2:37,sample_free_ram,1.941,GiB
threads_only,2:37,sample_battery_temp,34.500,C
threads_only,2:37,sample_thermal_status,0,Android PowerManager status
threads_only,2:37,sample_cpu0_freq,1804,MHz
threads_only,2:37,sample_cpu1_freq,1804,MHz
threads_only,2:37,sample_cpu2_freq,1804,MHz
threads_only,2:37,sample_cpu3_freq,1804,MHz
threads_only,2:37,sample_cpu4_freq,2208,MHz
threads_only,2:37,sample_cpu5_freq,2208,MHz
threads_only,2:37,sample_cpu6_freq,2208,MHz
threads_only,2:37,sample_cpu7_freq,2304,MHz
threads_only,2:38,sample_elapsed,5823,ms
threads_only,2:38,sample_power,3.941,W
threads_only,2:38,sample_process_cpu,395.882,% one core
threads_only,2:38,sample_free_ram,1.941,GiB
threads_only,2:38,sample_battery_temp,34.500,C
threads_only,2:38,sample_thermal_status,0,Android PowerManager status
threads_only,2:38,sample_cpu0_freq,1804,MHz
threads_only,2:38,sample_cpu1_freq,1804,MHz
threads_only,2:38,sample_cpu2_freq,1804,MHz
threads_only,2:38,sample_cpu3_freq,1804,MHz
threads_only,2:38,sample_cpu4_freq,2208,MHz
threads_only,2:38,sample_cpu5_freq,2208,MHz
threads_only,2:38,sample_cpu6_freq,2208,MHz
threads_only,2:38,sample_cpu7_freq,2304,MHz
threads_only,2:39,sample_elapsed,5987,ms
threads_only,2:39,sample_power,3.941,W
threads_only,2:39,sample_process_cpu,402.439,% one core
threads_only,2:39,sample_free_ram,1.940,GiB
threads_only,2:39,sample_battery_temp,34.500,C
threads_only,2:39,sample_thermal_status,0,Android PowerManager status
threads_only,2:39,sample_cpu0_freq,1804,MHz
threads_only,2:39,sample_cpu1_freq,1804,MHz
threads_only,2:39,sample_cpu2_freq,1804,MHz
threads_only,2:39,sample_cpu3_freq,1804,MHz
threads_only,2:39,sample_cpu4_freq,2208,MHz
threads_only,2:39,sample_cpu5_freq,2208,MHz
threads_only,2:39,sample_cpu6_freq,2208,MHz
threads_only,2:39,sample_cpu7_freq,2304,MHz
threads_only,2:40,sample_elapsed,6153,ms
threads_only,2:40,sample_power,3.941,W
threads_only,2:40,sample_process_cpu,399.398,% one core
threads_only,2:40,sample_free_ram,1.940,GiB
threads_only,2:40,sample_battery_temp,34.500,C
threads_only,2:40,sample_thermal_status,0,Android PowerManager status
threads_only,2:40,sample_cpu0_freq,1017,MHz
threads_only,2:40,sample_cpu1_freq,1344,MHz
threads_only,2:40,sample_cpu2_freq,1344,MHz
threads_only,2:40,sample_cpu3_freq,1344,MHz
threads_only,2:40,sample_cpu4_freq,2208,MHz
threads_only,2:40,sample_cpu5_freq,2208,MHz
threads_only,2:40,sample_cpu6_freq,2208,MHz
threads_only,2:40,sample_cpu7_freq,2304,MHz
threads_only,2:41,sample_elapsed,6319,ms
threads_only,2:41,sample_power,3.941,W
threads_only,2:41,sample_process_cpu,400.602,% one core
threads_only,2:41,sample_free_ram,1.940,GiB
threads_only,2:41,sample_battery_temp,34.500,C
threads_only,2:41,sample_thermal_status,0,Android PowerManager status
threads_only,2:41,sample_cpu0_freq,595,MHz
threads_only,2:41,sample_cpu1_freq,595,MHz
threads_only,2:41,sample_cpu2_freq,595,MHz
threads_only,2:41,sample_cpu3_freq,595,MHz
threads_only,2:41,sample_cpu4_freq,2208,MHz
threads_only,2:41,sample_cpu5_freq,2208,MHz
threads_only,2:41,sample_cpu6_freq,2208,MHz
threads_only,2:41,sample_cpu7_freq,2304,MHz
threads_only,2:42,sample_elapsed,6486,ms
threads_only,2:42,sample_power,3.941,W
threads_only,2:42,sample_process_cpu,399.401,% one core
threads_only,2:42,sample_free_ram,1.940,GiB
threads_only,2:42,sample_battery_temp,34.500,C
threads_only,2:42,sample_thermal_status,0,Android PowerManager status
threads_only,2:42,sample_cpu0_freq,1228,MHz
threads_only,2:42,sample_cpu1_freq,1228,MHz
threads_only,2:42,sample_cpu2_freq,1344,MHz
threads_only,2:42,sample_cpu3_freq,1344,MHz
threads_only,2:42,sample_cpu4_freq,2208,MHz
threads_only,2:42,sample_cpu5_freq,2208,MHz
threads_only,2:42,sample_cpu6_freq,2208,MHz
threads_only,2:42,sample_cpu7_freq,2304,MHz
threads_only,2:43,sample_elapsed,6657,ms
threads_only,2:43,sample_power,3.941,W
threads_only,2:43,sample_process_cpu,402.924,% one core
threads_only,2:43,sample_free_ram,1.940,GiB
threads_only,2:43,sample_battery_temp,34.500,C
threads_only,2:43,sample_thermal_status,0,Android PowerManager status
threads_only,2:43,sample_cpu0_freq,1113,MHz
threads_only,2:43,sample_cpu1_freq,1113,MHz
threads_only,2:43,sample_cpu2_freq,1113,MHz
threads_only,2:43,sample_cpu3_freq,1113,MHz
threads_only,2:43,sample_cpu4_freq,2208,MHz
threads_only,2:43,sample_cpu5_freq,2208,MHz
threads_only,2:43,sample_cpu6_freq,2208,MHz
threads_only,2:43,sample_cpu7_freq,2304,MHz
threads_only,2:44,sample_elapsed,6828,ms
threads_only,2:44,sample_power,3.941,W
threads_only,2:44,sample_process_cpu,401.170,% one core
threads_only,2:44,sample_free_ram,1.940,GiB
threads_only,2:44,sample_battery_temp,34.500,C
threads_only,2:44,sample_thermal_status,0,Android PowerManager status
threads_only,2:44,sample_cpu0_freq,902,MHz
threads_only,2:44,sample_cpu1_freq,902,MHz
threads_only,2:44,sample_cpu2_freq,902,MHz
threads_only,2:44,sample_cpu3_freq,902,MHz
threads_only,2:44,sample_cpu4_freq,2208,MHz
threads_only,2:44,sample_cpu5_freq,2208,MHz
threads_only,2:44,sample_cpu6_freq,2208,MHz
threads_only,2:44,sample_cpu7_freq,2304,MHz
threads_only,2:45,sample_elapsed,6999,ms
threads_only,2:45,sample_power,3.941,W
threads_only,2:45,sample_process_cpu,393.567,% one core
threads_only,2:45,sample_free_ram,1.940,GiB
threads_only,2:45,sample_battery_temp,34.500,C
threads_only,2:45,sample_thermal_status,0,Android PowerManager status
threads_only,2:45,sample_cpu0_freq,595,MHz
threads_only,2:45,sample_cpu1_freq,595,MHz
threads_only,2:45,sample_cpu2_freq,595,MHz
threads_only,2:45,sample_cpu3_freq,595,MHz
threads_only,2:45,sample_cpu4_freq,2208,MHz
threads_only,2:45,sample_cpu5_freq,2208,MHz
threads_only,2:45,sample_cpu6_freq,2208,MHz
threads_only,2:45,sample_cpu7_freq,2304,MHz
threads_only,2:46,sample_elapsed,7162,ms
threads_only,2:46,sample_power,3.941,W
threads_only,2:46,sample_process_cpu,415.337,% one core
threads_only,2:46,sample_free_ram,1.940,GiB
threads_only,2:46,sample_battery_temp,34.500,C
threads_only,2:46,sample_thermal_status,0,Android PowerManager status
threads_only,2:46,sample_cpu0_freq,1804,MHz
threads_only,2:46,sample_cpu1_freq,1804,MHz
threads_only,2:46,sample_cpu2_freq,1804,MHz
threads_only,2:46,sample_cpu3_freq,1804,MHz
threads_only,2:46,sample_cpu4_freq,2208,MHz
threads_only,2:46,sample_cpu5_freq,2208,MHz
threads_only,2:46,sample_cpu6_freq,2208,MHz
threads_only,2:46,sample_cpu7_freq,2304,MHz
threads_only,2:47,sample_elapsed,7333,ms
threads_only,2:47,sample_power,3.941,W
threads_only,2:47,sample_process_cpu,383.626,% one core
threads_only,2:47,sample_free_ram,1.940,GiB
threads_only,2:47,sample_battery_temp,34.500,C
threads_only,2:47,sample_thermal_status,0,Android PowerManager status
threads_only,2:47,sample_cpu0_freq,1804,MHz
threads_only,2:47,sample_cpu1_freq,1804,MHz
threads_only,2:47,sample_cpu2_freq,1804,MHz
threads_only,2:47,sample_cpu3_freq,1804,MHz
threads_only,2:47,sample_cpu4_freq,2208,MHz
threads_only,2:47,sample_cpu5_freq,2208,MHz
threads_only,2:47,sample_cpu6_freq,2208,MHz
threads_only,2:47,sample_cpu7_freq,2304,MHz
threads_only,2:48,sample_elapsed,7498,ms
threads_only,2:48,sample_power,3.941,W
threads_only,2:48,sample_process_cpu,407.273,% one core
threads_only,2:48,sample_free_ram,1.941,GiB
threads_only,2:48,sample_battery_temp,34.500,C
threads_only,2:48,sample_thermal_status,0,Android PowerManager status
threads_only,2:48,sample_cpu0_freq,1804,MHz
threads_only,2:48,sample_cpu1_freq,1804,MHz
threads_only,2:48,sample_cpu2_freq,1804,MHz
threads_only,2:48,sample_cpu3_freq,1804,MHz
threads_only,2:48,sample_cpu4_freq,2208,MHz
threads_only,2:48,sample_cpu5_freq,2208,MHz
threads_only,2:48,sample_cpu6_freq,2208,MHz
threads_only,2:48,sample_cpu7_freq,2304,MHz
threads_only,2:49,sample_elapsed,7664,ms
threads_only,2:49,sample_power,3.941,W
threads_only,2:49,sample_process_cpu,398.193,% one core
threads_only,2:49,sample_free_ram,1.941,GiB
threads_only,2:49,sample_battery_temp,34.500,C
threads_only,2:49,sample_thermal_status,0,Android PowerManager status
threads_only,2:49,sample_cpu0_freq,1344,MHz
threads_only,2:49,sample_cpu1_freq,1344,MHz
threads_only,2:49,sample_cpu2_freq,1344,MHz
threads_only,2:49,sample_cpu3_freq,1344,MHz
threads_only,2:49,sample_cpu4_freq,2208,MHz
threads_only,2:49,sample_cpu5_freq,2208,MHz
threads_only,2:49,sample_cpu6_freq,2208,MHz
threads_only,2:49,sample_cpu7_freq,2304,MHz
threads_only,2:50,sample_elapsed,7831,ms
threads_only,2:50,sample_power,3.941,W
threads_only,2:50,sample_process_cpu,422.754,% one core
threads_only,2:50,sample_free_ram,1.940,GiB
threads_only,2:50,sample_battery_temp,34.500,C
threads_only,2:50,sample_thermal_status,0,Android PowerManager status
threads_only,2:50,sample_cpu0_freq,1804,MHz
threads_only,2:50,sample_cpu1_freq,1804,MHz
threads_only,2:50,sample_cpu2_freq,1804,MHz
threads_only,2:50,sample_cpu3_freq,1804,MHz
threads_only,2:50,sample_cpu4_freq,2208,MHz
threads_only,2:50,sample_cpu5_freq,2208,MHz
threads_only,2:50,sample_cpu6_freq,2208,MHz
threads_only,2:50,sample_cpu7_freq,2304,MHz
threads_only,2:51,sample_elapsed,7999,ms
threads_only,2:51,sample_power,3.941,W
threads_only,2:51,sample_process_cpu,402.976,% one core
threads_only,2:51,sample_free_ram,1.940,GiB
threads_only,2:51,sample_battery_temp,34.500,C
threads_only,2:51,sample_thermal_status,0,Android PowerManager status
threads_only,2:51,sample_cpu0_freq,1228,MHz
threads_only,2:51,sample_cpu1_freq,1228,MHz
threads_only,2:51,sample_cpu2_freq,1228,MHz
threads_only,2:51,sample_cpu3_freq,1593,MHz
threads_only,2:51,sample_cpu4_freq,2208,MHz
threads_only,2:51,sample_cpu5_freq,2208,MHz
threads_only,2:51,sample_cpu6_freq,2208,MHz
threads_only,2:51,sample_cpu7_freq,2304,MHz
threads_only,2:52,sample_elapsed,8169,ms
threads_only,2:52,sample_power,3.941,W
threads_only,2:52,sample_process_cpu,401.176,% one core
threads_only,2:52,sample_free_ram,1.940,GiB
threads_only,2:52,sample_battery_temp,34.500,C
threads_only,2:52,sample_thermal_status,0,Android PowerManager status
threads_only,2:52,sample_cpu0_freq,1593,MHz
threads_only,2:52,sample_cpu1_freq,1593,MHz
threads_only,2:52,sample_cpu2_freq,1593,MHz
threads_only,2:52,sample_cpu3_freq,1593,MHz
threads_only,2:52,sample_cpu4_freq,2208,MHz
threads_only,2:52,sample_cpu5_freq,2208,MHz
threads_only,2:52,sample_cpu6_freq,2208,MHz
threads_only,2:52,sample_cpu7_freq,2304,MHz
threads_only,2:53,sample_elapsed,8336,ms
threads_only,2:53,sample_power,3.941,W
threads_only,2:53,sample_process_cpu,398.802,% one core
threads_only,2:53,sample_free_ram,1.939,GiB
threads_only,2:53,sample_battery_temp,34.500,C
threads_only,2:53,sample_thermal_status,0,Android PowerManager status
threads_only,2:53,sample_cpu0_freq,1344,MHz
threads_only,2:53,sample_cpu1_freq,1344,MHz
threads_only,2:53,sample_cpu2_freq,1344,MHz
threads_only,2:53,sample_cpu3_freq,1344,MHz
threads_only,2:53,sample_cpu4_freq,2208,MHz
threads_only,2:53,sample_cpu5_freq,2208,MHz
threads_only,2:53,sample_cpu6_freq,2208,MHz
threads_only,2:53,sample_cpu7_freq,2304,MHz
threads_only,2:54,sample_elapsed,8504,ms
threads_only,2:54,sample_power,3.941,W
threads_only,2:54,sample_process_cpu,399.405,% one core
threads_only,2:54,sample_free_ram,1.939,GiB
threads_only,2:54,sample_battery_temp,34.500,C
threads_only,2:54,sample_thermal_status,0,Android PowerManager status
threads_only,2:54,sample_cpu0_freq,787,MHz
threads_only,2:54,sample_cpu1_freq,902,MHz
threads_only,2:54,sample_cpu2_freq,1113,MHz
threads_only,2:54,sample_cpu3_freq,1113,MHz
threads_only,2:54,sample_cpu4_freq,2208,MHz
threads_only,2:54,sample_cpu5_freq,2208,MHz
threads_only,2:54,sample_cpu6_freq,2208,MHz
threads_only,2:54,sample_cpu7_freq,2304,MHz
threads_only,2:55,sample_elapsed,8671,ms
threads_only,2:55,sample_power,3.941,W
threads_only,2:55,sample_process_cpu,403.593,% one core
threads_only,2:55,sample_free_ram,1.939,GiB
threads_only,2:55,sample_battery_temp,34.500,C
threads_only,2:55,sample_thermal_status,0,Android PowerManager status
threads_only,2:55,sample_cpu0_freq,1344,MHz
threads_only,2:55,sample_cpu1_freq,1344,MHz
threads_only,2:55,sample_cpu2_freq,1344,MHz
threads_only,2:55,sample_cpu3_freq,1344,MHz
threads_only,2:55,sample_cpu4_freq,2208,MHz
threads_only,2:55,sample_cpu5_freq,2208,MHz
threads_only,2:55,sample_cpu6_freq,2208,MHz
threads_only,2:55,sample_cpu7_freq,2304,MHz
threads_only,2:56,sample_elapsed,8835,ms
threads_only,2:56,sample_power,3.941,W
threads_only,2:56,sample_process_cpu,401.220,% one core
threads_only,2:56,sample_free_ram,1.939,GiB
threads_only,2:56,sample_battery_temp,34.500,C
threads_only,2:56,sample_thermal_status,0,Android PowerManager status
threads_only,2:56,sample_cpu0_freq,1113,MHz
threads_only,2:56,sample_cpu1_freq,1113,MHz
threads_only,2:56,sample_cpu2_freq,1113,MHz
threads_only,2:56,sample_cpu3_freq,1113,MHz
threads_only,2:56,sample_cpu4_freq,2208,MHz
threads_only,2:56,sample_cpu5_freq,2208,MHz
threads_only,2:56,sample_cpu6_freq,2208,MHz
threads_only,2:56,sample_cpu7_freq,2304,MHz
threads_only,2:57,sample_elapsed,9001,ms
threads_only,2:57,sample_power,3.941,W
threads_only,2:57,sample_process_cpu,397.590,% one core
threads_only,2:57,sample_free_ram,1.939,GiB
threads_only,2:57,sample_battery_temp,34.500,C
threads_only,2:57,sample_thermal_status,0,Android PowerManager status
threads_only,2:57,sample_cpu0_freq,1113,MHz
threads_only,2:57,sample_cpu1_freq,1113,MHz
threads_only,2:57,sample_cpu2_freq,1113,MHz
threads_only,2:57,sample_cpu3_freq,1113,MHz
threads_only,2:57,sample_cpu4_freq,2208,MHz
threads_only,2:57,sample_cpu5_freq,2208,MHz
threads_only,2:57,sample_cpu6_freq,2208,MHz
threads_only,2:57,sample_cpu7_freq,2304,MHz
threads_only,2:58,sample_elapsed,9168,ms
threads_only,2:58,sample_power,3.941,W
threads_only,2:58,sample_process_cpu,395.808,% one core
threads_only,2:58,sample_free_ram,1.939,GiB
threads_only,2:58,sample_battery_temp,34.500,C
threads_only,2:58,sample_thermal_status,0,Android PowerManager status
threads_only,2:58,sample_cpu0_freq,1228,MHz
threads_only,2:58,sample_cpu1_freq,1228,MHz
threads_only,2:58,sample_cpu2_freq,1228,MHz
threads_only,2:58,sample_cpu3_freq,1344,MHz
threads_only,2:58,sample_cpu4_freq,2208,MHz
threads_only,2:58,sample_cpu5_freq,2208,MHz
threads_only,2:58,sample_cpu6_freq,2208,MHz
threads_only,2:58,sample_cpu7_freq,2304,MHz
threads_only,2:59,sample_elapsed,9335,ms
threads_only,2:59,sample_power,3.941,W
threads_only,2:59,sample_process_cpu,404.192,% one core
threads_only,2:59,sample_free_ram,1.939,GiB
threads_only,2:59,sample_battery_temp,34.500,C
threads_only,2:59,sample_thermal_status,0,Android PowerManager status
threads_only,2:59,sample_cpu0_freq,1017,MHz
threads_only,2:59,sample_cpu1_freq,1017,MHz
threads_only,2:59,sample_cpu2_freq,1344,MHz
threads_only,2:59,sample_cpu3_freq,1344,MHz
threads_only,2:59,sample_cpu4_freq,2208,MHz
threads_only,2:59,sample_cpu5_freq,2208,MHz
threads_only,2:59,sample_cpu6_freq,2208,MHz
threads_only,2:59,sample_cpu7_freq,2304,MHz
threads_only,2:60,sample_elapsed,9505,ms
threads_only,2:60,sample_power,3.941,W
threads_only,2:60,sample_process_cpu,399.412,% one core
threads_only,2:60,sample_free_ram,1.939,GiB
threads_only,2:60,sample_battery_temp,34.500,C
threads_only,2:60,sample_thermal_status,0,Android PowerManager status
threads_only,2:60,sample_cpu0_freq,902,MHz
threads_only,2:60,sample_cpu1_freq,902,MHz
threads_only,2:60,sample_cpu2_freq,902,MHz
threads_only,2:60,sample_cpu3_freq,787,MHz
threads_only,2:60,sample_cpu4_freq,2208,MHz
threads_only,2:60,sample_cpu5_freq,2208,MHz
threads_only,2:60,sample_cpu6_freq,2208,MHz
threads_only,2:60,sample_cpu7_freq,2304,MHz
threads_only,2:61,sample_elapsed,9672,ms
threads_only,2:61,sample_power,3.941,W
threads_only,2:61,sample_process_cpu,399.401,% one core
threads_only,2:61,sample_free_ram,1.939,GiB
threads_only,2:61,sample_battery_temp,34.500,C
threads_only,2:61,sample_thermal_status,0,Android PowerManager status
threads_only,2:61,sample_cpu0_freq,787,MHz
threads_only,2:61,sample_cpu1_freq,787,MHz
threads_only,2:61,sample_cpu2_freq,787,MHz
threads_only,2:61,sample_cpu3_freq,1113,MHz
threads_only,2:61,sample_cpu4_freq,2208,MHz
threads_only,2:61,sample_cpu5_freq,2208,MHz
threads_only,2:61,sample_cpu6_freq,2208,MHz
threads_only,2:61,sample_cpu7_freq,2304,MHz
threads_only,2:62,sample_elapsed,9838,ms
threads_only,2:62,sample_power,3.941,W
threads_only,2:62,sample_process_cpu,400.602,% one core
threads_only,2:62,sample_free_ram,1.939,GiB
threads_only,2:62,sample_battery_temp,34.500,C
threads_only,2:62,sample_thermal_status,0,Android PowerManager status
threads_only,2:62,sample_cpu0_freq,902,MHz
threads_only,2:62,sample_cpu1_freq,902,MHz
threads_only,2:62,sample_cpu2_freq,902,MHz
threads_only,2:62,sample_cpu3_freq,902,MHz
threads_only,2:62,sample_cpu4_freq,2208,MHz
threads_only,2:62,sample_cpu5_freq,2208,MHz
threads_only,2:62,sample_cpu6_freq,2208,MHz
threads_only,2:62,sample_cpu7_freq,2304,MHz
threads_only,2:63,sample_elapsed,10006,ms
threads_only,2:63,sample_power,3.941,W
threads_only,2:63,sample_process_cpu,399.405,% one core
threads_only,2:63,sample_free_ram,1.939,GiB
threads_only,2:63,sample_battery_temp,34.500,C
threads_only,2:63,sample_thermal_status,0,Android PowerManager status
threads_only,2:63,sample_cpu0_freq,1804,MHz
threads_only,2:63,sample_cpu1_freq,1804,MHz
threads_only,2:63,sample_cpu2_freq,1804,MHz
threads_only,2:63,sample_cpu3_freq,1804,MHz
threads_only,2:63,sample_cpu4_freq,2208,MHz
threads_only,2:63,sample_cpu5_freq,2208,MHz
threads_only,2:63,sample_cpu6_freq,2208,MHz
threads_only,2:63,sample_cpu7_freq,2304,MHz
threads_only,2:64,sample_elapsed,10169,ms
threads_only,2:64,sample_power,3.941,W
threads_only,2:64,sample_process_cpu,398.160,% one core
threads_only,2:64,sample_free_ram,1.938,GiB
threads_only,2:64,sample_battery_temp,34.500,C
threads_only,2:64,sample_thermal_status,0,Android PowerManager status
threads_only,2:64,sample_cpu0_freq,1593,MHz
threads_only,2:64,sample_cpu1_freq,1593,MHz
threads_only,2:64,sample_cpu2_freq,1593,MHz
threads_only,2:64,sample_cpu3_freq,1593,MHz
threads_only,2:64,sample_cpu4_freq,2208,MHz
threads_only,2:64,sample_cpu5_freq,2208,MHz
threads_only,2:64,sample_cpu6_freq,2208,MHz
threads_only,2:64,sample_cpu7_freq,2304,MHz
threads_only,2:65,sample_elapsed,10334,ms
threads_only,2:65,sample_power,3.941,W
threads_only,2:65,sample_process_cpu,402.424,% one core
threads_only,2:65,sample_free_ram,1.938,GiB
threads_only,2:65,sample_battery_temp,34.500,C
threads_only,2:65,sample_thermal_status,0,Android PowerManager status
threads_only,2:65,sample_cpu0_freq,1804,MHz
threads_only,2:65,sample_cpu1_freq,1804,MHz
threads_only,2:65,sample_cpu2_freq,1804,MHz
threads_only,2:65,sample_cpu3_freq,1804,MHz
threads_only,2:65,sample_cpu4_freq,2208,MHz
threads_only,2:65,sample_cpu5_freq,2208,MHz
threads_only,2:65,sample_cpu6_freq,2208,MHz
threads_only,2:65,sample_cpu7_freq,2304,MHz
threads_only,2:66,sample_elapsed,10499,ms
threads_only,2:66,sample_power,3.941,W
threads_only,2:66,sample_process_cpu,396.364,% one core
threads_only,2:66,sample_free_ram,1.938,GiB
threads_only,2:66,sample_battery_temp,34.500,C
threads_only,2:66,sample_thermal_status,0,Android PowerManager status
threads_only,2:66,sample_cpu0_freq,1804,MHz
threads_only,2:66,sample_cpu1_freq,1804,MHz
threads_only,2:66,sample_cpu2_freq,1804,MHz
threads_only,2:66,sample_cpu3_freq,1804,MHz
threads_only,2:66,sample_cpu4_freq,2208,MHz
threads_only,2:66,sample_cpu5_freq,2208,MHz
threads_only,2:66,sample_cpu6_freq,2208,MHz
threads_only,2:66,sample_cpu7_freq,2304,MHz
threads_only,2:67,sample_elapsed,10663,ms
threads_only,2:67,sample_power,3.941,W
threads_only,2:67,sample_process_cpu,399.390,% one core
threads_only,2:67,sample_free_ram,1.938,GiB
threads_only,2:67,sample_battery_temp,34.500,C
threads_only,2:67,sample_thermal_status,0,Android PowerManager status
threads_only,2:67,sample_cpu0_freq,1708,MHz
threads_only,2:67,sample_cpu1_freq,1708,MHz
threads_only,2:67,sample_cpu2_freq,1708,MHz
threads_only,2:67,sample_cpu3_freq,1708,MHz
threads_only,2:67,sample_cpu4_freq,2208,MHz
threads_only,2:67,sample_cpu5_freq,2208,MHz
threads_only,2:67,sample_cpu6_freq,2208,MHz
threads_only,2:67,sample_cpu7_freq,2304,MHz
threads_only,2:68,sample_elapsed,10828,ms
threads_only,2:68,sample_power,3.941,W
threads_only,2:68,sample_process_cpu,404.848,% one core
threads_only,2:68,sample_free_ram,1.935,GiB
threads_only,2:68,sample_battery_temp,34.500,C
threads_only,2:68,sample_thermal_status,0,Android PowerManager status
threads_only,2:68,sample_cpu0_freq,1228,MHz
threads_only,2:68,sample_cpu1_freq,1228,MHz
threads_only,2:68,sample_cpu2_freq,1228,MHz
threads_only,2:68,sample_cpu3_freq,1228,MHz
threads_only,2:68,sample_cpu4_freq,2208,MHz
threads_only,2:68,sample_cpu5_freq,2208,MHz
threads_only,2:68,sample_cpu6_freq,2208,MHz
threads_only,2:68,sample_cpu7_freq,2304,MHz
threads_only,2:69,sample_elapsed,10992,ms
threads_only,2:69,sample_power,3.941,W
threads_only,2:69,sample_process_cpu,400.610,% one core
threads_only,2:69,sample_free_ram,1.935,GiB
threads_only,2:69,sample_battery_temp,34.500,C
threads_only,2:69,sample_thermal_status,0,Android PowerManager status
threads_only,2:69,sample_cpu0_freq,595,MHz
threads_only,2:69,sample_cpu1_freq,595,MHz
threads_only,2:69,sample_cpu2_freq,595,MHz
threads_only,2:69,sample_cpu3_freq,787,MHz
threads_only,2:69,sample_cpu4_freq,2208,MHz
threads_only,2:69,sample_cpu5_freq,2208,MHz
threads_only,2:69,sample_cpu6_freq,2208,MHz
threads_only,2:69,sample_cpu7_freq,2304,MHz
threads_only,2:70,sample_elapsed,11160,ms
threads_only,2:70,sample_power,3.941,W
threads_only,2:70,sample_process_cpu,398.810,% one core
threads_only,2:70,sample_free_ram,1.935,GiB
threads_only,2:70,sample_battery_temp,34.500,C
threads_only,2:70,sample_thermal_status,0,Android PowerManager status
threads_only,2:70,sample_cpu0_freq,595,MHz
threads_only,2:70,sample_cpu1_freq,595,MHz
threads_only,2:70,sample_cpu2_freq,595,MHz
threads_only,2:70,sample_cpu3_freq,595,MHz
threads_only,2:70,sample_cpu4_freq,2208,MHz
threads_only,2:70,sample_cpu5_freq,2208,MHz
threads_only,2:70,sample_cpu6_freq,2208,MHz
threads_only,2:70,sample_cpu7_freq,2304,MHz
threads_only,2:71,sample_elapsed,11325,ms
threads_only,2:71,sample_power,3.941,W
threads_only,2:71,sample_process_cpu,399.394,% one core
threads_only,2:71,sample_free_ram,1.931,GiB
threads_only,2:71,sample_battery_temp,34.500,C
threads_only,2:71,sample_thermal_status,0,Android PowerManager status
threads_only,2:71,sample_cpu0_freq,1344,MHz
threads_only,2:71,sample_cpu1_freq,1344,MHz
threads_only,2:71,sample_cpu2_freq,1344,MHz
threads_only,2:71,sample_cpu3_freq,1344,MHz
threads_only,2:71,sample_cpu4_freq,2208,MHz
threads_only,2:71,sample_cpu5_freq,2208,MHz
threads_only,2:71,sample_cpu6_freq,2208,MHz
threads_only,2:71,sample_cpu7_freq,2304,MHz
threads_only,3,pp,129.000,tok/s
threads_only,3,tg,17.400,tok/s
threads_only,3,power,2.520,W
threads_only,3,tok_per_w,6.906,tok/W
threads_only,3,ttft_pp512_derived,4026.464,ms
threads_only,3,start_temp,34.500,C
threads_only,3,average_process_cpu,395.211,% one core
threads_only,3,minimum_free_ram,1.959,GiB
threads_only,3,peak_battery_temp,34.500,C
threads_only,3,peak_thermal_status,0,Android PowerManager status
threads_only,3:1,sample_elapsed,1,ms
threads_only,3:1,sample_power,1.167,W
threads_only,3:1,sample_process_cpu,300.000,% one core
threads_only,3:1,sample_free_ram,2.042,GiB
threads_only,3:1,sample_battery_temp,34.500,C
threads_only,3:1,sample_thermal_status,0,Android PowerManager status
threads_only,3:1,sample_cpu0_freq,595,MHz
threads_only,3:1,sample_cpu1_freq,595,MHz
threads_only,3:1,sample_cpu2_freq,595,MHz
threads_only,3:1,sample_cpu3_freq,595,MHz
threads_only,3:1,sample_cpu4_freq,2208,MHz
threads_only,3:1,sample_cpu5_freq,787,MHz
threads_only,3:1,sample_cpu6_freq,787,MHz
threads_only,3:1,sample_cpu7_freq,2208,MHz
threads_only,3:2,sample_elapsed,167,ms
threads_only,3:2,sample_power,1.167,W
threads_only,3:2,sample_process_cpu,289.157,% one core
threads_only,3:2,sample_free_ram,2.005,GiB
threads_only,3:2,sample_battery_temp,34.500,C
threads_only,3:2,sample_thermal_status,0,Android PowerManager status
threads_only,3:2,sample_cpu0_freq,595,MHz
threads_only,3:2,sample_cpu1_freq,595,MHz
threads_only,3:2,sample_cpu2_freq,595,MHz
threads_only,3:2,sample_cpu3_freq,595,MHz
threads_only,3:2,sample_cpu4_freq,2208,MHz
threads_only,3:2,sample_cpu5_freq,2208,MHz
threads_only,3:2,sample_cpu6_freq,2208,MHz
threads_only,3:2,sample_cpu7_freq,2304,MHz
threads_only,3:3,sample_elapsed,324,ms
threads_only,3:3,sample_power,1.167,W
threads_only,3:3,sample_process_cpu,298.726,% one core
threads_only,3:3,sample_free_ram,1.969,GiB
threads_only,3:3,sample_battery_temp,34.500,C
threads_only,3:3,sample_thermal_status,0,Android PowerManager status
threads_only,3:3,sample_cpu0_freq,1113,MHz
threads_only,3:3,sample_cpu1_freq,1113,MHz
threads_only,3:3,sample_cpu2_freq,1113,MHz
threads_only,3:3,sample_cpu3_freq,1113,MHz
threads_only,3:3,sample_cpu4_freq,2208,MHz
threads_only,3:3,sample_cpu5_freq,2208,MHz
threads_only,3:3,sample_cpu6_freq,2208,MHz
threads_only,3:3,sample_cpu7_freq,2304,MHz
threads_only,3:4,sample_elapsed,479,ms
threads_only,3:4,sample_power,1.167,W
threads_only,3:4,sample_process_cpu,375.484,% one core
threads_only,3:4,sample_free_ram,1.969,GiB
threads_only,3:4,sample_battery_temp,34.500,C
threads_only,3:4,sample_thermal_status,0,Android PowerManager status
threads_only,3:4,sample_cpu0_freq,1804,MHz
threads_only,3:4,sample_cpu1_freq,1804,MHz
threads_only,3:4,sample_cpu2_freq,1804,MHz
threads_only,3:4,sample_cpu3_freq,1804,MHz
threads_only,3:4,sample_cpu4_freq,2208,MHz
threads_only,3:4,sample_cpu5_freq,2208,MHz
threads_only,3:4,sample_cpu6_freq,2208,MHz
threads_only,3:4,sample_cpu7_freq,2304,MHz
threads_only,3:5,sample_elapsed,633,ms
threads_only,3:5,sample_power,1.167,W
threads_only,3:5,sample_process_cpu,400.649,% one core
threads_only,3:5,sample_free_ram,1.969,GiB
threads_only,3:5,sample_battery_temp,34.500,C
threads_only,3:5,sample_thermal_status,0,Android PowerManager status
threads_only,3:5,sample_cpu0_freq,1804,MHz
threads_only,3:5,sample_cpu1_freq,1804,MHz
threads_only,3:5,sample_cpu2_freq,1804,MHz
threads_only,3:5,sample_cpu3_freq,1804,MHz
threads_only,3:5,sample_cpu4_freq,2208,MHz
threads_only,3:5,sample_cpu5_freq,2208,MHz
threads_only,3:5,sample_cpu6_freq,2208,MHz
threads_only,3:5,sample_cpu7_freq,2304,MHz
threads_only,3:6,sample_elapsed,786,ms
threads_only,3:6,sample_power,1.167,W
threads_only,3:6,sample_process_cpu,394.771,% one core
threads_only,3:6,sample_free_ram,1.969,GiB
threads_only,3:6,sample_battery_temp,34.500,C
threads_only,3:6,sample_thermal_status,0,Android PowerManager status
threads_only,3:6,sample_cpu0_freq,1804,MHz
threads_only,3:6,sample_cpu1_freq,1804,MHz
threads_only,3:6,sample_cpu2_freq,1804,MHz
threads_only,3:6,sample_cpu3_freq,1804,MHz
threads_only,3:6,sample_cpu4_freq,2208,MHz
threads_only,3:6,sample_cpu5_freq,2208,MHz
threads_only,3:6,sample_cpu6_freq,2208,MHz
threads_only,3:6,sample_cpu7_freq,2304,MHz
threads_only,3:7,sample_elapsed,941,ms
threads_only,3:7,sample_power,1.167,W
threads_only,3:7,sample_process_cpu,399.355,% one core
threads_only,3:7,sample_free_ram,1.968,GiB
threads_only,3:7,sample_battery_temp,34.500,C
threads_only,3:7,sample_thermal_status,0,Android PowerManager status
threads_only,3:7,sample_cpu0_freq,1804,MHz
threads_only,3:7,sample_cpu1_freq,1804,MHz
threads_only,3:7,sample_cpu2_freq,1804,MHz
threads_only,3:7,sample_cpu3_freq,1804,MHz
threads_only,3:7,sample_cpu4_freq,2208,MHz
threads_only,3:7,sample_cpu5_freq,2208,MHz
threads_only,3:7,sample_cpu6_freq,2208,MHz
threads_only,3:7,sample_cpu7_freq,2304,MHz
threads_only,3:8,sample_elapsed,1095,ms
threads_only,3:8,sample_power,1.167,W
threads_only,3:8,sample_process_cpu,392.857,% one core
threads_only,3:8,sample_free_ram,1.968,GiB
threads_only,3:8,sample_battery_temp,34.500,C
threads_only,3:8,sample_thermal_status,0,Android PowerManager status
threads_only,3:8,sample_cpu0_freq,1804,MHz
threads_only,3:8,sample_cpu1_freq,1804,MHz
threads_only,3:8,sample_cpu2_freq,1804,MHz
threads_only,3:8,sample_cpu3_freq,1804,MHz
threads_only,3:8,sample_cpu4_freq,2208,MHz
threads_only,3:8,sample_cpu5_freq,2208,MHz
threads_only,3:8,sample_cpu6_freq,2208,MHz
threads_only,3:8,sample_cpu7_freq,2304,MHz
threads_only,3:9,sample_elapsed,1249,ms
threads_only,3:9,sample_power,1.167,W
threads_only,3:9,sample_process_cpu,400.000,% one core
threads_only,3:9,sample_free_ram,1.968,GiB
threads_only,3:9,sample_battery_temp,34.500,C
threads_only,3:9,sample_thermal_status,0,Android PowerManager status
threads_only,3:9,sample_cpu0_freq,1804,MHz
threads_only,3:9,sample_cpu1_freq,1804,MHz
threads_only,3:9,sample_cpu2_freq,1804,MHz
threads_only,3:9,sample_cpu3_freq,1804,MHz
threads_only,3:9,sample_cpu4_freq,2208,MHz
threads_only,3:9,sample_cpu5_freq,2208,MHz
threads_only,3:9,sample_cpu6_freq,2208,MHz
threads_only,3:9,sample_cpu7_freq,2304,MHz
threads_only,3:10,sample_elapsed,1403,ms
threads_only,3:10,sample_power,1.167,W
threads_only,3:10,sample_process_cpu,393.506,% one core
threads_only,3:10,sample_free_ram,1.968,GiB
threads_only,3:10,sample_battery_temp,34.500,C
threads_only,3:10,sample_thermal_status,0,Android PowerManager status
threads_only,3:10,sample_cpu0_freq,1804,MHz
threads_only,3:10,sample_cpu1_freq,1804,MHz
threads_only,3:10,sample_cpu2_freq,1804,MHz
threads_only,3:10,sample_cpu3_freq,1804,MHz
threads_only,3:10,sample_cpu4_freq,2208,MHz
threads_only,3:10,sample_cpu5_freq,2208,MHz
threads_only,3:10,sample_cpu6_freq,2208,MHz
threads_only,3:10,sample_cpu7_freq,2304,MHz
threads_only,3:11,sample_elapsed,1557,ms
threads_only,3:11,sample_power,1.167,W
threads_only,3:11,sample_process_cpu,399.351,% one core
threads_only,3:11,sample_free_ram,1.968,GiB
threads_only,3:11,sample_battery_temp,34.500,C
threads_only,3:11,sample_thermal_status,0,Android PowerManager status
threads_only,3:11,sample_cpu0_freq,1804,MHz
threads_only,3:11,sample_cpu1_freq,1804,MHz
threads_only,3:11,sample_cpu2_freq,1804,MHz
threads_only,3:11,sample_cpu3_freq,1804,MHz
threads_only,3:11,sample_cpu4_freq,2208,MHz
threads_only,3:11,sample_cpu5_freq,2208,MHz
threads_only,3:11,sample_cpu6_freq,2208,MHz
threads_only,3:11,sample_cpu7_freq,2304,MHz
threads_only,3:12,sample_elapsed,1711,ms
threads_only,3:12,sample_power,1.167,W
threads_only,3:12,sample_process_cpu,394.156,% one core
threads_only,3:12,sample_free_ram,1.967,GiB
threads_only,3:12,sample_battery_temp,34.500,C
threads_only,3:12,sample_thermal_status,0,Android PowerManager status
threads_only,3:12,sample_cpu0_freq,1804,MHz
threads_only,3:12,sample_cpu1_freq,1804,MHz
threads_only,3:12,sample_cpu2_freq,1804,MHz
threads_only,3:12,sample_cpu3_freq,1804,MHz
threads_only,3:12,sample_cpu4_freq,2208,MHz
threads_only,3:12,sample_cpu5_freq,2208,MHz
threads_only,3:12,sample_cpu6_freq,2208,MHz
threads_only,3:12,sample_cpu7_freq,2304,MHz
threads_only,3:13,sample_elapsed,1865,ms
threads_only,3:13,sample_power,1.167,W
threads_only,3:13,sample_process_cpu,398.701,% one core
threads_only,3:13,sample_free_ram,1.967,GiB
threads_only,3:13,sample_battery_temp,34.500,C
threads_only,3:13,sample_thermal_status,0,Android PowerManager status
threads_only,3:13,sample_cpu0_freq,1804,MHz
threads_only,3:13,sample_cpu1_freq,1804,MHz
threads_only,3:13,sample_cpu2_freq,1804,MHz
threads_only,3:13,sample_cpu3_freq,1804,MHz
threads_only,3:13,sample_cpu4_freq,2208,MHz
threads_only,3:13,sample_cpu5_freq,2208,MHz
threads_only,3:13,sample_cpu6_freq,2208,MHz
threads_only,3:13,sample_cpu7_freq,2304,MHz
threads_only,3:14,sample_elapsed,2019,ms
threads_only,3:14,sample_power,1.167,W
threads_only,3:14,sample_process_cpu,392.208,% one core
threads_only,3:14,sample_free_ram,1.967,GiB
threads_only,3:14,sample_battery_temp,34.500,C
threads_only,3:14,sample_thermal_status,0,Android PowerManager status
threads_only,3:14,sample_cpu0_freq,1804,MHz
threads_only,3:14,sample_cpu1_freq,1804,MHz
threads_only,3:14,sample_cpu2_freq,1804,MHz
threads_only,3:14,sample_cpu3_freq,1804,MHz
threads_only,3:14,sample_cpu4_freq,2208,MHz
threads_only,3:14,sample_cpu5_freq,2208,MHz
threads_only,3:14,sample_cpu6_freq,2208,MHz
threads_only,3:14,sample_cpu7_freq,2304,MHz
threads_only,3:15,sample_elapsed,2172,ms
threads_only,3:15,sample_power,1.167,W
threads_only,3:15,sample_process_cpu,403.922,% one core
threads_only,3:15,sample_free_ram,1.967,GiB
threads_only,3:15,sample_battery_temp,34.500,C
threads_only,3:15,sample_thermal_status,0,Android PowerManager status
threads_only,3:15,sample_cpu0_freq,1804,MHz
threads_only,3:15,sample_cpu1_freq,1804,MHz
threads_only,3:15,sample_cpu2_freq,1804,MHz
threads_only,3:15,sample_cpu3_freq,1804,MHz
threads_only,3:15,sample_cpu4_freq,2208,MHz
threads_only,3:15,sample_cpu5_freq,2208,MHz
threads_only,3:15,sample_cpu6_freq,2208,MHz
threads_only,3:15,sample_cpu7_freq,2304,MHz
threads_only,3:16,sample_elapsed,2328,ms
threads_only,3:16,sample_power,1.167,W
threads_only,3:16,sample_process_cpu,392.949,% one core
threads_only,3:16,sample_free_ram,1.967,GiB
threads_only,3:16,sample_battery_temp,34.500,C
threads_only,3:16,sample_thermal_status,0,Android PowerManager status
threads_only,3:16,sample_cpu0_freq,1804,MHz
threads_only,3:16,sample_cpu1_freq,1804,MHz
threads_only,3:16,sample_cpu2_freq,1804,MHz
threads_only,3:16,sample_cpu3_freq,1804,MHz
threads_only,3:16,sample_cpu4_freq,2208,MHz
threads_only,3:16,sample_cpu5_freq,2208,MHz
threads_only,3:16,sample_cpu6_freq,2208,MHz
threads_only,3:16,sample_cpu7_freq,2304,MHz
threads_only,3:17,sample_elapsed,2482,ms
threads_only,3:17,sample_power,1.167,W
threads_only,3:17,sample_process_cpu,396.104,% one core
threads_only,3:17,sample_free_ram,1.967,GiB
threads_only,3:17,sample_battery_temp,34.500,C
threads_only,3:17,sample_thermal_status,0,Android PowerManager status
threads_only,3:17,sample_cpu0_freq,1804,MHz
threads_only,3:17,sample_cpu1_freq,1804,MHz
threads_only,3:17,sample_cpu2_freq,1804,MHz
threads_only,3:17,sample_cpu3_freq,1804,MHz
threads_only,3:17,sample_cpu4_freq,2208,MHz
threads_only,3:17,sample_cpu5_freq,2208,MHz
threads_only,3:17,sample_cpu6_freq,2208,MHz
threads_only,3:17,sample_cpu7_freq,2304,MHz
threads_only,3:18,sample_elapsed,2636,ms
threads_only,3:18,sample_power,1.167,W
threads_only,3:18,sample_process_cpu,400.000,% one core
threads_only,3:18,sample_free_ram,1.967,GiB
threads_only,3:18,sample_battery_temp,34.500,C
threads_only,3:18,sample_thermal_status,0,Android PowerManager status
threads_only,3:18,sample_cpu0_freq,1804,MHz
threads_only,3:18,sample_cpu1_freq,1804,MHz
threads_only,3:18,sample_cpu2_freq,1804,MHz
threads_only,3:18,sample_cpu3_freq,1804,MHz
threads_only,3:18,sample_cpu4_freq,2208,MHz
threads_only,3:18,sample_cpu5_freq,2208,MHz
threads_only,3:18,sample_cpu6_freq,2208,MHz
threads_only,3:18,sample_cpu7_freq,2304,MHz
threads_only,3:19,sample_elapsed,2790,ms
threads_only,3:19,sample_power,1.167,W
threads_only,3:19,sample_process_cpu,394.156,% one core
threads_only,3:19,sample_free_ram,1.967,GiB
threads_only,3:19,sample_battery_temp,34.500,C
threads_only,3:19,sample_thermal_status,0,Android PowerManager status
threads_only,3:19,sample_cpu0_freq,1804,MHz
threads_only,3:19,sample_cpu1_freq,1804,MHz
threads_only,3:19,sample_cpu2_freq,1804,MHz
threads_only,3:19,sample_cpu3_freq,1804,MHz
threads_only,3:19,sample_cpu4_freq,2208,MHz
threads_only,3:19,sample_cpu5_freq,2208,MHz
threads_only,3:19,sample_cpu6_freq,2208,MHz
threads_only,3:19,sample_cpu7_freq,2304,MHz
threads_only,3:20,sample_elapsed,2944,ms
threads_only,3:20,sample_power,1.167,W
threads_only,3:20,sample_process_cpu,387.013,% one core
threads_only,3:20,sample_free_ram,1.967,GiB
threads_only,3:20,sample_battery_temp,34.500,C
threads_only,3:20,sample_thermal_status,0,Android PowerManager status
threads_only,3:20,sample_cpu0_freq,1804,MHz
threads_only,3:20,sample_cpu1_freq,1804,MHz
threads_only,3:20,sample_cpu2_freq,1804,MHz
threads_only,3:20,sample_cpu3_freq,1804,MHz
threads_only,3:20,sample_cpu4_freq,2208,MHz
threads_only,3:20,sample_cpu5_freq,2208,MHz
threads_only,3:20,sample_cpu6_freq,2208,MHz
threads_only,3:20,sample_cpu7_freq,2304,MHz
threads_only,3:21,sample_elapsed,3098,ms
threads_only,3:21,sample_power,1.167,W
threads_only,3:21,sample_process_cpu,403.247,% one core
threads_only,3:21,sample_free_ram,1.967,GiB
threads_only,3:21,sample_battery_temp,34.500,C
threads_only,3:21,sample_thermal_status,0,Android PowerManager status
threads_only,3:21,sample_cpu0_freq,1804,MHz
threads_only,3:21,sample_cpu1_freq,1804,MHz
threads_only,3:21,sample_cpu2_freq,1804,MHz
threads_only,3:21,sample_cpu3_freq,1804,MHz
threads_only,3:21,sample_cpu4_freq,2208,MHz
threads_only,3:21,sample_cpu5_freq,2208,MHz
threads_only,3:21,sample_cpu6_freq,2208,MHz
threads_only,3:21,sample_cpu7_freq,2304,MHz
threads_only,3:22,sample_elapsed,3252,ms
threads_only,3:22,sample_power,1.167,W
threads_only,3:22,sample_process_cpu,400.000,% one core
threads_only,3:22,sample_free_ram,1.967,GiB
threads_only,3:22,sample_battery_temp,34.500,C
threads_only,3:22,sample_thermal_status,0,Android PowerManager status
threads_only,3:22,sample_cpu0_freq,1804,MHz
threads_only,3:22,sample_cpu1_freq,1804,MHz
threads_only,3:22,sample_cpu2_freq,1804,MHz
threads_only,3:22,sample_cpu3_freq,1804,MHz
threads_only,3:22,sample_cpu4_freq,2208,MHz
threads_only,3:22,sample_cpu5_freq,2208,MHz
threads_only,3:22,sample_cpu6_freq,2208,MHz
threads_only,3:22,sample_cpu7_freq,2304,MHz
threads_only,3:23,sample_elapsed,3407,ms
threads_only,3:23,sample_power,1.167,W
threads_only,3:23,sample_process_cpu,393.548,% one core
threads_only,3:23,sample_free_ram,1.966,GiB
threads_only,3:23,sample_battery_temp,34.500,C
threads_only,3:23,sample_thermal_status,0,Android PowerManager status
threads_only,3:23,sample_cpu0_freq,1804,MHz
threads_only,3:23,sample_cpu1_freq,1804,MHz
threads_only,3:23,sample_cpu2_freq,1804,MHz
threads_only,3:23,sample_cpu3_freq,1804,MHz
threads_only,3:23,sample_cpu4_freq,2208,MHz
threads_only,3:23,sample_cpu5_freq,2208,MHz
threads_only,3:23,sample_cpu6_freq,2208,MHz
threads_only,3:23,sample_cpu7_freq,2304,MHz
threads_only,3:24,sample_elapsed,3561,ms
threads_only,3:24,sample_power,1.167,W
threads_only,3:24,sample_process_cpu,396.753,% one core
threads_only,3:24,sample_free_ram,1.966,GiB
threads_only,3:24,sample_battery_temp,34.500,C
threads_only,3:24,sample_thermal_status,0,Android PowerManager status
threads_only,3:24,sample_cpu0_freq,1804,MHz
threads_only,3:24,sample_cpu1_freq,1804,MHz
threads_only,3:24,sample_cpu2_freq,1804,MHz
threads_only,3:24,sample_cpu3_freq,1804,MHz
threads_only,3:24,sample_cpu4_freq,2208,MHz
threads_only,3:24,sample_cpu5_freq,2208,MHz
threads_only,3:24,sample_cpu6_freq,2208,MHz
threads_only,3:24,sample_cpu7_freq,2304,MHz
threads_only,3:25,sample_elapsed,3721,ms
threads_only,3:25,sample_power,1.167,W
threads_only,3:25,sample_process_cpu,389.375,% one core
threads_only,3:25,sample_free_ram,1.966,GiB
threads_only,3:25,sample_battery_temp,34.500,C
threads_only,3:25,sample_thermal_status,0,Android PowerManager status
threads_only,3:25,sample_cpu0_freq,1804,MHz
threads_only,3:25,sample_cpu1_freq,1804,MHz
threads_only,3:25,sample_cpu2_freq,1804,MHz
threads_only,3:25,sample_cpu3_freq,1804,MHz
threads_only,3:25,sample_cpu4_freq,2208,MHz
threads_only,3:25,sample_cpu5_freq,2208,MHz
threads_only,3:25,sample_cpu6_freq,2208,MHz
threads_only,3:25,sample_cpu7_freq,2304,MHz
threads_only,3:26,sample_elapsed,3874,ms
threads_only,3:26,sample_power,1.167,W
threads_only,3:26,sample_process_cpu,378.431,% one core
threads_only,3:26,sample_free_ram,1.959,GiB
threads_only,3:26,sample_battery_temp,34.500,C
threads_only,3:26,sample_thermal_status,0,Android PowerManager status
threads_only,3:26,sample_cpu0_freq,1804,MHz
threads_only,3:26,sample_cpu1_freq,1804,MHz
threads_only,3:26,sample_cpu2_freq,1804,MHz
threads_only,3:26,sample_cpu3_freq,1804,MHz
threads_only,3:26,sample_cpu4_freq,2208,MHz
threads_only,3:26,sample_cpu5_freq,2208,MHz
threads_only,3:26,sample_cpu6_freq,2208,MHz
threads_only,3:26,sample_cpu7_freq,2304,MHz
threads_only,3:27,sample_elapsed,4029,ms
threads_only,3:27,sample_power,1.167,W
threads_only,3:27,sample_process_cpu,397.419,% one core
threads_only,3:27,sample_free_ram,1.977,GiB
threads_only,3:27,sample_battery_temp,34.500,C
threads_only,3:27,sample_thermal_status,0,Android PowerManager status
threads_only,3:27,sample_cpu0_freq,1804,MHz
threads_only,3:27,sample_cpu1_freq,1804,MHz
threads_only,3:27,sample_cpu2_freq,1804,MHz
threads_only,3:27,sample_cpu3_freq,1804,MHz
threads_only,3:27,sample_cpu4_freq,2208,MHz
threads_only,3:27,sample_cpu5_freq,2208,MHz
threads_only,3:27,sample_cpu6_freq,2208,MHz
threads_only,3:27,sample_cpu7_freq,2304,MHz
threads_only,3:28,sample_elapsed,4193,ms
threads_only,3:28,sample_power,1.167,W
threads_only,3:28,sample_process_cpu,385.976,% one core
threads_only,3:28,sample_free_ram,1.983,GiB
threads_only,3:28,sample_battery_temp,34.500,C
threads_only,3:28,sample_thermal_status,0,Android PowerManager status
threads_only,3:28,sample_cpu0_freq,1804,MHz
threads_only,3:28,sample_cpu1_freq,1804,MHz
threads_only,3:28,sample_cpu2_freq,1804,MHz
threads_only,3:28,sample_cpu3_freq,1804,MHz
threads_only,3:28,sample_cpu4_freq,2208,MHz
threads_only,3:28,sample_cpu5_freq,2208,MHz
threads_only,3:28,sample_cpu6_freq,2208,MHz
threads_only,3:28,sample_cpu7_freq,2304,MHz
threads_only,3:29,sample_elapsed,4357,ms
threads_only,3:29,sample_power,1.167,W
threads_only,3:29,sample_process_cpu,399.390,% one core
threads_only,3:29,sample_free_ram,1.990,GiB
threads_only,3:29,sample_battery_temp,34.500,C
threads_only,3:29,sample_thermal_status,0,Android PowerManager status
threads_only,3:29,sample_cpu0_freq,1344,MHz
threads_only,3:29,sample_cpu1_freq,1344,MHz
threads_only,3:29,sample_cpu2_freq,1344,MHz
threads_only,3:29,sample_cpu3_freq,1344,MHz
threads_only,3:29,sample_cpu4_freq,2208,MHz
threads_only,3:29,sample_cpu5_freq,2208,MHz
threads_only,3:29,sample_cpu6_freq,2208,MHz
threads_only,3:29,sample_cpu7_freq,2304,MHz
threads_only,3:30,sample_elapsed,4524,ms
threads_only,3:30,sample_power,1.167,W
threads_only,3:30,sample_process_cpu,407.784,% one core
threads_only,3:30,sample_free_ram,1.989,GiB
threads_only,3:30,sample_battery_temp,34.500,C
threads_only,3:30,sample_thermal_status,0,Android PowerManager status
threads_only,3:30,sample_cpu0_freq,1497,MHz
threads_only,3:30,sample_cpu1_freq,1497,MHz
threads_only,3:30,sample_cpu2_freq,1497,MHz
threads_only,3:30,sample_cpu3_freq,1497,MHz
threads_only,3:30,sample_cpu4_freq,2208,MHz
threads_only,3:30,sample_cpu5_freq,2208,MHz
threads_only,3:30,sample_cpu6_freq,2208,MHz
threads_only,3:30,sample_cpu7_freq,2304,MHz
threads_only,3:31,sample_elapsed,4692,ms
threads_only,3:31,sample_power,1.167,W
threads_only,3:31,sample_process_cpu,400.595,% one core
threads_only,3:31,sample_free_ram,1.990,GiB
threads_only,3:31,sample_battery_temp,34.500,C
threads_only,3:31,sample_thermal_status,0,Android PowerManager status
threads_only,3:31,sample_cpu0_freq,1804,MHz
threads_only,3:31,sample_cpu1_freq,1804,MHz
threads_only,3:31,sample_cpu2_freq,1804,MHz
threads_only,3:31,sample_cpu3_freq,1804,MHz
threads_only,3:31,sample_cpu4_freq,2208,MHz
threads_only,3:31,sample_cpu5_freq,2208,MHz
threads_only,3:31,sample_cpu6_freq,2208,MHz
threads_only,3:31,sample_cpu7_freq,2304,MHz
threads_only,3:32,sample_elapsed,4858,ms
threads_only,3:32,sample_power,1.167,W
threads_only,3:32,sample_process_cpu,400.602,% one core
threads_only,3:32,sample_free_ram,1.989,GiB
threads_only,3:32,sample_battery_temp,34.500,C
threads_only,3:32,sample_thermal_status,0,Android PowerManager status
threads_only,3:32,sample_cpu0_freq,1497,MHz
threads_only,3:32,sample_cpu1_freq,1497,MHz
threads_only,3:32,sample_cpu2_freq,1804,MHz
threads_only,3:32,sample_cpu3_freq,1804,MHz
threads_only,3:32,sample_cpu4_freq,2208,MHz
threads_only,3:32,sample_cpu5_freq,2208,MHz
threads_only,3:32,sample_cpu6_freq,2208,MHz
threads_only,3:32,sample_cpu7_freq,2304,MHz
threads_only,3:33,sample_elapsed,5026,ms
threads_only,3:33,sample_power,1.167,W
threads_only,3:33,sample_process_cpu,401.190,% one core
threads_only,3:33,sample_free_ram,1.989,GiB
threads_only,3:33,sample_battery_temp,34.500,C
threads_only,3:33,sample_thermal_status,0,Android PowerManager status
threads_only,3:33,sample_cpu0_freq,1804,MHz
threads_only,3:33,sample_cpu1_freq,1804,MHz
threads_only,3:33,sample_cpu2_freq,1804,MHz
threads_only,3:33,sample_cpu3_freq,1804,MHz
threads_only,3:33,sample_cpu4_freq,2208,MHz
threads_only,3:33,sample_cpu5_freq,2208,MHz
threads_only,3:33,sample_cpu6_freq,2208,MHz
threads_only,3:33,sample_cpu7_freq,2304,MHz
threads_only,3:34,sample_elapsed,5195,ms
threads_only,3:34,sample_power,1.167,W
threads_only,3:34,sample_process_cpu,399.408,% one core
threads_only,3:34,sample_free_ram,1.989,GiB
threads_only,3:34,sample_battery_temp,34.500,C
threads_only,3:34,sample_thermal_status,0,Android PowerManager status
threads_only,3:34,sample_cpu0_freq,1804,MHz
threads_only,3:34,sample_cpu1_freq,1804,MHz
threads_only,3:34,sample_cpu2_freq,1804,MHz
threads_only,3:34,sample_cpu3_freq,1804,MHz
threads_only,3:34,sample_cpu4_freq,2208,MHz
threads_only,3:34,sample_cpu5_freq,2208,MHz
threads_only,3:34,sample_cpu6_freq,2208,MHz
threads_only,3:34,sample_cpu7_freq,2304,MHz
threads_only,3:35,sample_elapsed,5363,ms
threads_only,3:35,sample_power,1.167,W
threads_only,3:35,sample_process_cpu,400.595,% one core
threads_only,3:35,sample_free_ram,1.989,GiB
threads_only,3:35,sample_battery_temp,34.500,C
threads_only,3:35,sample_thermal_status,0,Android PowerManager status
threads_only,3:35,sample_cpu0_freq,1113,MHz
threads_only,3:35,sample_cpu1_freq,1113,MHz
threads_only,3:35,sample_cpu2_freq,1113,MHz
threads_only,3:35,sample_cpu3_freq,1113,MHz
threads_only,3:35,sample_cpu4_freq,2208,MHz
threads_only,3:35,sample_cpu5_freq,2208,MHz
threads_only,3:35,sample_cpu6_freq,2208,MHz
threads_only,3:35,sample_cpu7_freq,2304,MHz
threads_only,3:36,sample_elapsed,5532,ms
threads_only,3:36,sample_power,1.167,W
threads_only,3:36,sample_process_cpu,398.225,% one core
threads_only,3:36,sample_free_ram,1.989,GiB
threads_only,3:36,sample_battery_temp,34.500,C
threads_only,3:36,sample_thermal_status,0,Android PowerManager status
threads_only,3:36,sample_cpu0_freq,787,MHz
threads_only,3:36,sample_cpu1_freq,787,MHz
threads_only,3:36,sample_cpu2_freq,787,MHz
threads_only,3:36,sample_cpu3_freq,787,MHz
threads_only,3:36,sample_cpu4_freq,2208,MHz
threads_only,3:36,sample_cpu5_freq,2208,MHz
threads_only,3:36,sample_cpu6_freq,2208,MHz
threads_only,3:36,sample_cpu7_freq,2304,MHz
threads_only,3:37,sample_elapsed,5702,ms
threads_only,3:37,sample_power,1.167,W
threads_only,3:37,sample_process_cpu,405.882,% one core
threads_only,3:37,sample_free_ram,1.989,GiB
threads_only,3:37,sample_battery_temp,34.500,C
threads_only,3:37,sample_thermal_status,0,Android PowerManager status
threads_only,3:37,sample_cpu0_freq,595,MHz
threads_only,3:37,sample_cpu1_freq,595,MHz
threads_only,3:37,sample_cpu2_freq,1113,MHz
threads_only,3:37,sample_cpu3_freq,1113,MHz
threads_only,3:37,sample_cpu4_freq,2208,MHz
threads_only,3:37,sample_cpu5_freq,2208,MHz
threads_only,3:37,sample_cpu6_freq,2208,MHz
threads_only,3:37,sample_cpu7_freq,2304,MHz
threads_only,3:38,sample_elapsed,5872,ms
threads_only,3:38,sample_power,1.167,W
threads_only,3:38,sample_process_cpu,397.059,% one core
threads_only,3:38,sample_free_ram,1.989,GiB
threads_only,3:38,sample_battery_temp,34.500,C
threads_only,3:38,sample_thermal_status,0,Android PowerManager status
threads_only,3:38,sample_cpu0_freq,1113,MHz
threads_only,3:38,sample_cpu1_freq,1113,MHz
threads_only,3:38,sample_cpu2_freq,1344,MHz
threads_only,3:38,sample_cpu3_freq,1344,MHz
threads_only,3:38,sample_cpu4_freq,2208,MHz
threads_only,3:38,sample_cpu5_freq,2208,MHz
threads_only,3:38,sample_cpu6_freq,2208,MHz
threads_only,3:38,sample_cpu7_freq,2304,MHz
threads_only,3:39,sample_elapsed,6042,ms
threads_only,3:39,sample_power,1.167,W
threads_only,3:39,sample_process_cpu,404.118,% one core
threads_only,3:39,sample_free_ram,1.989,GiB
threads_only,3:39,sample_battery_temp,34.500,C
threads_only,3:39,sample_thermal_status,0,Android PowerManager status
threads_only,3:39,sample_cpu0_freq,1804,MHz
threads_only,3:39,sample_cpu1_freq,1804,MHz
threads_only,3:39,sample_cpu2_freq,1804,MHz
threads_only,3:39,sample_cpu3_freq,1804,MHz
threads_only,3:39,sample_cpu4_freq,2208,MHz
threads_only,3:39,sample_cpu5_freq,2208,MHz
threads_only,3:39,sample_cpu6_freq,2208,MHz
threads_only,3:39,sample_cpu7_freq,2304,MHz
threads_only,3:40,sample_elapsed,6210,ms
threads_only,3:40,sample_power,1.167,W
threads_only,3:40,sample_process_cpu,400.595,% one core
threads_only,3:40,sample_free_ram,1.988,GiB
threads_only,3:40,sample_battery_temp,34.500,C
threads_only,3:40,sample_thermal_status,0,Android PowerManager status
threads_only,3:40,sample_cpu0_freq,1113,MHz
threads_only,3:40,sample_cpu1_freq,1113,MHz
threads_only,3:40,sample_cpu2_freq,1113,MHz
threads_only,3:40,sample_cpu3_freq,1113,MHz
threads_only,3:40,sample_cpu4_freq,2208,MHz
threads_only,3:40,sample_cpu5_freq,2208,MHz
threads_only,3:40,sample_cpu6_freq,2208,MHz
threads_only,3:40,sample_cpu7_freq,2304,MHz
threads_only,3:41,sample_elapsed,6377,ms
threads_only,3:41,sample_power,1.167,W
threads_only,3:41,sample_process_cpu,419.760,% one core
threads_only,3:41,sample_free_ram,1.988,GiB
threads_only,3:41,sample_battery_temp,34.500,C
threads_only,3:41,sample_thermal_status,0,Android PowerManager status
threads_only,3:41,sample_cpu0_freq,1804,MHz
threads_only,3:41,sample_cpu1_freq,1804,MHz
threads_only,3:41,sample_cpu2_freq,1804,MHz
threads_only,3:41,sample_cpu3_freq,1804,MHz
threads_only,3:41,sample_cpu4_freq,2208,MHz
threads_only,3:41,sample_cpu5_freq,2208,MHz
threads_only,3:41,sample_cpu6_freq,2208,MHz
threads_only,3:41,sample_cpu7_freq,2304,MHz
threads_only,3:42,sample_elapsed,6552,ms
threads_only,3:42,sample_power,1.167,W
threads_only,3:42,sample_process_cpu,376.000,% one core
threads_only,3:42,sample_free_ram,1.987,GiB
threads_only,3:42,sample_battery_temp,34.500,C
threads_only,3:42,sample_thermal_status,0,Android PowerManager status
threads_only,3:42,sample_cpu0_freq,1804,MHz
threads_only,3:42,sample_cpu1_freq,1804,MHz
threads_only,3:42,sample_cpu2_freq,1804,MHz
threads_only,3:42,sample_cpu3_freq,1804,MHz
threads_only,3:42,sample_cpu4_freq,2208,MHz
threads_only,3:42,sample_cpu5_freq,2208,MHz
threads_only,3:42,sample_cpu6_freq,2208,MHz
threads_only,3:42,sample_cpu7_freq,2304,MHz
threads_only,3:43,sample_elapsed,6719,ms
threads_only,3:43,sample_power,4.549,W
threads_only,3:43,sample_process_cpu,401.796,% one core
threads_only,3:43,sample_free_ram,1.987,GiB
threads_only,3:43,sample_battery_temp,34.500,C
threads_only,3:43,sample_thermal_status,0,Android PowerManager status
threads_only,3:43,sample_cpu0_freq,1593,MHz
threads_only,3:43,sample_cpu1_freq,1593,MHz
threads_only,3:43,sample_cpu2_freq,1593,MHz
threads_only,3:43,sample_cpu3_freq,1593,MHz
threads_only,3:43,sample_cpu4_freq,2208,MHz
threads_only,3:43,sample_cpu5_freq,2208,MHz
threads_only,3:43,sample_cpu6_freq,2208,MHz
threads_only,3:43,sample_cpu7_freq,2304,MHz
threads_only,3:44,sample_elapsed,6888,ms
threads_only,3:44,sample_power,4.549,W
threads_only,3:44,sample_process_cpu,391.716,% one core
threads_only,3:44,sample_free_ram,1.986,GiB
threads_only,3:44,sample_battery_temp,34.500,C
threads_only,3:44,sample_thermal_status,0,Android PowerManager status
threads_only,3:44,sample_cpu0_freq,1804,MHz
threads_only,3:44,sample_cpu1_freq,1804,MHz
threads_only,3:44,sample_cpu2_freq,1804,MHz
threads_only,3:44,sample_cpu3_freq,1804,MHz
threads_only,3:44,sample_cpu4_freq,2208,MHz
threads_only,3:44,sample_cpu5_freq,2208,MHz
threads_only,3:44,sample_cpu6_freq,2208,MHz
threads_only,3:44,sample_cpu7_freq,2304,MHz
threads_only,3:45,sample_elapsed,7054,ms
threads_only,3:45,sample_power,4.549,W
threads_only,3:45,sample_process_cpu,398.795,% one core
threads_only,3:45,sample_free_ram,1.986,GiB
threads_only,3:45,sample_battery_temp,34.500,C
threads_only,3:45,sample_thermal_status,0,Android PowerManager status
threads_only,3:45,sample_cpu0_freq,1804,MHz
threads_only,3:45,sample_cpu1_freq,1804,MHz
threads_only,3:45,sample_cpu2_freq,1804,MHz
threads_only,3:45,sample_cpu3_freq,1804,MHz
threads_only,3:45,sample_cpu4_freq,2208,MHz
threads_only,3:45,sample_cpu5_freq,2208,MHz
threads_only,3:45,sample_cpu6_freq,2208,MHz
threads_only,3:45,sample_cpu7_freq,2304,MHz
threads_only,3:46,sample_elapsed,7226,ms
threads_only,3:46,sample_power,4.549,W
threads_only,3:46,sample_process_cpu,400.581,% one core
threads_only,3:46,sample_free_ram,1.986,GiB
threads_only,3:46,sample_battery_temp,34.500,C
threads_only,3:46,sample_thermal_status,0,Android PowerManager status
threads_only,3:46,sample_cpu0_freq,1804,MHz
threads_only,3:46,sample_cpu1_freq,1804,MHz
threads_only,3:46,sample_cpu2_freq,1804,MHz
threads_only,3:46,sample_cpu3_freq,1804,MHz
threads_only,3:46,sample_cpu4_freq,2208,MHz
threads_only,3:46,sample_cpu5_freq,2208,MHz
threads_only,3:46,sample_cpu6_freq,2208,MHz
threads_only,3:46,sample_cpu7_freq,2304,MHz
threads_only,3:47,sample_elapsed,7398,ms
threads_only,3:47,sample_power,4.549,W
threads_only,3:47,sample_process_cpu,430.814,% one core
threads_only,3:47,sample_free_ram,1.984,GiB
threads_only,3:47,sample_battery_temp,34.500,C
threads_only,3:47,sample_thermal_status,0,Android PowerManager status
threads_only,3:47,sample_cpu0_freq,1804,MHz
threads_only,3:47,sample_cpu1_freq,1497,MHz
threads_only,3:47,sample_cpu2_freq,1804,MHz
threads_only,3:47,sample_cpu3_freq,1804,MHz
threads_only,3:47,sample_cpu4_freq,2208,MHz
threads_only,3:47,sample_cpu5_freq,2208,MHz
threads_only,3:47,sample_cpu6_freq,2208,MHz
threads_only,3:47,sample_cpu7_freq,2304,MHz
threads_only,3:48,sample_elapsed,7571,ms
threads_only,3:48,sample_power,4.549,W
threads_only,3:48,sample_process_cpu,401.156,% one core
threads_only,3:48,sample_free_ram,1.984,GiB
threads_only,3:48,sample_battery_temp,34.500,C
threads_only,3:48,sample_thermal_status,0,Android PowerManager status
threads_only,3:48,sample_cpu0_freq,1804,MHz
threads_only,3:48,sample_cpu1_freq,1804,MHz
threads_only,3:48,sample_cpu2_freq,1804,MHz
threads_only,3:48,sample_cpu3_freq,1804,MHz
threads_only,3:48,sample_cpu4_freq,2208,MHz
threads_only,3:48,sample_cpu5_freq,2208,MHz
threads_only,3:48,sample_cpu6_freq,2208,MHz
threads_only,3:48,sample_cpu7_freq,2304,MHz
threads_only,3:49,sample_elapsed,7740,ms
threads_only,3:49,sample_power,4.549,W
threads_only,3:49,sample_process_cpu,391.124,% one core
threads_only,3:49,sample_free_ram,1.984,GiB
threads_only,3:49,sample_battery_temp,34.500,C
threads_only,3:49,sample_thermal_status,0,Android PowerManager status
threads_only,3:49,sample_cpu0_freq,1593,MHz
threads_only,3:49,sample_cpu1_freq,1804,MHz
threads_only,3:49,sample_cpu2_freq,1497,MHz
threads_only,3:49,sample_cpu3_freq,1593,MHz
threads_only,3:49,sample_cpu4_freq,2208,MHz
threads_only,3:49,sample_cpu5_freq,2208,MHz
threads_only,3:49,sample_cpu6_freq,2208,MHz
threads_only,3:49,sample_cpu7_freq,2304,MHz
threads_only,3:50,sample_elapsed,7908,ms
threads_only,3:50,sample_power,4.549,W
threads_only,3:50,sample_process_cpu,405.952,% one core
threads_only,3:50,sample_free_ram,1.983,GiB
threads_only,3:50,sample_battery_temp,34.500,C
threads_only,3:50,sample_thermal_status,0,Android PowerManager status
threads_only,3:50,sample_cpu0_freq,1228,MHz
threads_only,3:50,sample_cpu1_freq,1228,MHz
threads_only,3:50,sample_cpu2_freq,1228,MHz
threads_only,3:50,sample_cpu3_freq,1228,MHz
threads_only,3:50,sample_cpu4_freq,2208,MHz
threads_only,3:50,sample_cpu5_freq,2208,MHz
threads_only,3:50,sample_cpu6_freq,2208,MHz
threads_only,3:50,sample_cpu7_freq,2304,MHz
threads_only,3:51,sample_elapsed,8077,ms
threads_only,3:51,sample_power,4.549,W
threads_only,3:51,sample_process_cpu,394.083,% one core
threads_only,3:51,sample_free_ram,1.983,GiB
threads_only,3:51,sample_battery_temp,34.500,C
threads_only,3:51,sample_thermal_status,0,Android PowerManager status
threads_only,3:51,sample_cpu0_freq,1593,MHz
threads_only,3:51,sample_cpu1_freq,1593,MHz
threads_only,3:51,sample_cpu2_freq,1593,MHz
threads_only,3:51,sample_cpu3_freq,1497,MHz
threads_only,3:51,sample_cpu4_freq,2208,MHz
threads_only,3:51,sample_cpu5_freq,2208,MHz
threads_only,3:51,sample_cpu6_freq,2208,MHz
threads_only,3:51,sample_cpu7_freq,2304,MHz
threads_only,3:52,sample_elapsed,8244,ms
threads_only,3:52,sample_power,4.549,W
threads_only,3:52,sample_process_cpu,391.018,% one core
threads_only,3:52,sample_free_ram,1.983,GiB
threads_only,3:52,sample_battery_temp,34.500,C
threads_only,3:52,sample_thermal_status,0,Android PowerManager status
threads_only,3:52,sample_cpu0_freq,1804,MHz
threads_only,3:52,sample_cpu1_freq,1804,MHz
threads_only,3:52,sample_cpu2_freq,1804,MHz
threads_only,3:52,sample_cpu3_freq,1804,MHz
threads_only,3:52,sample_cpu4_freq,2208,MHz
threads_only,3:52,sample_cpu5_freq,2208,MHz
threads_only,3:52,sample_cpu6_freq,2208,MHz
threads_only,3:52,sample_cpu7_freq,2304,MHz
threads_only,3:53,sample_elapsed,8410,ms
threads_only,3:53,sample_power,4.549,W
threads_only,3:53,sample_process_cpu,404.819,% one core
threads_only,3:53,sample_free_ram,1.983,GiB
threads_only,3:53,sample_battery_temp,34.500,C
threads_only,3:53,sample_thermal_status,0,Android PowerManager status
threads_only,3:53,sample_cpu0_freq,1017,MHz
threads_only,3:53,sample_cpu1_freq,1017,MHz
threads_only,3:53,sample_cpu2_freq,1017,MHz
threads_only,3:53,sample_cpu3_freq,1017,MHz
threads_only,3:53,sample_cpu4_freq,2208,MHz
threads_only,3:53,sample_cpu5_freq,2208,MHz
threads_only,3:53,sample_cpu6_freq,2208,MHz
threads_only,3:53,sample_cpu7_freq,2304,MHz
threads_only,3:54,sample_elapsed,8578,ms
threads_only,3:54,sample_power,4.549,W
threads_only,3:54,sample_process_cpu,404.762,% one core
threads_only,3:54,sample_free_ram,1.983,GiB
threads_only,3:54,sample_battery_temp,34.500,C
threads_only,3:54,sample_thermal_status,0,Android PowerManager status
threads_only,3:54,sample_cpu0_freq,787,MHz
threads_only,3:54,sample_cpu1_freq,1113,MHz
threads_only,3:54,sample_cpu2_freq,1113,MHz
threads_only,3:54,sample_cpu3_freq,1113,MHz
threads_only,3:54,sample_cpu4_freq,2208,MHz
threads_only,3:54,sample_cpu5_freq,2208,MHz
threads_only,3:54,sample_cpu6_freq,2208,MHz
threads_only,3:54,sample_cpu7_freq,2304,MHz
threads_only,3:55,sample_elapsed,8745,ms
threads_only,3:55,sample_power,4.549,W
threads_only,3:55,sample_process_cpu,400.599,% one core
threads_only,3:55,sample_free_ram,1.983,GiB
threads_only,3:55,sample_battery_temp,34.500,C
threads_only,3:55,sample_thermal_status,0,Android PowerManager status
threads_only,3:55,sample_cpu0_freq,787,MHz
threads_only,3:55,sample_cpu1_freq,787,MHz
threads_only,3:55,sample_cpu2_freq,1113,MHz
threads_only,3:55,sample_cpu3_freq,1113,MHz
threads_only,3:55,sample_cpu4_freq,2208,MHz
threads_only,3:55,sample_cpu5_freq,2208,MHz
threads_only,3:55,sample_cpu6_freq,2208,MHz
threads_only,3:55,sample_cpu7_freq,2304,MHz
threads_only,3:56,sample_elapsed,8911,ms
threads_only,3:56,sample_power,4.549,W
threads_only,3:56,sample_process_cpu,399.398,% one core
threads_only,3:56,sample_free_ram,1.983,GiB
threads_only,3:56,sample_battery_temp,34.500,C
threads_only,3:56,sample_thermal_status,0,Android PowerManager status
threads_only,3:56,sample_cpu0_freq,1113,MHz
threads_only,3:56,sample_cpu1_freq,1113,MHz
threads_only,3:56,sample_cpu2_freq,1113,MHz
threads_only,3:56,sample_cpu3_freq,1113,MHz
threads_only,3:56,sample_cpu4_freq,2208,MHz
threads_only,3:56,sample_cpu5_freq,2208,MHz
threads_only,3:56,sample_cpu6_freq,2208,MHz
threads_only,3:56,sample_cpu7_freq,2304,MHz
threads_only,3:57,sample_elapsed,9076,ms
threads_only,3:57,sample_power,4.549,W
threads_only,3:57,sample_process_cpu,398.182,% one core
threads_only,3:57,sample_free_ram,1.983,GiB
threads_only,3:57,sample_battery_temp,34.500,C
threads_only,3:57,sample_thermal_status,0,Android PowerManager status
threads_only,3:57,sample_cpu0_freq,1804,MHz
threads_only,3:57,sample_cpu1_freq,1804,MHz
threads_only,3:57,sample_cpu2_freq,1804,MHz
threads_only,3:57,sample_cpu3_freq,1804,MHz
threads_only,3:57,sample_cpu4_freq,2208,MHz
threads_only,3:57,sample_cpu5_freq,2208,MHz
threads_only,3:57,sample_cpu6_freq,2208,MHz
threads_only,3:57,sample_cpu7_freq,2304,MHz
threads_only,3:58,sample_elapsed,9245,ms
threads_only,3:58,sample_power,4.549,W
threads_only,3:58,sample_process_cpu,402.959,% one core
threads_only,3:58,sample_free_ram,1.982,GiB
threads_only,3:58,sample_battery_temp,34.500,C
threads_only,3:58,sample_thermal_status,0,Android PowerManager status
threads_only,3:58,sample_cpu0_freq,1113,MHz
threads_only,3:58,sample_cpu1_freq,1113,MHz
threads_only,3:58,sample_cpu2_freq,1113,MHz
threads_only,3:58,sample_cpu3_freq,1113,MHz
threads_only,3:58,sample_cpu4_freq,2208,MHz
threads_only,3:58,sample_cpu5_freq,2208,MHz
threads_only,3:58,sample_cpu6_freq,2208,MHz
threads_only,3:58,sample_cpu7_freq,2304,MHz
threads_only,3:59,sample_elapsed,9409,ms
threads_only,3:59,sample_power,4.549,W
threads_only,3:59,sample_process_cpu,396.341,% one core
threads_only,3:59,sample_free_ram,1.982,GiB
threads_only,3:59,sample_battery_temp,34.500,C
threads_only,3:59,sample_thermal_status,0,Android PowerManager status
threads_only,3:59,sample_cpu0_freq,1804,MHz
threads_only,3:59,sample_cpu1_freq,1804,MHz
threads_only,3:59,sample_cpu2_freq,1804,MHz
threads_only,3:59,sample_cpu3_freq,1804,MHz
threads_only,3:59,sample_cpu4_freq,2208,MHz
threads_only,3:59,sample_cpu5_freq,2208,MHz
threads_only,3:59,sample_cpu6_freq,2208,MHz
threads_only,3:59,sample_cpu7_freq,2304,MHz
threads_only,3:60,sample_elapsed,9570,ms
threads_only,3:60,sample_power,4.549,W
threads_only,3:60,sample_process_cpu,390.062,% one core
threads_only,3:60,sample_free_ram,1.982,GiB
threads_only,3:60,sample_battery_temp,34.500,C
threads_only,3:60,sample_thermal_status,0,Android PowerManager status
threads_only,3:60,sample_cpu0_freq,1804,MHz
threads_only,3:60,sample_cpu1_freq,1804,MHz
threads_only,3:60,sample_cpu2_freq,1804,MHz
threads_only,3:60,sample_cpu3_freq,1804,MHz
threads_only,3:60,sample_cpu4_freq,2208,MHz
threads_only,3:60,sample_cpu5_freq,2208,MHz
threads_only,3:60,sample_cpu6_freq,2208,MHz
threads_only,3:60,sample_cpu7_freq,2304,MHz
threads_only,3:61,sample_elapsed,9737,ms
threads_only,3:61,sample_power,4.549,W
threads_only,3:61,sample_process_cpu,397.006,% one core
threads_only,3:61,sample_free_ram,1.982,GiB
threads_only,3:61,sample_battery_temp,34.500,C
threads_only,3:61,sample_thermal_status,0,Android PowerManager status
threads_only,3:61,sample_cpu0_freq,902,MHz
threads_only,3:61,sample_cpu1_freq,902,MHz
threads_only,3:61,sample_cpu2_freq,902,MHz
threads_only,3:61,sample_cpu3_freq,902,MHz
threads_only,3:61,sample_cpu4_freq,2208,MHz
threads_only,3:61,sample_cpu5_freq,2208,MHz
threads_only,3:61,sample_cpu6_freq,2208,MHz
threads_only,3:61,sample_cpu7_freq,2304,MHz
threads_only,3:62,sample_elapsed,9901,ms
threads_only,3:62,sample_power,4.549,W
threads_only,3:62,sample_process_cpu,397.561,% one core
threads_only,3:62,sample_free_ram,1.982,GiB
threads_only,3:62,sample_battery_temp,34.500,C
threads_only,3:62,sample_thermal_status,0,Android PowerManager status
threads_only,3:62,sample_cpu0_freq,1113,MHz
threads_only,3:62,sample_cpu1_freq,1113,MHz
threads_only,3:62,sample_cpu2_freq,1113,MHz
threads_only,3:62,sample_cpu3_freq,1113,MHz
threads_only,3:62,sample_cpu4_freq,2208,MHz
threads_only,3:62,sample_cpu5_freq,2208,MHz
threads_only,3:62,sample_cpu6_freq,2208,MHz
threads_only,3:62,sample_cpu7_freq,2304,MHz
threads_only,3:63,sample_elapsed,10066,ms
threads_only,3:63,sample_power,4.549,W
threads_only,3:63,sample_process_cpu,396.970,% one core
threads_only,3:63,sample_free_ram,1.982,GiB
threads_only,3:63,sample_battery_temp,34.500,C
threads_only,3:63,sample_thermal_status,0,Android PowerManager status
threads_only,3:63,sample_cpu0_freq,1593,MHz
threads_only,3:63,sample_cpu1_freq,1593,MHz
threads_only,3:63,sample_cpu2_freq,1593,MHz
threads_only,3:63,sample_cpu3_freq,1804,MHz
threads_only,3:63,sample_cpu4_freq,2208,MHz
threads_only,3:63,sample_cpu5_freq,2208,MHz
threads_only,3:63,sample_cpu6_freq,2208,MHz
threads_only,3:63,sample_cpu7_freq,2304,MHz
threads_only,3:64,sample_elapsed,10230,ms
threads_only,3:64,sample_power,4.549,W
threads_only,3:64,sample_process_cpu,402.439,% one core
threads_only,3:64,sample_free_ram,1.982,GiB
threads_only,3:64,sample_battery_temp,34.500,C
threads_only,3:64,sample_thermal_status,0,Android PowerManager status
threads_only,3:64,sample_cpu0_freq,787,MHz
threads_only,3:64,sample_cpu1_freq,787,MHz
threads_only,3:64,sample_cpu2_freq,787,MHz
threads_only,3:64,sample_cpu3_freq,787,MHz
threads_only,3:64,sample_cpu4_freq,2208,MHz
threads_only,3:64,sample_cpu5_freq,2208,MHz
threads_only,3:64,sample_cpu6_freq,2208,MHz
threads_only,3:64,sample_cpu7_freq,2304,MHz
threads_only,3:65,sample_elapsed,10398,ms
threads_only,3:65,sample_power,4.549,W
threads_only,3:65,sample_process_cpu,401.190,% one core
threads_only,3:65,sample_free_ram,1.982,GiB
threads_only,3:65,sample_battery_temp,34.500,C
threads_only,3:65,sample_thermal_status,0,Android PowerManager status
threads_only,3:65,sample_cpu0_freq,787,MHz
threads_only,3:65,sample_cpu1_freq,787,MHz
threads_only,3:65,sample_cpu2_freq,787,MHz
threads_only,3:65,sample_cpu3_freq,787,MHz
threads_only,3:65,sample_cpu4_freq,2208,MHz
threads_only,3:65,sample_cpu5_freq,2208,MHz
threads_only,3:65,sample_cpu6_freq,2208,MHz
threads_only,3:65,sample_cpu7_freq,2304,MHz
threads_only,3:66,sample_elapsed,10564,ms
threads_only,3:66,sample_power,4.549,W
threads_only,3:66,sample_process_cpu,400.602,% one core
threads_only,3:66,sample_free_ram,1.982,GiB
threads_only,3:66,sample_battery_temp,34.500,C
threads_only,3:66,sample_thermal_status,0,Android PowerManager status
threads_only,3:66,sample_cpu0_freq,1804,MHz
threads_only,3:66,sample_cpu1_freq,1804,MHz
threads_only,3:66,sample_cpu2_freq,1804,MHz
threads_only,3:66,sample_cpu3_freq,1804,MHz
threads_only,3:66,sample_cpu4_freq,2208,MHz
threads_only,3:66,sample_cpu5_freq,2208,MHz
threads_only,3:66,sample_cpu6_freq,2208,MHz
threads_only,3:66,sample_cpu7_freq,2304,MHz
threads_only,3:67,sample_elapsed,10727,ms
threads_only,3:67,sample_power,4.549,W
threads_only,3:67,sample_process_cpu,389.571,% one core
threads_only,3:67,sample_free_ram,1.982,GiB
threads_only,3:67,sample_battery_temp,34.500,C
threads_only,3:67,sample_thermal_status,0,Android PowerManager status
threads_only,3:67,sample_cpu0_freq,1228,MHz
threads_only,3:67,sample_cpu1_freq,1228,MHz
threads_only,3:67,sample_cpu2_freq,1228,MHz
threads_only,3:67,sample_cpu3_freq,1228,MHz
threads_only,3:67,sample_cpu4_freq,2208,MHz
threads_only,3:67,sample_cpu5_freq,2208,MHz
threads_only,3:67,sample_cpu6_freq,2208,MHz
threads_only,3:67,sample_cpu7_freq,2304,MHz
threads_only,3:68,sample_elapsed,10893,ms
threads_only,3:68,sample_power,4.549,W
threads_only,3:68,sample_process_cpu,400.000,% one core
threads_only,3:68,sample_free_ram,1.982,GiB
threads_only,3:68,sample_battery_temp,34.500,C
threads_only,3:68,sample_thermal_status,0,Android PowerManager status
threads_only,3:68,sample_cpu0_freq,1113,MHz
threads_only,3:68,sample_cpu1_freq,1113,MHz
threads_only,3:68,sample_cpu2_freq,1113,MHz
threads_only,3:68,sample_cpu3_freq,1113,MHz
threads_only,3:68,sample_cpu4_freq,2208,MHz
threads_only,3:68,sample_cpu5_freq,2208,MHz
threads_only,3:68,sample_cpu6_freq,2208,MHz
threads_only,3:68,sample_cpu7_freq,2304,MHz
threads_only,3:69,sample_elapsed,11062,ms
threads_only,3:69,sample_power,4.549,W
threads_only,3:69,sample_process_cpu,398.817,% one core
threads_only,3:69,sample_free_ram,1.981,GiB
threads_only,3:69,sample_battery_temp,34.500,C
threads_only,3:69,sample_thermal_status,0,Android PowerManager status
threads_only,3:69,sample_cpu0_freq,595,MHz
threads_only,3:69,sample_cpu1_freq,595,MHz
threads_only,3:69,sample_cpu2_freq,595,MHz
threads_only,3:69,sample_cpu3_freq,595,MHz
threads_only,3:69,sample_cpu4_freq,2208,MHz
threads_only,3:69,sample_cpu5_freq,2208,MHz
threads_only,3:69,sample_cpu6_freq,2208,MHz
threads_only,3:69,sample_cpu7_freq,2304,MHz
threads_only,3:70,sample_elapsed,11233,ms
threads_only,3:70,sample_power,4.549,W
threads_only,3:70,sample_process_cpu,422.222,% one core
threads_only,3:70,sample_free_ram,1.980,GiB
threads_only,3:70,sample_battery_temp,34.500,C
threads_only,3:70,sample_thermal_status,0,Android PowerManager status
threads_only,3:70,sample_cpu0_freq,787,MHz
threads_only,3:70,sample_cpu1_freq,787,MHz
threads_only,3:70,sample_cpu2_freq,787,MHz
threads_only,3:70,sample_cpu3_freq,1113,MHz
threads_only,3:70,sample_cpu4_freq,2208,MHz
threads_only,3:70,sample_cpu5_freq,2208,MHz
threads_only,3:70,sample_cpu6_freq,2208,MHz
threads_only,3:70,sample_cpu7_freq,2304,MHz
threads_only,4,pp,185.000,tok/s
threads_only,4,tg,17.600,tok/s
threads_only,4,power,4.492,W
threads_only,4,tok_per_w,3.918,tok/W
threads_only,4,ttft_pp512_derived,2824.386,ms
threads_only,4,start_temp,34.500,C
threads_only,4,average_process_cpu,399.494,% one core
threads_only,4,minimum_free_ram,1.979,GiB
threads_only,4,peak_battery_temp,34.500,C
threads_only,4,peak_thermal_status,0,Android PowerManager status
threads_only,4:1,sample_elapsed,1,ms
threads_only,4:1,sample_power,1.220,W
threads_only,4:1,sample_process_cpu,200.000,% one core
threads_only,4:1,sample_free_ram,2.045,GiB
threads_only,4:1,sample_battery_temp,34.500,C
threads_only,4:1,sample_thermal_status,0,Android PowerManager status
threads_only,4:1,sample_cpu0_freq,1804,MHz
threads_only,4:1,sample_cpu1_freq,1804,MHz
threads_only,4:1,sample_cpu2_freq,1804,MHz
threads_only,4:1,sample_cpu3_freq,1804,MHz
threads_only,4:1,sample_cpu4_freq,1190,MHz
threads_only,4:1,sample_cpu5_freq,1708,MHz
threads_only,4:1,sample_cpu6_freq,1708,MHz
threads_only,4:1,sample_cpu7_freq,633,MHz
threads_only,4:2,sample_elapsed,159,ms
threads_only,4:2,sample_power,1.220,W
threads_only,4:2,sample_process_cpu,369.620,% one core
threads_only,4:2,sample_free_ram,1.979,GiB
threads_only,4:2,sample_battery_temp,34.500,C
threads_only,4:2,sample_thermal_status,0,Android PowerManager status
threads_only,4:2,sample_cpu0_freq,902,MHz
threads_only,4:2,sample_cpu1_freq,902,MHz
threads_only,4:2,sample_cpu2_freq,902,MHz
threads_only,4:2,sample_cpu3_freq,787,MHz
threads_only,4:2,sample_cpu4_freq,2208,MHz
threads_only,4:2,sample_cpu5_freq,2208,MHz
threads_only,4:2,sample_cpu6_freq,2208,MHz
threads_only,4:2,sample_cpu7_freq,2304,MHz
threads_only,4:3,sample_elapsed,315,ms
threads_only,4:3,sample_power,1.220,W
threads_only,4:3,sample_process_cpu,398.718,% one core
threads_only,4:3,sample_free_ram,1.979,GiB
threads_only,4:3,sample_battery_temp,34.500,C
threads_only,4:3,sample_thermal_status,0,Android PowerManager status
threads_only,4:3,sample_cpu0_freq,1804,MHz
threads_only,4:3,sample_cpu1_freq,1804,MHz
threads_only,4:3,sample_cpu2_freq,1804,MHz
threads_only,4:3,sample_cpu3_freq,1804,MHz
threads_only,4:3,sample_cpu4_freq,2208,MHz
threads_only,4:3,sample_cpu5_freq,2208,MHz
threads_only,4:3,sample_cpu6_freq,2208,MHz
threads_only,4:3,sample_cpu7_freq,2304,MHz
threads_only,4:4,sample_elapsed,470,ms
threads_only,4:4,sample_power,1.220,W
threads_only,4:4,sample_process_cpu,399.355,% one core
threads_only,4:4,sample_free_ram,1.989,GiB
threads_only,4:4,sample_battery_temp,34.500,C
threads_only,4:4,sample_thermal_status,0,Android PowerManager status
threads_only,4:4,sample_cpu0_freq,1804,MHz
threads_only,4:4,sample_cpu1_freq,1804,MHz
threads_only,4:4,sample_cpu2_freq,1804,MHz
threads_only,4:4,sample_cpu3_freq,1804,MHz
threads_only,4:4,sample_cpu4_freq,2208,MHz
threads_only,4:4,sample_cpu5_freq,2208,MHz
threads_only,4:4,sample_cpu6_freq,2208,MHz
threads_only,4:4,sample_cpu7_freq,2304,MHz
threads_only,4:5,sample_elapsed,624,ms
threads_only,4:5,sample_power,1.220,W
threads_only,4:5,sample_process_cpu,402.597,% one core
threads_only,4:5,sample_free_ram,1.999,GiB
threads_only,4:5,sample_battery_temp,34.500,C
threads_only,4:5,sample_thermal_status,0,Android PowerManager status
threads_only,4:5,sample_cpu0_freq,595,MHz
threads_only,4:5,sample_cpu1_freq,595,MHz
threads_only,4:5,sample_cpu2_freq,595,MHz
threads_only,4:5,sample_cpu3_freq,595,MHz
threads_only,4:5,sample_cpu4_freq,2208,MHz
threads_only,4:5,sample_cpu5_freq,2208,MHz
threads_only,4:5,sample_cpu6_freq,2208,MHz
threads_only,4:5,sample_cpu7_freq,2304,MHz
threads_only,4:6,sample_elapsed,781,ms
threads_only,4:6,sample_power,4.779,W
threads_only,4:6,sample_process_cpu,396.815,% one core
threads_only,4:6,sample_free_ram,1.999,GiB
threads_only,4:6,sample_battery_temp,34.500,C
threads_only,4:6,sample_thermal_status,0,Android PowerManager status
threads_only,4:6,sample_cpu0_freq,595,MHz
threads_only,4:6,sample_cpu1_freq,595,MHz
threads_only,4:6,sample_cpu2_freq,595,MHz
threads_only,4:6,sample_cpu3_freq,595,MHz
threads_only,4:6,sample_cpu4_freq,2208,MHz
threads_only,4:6,sample_cpu5_freq,2208,MHz
threads_only,4:6,sample_cpu6_freq,2208,MHz
threads_only,4:6,sample_cpu7_freq,2304,MHz
threads_only,4:7,sample_elapsed,939,ms
threads_only,4:7,sample_power,4.779,W
threads_only,4:7,sample_process_cpu,393.671,% one core
threads_only,4:7,sample_free_ram,1.999,GiB
threads_only,4:7,sample_battery_temp,34.500,C
threads_only,4:7,sample_thermal_status,0,Android PowerManager status
threads_only,4:7,sample_cpu0_freq,595,MHz
threads_only,4:7,sample_cpu1_freq,595,MHz
threads_only,4:7,sample_cpu2_freq,595,MHz
threads_only,4:7,sample_cpu3_freq,595,MHz
threads_only,4:7,sample_cpu4_freq,2208,MHz
threads_only,4:7,sample_cpu5_freq,2208,MHz
threads_only,4:7,sample_cpu6_freq,2208,MHz
threads_only,4:7,sample_cpu7_freq,2304,MHz
threads_only,4:8,sample_elapsed,1097,ms
threads_only,4:8,sample_power,4.779,W
threads_only,4:8,sample_process_cpu,404.430,% one core
threads_only,4:8,sample_free_ram,1.999,GiB
threads_only,4:8,sample_battery_temp,34.500,C
threads_only,4:8,sample_thermal_status,0,Android PowerManager status
threads_only,4:8,sample_cpu0_freq,595,MHz
threads_only,4:8,sample_cpu1_freq,595,MHz
threads_only,4:8,sample_cpu2_freq,595,MHz
threads_only,4:8,sample_cpu3_freq,595,MHz
threads_only,4:8,sample_cpu4_freq,2208,MHz
threads_only,4:8,sample_cpu5_freq,2208,MHz
threads_only,4:8,sample_cpu6_freq,2208,MHz
threads_only,4:8,sample_cpu7_freq,2304,MHz
threads_only,4:9,sample_elapsed,1254,ms
threads_only,4:9,sample_power,4.779,W
threads_only,4:9,sample_process_cpu,394.268,% one core
threads_only,4:9,sample_free_ram,1.998,GiB
threads_only,4:9,sample_battery_temp,34.500,C
threads_only,4:9,sample_thermal_status,0,Android PowerManager status
threads_only,4:9,sample_cpu0_freq,595,MHz
threads_only,4:9,sample_cpu1_freq,595,MHz
threads_only,4:9,sample_cpu2_freq,595,MHz
threads_only,4:9,sample_cpu3_freq,595,MHz
threads_only,4:9,sample_cpu4_freq,2208,MHz
threads_only,4:9,sample_cpu5_freq,2208,MHz
threads_only,4:9,sample_cpu6_freq,2208,MHz
threads_only,4:9,sample_cpu7_freq,2304,MHz
threads_only,4:10,sample_elapsed,1411,ms
threads_only,4:10,sample_power,4.779,W
threads_only,4:10,sample_process_cpu,406.369,% one core
threads_only,4:10,sample_free_ram,1.998,GiB
threads_only,4:10,sample_battery_temp,34.500,C
threads_only,4:10,sample_thermal_status,0,Android PowerManager status
threads_only,4:10,sample_cpu0_freq,595,MHz
threads_only,4:10,sample_cpu1_freq,595,MHz
threads_only,4:10,sample_cpu2_freq,595,MHz
threads_only,4:10,sample_cpu3_freq,595,MHz
threads_only,4:10,sample_cpu4_freq,2208,MHz
threads_only,4:10,sample_cpu5_freq,2208,MHz
threads_only,4:10,sample_cpu6_freq,2208,MHz
threads_only,4:10,sample_cpu7_freq,2304,MHz
threads_only,4:11,sample_elapsed,1571,ms
threads_only,4:11,sample_power,4.779,W
threads_only,4:11,sample_process_cpu,389.375,% one core
threads_only,4:11,sample_free_ram,1.998,GiB
threads_only,4:11,sample_battery_temp,34.500,C
threads_only,4:11,sample_thermal_status,0,Android PowerManager status
threads_only,4:11,sample_cpu0_freq,787,MHz
threads_only,4:11,sample_cpu1_freq,787,MHz
threads_only,4:11,sample_cpu2_freq,787,MHz
threads_only,4:11,sample_cpu3_freq,787,MHz
threads_only,4:11,sample_cpu4_freq,2208,MHz
threads_only,4:11,sample_cpu5_freq,2208,MHz
threads_only,4:11,sample_cpu6_freq,2208,MHz
threads_only,4:11,sample_cpu7_freq,2304,MHz
threads_only,4:12,sample_elapsed,1729,ms
threads_only,4:12,sample_power,4.779,W
threads_only,4:12,sample_process_cpu,404.430,% one core
threads_only,4:12,sample_free_ram,1.998,GiB
threads_only,4:12,sample_battery_temp,34.500,C
threads_only,4:12,sample_thermal_status,0,Android PowerManager status
threads_only,4:12,sample_cpu0_freq,787,MHz
threads_only,4:12,sample_cpu1_freq,787,MHz
threads_only,4:12,sample_cpu2_freq,787,MHz
threads_only,4:12,sample_cpu3_freq,787,MHz
threads_only,4:12,sample_cpu4_freq,2208,MHz
threads_only,4:12,sample_cpu5_freq,2208,MHz
threads_only,4:12,sample_cpu6_freq,2208,MHz
threads_only,4:12,sample_cpu7_freq,2304,MHz
threads_only,4:13,sample_elapsed,1887,ms
threads_only,4:13,sample_power,4.779,W
threads_only,4:13,sample_process_cpu,394.937,% one core
threads_only,4:13,sample_free_ram,1.998,GiB
threads_only,4:13,sample_battery_temp,34.500,C
threads_only,4:13,sample_thermal_status,0,Android PowerManager status
threads_only,4:13,sample_cpu0_freq,595,MHz
threads_only,4:13,sample_cpu1_freq,595,MHz
threads_only,4:13,sample_cpu2_freq,595,MHz
threads_only,4:13,sample_cpu3_freq,595,MHz
threads_only,4:13,sample_cpu4_freq,2208,MHz
threads_only,4:13,sample_cpu5_freq,2208,MHz
threads_only,4:13,sample_cpu6_freq,2208,MHz
threads_only,4:13,sample_cpu7_freq,2304,MHz
threads_only,4:14,sample_elapsed,2046,ms
threads_only,4:14,sample_power,4.779,W
threads_only,4:14,sample_process_cpu,400.000,% one core
threads_only,4:14,sample_free_ram,1.998,GiB
threads_only,4:14,sample_battery_temp,34.500,C
threads_only,4:14,sample_thermal_status,0,Android PowerManager status
threads_only,4:14,sample_cpu0_freq,595,MHz
threads_only,4:14,sample_cpu1_freq,595,MHz
threads_only,4:14,sample_cpu2_freq,595,MHz
threads_only,4:14,sample_cpu3_freq,595,MHz
threads_only,4:14,sample_cpu4_freq,2208,MHz
threads_only,4:14,sample_cpu5_freq,2208,MHz
threads_only,4:14,sample_cpu6_freq,2208,MHz
threads_only,4:14,sample_cpu7_freq,2304,MHz
threads_only,4:15,sample_elapsed,2205,ms
threads_only,4:15,sample_power,4.779,W
threads_only,4:15,sample_process_cpu,400.629,% one core
threads_only,4:15,sample_free_ram,1.998,GiB
threads_only,4:15,sample_battery_temp,34.500,C
threads_only,4:15,sample_thermal_status,0,Android PowerManager status
threads_only,4:15,sample_cpu0_freq,902,MHz
threads_only,4:15,sample_cpu1_freq,902,MHz
threads_only,4:15,sample_cpu2_freq,902,MHz
threads_only,4:15,sample_cpu3_freq,902,MHz
threads_only,4:15,sample_cpu4_freq,2208,MHz
threads_only,4:15,sample_cpu5_freq,2208,MHz
threads_only,4:15,sample_cpu6_freq,2208,MHz
threads_only,4:15,sample_cpu7_freq,2304,MHz
threads_only,4:16,sample_elapsed,2363,ms
threads_only,4:16,sample_power,4.779,W
threads_only,4:16,sample_process_cpu,400.633,% one core
threads_only,4:16,sample_free_ram,1.998,GiB
threads_only,4:16,sample_battery_temp,34.500,C
threads_only,4:16,sample_thermal_status,0,Android PowerManager status
threads_only,4:16,sample_cpu0_freq,595,MHz
threads_only,4:16,sample_cpu1_freq,595,MHz
threads_only,4:16,sample_cpu2_freq,595,MHz
threads_only,4:16,sample_cpu3_freq,595,MHz
threads_only,4:16,sample_cpu4_freq,2208,MHz
threads_only,4:16,sample_cpu5_freq,2208,MHz
threads_only,4:16,sample_cpu6_freq,2208,MHz
threads_only,4:16,sample_cpu7_freq,2304,MHz
threads_only,4:17,sample_elapsed,2522,ms
threads_only,4:17,sample_power,4.779,W
threads_only,4:17,sample_process_cpu,391.824,% one core
threads_only,4:17,sample_free_ram,1.998,GiB
threads_only,4:17,sample_battery_temp,34.500,C
threads_only,4:17,sample_thermal_status,0,Android PowerManager status
threads_only,4:17,sample_cpu0_freq,595,MHz
threads_only,4:17,sample_cpu1_freq,595,MHz
threads_only,4:17,sample_cpu2_freq,595,MHz
threads_only,4:17,sample_cpu3_freq,595,MHz
threads_only,4:17,sample_cpu4_freq,2208,MHz
threads_only,4:17,sample_cpu5_freq,2208,MHz
threads_only,4:17,sample_cpu6_freq,2208,MHz
threads_only,4:17,sample_cpu7_freq,2304,MHz
threads_only,4:18,sample_elapsed,2681,ms
threads_only,4:18,sample_power,4.779,W
threads_only,4:18,sample_process_cpu,401.887,% one core
threads_only,4:18,sample_free_ram,1.998,GiB
threads_only,4:18,sample_battery_temp,34.500,C
threads_only,4:18,sample_thermal_status,0,Android PowerManager status
threads_only,4:18,sample_cpu0_freq,595,MHz
threads_only,4:18,sample_cpu1_freq,595,MHz
threads_only,4:18,sample_cpu2_freq,595,MHz
threads_only,4:18,sample_cpu3_freq,595,MHz
threads_only,4:18,sample_cpu4_freq,2208,MHz
threads_only,4:18,sample_cpu5_freq,2208,MHz
threads_only,4:18,sample_cpu6_freq,2208,MHz
threads_only,4:18,sample_cpu7_freq,2304,MHz
threads_only,4:19,sample_elapsed,2839,ms
threads_only,4:19,sample_power,4.779,W
threads_only,4:19,sample_process_cpu,403.165,% one core
threads_only,4:19,sample_free_ram,2.003,GiB
threads_only,4:19,sample_battery_temp,34.500,C
threads_only,4:19,sample_thermal_status,0,Android PowerManager status
threads_only,4:19,sample_cpu0_freq,1804,MHz
threads_only,4:19,sample_cpu1_freq,1804,MHz
threads_only,4:19,sample_cpu2_freq,1804,MHz
threads_only,4:19,sample_cpu3_freq,1804,MHz
threads_only,4:19,sample_cpu4_freq,2208,MHz
threads_only,4:19,sample_cpu5_freq,2208,MHz
threads_only,4:19,sample_cpu6_freq,2208,MHz
threads_only,4:19,sample_cpu7_freq,2304,MHz
threads_only,4:20,sample_elapsed,3007,ms
threads_only,4:20,sample_power,4.779,W
threads_only,4:20,sample_process_cpu,396.429,% one core
threads_only,4:20,sample_free_ram,2.002,GiB
threads_only,4:20,sample_battery_temp,34.500,C
threads_only,4:20,sample_thermal_status,0,Android PowerManager status
threads_only,4:20,sample_cpu0_freq,1804,MHz
threads_only,4:20,sample_cpu1_freq,1804,MHz
threads_only,4:20,sample_cpu2_freq,1804,MHz
threads_only,4:20,sample_cpu3_freq,1804,MHz
threads_only,4:20,sample_cpu4_freq,2208,MHz
threads_only,4:20,sample_cpu5_freq,2208,MHz
threads_only,4:20,sample_cpu6_freq,2208,MHz
threads_only,4:20,sample_cpu7_freq,2304,MHz
threads_only,4:21,sample_elapsed,3179,ms
threads_only,4:21,sample_power,4.779,W
threads_only,4:21,sample_process_cpu,414.535,% one core
threads_only,4:21,sample_free_ram,2.002,GiB
threads_only,4:21,sample_battery_temp,34.500,C
threads_only,4:21,sample_thermal_status,0,Android PowerManager status
threads_only,4:21,sample_cpu0_freq,1804,MHz
threads_only,4:21,sample_cpu1_freq,1804,MHz
threads_only,4:21,sample_cpu2_freq,1804,MHz
threads_only,4:21,sample_cpu3_freq,1804,MHz
threads_only,4:21,sample_cpu4_freq,2208,MHz
threads_only,4:21,sample_cpu5_freq,2208,MHz
threads_only,4:21,sample_cpu6_freq,2208,MHz
threads_only,4:21,sample_cpu7_freq,2304,MHz
threads_only,4:22,sample_elapsed,3350,ms
threads_only,4:22,sample_power,4.779,W
threads_only,4:22,sample_process_cpu,383.041,% one core
threads_only,4:22,sample_free_ram,2.001,GiB
threads_only,4:22,sample_battery_temp,34.500,C
threads_only,4:22,sample_thermal_status,0,Android PowerManager status
threads_only,4:22,sample_cpu0_freq,1804,MHz
threads_only,4:22,sample_cpu1_freq,1804,MHz
threads_only,4:22,sample_cpu2_freq,1804,MHz
threads_only,4:22,sample_cpu3_freq,1804,MHz
threads_only,4:22,sample_cpu4_freq,2208,MHz
threads_only,4:22,sample_cpu5_freq,2208,MHz
threads_only,4:22,sample_cpu6_freq,2208,MHz
threads_only,4:22,sample_cpu7_freq,2304,MHz
threads_only,4:23,sample_elapsed,3522,ms
threads_only,4:23,sample_power,4.779,W
threads_only,4:23,sample_process_cpu,398.837,% one core
threads_only,4:23,sample_free_ram,2.001,GiB
threads_only,4:23,sample_battery_temp,34.500,C
threads_only,4:23,sample_thermal_status,0,Android PowerManager status
threads_only,4:23,sample_cpu0_freq,1804,MHz
threads_only,4:23,sample_cpu1_freq,1804,MHz
threads_only,4:23,sample_cpu2_freq,1804,MHz
threads_only,4:23,sample_cpu3_freq,1804,MHz
threads_only,4:23,sample_cpu4_freq,2208,MHz
threads_only,4:23,sample_cpu5_freq,2208,MHz
threads_only,4:23,sample_cpu6_freq,2208,MHz
threads_only,4:23,sample_cpu7_freq,2304,MHz
threads_only,4:24,sample_elapsed,3689,ms
threads_only,4:24,sample_power,4.779,W
threads_only,4:24,sample_process_cpu,396.407,% one core
threads_only,4:24,sample_free_ram,2.001,GiB
threads_only,4:24,sample_battery_temp,34.500,C
threads_only,4:24,sample_thermal_status,0,Android PowerManager status
threads_only,4:24,sample_cpu0_freq,787,MHz
threads_only,4:24,sample_cpu1_freq,787,MHz
threads_only,4:24,sample_cpu2_freq,787,MHz
threads_only,4:24,sample_cpu3_freq,787,MHz
threads_only,4:24,sample_cpu4_freq,2208,MHz
threads_only,4:24,sample_cpu5_freq,2208,MHz
threads_only,4:24,sample_cpu6_freq,2208,MHz
threads_only,4:24,sample_cpu7_freq,2304,MHz
threads_only,4:25,sample_elapsed,3856,ms
threads_only,4:25,sample_power,4.779,W
threads_only,4:25,sample_process_cpu,408.982,% one core
threads_only,4:25,sample_free_ram,2.001,GiB
threads_only,4:25,sample_battery_temp,34.500,C
threads_only,4:25,sample_thermal_status,0,Android PowerManager status
threads_only,4:25,sample_cpu0_freq,1113,MHz
threads_only,4:25,sample_cpu1_freq,1113,MHz
threads_only,4:25,sample_cpu2_freq,1113,MHz
threads_only,4:25,sample_cpu3_freq,1497,MHz
threads_only,4:25,sample_cpu4_freq,2208,MHz
threads_only,4:25,sample_cpu5_freq,2208,MHz
threads_only,4:25,sample_cpu6_freq,2208,MHz
threads_only,4:25,sample_cpu7_freq,2304,MHz
threads_only,4:26,sample_elapsed,4027,ms
threads_only,4:26,sample_power,4.779,W
threads_only,4:26,sample_process_cpu,412.865,% one core
threads_only,4:26,sample_free_ram,2.000,GiB
threads_only,4:26,sample_battery_temp,34.500,C
threads_only,4:26,sample_thermal_status,0,Android PowerManager status
threads_only,4:26,sample_cpu0_freq,1113,MHz
threads_only,4:26,sample_cpu1_freq,1113,MHz
threads_only,4:26,sample_cpu2_freq,1113,MHz
threads_only,4:26,sample_cpu3_freq,1113,MHz
threads_only,4:26,sample_cpu4_freq,2208,MHz
threads_only,4:26,sample_cpu5_freq,2208,MHz
threads_only,4:26,sample_cpu6_freq,2208,MHz
threads_only,4:26,sample_cpu7_freq,2304,MHz
threads_only,4:27,sample_elapsed,4195,ms
threads_only,4:27,sample_power,4.779,W
threads_only,4:27,sample_process_cpu,394.643,% one core
threads_only,4:27,sample_free_ram,2.000,GiB
threads_only,4:27,sample_battery_temp,34.500,C
threads_only,4:27,sample_thermal_status,0,Android PowerManager status
threads_only,4:27,sample_cpu0_freq,1497,MHz
threads_only,4:27,sample_cpu1_freq,1497,MHz
threads_only,4:27,sample_cpu2_freq,1497,MHz
threads_only,4:27,sample_cpu3_freq,1497,MHz
threads_only,4:27,sample_cpu4_freq,2208,MHz
threads_only,4:27,sample_cpu5_freq,2208,MHz
threads_only,4:27,sample_cpu6_freq,2208,MHz
threads_only,4:27,sample_cpu7_freq,2304,MHz
threads_only,4:28,sample_elapsed,4362,ms
threads_only,4:28,sample_power,4.779,W
threads_only,4:28,sample_process_cpu,402.994,% one core
threads_only,4:28,sample_free_ram,2.000,GiB
threads_only,4:28,sample_battery_temp,34.500,C
threads_only,4:28,sample_thermal_status,0,Android PowerManager status
threads_only,4:28,sample_cpu0_freq,787,MHz
threads_only,4:28,sample_cpu1_freq,787,MHz
threads_only,4:28,sample_cpu2_freq,787,MHz
threads_only,4:28,sample_cpu3_freq,787,MHz
threads_only,4:28,sample_cpu4_freq,2208,MHz
threads_only,4:28,sample_cpu5_freq,2208,MHz
threads_only,4:28,sample_cpu6_freq,2208,MHz
threads_only,4:28,sample_cpu7_freq,2304,MHz
threads_only,4:29,sample_elapsed,4530,ms
threads_only,4:29,sample_power,4.779,W
threads_only,4:29,sample_process_cpu,396.429,% one core
threads_only,4:29,sample_free_ram,1.999,GiB
threads_only,4:29,sample_battery_temp,34.500,C
threads_only,4:29,sample_thermal_status,0,Android PowerManager status
threads_only,4:29,sample_cpu0_freq,1113,MHz
threads_only,4:29,sample_cpu1_freq,1113,MHz
threads_only,4:29,sample_cpu2_freq,1113,MHz
threads_only,4:29,sample_cpu3_freq,1113,MHz
threads_only,4:29,sample_cpu4_freq,2208,MHz
threads_only,4:29,sample_cpu5_freq,2208,MHz
threads_only,4:29,sample_cpu6_freq,2208,MHz
threads_only,4:29,sample_cpu7_freq,2304,MHz
threads_only,4:30,sample_elapsed,4696,ms
threads_only,4:30,sample_power,4.779,W
threads_only,4:30,sample_process_cpu,400.000,% one core
threads_only,4:30,sample_free_ram,1.999,GiB
threads_only,4:30,sample_battery_temp,34.500,C
threads_only,4:30,sample_thermal_status,0,Android PowerManager status
threads_only,4:30,sample_cpu0_freq,787,MHz
threads_only,4:30,sample_cpu1_freq,787,MHz
threads_only,4:30,sample_cpu2_freq,787,MHz
threads_only,4:30,sample_cpu3_freq,787,MHz
threads_only,4:30,sample_cpu4_freq,2208,MHz
threads_only,4:30,sample_cpu5_freq,2208,MHz
threads_only,4:30,sample_cpu6_freq,2208,MHz
threads_only,4:30,sample_cpu7_freq,2304,MHz
threads_only,4:31,sample_elapsed,4861,ms
threads_only,4:31,sample_power,4.779,W
threads_only,4:31,sample_process_cpu,402.424,% one core
threads_only,4:31,sample_free_ram,1.999,GiB
threads_only,4:31,sample_battery_temp,34.500,C
threads_only,4:31,sample_thermal_status,0,Android PowerManager status
threads_only,4:31,sample_cpu0_freq,1344,MHz
threads_only,4:31,sample_cpu1_freq,1344,MHz
threads_only,4:31,sample_cpu2_freq,1344,MHz
threads_only,4:31,sample_cpu3_freq,1344,MHz
threads_only,4:31,sample_cpu4_freq,2208,MHz
threads_only,4:31,sample_cpu5_freq,2208,MHz
threads_only,4:31,sample_cpu6_freq,2208,MHz
threads_only,4:31,sample_cpu7_freq,2304,MHz
threads_only,4:32,sample_elapsed,5025,ms
threads_only,4:32,sample_power,4.779,W
threads_only,4:32,sample_process_cpu,396.341,% one core
threads_only,4:32,sample_free_ram,1.999,GiB
threads_only,4:32,sample_battery_temp,34.500,C
threads_only,4:32,sample_thermal_status,0,Android PowerManager status
threads_only,4:32,sample_cpu0_freq,902,MHz
threads_only,4:32,sample_cpu1_freq,902,MHz
threads_only,4:32,sample_cpu2_freq,902,MHz
threads_only,4:32,sample_cpu3_freq,1228,MHz
threads_only,4:32,sample_cpu4_freq,2208,MHz
threads_only,4:32,sample_cpu5_freq,2208,MHz
threads_only,4:32,sample_cpu6_freq,2208,MHz
threads_only,4:32,sample_cpu7_freq,2304,MHz
threads_only,4:33,sample_elapsed,5192,ms
threads_only,4:33,sample_power,4.779,W
threads_only,4:33,sample_process_cpu,401.198,% one core
threads_only,4:33,sample_free_ram,1.998,GiB
threads_only,4:33,sample_battery_temp,34.500,C
threads_only,4:33,sample_thermal_status,0,Android PowerManager status
threads_only,4:33,sample_cpu0_freq,902,MHz
threads_only,4:33,sample_cpu1_freq,902,MHz
threads_only,4:33,sample_cpu2_freq,902,MHz
threads_only,4:33,sample_cpu3_freq,902,MHz
threads_only,4:33,sample_cpu4_freq,2208,MHz
threads_only,4:33,sample_cpu5_freq,2208,MHz
threads_only,4:33,sample_cpu6_freq,2208,MHz
threads_only,4:33,sample_cpu7_freq,2304,MHz
threads_only,4:34,sample_elapsed,5361,ms
threads_only,4:34,sample_power,4.779,W
threads_only,4:34,sample_process_cpu,401.775,% one core
threads_only,4:34,sample_free_ram,1.998,GiB
threads_only,4:34,sample_battery_temp,34.500,C
threads_only,4:34,sample_thermal_status,0,Android PowerManager status
threads_only,4:34,sample_cpu0_freq,1113,MHz
threads_only,4:34,sample_cpu1_freq,1113,MHz
threads_only,4:34,sample_cpu2_freq,1113,MHz
threads_only,4:34,sample_cpu3_freq,1113,MHz
threads_only,4:34,sample_cpu4_freq,2208,MHz
threads_only,4:34,sample_cpu5_freq,2208,MHz
threads_only,4:34,sample_cpu6_freq,2208,MHz
threads_only,4:34,sample_cpu7_freq,2304,MHz
threads_only,4:35,sample_elapsed,5529,ms
threads_only,4:35,sample_power,4.779,W
threads_only,4:35,sample_process_cpu,400.000,% one core
threads_only,4:35,sample_free_ram,1.998,GiB
threads_only,4:35,sample_battery_temp,34.500,C
threads_only,4:35,sample_thermal_status,0,Android PowerManager status
threads_only,4:35,sample_cpu0_freq,1228,MHz
threads_only,4:35,sample_cpu1_freq,1228,MHz
threads_only,4:35,sample_cpu2_freq,1228,MHz
threads_only,4:35,sample_cpu3_freq,1228,MHz
threads_only,4:35,sample_cpu4_freq,2208,MHz
threads_only,4:35,sample_cpu5_freq,2208,MHz
threads_only,4:35,sample_cpu6_freq,2208,MHz
threads_only,4:35,sample_cpu7_freq,2304,MHz
threads_only,4:36,sample_elapsed,5693,ms
threads_only,4:36,sample_power,4.779,W
threads_only,4:36,sample_process_cpu,395.732,% one core
threads_only,4:36,sample_free_ram,1.998,GiB
threads_only,4:36,sample_battery_temp,34.500,C
threads_only,4:36,sample_thermal_status,0,Android PowerManager status
threads_only,4:36,sample_cpu0_freq,902,MHz
threads_only,4:36,sample_cpu1_freq,902,MHz
threads_only,4:36,sample_cpu2_freq,902,MHz
threads_only,4:36,sample_cpu3_freq,902,MHz
threads_only,4:36,sample_cpu4_freq,2208,MHz
threads_only,4:36,sample_cpu5_freq,2208,MHz
threads_only,4:36,sample_cpu6_freq,2208,MHz
threads_only,4:36,sample_cpu7_freq,2304,MHz
threads_only,4:37,sample_elapsed,5859,ms
threads_only,4:37,sample_power,4.779,W
threads_only,4:37,sample_process_cpu,400.602,% one core
threads_only,4:37,sample_free_ram,1.998,GiB
threads_only,4:37,sample_battery_temp,34.500,C
threads_only,4:37,sample_thermal_status,0,Android PowerManager status
threads_only,4:37,sample_cpu0_freq,787,MHz
threads_only,4:37,sample_cpu1_freq,787,MHz
threads_only,4:37,sample_cpu2_freq,787,MHz
threads_only,4:37,sample_cpu3_freq,787,MHz
threads_only,4:37,sample_cpu4_freq,2208,MHz
threads_only,4:37,sample_cpu5_freq,2208,MHz
threads_only,4:37,sample_cpu6_freq,2208,MHz
threads_only,4:37,sample_cpu7_freq,2304,MHz
threads_only,4:38,sample_elapsed,6027,ms
threads_only,4:38,sample_power,4.779,W
threads_only,4:38,sample_process_cpu,397.619,% one core
threads_only,4:38,sample_free_ram,1.998,GiB
threads_only,4:38,sample_battery_temp,34.500,C
threads_only,4:38,sample_thermal_status,0,Android PowerManager status
threads_only,4:38,sample_cpu0_freq,1804,MHz
threads_only,4:38,sample_cpu1_freq,1804,MHz
threads_only,4:38,sample_cpu2_freq,1804,MHz
threads_only,4:38,sample_cpu3_freq,1804,MHz
threads_only,4:38,sample_cpu4_freq,2208,MHz
threads_only,4:38,sample_cpu5_freq,2208,MHz
threads_only,4:38,sample_cpu6_freq,2208,MHz
threads_only,4:38,sample_cpu7_freq,2304,MHz
threads_only,4:39,sample_elapsed,6191,ms
threads_only,4:39,sample_power,4.779,W
threads_only,4:39,sample_process_cpu,402.439,% one core
threads_only,4:39,sample_free_ram,1.998,GiB
threads_only,4:39,sample_battery_temp,34.500,C
threads_only,4:39,sample_thermal_status,0,Android PowerManager status
threads_only,4:39,sample_cpu0_freq,1017,MHz
threads_only,4:39,sample_cpu1_freq,1017,MHz
threads_only,4:39,sample_cpu2_freq,1017,MHz
threads_only,4:39,sample_cpu3_freq,1017,MHz
threads_only,4:39,sample_cpu4_freq,2208,MHz
threads_only,4:39,sample_cpu5_freq,2208,MHz
threads_only,4:39,sample_cpu6_freq,2208,MHz
threads_only,4:39,sample_cpu7_freq,2304,MHz
threads_only,4:40,sample_elapsed,6355,ms
threads_only,4:40,sample_power,4.779,W
threads_only,4:40,sample_process_cpu,398.780,% one core
threads_only,4:40,sample_free_ram,1.998,GiB
threads_only,4:40,sample_battery_temp,34.500,C
threads_only,4:40,sample_thermal_status,0,Android PowerManager status
threads_only,4:40,sample_cpu0_freq,595,MHz
threads_only,4:40,sample_cpu1_freq,595,MHz
threads_only,4:40,sample_cpu2_freq,595,MHz
threads_only,4:40,sample_cpu3_freq,595,MHz
threads_only,4:40,sample_cpu4_freq,2208,MHz
threads_only,4:40,sample_cpu5_freq,2208,MHz
threads_only,4:40,sample_cpu6_freq,2208,MHz
threads_only,4:40,sample_cpu7_freq,2304,MHz
threads_only,4:41,sample_elapsed,6522,ms
threads_only,4:41,sample_power,4.779,W
threads_only,4:41,sample_process_cpu,402.395,% one core
threads_only,4:41,sample_free_ram,1.998,GiB
threads_only,4:41,sample_battery_temp,34.500,C
threads_only,4:41,sample_thermal_status,0,Android PowerManager status
threads_only,4:41,sample_cpu0_freq,1593,MHz
threads_only,4:41,sample_cpu1_freq,1804,MHz
threads_only,4:41,sample_cpu2_freq,1804,MHz
threads_only,4:41,sample_cpu3_freq,1804,MHz
threads_only,4:41,sample_cpu4_freq,2208,MHz
threads_only,4:41,sample_cpu5_freq,2208,MHz
threads_only,4:41,sample_cpu6_freq,2208,MHz
threads_only,4:41,sample_cpu7_freq,2304,MHz
threads_only,4:42,sample_elapsed,6687,ms
threads_only,4:42,sample_power,4.779,W
threads_only,4:42,sample_process_cpu,392.121,% one core
threads_only,4:42,sample_free_ram,1.998,GiB
threads_only,4:42,sample_battery_temp,34.500,C
threads_only,4:42,sample_thermal_status,0,Android PowerManager status
threads_only,4:42,sample_cpu0_freq,1497,MHz
threads_only,4:42,sample_cpu1_freq,1497,MHz
threads_only,4:42,sample_cpu2_freq,1497,MHz
threads_only,4:42,sample_cpu3_freq,1497,MHz
threads_only,4:42,sample_cpu4_freq,2208,MHz
threads_only,4:42,sample_cpu5_freq,2208,MHz
threads_only,4:42,sample_cpu6_freq,2208,MHz
threads_only,4:42,sample_cpu7_freq,2304,MHz
threads_only,4:43,sample_elapsed,6850,ms
threads_only,4:43,sample_power,4.779,W
threads_only,4:43,sample_process_cpu,396.319,% one core
threads_only,4:43,sample_free_ram,1.997,GiB
threads_only,4:43,sample_battery_temp,34.500,C
threads_only,4:43,sample_thermal_status,0,Android PowerManager status
threads_only,4:43,sample_cpu0_freq,1804,MHz
threads_only,4:43,sample_cpu1_freq,1804,MHz
threads_only,4:43,sample_cpu2_freq,1804,MHz
threads_only,4:43,sample_cpu3_freq,1804,MHz
threads_only,4:43,sample_cpu4_freq,2208,MHz
threads_only,4:43,sample_cpu5_freq,2208,MHz
threads_only,4:43,sample_cpu6_freq,2208,MHz
threads_only,4:43,sample_cpu7_freq,2304,MHz
threads_only,4:44,sample_elapsed,7016,ms
threads_only,4:44,sample_power,4.779,W
threads_only,4:44,sample_process_cpu,396.988,% one core
threads_only,4:44,sample_free_ram,1.997,GiB
threads_only,4:44,sample_battery_temp,34.500,C
threads_only,4:44,sample_thermal_status,0,Android PowerManager status
threads_only,4:44,sample_cpu0_freq,1344,MHz
threads_only,4:44,sample_cpu1_freq,1344,MHz
threads_only,4:44,sample_cpu2_freq,1344,MHz
threads_only,4:44,sample_cpu3_freq,1344,MHz
threads_only,4:44,sample_cpu4_freq,2208,MHz
threads_only,4:44,sample_cpu5_freq,2208,MHz
threads_only,4:44,sample_cpu6_freq,2208,MHz
threads_only,4:44,sample_cpu7_freq,2304,MHz
threads_only,4:45,sample_elapsed,7181,ms
threads_only,4:45,sample_power,4.779,W
threads_only,4:45,sample_process_cpu,406.061,% one core
threads_only,4:45,sample_free_ram,1.997,GiB
threads_only,4:45,sample_battery_temp,34.500,C
threads_only,4:45,sample_thermal_status,0,Android PowerManager status
threads_only,4:45,sample_cpu0_freq,787,MHz
threads_only,4:45,sample_cpu1_freq,787,MHz
threads_only,4:45,sample_cpu2_freq,787,MHz
threads_only,4:45,sample_cpu3_freq,787,MHz
threads_only,4:45,sample_cpu4_freq,2208,MHz
threads_only,4:45,sample_cpu5_freq,2208,MHz
threads_only,4:45,sample_cpu6_freq,2208,MHz
threads_only,4:45,sample_cpu7_freq,2304,MHz
threads_only,4:46,sample_elapsed,7351,ms
threads_only,4:46,sample_power,4.779,W
threads_only,4:46,sample_process_cpu,398.235,% one core
threads_only,4:46,sample_free_ram,1.997,GiB
threads_only,4:46,sample_battery_temp,34.500,C
threads_only,4:46,sample_thermal_status,0,Android PowerManager status
threads_only,4:46,sample_cpu0_freq,1017,MHz
threads_only,4:46,sample_cpu1_freq,1017,MHz
threads_only,4:46,sample_cpu2_freq,1017,MHz
threads_only,4:46,sample_cpu3_freq,1017,MHz
threads_only,4:46,sample_cpu4_freq,2208,MHz
threads_only,4:46,sample_cpu5_freq,2208,MHz
threads_only,4:46,sample_cpu6_freq,2208,MHz
threads_only,4:46,sample_cpu7_freq,2304,MHz
threads_only,4:47,sample_elapsed,7517,ms
threads_only,4:47,sample_power,4.779,W
threads_only,4:47,sample_process_cpu,400.000,% one core
threads_only,4:47,sample_free_ram,1.997,GiB
threads_only,4:47,sample_battery_temp,34.500,C
threads_only,4:47,sample_thermal_status,0,Android PowerManager status
threads_only,4:47,sample_cpu0_freq,595,MHz
threads_only,4:47,sample_cpu1_freq,595,MHz
threads_only,4:47,sample_cpu2_freq,595,MHz
threads_only,4:47,sample_cpu3_freq,595,MHz
threads_only,4:47,sample_cpu4_freq,2208,MHz
threads_only,4:47,sample_cpu5_freq,2208,MHz
threads_only,4:47,sample_cpu6_freq,2208,MHz
threads_only,4:47,sample_cpu7_freq,2304,MHz
threads_only,4:48,sample_elapsed,7690,ms
threads_only,4:48,sample_power,4.779,W
threads_only,4:48,sample_process_cpu,433.526,% one core
threads_only,4:48,sample_free_ram,1.996,GiB
threads_only,4:48,sample_battery_temp,34.500,C
threads_only,4:48,sample_thermal_status,0,Android PowerManager status
threads_only,4:48,sample_cpu0_freq,787,MHz
threads_only,4:48,sample_cpu1_freq,787,MHz
threads_only,4:48,sample_cpu2_freq,787,MHz
threads_only,4:48,sample_cpu3_freq,787,MHz
threads_only,4:48,sample_cpu4_freq,2208,MHz
threads_only,4:48,sample_cpu5_freq,2208,MHz
threads_only,4:48,sample_cpu6_freq,2208,MHz
threads_only,4:48,sample_cpu7_freq,2304,MHz
threads_only,4:49,sample_elapsed,7859,ms
threads_only,4:49,sample_power,4.779,W
threads_only,4:49,sample_process_cpu,401.183,% one core
threads_only,4:49,sample_free_ram,1.996,GiB
threads_only,4:49,sample_battery_temp,34.500,C
threads_only,4:49,sample_thermal_status,0,Android PowerManager status
threads_only,4:49,sample_cpu0_freq,1344,MHz
threads_only,4:49,sample_cpu1_freq,1344,MHz
threads_only,4:49,sample_cpu2_freq,1344,MHz
threads_only,4:49,sample_cpu3_freq,1344,MHz
threads_only,4:49,sample_cpu4_freq,2208,MHz
threads_only,4:49,sample_cpu5_freq,2208,MHz
threads_only,4:49,sample_cpu6_freq,2208,MHz
threads_only,4:49,sample_cpu7_freq,2304,MHz
threads_only,4:50,sample_elapsed,8025,ms
threads_only,4:50,sample_power,4.779,W
threads_only,4:50,sample_process_cpu,396.988,% one core
threads_only,4:50,sample_free_ram,1.995,GiB
threads_only,4:50,sample_battery_temp,34.500,C
threads_only,4:50,sample_thermal_status,0,Android PowerManager status
threads_only,4:50,sample_cpu0_freq,1804,MHz
threads_only,4:50,sample_cpu1_freq,1804,MHz
threads_only,4:50,sample_cpu2_freq,1804,MHz
threads_only,4:50,sample_cpu3_freq,1804,MHz
threads_only,4:50,sample_cpu4_freq,2208,MHz
threads_only,4:50,sample_cpu5_freq,2208,MHz
threads_only,4:50,sample_cpu6_freq,2208,MHz
threads_only,4:50,sample_cpu7_freq,2304,MHz
threads_only,4:51,sample_elapsed,8190,ms
threads_only,4:51,sample_power,4.779,W
threads_only,4:51,sample_process_cpu,398.182,% one core
threads_only,4:51,sample_free_ram,1.995,GiB
threads_only,4:51,sample_battery_temp,34.500,C
threads_only,4:51,sample_thermal_status,0,Android PowerManager status
threads_only,4:51,sample_cpu0_freq,1804,MHz
threads_only,4:51,sample_cpu1_freq,1804,MHz
threads_only,4:51,sample_cpu2_freq,1804,MHz
threads_only,4:51,sample_cpu3_freq,1804,MHz
threads_only,4:51,sample_cpu4_freq,2208,MHz
threads_only,4:51,sample_cpu5_freq,2208,MHz
threads_only,4:51,sample_cpu6_freq,2208,MHz
threads_only,4:51,sample_cpu7_freq,2304,MHz
threads_only,4:52,sample_elapsed,8359,ms
threads_only,4:52,sample_power,4.779,W
threads_only,4:52,sample_process_cpu,399.408,% one core
threads_only,4:52,sample_free_ram,1.994,GiB
threads_only,4:52,sample_battery_temp,34.500,C
threads_only,4:52,sample_thermal_status,0,Android PowerManager status
threads_only,4:52,sample_cpu0_freq,1804,MHz
threads_only,4:52,sample_cpu1_freq,1804,MHz
threads_only,4:52,sample_cpu2_freq,1804,MHz
threads_only,4:52,sample_cpu3_freq,1804,MHz
threads_only,4:52,sample_cpu4_freq,2208,MHz
threads_only,4:52,sample_cpu5_freq,2208,MHz
threads_only,4:52,sample_cpu6_freq,2208,MHz
threads_only,4:52,sample_cpu7_freq,2304,MHz
threads_only,4:53,sample_elapsed,8527,ms
threads_only,4:53,sample_power,4.779,W
threads_only,4:53,sample_process_cpu,396.429,% one core
threads_only,4:53,sample_free_ram,1.999,GiB
threads_only,4:53,sample_battery_temp,34.500,C
threads_only,4:53,sample_thermal_status,0,Android PowerManager status
threads_only,4:53,sample_cpu0_freq,1228,MHz
threads_only,4:53,sample_cpu1_freq,1228,MHz
threads_only,4:53,sample_cpu2_freq,1228,MHz
threads_only,4:53,sample_cpu3_freq,1228,MHz
threads_only,4:53,sample_cpu4_freq,2208,MHz
threads_only,4:53,sample_cpu5_freq,2208,MHz
threads_only,4:53,sample_cpu6_freq,2208,MHz
threads_only,4:53,sample_cpu7_freq,2304,MHz
threads_only,4:54,sample_elapsed,8691,ms
threads_only,4:54,sample_power,4.779,W
threads_only,4:54,sample_process_cpu,401.829,% one core
threads_only,4:54,sample_free_ram,1.999,GiB
threads_only,4:54,sample_battery_temp,34.500,C
threads_only,4:54,sample_thermal_status,0,Android PowerManager status
threads_only,4:54,sample_cpu0_freq,1113,MHz
threads_only,4:54,sample_cpu1_freq,1113,MHz
threads_only,4:54,sample_cpu2_freq,1113,MHz
threads_only,4:54,sample_cpu3_freq,1113,MHz
threads_only,4:54,sample_cpu4_freq,2208,MHz
threads_only,4:54,sample_cpu5_freq,2208,MHz
threads_only,4:54,sample_cpu6_freq,2208,MHz
threads_only,4:54,sample_cpu7_freq,2304,MHz
threads_only,4:55,sample_elapsed,8857,ms
threads_only,4:55,sample_power,4.779,W
threads_only,4:55,sample_process_cpu,400.000,% one core
threads_only,4:55,sample_free_ram,1.998,GiB
threads_only,4:55,sample_battery_temp,34.500,C
threads_only,4:55,sample_thermal_status,0,Android PowerManager status
threads_only,4:55,sample_cpu0_freq,787,MHz
threads_only,4:55,sample_cpu1_freq,1113,MHz
threads_only,4:55,sample_cpu2_freq,1113,MHz
threads_only,4:55,sample_cpu3_freq,1113,MHz
threads_only,4:55,sample_cpu4_freq,2208,MHz
threads_only,4:55,sample_cpu5_freq,2208,MHz
threads_only,4:55,sample_cpu6_freq,2208,MHz
threads_only,4:55,sample_cpu7_freq,2304,MHz
threads_only,4:56,sample_elapsed,9024,ms
threads_only,4:56,sample_power,4.779,W
threads_only,4:56,sample_process_cpu,395.210,% one core
threads_only,4:56,sample_free_ram,1.998,GiB
threads_only,4:56,sample_battery_temp,34.500,C
threads_only,4:56,sample_thermal_status,0,Android PowerManager status
threads_only,4:56,sample_cpu0_freq,1113,MHz
threads_only,4:56,sample_cpu1_freq,1113,MHz
threads_only,4:56,sample_cpu2_freq,1113,MHz
threads_only,4:56,sample_cpu3_freq,1113,MHz
threads_only,4:56,sample_cpu4_freq,2208,MHz
threads_only,4:56,sample_cpu5_freq,2208,MHz
threads_only,4:56,sample_cpu6_freq,2208,MHz
threads_only,4:56,sample_cpu7_freq,2304,MHz
threads_only,4:57,sample_elapsed,9189,ms
threads_only,4:57,sample_power,4.779,W
threads_only,4:57,sample_process_cpu,404.848,% one core
threads_only,4:57,sample_free_ram,1.998,GiB
threads_only,4:57,sample_battery_temp,34.500,C
threads_only,4:57,sample_thermal_status,0,Android PowerManager status
threads_only,4:57,sample_cpu0_freq,787,MHz
threads_only,4:57,sample_cpu1_freq,787,MHz
threads_only,4:57,sample_cpu2_freq,787,MHz
threads_only,4:57,sample_cpu3_freq,787,MHz
threads_only,4:57,sample_cpu4_freq,2208,MHz
threads_only,4:57,sample_cpu5_freq,2208,MHz
threads_only,4:57,sample_cpu6_freq,2208,MHz
threads_only,4:57,sample_cpu7_freq,2304,MHz
threads_only,4:58,sample_elapsed,9356,ms
threads_only,4:58,sample_power,4.779,W
threads_only,4:58,sample_process_cpu,391.617,% one core
threads_only,4:58,sample_free_ram,1.998,GiB
threads_only,4:58,sample_battery_temp,34.500,C
threads_only,4:58,sample_thermal_status,0,Android PowerManager status
threads_only,4:58,sample_cpu0_freq,1593,MHz
threads_only,4:58,sample_cpu1_freq,1593,MHz
threads_only,4:58,sample_cpu2_freq,1593,MHz
threads_only,4:58,sample_cpu3_freq,1593,MHz
threads_only,4:58,sample_cpu4_freq,2208,MHz
threads_only,4:58,sample_cpu5_freq,2208,MHz
threads_only,4:58,sample_cpu6_freq,2208,MHz
threads_only,4:58,sample_cpu7_freq,2304,MHz
threads_only,4:59,sample_elapsed,9516,ms
threads_only,4:59,sample_power,4.779,W
threads_only,4:59,sample_process_cpu,398.125,% one core
threads_only,4:59,sample_free_ram,1.998,GiB
threads_only,4:59,sample_battery_temp,34.500,C
threads_only,4:59,sample_thermal_status,0,Android PowerManager status
threads_only,4:59,sample_cpu0_freq,1593,MHz
threads_only,4:59,sample_cpu1_freq,1593,MHz
threads_only,4:59,sample_cpu2_freq,1593,MHz
threads_only,4:59,sample_cpu3_freq,1593,MHz
threads_only,4:59,sample_cpu4_freq,2208,MHz
threads_only,4:59,sample_cpu5_freq,2208,MHz
threads_only,4:59,sample_cpu6_freq,2208,MHz
threads_only,4:59,sample_cpu7_freq,2304,MHz
threads_only,4:60,sample_elapsed,9680,ms
threads_only,4:60,sample_power,4.779,W
threads_only,4:60,sample_process_cpu,401.220,% one core
threads_only,4:60,sample_free_ram,1.998,GiB
threads_only,4:60,sample_battery_temp,34.500,C
threads_only,4:60,sample_thermal_status,0,Android PowerManager status
threads_only,4:60,sample_cpu0_freq,1228,MHz
threads_only,4:60,sample_cpu1_freq,1228,MHz
threads_only,4:60,sample_cpu2_freq,1228,MHz
threads_only,4:60,sample_cpu3_freq,1228,MHz
threads_only,4:60,sample_cpu4_freq,2208,MHz
threads_only,4:60,sample_cpu5_freq,2208,MHz
threads_only,4:60,sample_cpu6_freq,2208,MHz
threads_only,4:60,sample_cpu7_freq,2304,MHz
threads_only,4:61,sample_elapsed,9846,ms
threads_only,4:61,sample_power,4.779,W
threads_only,4:61,sample_process_cpu,400.000,% one core
threads_only,4:61,sample_free_ram,1.998,GiB
threads_only,4:61,sample_battery_temp,34.500,C
threads_only,4:61,sample_thermal_status,0,Android PowerManager status
threads_only,4:61,sample_cpu0_freq,902,MHz
threads_only,4:61,sample_cpu1_freq,902,MHz
threads_only,4:61,sample_cpu2_freq,902,MHz
threads_only,4:61,sample_cpu3_freq,1017,MHz
threads_only,4:61,sample_cpu4_freq,2208,MHz
threads_only,4:61,sample_cpu5_freq,2208,MHz
threads_only,4:61,sample_cpu6_freq,2208,MHz
threads_only,4:61,sample_cpu7_freq,2304,MHz
threads_only,4:62,sample_elapsed,10011,ms
threads_only,4:62,sample_power,4.779,W
threads_only,4:62,sample_process_cpu,403.636,% one core
threads_only,4:62,sample_free_ram,1.998,GiB
threads_only,4:62,sample_battery_temp,34.500,C
threads_only,4:62,sample_thermal_status,0,Android PowerManager status
threads_only,4:62,sample_cpu0_freq,1804,MHz
threads_only,4:62,sample_cpu1_freq,1804,MHz
threads_only,4:62,sample_cpu2_freq,1804,MHz
threads_only,4:62,sample_cpu3_freq,1804,MHz
threads_only,4:62,sample_cpu4_freq,2208,MHz
threads_only,4:62,sample_cpu5_freq,2208,MHz
threads_only,4:62,sample_cpu6_freq,2208,MHz
threads_only,4:62,sample_cpu7_freq,2304,MHz
threads_only,5,pp,127.000,tok/s
threads_only,5,tg,16.700,tok/s
threads_only,5,power,2.456,W
threads_only,5,tok_per_w,6.800,tok/W
threads_only,5,ttft_pp512_derived,4091.376,ms
threads_only,5,start_temp,34.500,C
threads_only,5,average_process_cpu,344.053,% one core
threads_only,5,minimum_free_ram,1.978,GiB
threads_only,5,peak_battery_temp,34.500,C
threads_only,5,peak_thermal_status,0,Android PowerManager status
threads_only,5:1,sample_elapsed,0,ms
threads_only,5:1,sample_power,0.998,W
threads_only,5:1,sample_process_cpu,0.000,% one core
threads_only,5:1,sample_free_ram,2.073,GiB
threads_only,5:1,sample_battery_temp,34.500,C
threads_only,5:1,sample_thermal_status,0,Android PowerManager status
threads_only,5:1,sample_cpu0_freq,787,MHz
threads_only,5:1,sample_cpu1_freq,595,MHz
threads_only,5:1,sample_cpu2_freq,595,MHz
threads_only,5:1,sample_cpu3_freq,595,MHz
threads_only,5:1,sample_cpu4_freq,2208,MHz
threads_only,5:1,sample_cpu5_freq,2208,MHz
threads_only,5:1,sample_cpu6_freq,2208,MHz
threads_only,5:1,sample_cpu7_freq,633,MHz
threads_only,5:2,sample_elapsed,163,ms
threads_only,5:2,sample_power,0.998,W
threads_only,5:2,sample_process_cpu,304.294,% one core
threads_only,5:2,sample_free_ram,2.028,GiB
threads_only,5:2,sample_battery_temp,34.500,C
threads_only,5:2,sample_thermal_status,0,Android PowerManager status
threads_only,5:2,sample_cpu0_freq,595,MHz
threads_only,5:2,sample_cpu1_freq,595,MHz
threads_only,5:2,sample_cpu2_freq,595,MHz
threads_only,5:2,sample_cpu3_freq,595,MHz
threads_only,5:2,sample_cpu4_freq,2208,MHz
threads_only,5:2,sample_cpu5_freq,2208,MHz
threads_only,5:2,sample_cpu6_freq,2208,MHz
threads_only,5:2,sample_cpu7_freq,2304,MHz
threads_only,5:3,sample_elapsed,322,ms
threads_only,5:3,sample_power,0.998,W
threads_only,5:3,sample_process_cpu,296.855,% one core
threads_only,5:3,sample_free_ram,1.994,GiB
threads_only,5:3,sample_battery_temp,34.500,C
threads_only,5:3,sample_thermal_status,0,Android PowerManager status
threads_only,5:3,sample_cpu0_freq,595,MHz
threads_only,5:3,sample_cpu1_freq,595,MHz
threads_only,5:3,sample_cpu2_freq,595,MHz
threads_only,5:3,sample_cpu3_freq,595,MHz
threads_only,5:3,sample_cpu4_freq,2208,MHz
threads_only,5:3,sample_cpu5_freq,2208,MHz
threads_only,5:3,sample_cpu6_freq,2208,MHz
threads_only,5:3,sample_cpu7_freq,2304,MHz
threads_only,5:4,sample_elapsed,480,ms
threads_only,5:4,sample_power,0.998,W
threads_only,5:4,sample_process_cpu,296.203,% one core
threads_only,5:4,sample_free_ram,1.994,GiB
threads_only,5:4,sample_battery_temp,34.500,C
threads_only,5:4,sample_thermal_status,0,Android PowerManager status
threads_only,5:4,sample_cpu0_freq,595,MHz
threads_only,5:4,sample_cpu1_freq,595,MHz
threads_only,5:4,sample_cpu2_freq,595,MHz
threads_only,5:4,sample_cpu3_freq,595,MHz
threads_only,5:4,sample_cpu4_freq,2208,MHz
threads_only,5:4,sample_cpu5_freq,2208,MHz
threads_only,5:4,sample_cpu6_freq,2208,MHz
threads_only,5:4,sample_cpu7_freq,2304,MHz
threads_only,5:5,sample_elapsed,637,ms
threads_only,5:5,sample_power,0.998,W
threads_only,5:5,sample_process_cpu,305.732,% one core
threads_only,5:5,sample_free_ram,1.993,GiB
threads_only,5:5,sample_battery_temp,34.500,C
threads_only,5:5,sample_thermal_status,0,Android PowerManager status
threads_only,5:5,sample_cpu0_freq,595,MHz
threads_only,5:5,sample_cpu1_freq,595,MHz
threads_only,5:5,sample_cpu2_freq,595,MHz
threads_only,5:5,sample_cpu3_freq,595,MHz
threads_only,5:5,sample_cpu4_freq,2208,MHz
threads_only,5:5,sample_cpu5_freq,2208,MHz
threads_only,5:5,sample_cpu6_freq,2208,MHz
threads_only,5:5,sample_cpu7_freq,2304,MHz
threads_only,5:6,sample_elapsed,795,ms
threads_only,5:6,sample_power,0.998,W
threads_only,5:6,sample_process_cpu,296.203,% one core
threads_only,5:6,sample_free_ram,1.993,GiB
threads_only,5:6,sample_battery_temp,34.500,C
threads_only,5:6,sample_thermal_status,0,Android PowerManager status
threads_only,5:6,sample_cpu0_freq,595,MHz
threads_only,5:6,sample_cpu1_freq,595,MHz
threads_only,5:6,sample_cpu2_freq,595,MHz
threads_only,5:6,sample_cpu3_freq,595,MHz
threads_only,5:6,sample_cpu4_freq,2208,MHz
threads_only,5:6,sample_cpu5_freq,2208,MHz
threads_only,5:6,sample_cpu6_freq,2208,MHz
threads_only,5:6,sample_cpu7_freq,2304,MHz
threads_only,5:7,sample_elapsed,952,ms
threads_only,5:7,sample_power,0.998,W
threads_only,5:7,sample_process_cpu,301.911,% one core
threads_only,5:7,sample_free_ram,1.993,GiB
threads_only,5:7,sample_battery_temp,34.500,C
threads_only,5:7,sample_thermal_status,0,Android PowerManager status
threads_only,5:7,sample_cpu0_freq,787,MHz
threads_only,5:7,sample_cpu1_freq,787,MHz
threads_only,5:7,sample_cpu2_freq,787,MHz
threads_only,5:7,sample_cpu3_freq,787,MHz
threads_only,5:7,sample_cpu4_freq,2208,MHz
threads_only,5:7,sample_cpu5_freq,2208,MHz
threads_only,5:7,sample_cpu6_freq,2208,MHz
threads_only,5:7,sample_cpu7_freq,2304,MHz
threads_only,5:8,sample_elapsed,1108,ms
threads_only,5:8,sample_power,0.998,W
threads_only,5:8,sample_process_cpu,300.000,% one core
threads_only,5:8,sample_free_ram,1.993,GiB
threads_only,5:8,sample_battery_temp,34.500,C
threads_only,5:8,sample_thermal_status,0,Android PowerManager status
threads_only,5:8,sample_cpu0_freq,595,MHz
threads_only,5:8,sample_cpu1_freq,595,MHz
threads_only,5:8,sample_cpu2_freq,595,MHz
threads_only,5:8,sample_cpu3_freq,595,MHz
threads_only,5:8,sample_cpu4_freq,2208,MHz
threads_only,5:8,sample_cpu5_freq,2208,MHz
threads_only,5:8,sample_cpu6_freq,2208,MHz
threads_only,5:8,sample_cpu7_freq,2304,MHz
threads_only,5:9,sample_elapsed,1266,ms
threads_only,5:9,sample_power,0.998,W
threads_only,5:9,sample_process_cpu,302.532,% one core
threads_only,5:9,sample_free_ram,1.991,GiB
threads_only,5:9,sample_battery_temp,34.500,C
threads_only,5:9,sample_thermal_status,0,Android PowerManager status
threads_only,5:9,sample_cpu0_freq,595,MHz
threads_only,5:9,sample_cpu1_freq,595,MHz
threads_only,5:9,sample_cpu2_freq,595,MHz
threads_only,5:9,sample_cpu3_freq,595,MHz
threads_only,5:9,sample_cpu4_freq,2208,MHz
threads_only,5:9,sample_cpu5_freq,2208,MHz
threads_only,5:9,sample_cpu6_freq,2208,MHz
threads_only,5:9,sample_cpu7_freq,2304,MHz
threads_only,5:10,sample_elapsed,1428,ms
threads_only,5:10,sample_power,0.998,W
threads_only,5:10,sample_process_cpu,288.889,% one core
threads_only,5:10,sample_free_ram,1.991,GiB
threads_only,5:10,sample_battery_temp,34.500,C
threads_only,5:10,sample_thermal_status,0,Android PowerManager status
threads_only,5:10,sample_cpu0_freq,595,MHz
threads_only,5:10,sample_cpu1_freq,595,MHz
threads_only,5:10,sample_cpu2_freq,595,MHz
threads_only,5:10,sample_cpu3_freq,595,MHz
threads_only,5:10,sample_cpu4_freq,2208,MHz
threads_only,5:10,sample_cpu5_freq,2208,MHz
threads_only,5:10,sample_cpu6_freq,2208,MHz
threads_only,5:10,sample_cpu7_freq,2304,MHz
threads_only,5:11,sample_elapsed,1585,ms
threads_only,5:11,sample_power,0.998,W
threads_only,5:11,sample_process_cpu,306.369,% one core
threads_only,5:11,sample_free_ram,1.991,GiB
threads_only,5:11,sample_battery_temp,34.500,C
threads_only,5:11,sample_thermal_status,0,Android PowerManager status
threads_only,5:11,sample_cpu0_freq,595,MHz
threads_only,5:11,sample_cpu1_freq,595,MHz
threads_only,5:11,sample_cpu2_freq,595,MHz
threads_only,5:11,sample_cpu3_freq,595,MHz
threads_only,5:11,sample_cpu4_freq,2208,MHz
threads_only,5:11,sample_cpu5_freq,2208,MHz
threads_only,5:11,sample_cpu6_freq,2208,MHz
threads_only,5:11,sample_cpu7_freq,2304,MHz
threads_only,5:12,sample_elapsed,1746,ms
threads_only,5:12,sample_power,0.998,W
threads_only,5:12,sample_process_cpu,298.137,% one core
threads_only,5:12,sample_free_ram,1.991,GiB
threads_only,5:12,sample_battery_temp,34.500,C
threads_only,5:12,sample_thermal_status,0,Android PowerManager status
threads_only,5:12,sample_cpu0_freq,595,MHz
threads_only,5:12,sample_cpu1_freq,595,MHz
threads_only,5:12,sample_cpu2_freq,595,MHz
threads_only,5:12,sample_cpu3_freq,595,MHz
threads_only,5:12,sample_cpu4_freq,2208,MHz
threads_only,5:12,sample_cpu5_freq,2208,MHz
threads_only,5:12,sample_cpu6_freq,2208,MHz
threads_only,5:12,sample_cpu7_freq,2304,MHz
threads_only,5:13,sample_elapsed,1904,ms
threads_only,5:13,sample_power,0.998,W
threads_only,5:13,sample_process_cpu,296.835,% one core
threads_only,5:13,sample_free_ram,1.991,GiB
threads_only,5:13,sample_battery_temp,34.500,C
threads_only,5:13,sample_thermal_status,0,Android PowerManager status
threads_only,5:13,sample_cpu0_freq,595,MHz
threads_only,5:13,sample_cpu1_freq,595,MHz
threads_only,5:13,sample_cpu2_freq,595,MHz
threads_only,5:13,sample_cpu3_freq,595,MHz
threads_only,5:13,sample_cpu4_freq,2208,MHz
threads_only,5:13,sample_cpu5_freq,2208,MHz
threads_only,5:13,sample_cpu6_freq,2208,MHz
threads_only,5:13,sample_cpu7_freq,2304,MHz
threads_only,5:14,sample_elapsed,2062,ms
threads_only,5:14,sample_power,0.998,W
threads_only,5:14,sample_process_cpu,303.797,% one core
threads_only,5:14,sample_free_ram,1.991,GiB
threads_only,5:14,sample_battery_temp,34.500,C
threads_only,5:14,sample_thermal_status,0,Android PowerManager status
threads_only,5:14,sample_cpu0_freq,595,MHz
threads_only,5:14,sample_cpu1_freq,595,MHz
threads_only,5:14,sample_cpu2_freq,595,MHz
threads_only,5:14,sample_cpu3_freq,595,MHz
threads_only,5:14,sample_cpu4_freq,2208,MHz
threads_only,5:14,sample_cpu5_freq,2208,MHz
threads_only,5:14,sample_cpu6_freq,2208,MHz
threads_only,5:14,sample_cpu7_freq,2304,MHz
threads_only,5:15,sample_elapsed,2221,ms
threads_only,5:15,sample_power,0.998,W
threads_only,5:15,sample_process_cpu,301.258,% one core
threads_only,5:15,sample_free_ram,1.991,GiB
threads_only,5:15,sample_battery_temp,34.500,C
threads_only,5:15,sample_thermal_status,0,Android PowerManager status
threads_only,5:15,sample_cpu0_freq,595,MHz
threads_only,5:15,sample_cpu1_freq,595,MHz
threads_only,5:15,sample_cpu2_freq,595,MHz
threads_only,5:15,sample_cpu3_freq,595,MHz
threads_only,5:15,sample_cpu4_freq,2208,MHz
threads_only,5:15,sample_cpu5_freq,2208,MHz
threads_only,5:15,sample_cpu6_freq,2208,MHz
threads_only,5:15,sample_cpu7_freq,2304,MHz
threads_only,5:16,sample_elapsed,2380,ms
threads_only,5:16,sample_power,0.998,W
threads_only,5:16,sample_process_cpu,292.453,% one core
threads_only,5:16,sample_free_ram,1.991,GiB
threads_only,5:16,sample_battery_temp,34.500,C
threads_only,5:16,sample_thermal_status,0,Android PowerManager status
threads_only,5:16,sample_cpu0_freq,1804,MHz
threads_only,5:16,sample_cpu1_freq,1804,MHz
threads_only,5:16,sample_cpu2_freq,1804,MHz
threads_only,5:16,sample_cpu3_freq,1804,MHz
threads_only,5:16,sample_cpu4_freq,2208,MHz
threads_only,5:16,sample_cpu5_freq,2208,MHz
threads_only,5:16,sample_cpu6_freq,2208,MHz
threads_only,5:16,sample_cpu7_freq,2304,MHz
threads_only,5:17,sample_elapsed,2536,ms
threads_only,5:17,sample_power,0.998,W
threads_only,5:17,sample_process_cpu,301.282,% one core
threads_only,5:17,sample_free_ram,1.991,GiB
threads_only,5:17,sample_battery_temp,34.500,C
threads_only,5:17,sample_thermal_status,0,Android PowerManager status
threads_only,5:17,sample_cpu0_freq,1344,MHz
threads_only,5:17,sample_cpu1_freq,1344,MHz
threads_only,5:17,sample_cpu2_freq,1344,MHz
threads_only,5:17,sample_cpu3_freq,1344,MHz
threads_only,5:17,sample_cpu4_freq,2208,MHz
threads_only,5:17,sample_cpu5_freq,2208,MHz
threads_only,5:17,sample_cpu6_freq,2208,MHz
threads_only,5:17,sample_cpu7_freq,2304,MHz
threads_only,5:18,sample_elapsed,2690,ms
threads_only,5:18,sample_power,0.998,W
threads_only,5:18,sample_process_cpu,300.649,% one core
threads_only,5:18,sample_free_ram,1.991,GiB
threads_only,5:18,sample_battery_temp,34.500,C
threads_only,5:18,sample_thermal_status,0,Android PowerManager status
threads_only,5:18,sample_cpu0_freq,595,MHz
threads_only,5:18,sample_cpu1_freq,595,MHz
threads_only,5:18,sample_cpu2_freq,595,MHz
threads_only,5:18,sample_cpu3_freq,595,MHz
threads_only,5:18,sample_cpu4_freq,2208,MHz
threads_only,5:18,sample_cpu5_freq,2208,MHz
threads_only,5:18,sample_cpu6_freq,2208,MHz
threads_only,5:18,sample_cpu7_freq,2304,MHz
threads_only,5:19,sample_elapsed,2847,ms
threads_only,5:19,sample_power,0.998,W
threads_only,5:19,sample_process_cpu,301.274,% one core
threads_only,5:19,sample_free_ram,1.990,GiB
threads_only,5:19,sample_battery_temp,34.500,C
threads_only,5:19,sample_thermal_status,0,Android PowerManager status
threads_only,5:19,sample_cpu0_freq,1497,MHz
threads_only,5:19,sample_cpu1_freq,1497,MHz
threads_only,5:19,sample_cpu2_freq,1497,MHz
threads_only,5:19,sample_cpu3_freq,1497,MHz
threads_only,5:19,sample_cpu4_freq,2208,MHz
threads_only,5:19,sample_cpu5_freq,2208,MHz
threads_only,5:19,sample_cpu6_freq,2208,MHz
threads_only,5:19,sample_cpu7_freq,2304,MHz
threads_only,5:20,sample_elapsed,3002,ms
threads_only,5:20,sample_power,0.998,W
threads_only,5:20,sample_process_cpu,297.419,% one core
threads_only,5:20,sample_free_ram,1.990,GiB
threads_only,5:20,sample_battery_temp,34.500,C
threads_only,5:20,sample_thermal_status,0,Android PowerManager status
threads_only,5:20,sample_cpu0_freq,595,MHz
threads_only,5:20,sample_cpu1_freq,595,MHz
threads_only,5:20,sample_cpu2_freq,595,MHz
threads_only,5:20,sample_cpu3_freq,595,MHz
threads_only,5:20,sample_cpu4_freq,2208,MHz
threads_only,5:20,sample_cpu5_freq,2208,MHz
threads_only,5:20,sample_cpu6_freq,2208,MHz
threads_only,5:20,sample_cpu7_freq,2304,MHz
threads_only,5:21,sample_elapsed,3159,ms
threads_only,5:21,sample_power,0.998,W
threads_only,5:21,sample_process_cpu,297.452,% one core
threads_only,5:21,sample_free_ram,1.990,GiB
threads_only,5:21,sample_battery_temp,34.500,C
threads_only,5:21,sample_thermal_status,0,Android PowerManager status
threads_only,5:21,sample_cpu0_freq,595,MHz
threads_only,5:21,sample_cpu1_freq,595,MHz
threads_only,5:21,sample_cpu2_freq,595,MHz
threads_only,5:21,sample_cpu3_freq,595,MHz
threads_only,5:21,sample_cpu4_freq,2208,MHz
threads_only,5:21,sample_cpu5_freq,2208,MHz
threads_only,5:21,sample_cpu6_freq,2208,MHz
threads_only,5:21,sample_cpu7_freq,2304,MHz
threads_only,5:22,sample_elapsed,3317,ms
threads_only,5:22,sample_power,0.998,W
threads_only,5:22,sample_process_cpu,302.532,% one core
threads_only,5:22,sample_free_ram,1.989,GiB
threads_only,5:22,sample_battery_temp,34.500,C
threads_only,5:22,sample_thermal_status,0,Android PowerManager status
threads_only,5:22,sample_cpu0_freq,1804,MHz
threads_only,5:22,sample_cpu1_freq,1804,MHz
threads_only,5:22,sample_cpu2_freq,1804,MHz
threads_only,5:22,sample_cpu3_freq,1804,MHz
threads_only,5:22,sample_cpu4_freq,2208,MHz
threads_only,5:22,sample_cpu5_freq,2208,MHz
threads_only,5:22,sample_cpu6_freq,2208,MHz
threads_only,5:22,sample_cpu7_freq,2304,MHz
threads_only,5:23,sample_elapsed,3472,ms
threads_only,5:23,sample_power,0.998,W
threads_only,5:23,sample_process_cpu,300.645,% one core
threads_only,5:23,sample_free_ram,1.989,GiB
threads_only,5:23,sample_battery_temp,34.500,C
threads_only,5:23,sample_thermal_status,0,Android PowerManager status
threads_only,5:23,sample_cpu0_freq,787,MHz
threads_only,5:23,sample_cpu1_freq,787,MHz
threads_only,5:23,sample_cpu2_freq,787,MHz
threads_only,5:23,sample_cpu3_freq,787,MHz
threads_only,5:23,sample_cpu4_freq,2208,MHz
threads_only,5:23,sample_cpu5_freq,2208,MHz
threads_only,5:23,sample_cpu6_freq,2208,MHz
threads_only,5:23,sample_cpu7_freq,2304,MHz
threads_only,5:24,sample_elapsed,3630,ms
threads_only,5:24,sample_power,0.998,W
threads_only,5:24,sample_process_cpu,295.570,% one core
threads_only,5:24,sample_free_ram,1.989,GiB
threads_only,5:24,sample_battery_temp,34.500,C
threads_only,5:24,sample_thermal_status,0,Android PowerManager status
threads_only,5:24,sample_cpu0_freq,595,MHz
threads_only,5:24,sample_cpu1_freq,595,MHz
threads_only,5:24,sample_cpu2_freq,595,MHz
threads_only,5:24,sample_cpu3_freq,595,MHz
threads_only,5:24,sample_cpu4_freq,2208,MHz
threads_only,5:24,sample_cpu5_freq,2208,MHz
threads_only,5:24,sample_cpu6_freq,2208,MHz
threads_only,5:24,sample_cpu7_freq,2304,MHz
threads_only,5:25,sample_elapsed,3788,ms
threads_only,5:25,sample_power,0.998,W
threads_only,5:25,sample_process_cpu,303.797,% one core
threads_only,5:25,sample_free_ram,1.989,GiB
threads_only,5:25,sample_battery_temp,34.500,C
threads_only,5:25,sample_thermal_status,0,Android PowerManager status
threads_only,5:25,sample_cpu0_freq,595,MHz
threads_only,5:25,sample_cpu1_freq,595,MHz
threads_only,5:25,sample_cpu2_freq,595,MHz
threads_only,5:25,sample_cpu3_freq,595,MHz
threads_only,5:25,sample_cpu4_freq,2208,MHz
threads_only,5:25,sample_cpu5_freq,2208,MHz
threads_only,5:25,sample_cpu6_freq,2208,MHz
threads_only,5:25,sample_cpu7_freq,2304,MHz
threads_only,5:26,sample_elapsed,3948,ms
threads_only,5:26,sample_power,0.998,W
threads_only,5:26,sample_process_cpu,311.250,% one core
threads_only,5:26,sample_free_ram,1.987,GiB
threads_only,5:26,sample_battery_temp,34.500,C
threads_only,5:26,sample_thermal_status,0,Android PowerManager status
threads_only,5:26,sample_cpu0_freq,595,MHz
threads_only,5:26,sample_cpu1_freq,595,MHz
threads_only,5:26,sample_cpu2_freq,595,MHz
threads_only,5:26,sample_cpu3_freq,595,MHz
threads_only,5:26,sample_cpu4_freq,2208,MHz
threads_only,5:26,sample_cpu5_freq,2208,MHz
threads_only,5:26,sample_cpu6_freq,2208,MHz
threads_only,5:26,sample_cpu7_freq,2304,MHz
threads_only,5:27,sample_elapsed,4107,ms
threads_only,5:27,sample_power,0.998,W
threads_only,5:27,sample_process_cpu,305.031,% one core
threads_only,5:27,sample_free_ram,1.987,GiB
threads_only,5:27,sample_battery_temp,34.500,C
threads_only,5:27,sample_thermal_status,0,Android PowerManager status
threads_only,5:27,sample_cpu0_freq,1113,MHz
threads_only,5:27,sample_cpu1_freq,1113,MHz
threads_only,5:27,sample_cpu2_freq,1113,MHz
threads_only,5:27,sample_cpu3_freq,1113,MHz
threads_only,5:27,sample_cpu4_freq,2208,MHz
threads_only,5:27,sample_cpu5_freq,2208,MHz
threads_only,5:27,sample_cpu6_freq,2208,MHz
threads_only,5:27,sample_cpu7_freq,2304,MHz
threads_only,5:28,sample_elapsed,4270,ms
threads_only,5:28,sample_power,0.998,W
threads_only,5:28,sample_process_cpu,297.546,% one core
threads_only,5:28,sample_free_ram,1.989,GiB
threads_only,5:28,sample_battery_temp,34.500,C
threads_only,5:28,sample_thermal_status,0,Android PowerManager status
threads_only,5:28,sample_cpu0_freq,902,MHz
threads_only,5:28,sample_cpu1_freq,902,MHz
threads_only,5:28,sample_cpu2_freq,902,MHz
threads_only,5:28,sample_cpu3_freq,902,MHz
threads_only,5:28,sample_cpu4_freq,2208,MHz
threads_only,5:28,sample_cpu5_freq,2208,MHz
threads_only,5:28,sample_cpu6_freq,2208,MHz
threads_only,5:28,sample_cpu7_freq,2304,MHz
threads_only,5:29,sample_elapsed,4434,ms
threads_only,5:29,sample_power,0.998,W
threads_only,5:29,sample_process_cpu,298.171,% one core
threads_only,5:29,sample_free_ram,1.989,GiB
threads_only,5:29,sample_battery_temp,34.500,C
threads_only,5:29,sample_thermal_status,0,Android PowerManager status
threads_only,5:29,sample_cpu0_freq,595,MHz
threads_only,5:29,sample_cpu1_freq,595,MHz
threads_only,5:29,sample_cpu2_freq,595,MHz
threads_only,5:29,sample_cpu3_freq,595,MHz
threads_only,5:29,sample_cpu4_freq,2208,MHz
threads_only,5:29,sample_cpu5_freq,2208,MHz
threads_only,5:29,sample_cpu6_freq,2208,MHz
threads_only,5:29,sample_cpu7_freq,2304,MHz
threads_only,5:30,sample_elapsed,4594,ms
threads_only,5:30,sample_power,0.998,W
threads_only,5:30,sample_process_cpu,303.125,% one core
threads_only,5:30,sample_free_ram,1.989,GiB
threads_only,5:30,sample_battery_temp,34.500,C
threads_only,5:30,sample_thermal_status,0,Android PowerManager status
threads_only,5:30,sample_cpu0_freq,595,MHz
threads_only,5:30,sample_cpu1_freq,595,MHz
threads_only,5:30,sample_cpu2_freq,595,MHz
threads_only,5:30,sample_cpu3_freq,595,MHz
threads_only,5:30,sample_cpu4_freq,2208,MHz
threads_only,5:30,sample_cpu5_freq,2208,MHz
threads_only,5:30,sample_cpu6_freq,2208,MHz
threads_only,5:30,sample_cpu7_freq,2304,MHz
threads_only,5:31,sample_elapsed,4761,ms
threads_only,5:31,sample_power,0.998,W
threads_only,5:31,sample_process_cpu,302.395,% one core
threads_only,5:31,sample_free_ram,1.989,GiB
threads_only,5:31,sample_battery_temp,34.500,C
threads_only,5:31,sample_thermal_status,0,Android PowerManager status
threads_only,5:31,sample_cpu0_freq,787,MHz
threads_only,5:31,sample_cpu1_freq,787,MHz
threads_only,5:31,sample_cpu2_freq,787,MHz
threads_only,5:31,sample_cpu3_freq,787,MHz
threads_only,5:31,sample_cpu4_freq,2208,MHz
threads_only,5:31,sample_cpu5_freq,2208,MHz
threads_only,5:31,sample_cpu6_freq,2208,MHz
threads_only,5:31,sample_cpu7_freq,2304,MHz
threads_only,5:32,sample_elapsed,4919,ms
threads_only,5:32,sample_power,0.998,W
threads_only,5:32,sample_process_cpu,298.101,% one core
threads_only,5:32,sample_free_ram,1.989,GiB
threads_only,5:32,sample_battery_temp,34.500,C
threads_only,5:32,sample_thermal_status,0,Android PowerManager status
threads_only,5:32,sample_cpu0_freq,1804,MHz
threads_only,5:32,sample_cpu1_freq,1804,MHz
threads_only,5:32,sample_cpu2_freq,1804,MHz
threads_only,5:32,sample_cpu3_freq,1804,MHz
threads_only,5:32,sample_cpu4_freq,2208,MHz
threads_only,5:32,sample_cpu5_freq,2208,MHz
threads_only,5:32,sample_cpu6_freq,2208,MHz
threads_only,5:32,sample_cpu7_freq,2304,MHz
threads_only,5:33,sample_elapsed,5082,ms
threads_only,5:33,sample_power,0.998,W
threads_only,5:33,sample_process_cpu,304.294,% one core
threads_only,5:33,sample_free_ram,1.988,GiB
threads_only,5:33,sample_battery_temp,34.500,C
threads_only,5:33,sample_thermal_status,0,Android PowerManager status
threads_only,5:33,sample_cpu0_freq,1804,MHz
threads_only,5:33,sample_cpu1_freq,1804,MHz
threads_only,5:33,sample_cpu2_freq,1804,MHz
threads_only,5:33,sample_cpu3_freq,1804,MHz
threads_only,5:33,sample_cpu4_freq,2208,MHz
threads_only,5:33,sample_cpu5_freq,2208,MHz
threads_only,5:33,sample_cpu6_freq,2208,MHz
threads_only,5:33,sample_cpu7_freq,2304,MHz
threads_only,5:34,sample_elapsed,5241,ms
threads_only,5:34,sample_power,0.998,W
threads_only,5:34,sample_process_cpu,294.340,% one core
threads_only,5:34,sample_free_ram,1.988,GiB
threads_only,5:34,sample_battery_temp,34.500,C
threads_only,5:34,sample_thermal_status,0,Android PowerManager status
threads_only,5:34,sample_cpu0_freq,787,MHz
threads_only,5:34,sample_cpu1_freq,787,MHz
threads_only,5:34,sample_cpu2_freq,787,MHz
threads_only,5:34,sample_cpu3_freq,787,MHz
threads_only,5:34,sample_cpu4_freq,2208,MHz
threads_only,5:34,sample_cpu5_freq,2208,MHz
threads_only,5:34,sample_cpu6_freq,2208,MHz
threads_only,5:34,sample_cpu7_freq,2304,MHz
threads_only,5:35,sample_elapsed,5403,ms
threads_only,5:35,sample_power,0.998,W
threads_only,5:35,sample_process_cpu,301.852,% one core
threads_only,5:35,sample_free_ram,1.988,GiB
threads_only,5:35,sample_battery_temp,34.500,C
threads_only,5:35,sample_thermal_status,0,Android PowerManager status
threads_only,5:35,sample_cpu0_freq,1113,MHz
threads_only,5:35,sample_cpu1_freq,1113,MHz
threads_only,5:35,sample_cpu2_freq,1804,MHz
threads_only,5:35,sample_cpu3_freq,1804,MHz
threads_only,5:35,sample_cpu4_freq,2208,MHz
threads_only,5:35,sample_cpu5_freq,2208,MHz
threads_only,5:35,sample_cpu6_freq,2208,MHz
threads_only,5:35,sample_cpu7_freq,2304,MHz
threads_only,5:36,sample_elapsed,5568,ms
threads_only,5:36,sample_power,0.998,W
threads_only,5:36,sample_process_cpu,301.818,% one core
threads_only,5:36,sample_free_ram,1.988,GiB
threads_only,5:36,sample_battery_temp,34.500,C
threads_only,5:36,sample_thermal_status,0,Android PowerManager status
threads_only,5:36,sample_cpu0_freq,787,MHz
threads_only,5:36,sample_cpu1_freq,787,MHz
threads_only,5:36,sample_cpu2_freq,787,MHz
threads_only,5:36,sample_cpu3_freq,787,MHz
threads_only,5:36,sample_cpu4_freq,2208,MHz
threads_only,5:36,sample_cpu5_freq,2208,MHz
threads_only,5:36,sample_cpu6_freq,2208,MHz
threads_only,5:36,sample_cpu7_freq,2304,MHz
threads_only,5:37,sample_elapsed,5733,ms
threads_only,5:37,sample_power,0.998,W
threads_only,5:37,sample_process_cpu,295.152,% one core
threads_only,5:37,sample_free_ram,1.987,GiB
threads_only,5:37,sample_battery_temp,34.500,C
threads_only,5:37,sample_thermal_status,0,Android PowerManager status
threads_only,5:37,sample_cpu0_freq,595,MHz
threads_only,5:37,sample_cpu1_freq,595,MHz
threads_only,5:37,sample_cpu2_freq,595,MHz
threads_only,5:37,sample_cpu3_freq,595,MHz
threads_only,5:37,sample_cpu4_freq,2208,MHz
threads_only,5:37,sample_cpu5_freq,2208,MHz
threads_only,5:37,sample_cpu6_freq,2208,MHz
threads_only,5:37,sample_cpu7_freq,2304,MHz
threads_only,5:38,sample_elapsed,5893,ms
threads_only,5:38,sample_power,0.998,W
threads_only,5:38,sample_process_cpu,303.750,% one core
threads_only,5:38,sample_free_ram,1.987,GiB
threads_only,5:38,sample_battery_temp,34.500,C
threads_only,5:38,sample_thermal_status,0,Android PowerManager status
threads_only,5:38,sample_cpu0_freq,595,MHz
threads_only,5:38,sample_cpu1_freq,595,MHz
threads_only,5:38,sample_cpu2_freq,595,MHz
threads_only,5:38,sample_cpu3_freq,595,MHz
threads_only,5:38,sample_cpu4_freq,2208,MHz
threads_only,5:38,sample_cpu5_freq,2208,MHz
threads_only,5:38,sample_cpu6_freq,2208,MHz
threads_only,5:38,sample_cpu7_freq,2304,MHz
threads_only,5:39,sample_elapsed,6058,ms
threads_only,5:39,sample_power,0.998,W
threads_only,5:39,sample_process_cpu,302.424,% one core
threads_only,5:39,sample_free_ram,1.987,GiB
threads_only,5:39,sample_battery_temp,34.500,C
threads_only,5:39,sample_thermal_status,0,Android PowerManager status
threads_only,5:39,sample_cpu0_freq,595,MHz
threads_only,5:39,sample_cpu1_freq,595,MHz
threads_only,5:39,sample_cpu2_freq,595,MHz
threads_only,5:39,sample_cpu3_freq,595,MHz
threads_only,5:39,sample_cpu4_freq,2208,MHz
threads_only,5:39,sample_cpu5_freq,2208,MHz
threads_only,5:39,sample_cpu6_freq,2208,MHz
threads_only,5:39,sample_cpu7_freq,2304,MHz
threads_only,5:40,sample_elapsed,6218,ms
threads_only,5:40,sample_power,0.998,W
threads_only,5:40,sample_process_cpu,298.125,% one core
threads_only,5:40,sample_free_ram,1.987,GiB
threads_only,5:40,sample_battery_temp,34.500,C
threads_only,5:40,sample_thermal_status,0,Android PowerManager status
threads_only,5:40,sample_cpu0_freq,1497,MHz
threads_only,5:40,sample_cpu1_freq,1497,MHz
threads_only,5:40,sample_cpu2_freq,1497,MHz
threads_only,5:40,sample_cpu3_freq,1497,MHz
threads_only,5:40,sample_cpu4_freq,2208,MHz
threads_only,5:40,sample_cpu5_freq,2208,MHz
threads_only,5:40,sample_cpu6_freq,2208,MHz
threads_only,5:40,sample_cpu7_freq,2304,MHz
threads_only,5:41,sample_elapsed,6383,ms
threads_only,5:41,sample_power,4.277,W
threads_only,5:41,sample_process_cpu,298.788,% one core
threads_only,5:41,sample_free_ram,1.987,GiB
threads_only,5:41,sample_battery_temp,34.500,C
threads_only,5:41,sample_thermal_status,0,Android PowerManager status
threads_only,5:41,sample_cpu0_freq,1804,MHz
threads_only,5:41,sample_cpu1_freq,1804,MHz
threads_only,5:41,sample_cpu2_freq,1804,MHz
threads_only,5:41,sample_cpu3_freq,1804,MHz
threads_only,5:41,sample_cpu4_freq,2208,MHz
threads_only,5:41,sample_cpu5_freq,2208,MHz
threads_only,5:41,sample_cpu6_freq,2208,MHz
threads_only,5:41,sample_cpu7_freq,2304,MHz
threads_only,5:42,sample_elapsed,6549,ms
threads_only,5:42,sample_power,4.277,W
threads_only,5:42,sample_process_cpu,389.759,% one core
threads_only,5:42,sample_free_ram,1.986,GiB
threads_only,5:42,sample_battery_temp,34.500,C
threads_only,5:42,sample_thermal_status,0,Android PowerManager status
threads_only,5:42,sample_cpu0_freq,1228,MHz
threads_only,5:42,sample_cpu1_freq,1228,MHz
threads_only,5:42,sample_cpu2_freq,1228,MHz
threads_only,5:42,sample_cpu3_freq,1228,MHz
threads_only,5:42,sample_cpu4_freq,2208,MHz
threads_only,5:42,sample_cpu5_freq,2208,MHz
threads_only,5:42,sample_cpu6_freq,2208,MHz
threads_only,5:42,sample_cpu7_freq,2304,MHz
threads_only,5:43,sample_elapsed,6716,ms
threads_only,5:43,sample_power,4.277,W
threads_only,5:43,sample_process_cpu,402.994,% one core
threads_only,5:43,sample_free_ram,1.986,GiB
threads_only,5:43,sample_battery_temp,34.500,C
threads_only,5:43,sample_thermal_status,0,Android PowerManager status
threads_only,5:43,sample_cpu0_freq,1228,MHz
threads_only,5:43,sample_cpu1_freq,1228,MHz
threads_only,5:43,sample_cpu2_freq,1228,MHz
threads_only,5:43,sample_cpu3_freq,1228,MHz
threads_only,5:43,sample_cpu4_freq,2208,MHz
threads_only,5:43,sample_cpu5_freq,2208,MHz
threads_only,5:43,sample_cpu6_freq,2208,MHz
threads_only,5:43,sample_cpu7_freq,2304,MHz
threads_only,5:44,sample_elapsed,6884,ms
threads_only,5:44,sample_power,4.277,W
threads_only,5:44,sample_process_cpu,398.810,% one core
threads_only,5:44,sample_free_ram,1.986,GiB
threads_only,5:44,sample_battery_temp,34.500,C
threads_only,5:44,sample_thermal_status,0,Android PowerManager status
threads_only,5:44,sample_cpu0_freq,787,MHz
threads_only,5:44,sample_cpu1_freq,787,MHz
threads_only,5:44,sample_cpu2_freq,787,MHz
threads_only,5:44,sample_cpu3_freq,787,MHz
threads_only,5:44,sample_cpu4_freq,2208,MHz
threads_only,5:44,sample_cpu5_freq,2208,MHz
threads_only,5:44,sample_cpu6_freq,2208,MHz
threads_only,5:44,sample_cpu7_freq,2304,MHz
threads_only,5:45,sample_elapsed,7053,ms
threads_only,5:45,sample_power,4.277,W
threads_only,5:45,sample_process_cpu,401.183,% one core
threads_only,5:45,sample_free_ram,1.986,GiB
threads_only,5:45,sample_battery_temp,34.500,C
threads_only,5:45,sample_thermal_status,0,Android PowerManager status
threads_only,5:45,sample_cpu0_freq,787,MHz
threads_only,5:45,sample_cpu1_freq,787,MHz
threads_only,5:45,sample_cpu2_freq,787,MHz
threads_only,5:45,sample_cpu3_freq,787,MHz
threads_only,5:45,sample_cpu4_freq,2208,MHz
threads_only,5:45,sample_cpu5_freq,2208,MHz
threads_only,5:45,sample_cpu6_freq,2208,MHz
threads_only,5:45,sample_cpu7_freq,2304,MHz
threads_only,5:46,sample_elapsed,7218,ms
threads_only,5:46,sample_power,4.277,W
threads_only,5:46,sample_process_cpu,397.576,% one core
threads_only,5:46,sample_free_ram,1.986,GiB
threads_only,5:46,sample_battery_temp,34.500,C
threads_only,5:46,sample_thermal_status,0,Android PowerManager status
threads_only,5:46,sample_cpu0_freq,902,MHz
threads_only,5:46,sample_cpu1_freq,902,MHz
threads_only,5:46,sample_cpu2_freq,902,MHz
threads_only,5:46,sample_cpu3_freq,902,MHz
threads_only,5:46,sample_cpu4_freq,2208,MHz
threads_only,5:46,sample_cpu5_freq,2208,MHz
threads_only,5:46,sample_cpu6_freq,2208,MHz
threads_only,5:46,sample_cpu7_freq,2304,MHz
threads_only,5:47,sample_elapsed,7385,ms
threads_only,5:47,sample_power,4.277,W
threads_only,5:47,sample_process_cpu,435.329,% one core
threads_only,5:47,sample_free_ram,1.985,GiB
threads_only,5:47,sample_battery_temp,34.500,C
threads_only,5:47,sample_thermal_status,0,Android PowerManager status
threads_only,5:47,sample_cpu0_freq,1804,MHz
threads_only,5:47,sample_cpu1_freq,1804,MHz
threads_only,5:47,sample_cpu2_freq,1804,MHz
threads_only,5:47,sample_cpu3_freq,1804,MHz
threads_only,5:47,sample_cpu4_freq,2208,MHz
threads_only,5:47,sample_cpu5_freq,2208,MHz
threads_only,5:47,sample_cpu6_freq,2208,MHz
threads_only,5:47,sample_cpu7_freq,2304,MHz
threads_only,5:48,sample_elapsed,7560,ms
threads_only,5:48,sample_power,4.277,W
threads_only,5:48,sample_process_cpu,399.429,% one core
threads_only,5:48,sample_free_ram,1.984,GiB
threads_only,5:48,sample_battery_temp,34.500,C
threads_only,5:48,sample_thermal_status,0,Android PowerManager status
threads_only,5:48,sample_cpu0_freq,1804,MHz
threads_only,5:48,sample_cpu1_freq,1804,MHz
threads_only,5:48,sample_cpu2_freq,1804,MHz
threads_only,5:48,sample_cpu3_freq,1804,MHz
threads_only,5:48,sample_cpu4_freq,2208,MHz
threads_only,5:48,sample_cpu5_freq,2208,MHz
threads_only,5:48,sample_cpu6_freq,2208,MHz
threads_only,5:48,sample_cpu7_freq,2304,MHz
threads_only,5:49,sample_elapsed,7730,ms
threads_only,5:49,sample_power,4.277,W
threads_only,5:49,sample_process_cpu,382.941,% one core
threads_only,5:49,sample_free_ram,1.982,GiB
threads_only,5:49,sample_battery_temp,34.500,C
threads_only,5:49,sample_thermal_status,0,Android PowerManager status
threads_only,5:49,sample_cpu0_freq,902,MHz
threads_only,5:49,sample_cpu1_freq,1593,MHz
threads_only,5:49,sample_cpu2_freq,1593,MHz
threads_only,5:49,sample_cpu3_freq,1593,MHz
threads_only,5:49,sample_cpu4_freq,2208,MHz
threads_only,5:49,sample_cpu5_freq,2208,MHz
threads_only,5:49,sample_cpu6_freq,2208,MHz
threads_only,5:49,sample_cpu7_freq,2304,MHz
threads_only,5:50,sample_elapsed,7900,ms
threads_only,5:50,sample_power,4.277,W
threads_only,5:50,sample_process_cpu,401.176,% one core
threads_only,5:50,sample_free_ram,1.982,GiB
threads_only,5:50,sample_battery_temp,34.500,C
threads_only,5:50,sample_thermal_status,0,Android PowerManager status
threads_only,5:50,sample_cpu0_freq,1017,MHz
threads_only,5:50,sample_cpu1_freq,1017,MHz
threads_only,5:50,sample_cpu2_freq,1017,MHz
threads_only,5:50,sample_cpu3_freq,1017,MHz
threads_only,5:50,sample_cpu4_freq,2208,MHz
threads_only,5:50,sample_cpu5_freq,2208,MHz
threads_only,5:50,sample_cpu6_freq,2208,MHz
threads_only,5:50,sample_cpu7_freq,2304,MHz
threads_only,5:51,sample_elapsed,8066,ms
threads_only,5:51,sample_power,4.277,W
threads_only,5:51,sample_process_cpu,399.398,% one core
threads_only,5:51,sample_free_ram,1.982,GiB
threads_only,5:51,sample_battery_temp,34.500,C
threads_only,5:51,sample_thermal_status,0,Android PowerManager status
threads_only,5:51,sample_cpu0_freq,1113,MHz
threads_only,5:51,sample_cpu1_freq,1113,MHz
threads_only,5:51,sample_cpu2_freq,1113,MHz
threads_only,5:51,sample_cpu3_freq,1113,MHz
threads_only,5:51,sample_cpu4_freq,2208,MHz
threads_only,5:51,sample_cpu5_freq,2208,MHz
threads_only,5:51,sample_cpu6_freq,2208,MHz
threads_only,5:51,sample_cpu7_freq,2304,MHz
threads_only,5:52,sample_elapsed,8232,ms
threads_only,5:52,sample_power,4.277,W
threads_only,5:52,sample_process_cpu,396.988,% one core
threads_only,5:52,sample_free_ram,1.982,GiB
threads_only,5:52,sample_battery_temp,34.500,C
threads_only,5:52,sample_thermal_status,0,Android PowerManager status
threads_only,5:52,sample_cpu0_freq,1017,MHz
threads_only,5:52,sample_cpu1_freq,1017,MHz
threads_only,5:52,sample_cpu2_freq,1017,MHz
threads_only,5:52,sample_cpu3_freq,1017,MHz
threads_only,5:52,sample_cpu4_freq,2208,MHz
threads_only,5:52,sample_cpu5_freq,2208,MHz
threads_only,5:52,sample_cpu6_freq,2208,MHz
threads_only,5:52,sample_cpu7_freq,2304,MHz
threads_only,5:53,sample_elapsed,8397,ms
threads_only,5:53,sample_power,4.277,W
threads_only,5:53,sample_process_cpu,407.879,% one core
threads_only,5:53,sample_free_ram,1.982,GiB
threads_only,5:53,sample_battery_temp,34.500,C
threads_only,5:53,sample_thermal_status,0,Android PowerManager status
threads_only,5:53,sample_cpu0_freq,1113,MHz
threads_only,5:53,sample_cpu1_freq,1113,MHz
threads_only,5:53,sample_cpu2_freq,1113,MHz
threads_only,5:53,sample_cpu3_freq,1113,MHz
threads_only,5:53,sample_cpu4_freq,2208,MHz
threads_only,5:53,sample_cpu5_freq,2208,MHz
threads_only,5:53,sample_cpu6_freq,2208,MHz
threads_only,5:53,sample_cpu7_freq,2304,MHz
threads_only,5:54,sample_elapsed,8564,ms
threads_only,5:54,sample_power,4.277,W
threads_only,5:54,sample_process_cpu,397.006,% one core
threads_only,5:54,sample_free_ram,1.982,GiB
threads_only,5:54,sample_battery_temp,34.500,C
threads_only,5:54,sample_thermal_status,0,Android PowerManager status
threads_only,5:54,sample_cpu0_freq,595,MHz
threads_only,5:54,sample_cpu1_freq,595,MHz
threads_only,5:54,sample_cpu2_freq,595,MHz
threads_only,5:54,sample_cpu3_freq,595,MHz
threads_only,5:54,sample_cpu4_freq,2208,MHz
threads_only,5:54,sample_cpu5_freq,2208,MHz
threads_only,5:54,sample_cpu6_freq,2208,MHz
threads_only,5:54,sample_cpu7_freq,2304,MHz
threads_only,5:55,sample_elapsed,8733,ms
threads_only,5:55,sample_power,4.277,W
threads_only,5:55,sample_process_cpu,398.817,% one core
threads_only,5:55,sample_free_ram,1.982,GiB
threads_only,5:55,sample_battery_temp,34.500,C
threads_only,5:55,sample_thermal_status,0,Android PowerManager status
threads_only,5:55,sample_cpu0_freq,1113,MHz
threads_only,5:55,sample_cpu1_freq,1113,MHz
threads_only,5:55,sample_cpu2_freq,1113,MHz
threads_only,5:55,sample_cpu3_freq,1113,MHz
threads_only,5:55,sample_cpu4_freq,2208,MHz
threads_only,5:55,sample_cpu5_freq,2208,MHz
threads_only,5:55,sample_cpu6_freq,2208,MHz
threads_only,5:55,sample_cpu7_freq,2304,MHz
threads_only,5:56,sample_elapsed,8898,ms
threads_only,5:56,sample_power,4.277,W
threads_only,5:56,sample_process_cpu,399.394,% one core
threads_only,5:56,sample_free_ram,1.982,GiB
threads_only,5:56,sample_battery_temp,34.500,C
threads_only,5:56,sample_thermal_status,0,Android PowerManager status
threads_only,5:56,sample_cpu0_freq,595,MHz
threads_only,5:56,sample_cpu1_freq,595,MHz
threads_only,5:56,sample_cpu2_freq,595,MHz
threads_only,5:56,sample_cpu3_freq,595,MHz
threads_only,5:56,sample_cpu4_freq,2208,MHz
threads_only,5:56,sample_cpu5_freq,2208,MHz
threads_only,5:56,sample_cpu6_freq,2208,MHz
threads_only,5:56,sample_cpu7_freq,2304,MHz
threads_only,5:57,sample_elapsed,9069,ms
threads_only,5:57,sample_power,4.277,W
threads_only,5:57,sample_process_cpu,388.889,% one core
threads_only,5:57,sample_free_ram,1.981,GiB
threads_only,5:57,sample_battery_temp,34.500,C
threads_only,5:57,sample_thermal_status,0,Android PowerManager status
threads_only,5:57,sample_cpu0_freq,1017,MHz
threads_only,5:57,sample_cpu1_freq,1017,MHz
threads_only,5:57,sample_cpu2_freq,1017,MHz
threads_only,5:57,sample_cpu3_freq,1017,MHz
threads_only,5:57,sample_cpu4_freq,2208,MHz
threads_only,5:57,sample_cpu5_freq,2208,MHz
threads_only,5:57,sample_cpu6_freq,2208,MHz
threads_only,5:57,sample_cpu7_freq,2304,MHz
threads_only,5:58,sample_elapsed,9236,ms
threads_only,5:58,sample_power,4.277,W
threads_only,5:58,sample_process_cpu,401.198,% one core
threads_only,5:58,sample_free_ram,1.981,GiB
threads_only,5:58,sample_battery_temp,34.500,C
threads_only,5:58,sample_thermal_status,0,Android PowerManager status
threads_only,5:58,sample_cpu0_freq,1804,MHz
threads_only,5:58,sample_cpu1_freq,1804,MHz
threads_only,5:58,sample_cpu2_freq,1804,MHz
threads_only,5:58,sample_cpu3_freq,1804,MHz
threads_only,5:58,sample_cpu4_freq,2208,MHz
threads_only,5:58,sample_cpu5_freq,2208,MHz
threads_only,5:58,sample_cpu6_freq,2208,MHz
threads_only,5:58,sample_cpu7_freq,2304,MHz
threads_only,5:59,sample_elapsed,9408,ms
threads_only,5:59,sample_power,4.277,W
threads_only,5:59,sample_process_cpu,401.163,% one core
threads_only,5:59,sample_free_ram,1.981,GiB
threads_only,5:59,sample_battery_temp,34.500,C
threads_only,5:59,sample_thermal_status,0,Android PowerManager status
threads_only,5:59,sample_cpu0_freq,902,MHz
threads_only,5:59,sample_cpu1_freq,902,MHz
threads_only,5:59,sample_cpu2_freq,902,MHz
threads_only,5:59,sample_cpu3_freq,902,MHz
threads_only,5:59,sample_cpu4_freq,2208,MHz
threads_only,5:59,sample_cpu5_freq,2208,MHz
threads_only,5:59,sample_cpu6_freq,2208,MHz
threads_only,5:59,sample_cpu7_freq,2304,MHz
threads_only,5:60,sample_elapsed,9572,ms
threads_only,5:60,sample_power,4.277,W
threads_only,5:60,sample_process_cpu,401.220,% one core
threads_only,5:60,sample_free_ram,1.980,GiB
threads_only,5:60,sample_battery_temp,34.500,C
threads_only,5:60,sample_thermal_status,0,Android PowerManager status
threads_only,5:60,sample_cpu0_freq,1497,MHz
threads_only,5:60,sample_cpu1_freq,1497,MHz
threads_only,5:60,sample_cpu2_freq,1497,MHz
threads_only,5:60,sample_cpu3_freq,1497,MHz
threads_only,5:60,sample_cpu4_freq,2208,MHz
threads_only,5:60,sample_cpu5_freq,2208,MHz
threads_only,5:60,sample_cpu6_freq,2208,MHz
threads_only,5:60,sample_cpu7_freq,2304,MHz
threads_only,5:61,sample_elapsed,9736,ms
threads_only,5:61,sample_power,4.277,W
threads_only,5:61,sample_process_cpu,396.951,% one core
threads_only,5:61,sample_free_ram,1.980,GiB
threads_only,5:61,sample_battery_temp,34.500,C
threads_only,5:61,sample_thermal_status,0,Android PowerManager status
threads_only,5:61,sample_cpu0_freq,1804,MHz
threads_only,5:61,sample_cpu1_freq,1804,MHz
threads_only,5:61,sample_cpu2_freq,1804,MHz
threads_only,5:61,sample_cpu3_freq,1804,MHz
threads_only,5:61,sample_cpu4_freq,2208,MHz
threads_only,5:61,sample_cpu5_freq,2208,MHz
threads_only,5:61,sample_cpu6_freq,2208,MHz
threads_only,5:61,sample_cpu7_freq,2304,MHz
threads_only,5:62,sample_elapsed,9900,ms
threads_only,5:62,sample_power,4.277,W
threads_only,5:62,sample_process_cpu,404.268,% one core
threads_only,5:62,sample_free_ram,1.980,GiB
threads_only,5:62,sample_battery_temp,34.500,C
threads_only,5:62,sample_thermal_status,0,Android PowerManager status
threads_only,5:62,sample_cpu0_freq,1593,MHz
threads_only,5:62,sample_cpu1_freq,1593,MHz
threads_only,5:62,sample_cpu2_freq,1593,MHz
threads_only,5:62,sample_cpu3_freq,1593,MHz
threads_only,5:62,sample_cpu4_freq,2208,MHz
threads_only,5:62,sample_cpu5_freq,2208,MHz
threads_only,5:62,sample_cpu6_freq,2208,MHz
threads_only,5:62,sample_cpu7_freq,2304,MHz
threads_only,5:63,sample_elapsed,10066,ms
threads_only,5:63,sample_power,4.277,W
threads_only,5:63,sample_process_cpu,393.373,% one core
threads_only,5:63,sample_free_ram,1.979,GiB
threads_only,5:63,sample_battery_temp,34.500,C
threads_only,5:63,sample_thermal_status,0,Android PowerManager status
threads_only,5:63,sample_cpu0_freq,1804,MHz
threads_only,5:63,sample_cpu1_freq,1804,MHz
threads_only,5:63,sample_cpu2_freq,1804,MHz
threads_only,5:63,sample_cpu3_freq,1804,MHz
threads_only,5:63,sample_cpu4_freq,2208,MHz
threads_only,5:63,sample_cpu5_freq,2208,MHz
threads_only,5:63,sample_cpu6_freq,2208,MHz
threads_only,5:63,sample_cpu7_freq,2304,MHz
threads_only,5:64,sample_elapsed,10228,ms
threads_only,5:64,sample_power,4.277,W
threads_only,5:64,sample_process_cpu,403.086,% one core
threads_only,5:64,sample_free_ram,1.979,GiB
threads_only,5:64,sample_battery_temp,34.500,C
threads_only,5:64,sample_thermal_status,0,Android PowerManager status
threads_only,5:64,sample_cpu0_freq,595,MHz
threads_only,5:64,sample_cpu1_freq,595,MHz
threads_only,5:64,sample_cpu2_freq,595,MHz
threads_only,5:64,sample_cpu3_freq,595,MHz
threads_only,5:64,sample_cpu4_freq,2208,MHz
threads_only,5:64,sample_cpu5_freq,2208,MHz
threads_only,5:64,sample_cpu6_freq,2208,MHz
threads_only,5:64,sample_cpu7_freq,2304,MHz
threads_only,5:65,sample_elapsed,10399,ms
threads_only,5:65,sample_power,4.277,W
threads_only,5:65,sample_process_cpu,399.415,% one core
threads_only,5:65,sample_free_ram,1.979,GiB
threads_only,5:65,sample_battery_temp,34.500,C
threads_only,5:65,sample_thermal_status,0,Android PowerManager status
threads_only,5:65,sample_cpu0_freq,595,MHz
threads_only,5:65,sample_cpu1_freq,595,MHz
threads_only,5:65,sample_cpu2_freq,595,MHz
threads_only,5:65,sample_cpu3_freq,595,MHz
threads_only,5:65,sample_cpu4_freq,2208,MHz
threads_only,5:65,sample_cpu5_freq,2208,MHz
threads_only,5:65,sample_cpu6_freq,2208,MHz
threads_only,5:65,sample_cpu7_freq,2304,MHz
threads_only,5:66,sample_elapsed,10567,ms
threads_only,5:66,sample_power,4.277,W
threads_only,5:66,sample_process_cpu,400.000,% one core
threads_only,5:66,sample_free_ram,1.979,GiB
threads_only,5:66,sample_battery_temp,34.500,C
threads_only,5:66,sample_thermal_status,0,Android PowerManager status
threads_only,5:66,sample_cpu0_freq,787,MHz
threads_only,5:66,sample_cpu1_freq,787,MHz
threads_only,5:66,sample_cpu2_freq,787,MHz
threads_only,5:66,sample_cpu3_freq,787,MHz
threads_only,5:66,sample_cpu4_freq,2208,MHz
threads_only,5:66,sample_cpu5_freq,2208,MHz
threads_only,5:66,sample_cpu6_freq,2208,MHz
threads_only,5:66,sample_cpu7_freq,2304,MHz
threads_only,5:67,sample_elapsed,10739,ms
threads_only,5:67,sample_power,4.277,W
threads_only,5:67,sample_process_cpu,401.744,% one core
threads_only,5:67,sample_free_ram,1.978,GiB
threads_only,5:67,sample_battery_temp,34.500,C
threads_only,5:67,sample_thermal_status,0,Android PowerManager status
threads_only,5:67,sample_cpu0_freq,1113,MHz
threads_only,5:67,sample_cpu1_freq,1113,MHz
threads_only,5:67,sample_cpu2_freq,1113,MHz
threads_only,5:67,sample_cpu3_freq,1113,MHz
threads_only,5:67,sample_cpu4_freq,2208,MHz
threads_only,5:67,sample_cpu5_freq,2208,MHz
threads_only,5:67,sample_cpu6_freq,2208,MHz
threads_only,5:67,sample_cpu7_freq,2304,MHz
threads_only,5:68,sample_elapsed,10907,ms
threads_only,5:68,sample_power,4.277,W
threads_only,5:68,sample_process_cpu,400.595,% one core
threads_only,5:68,sample_free_ram,1.978,GiB
threads_only,5:68,sample_battery_temp,34.500,C
threads_only,5:68,sample_thermal_status,0,Android PowerManager status
threads_only,5:68,sample_cpu0_freq,1113,MHz
threads_only,5:68,sample_cpu1_freq,1113,MHz
threads_only,5:68,sample_cpu2_freq,1113,MHz
threads_only,5:68,sample_cpu3_freq,1113,MHz
threads_only,5:68,sample_cpu4_freq,2208,MHz
threads_only,5:68,sample_cpu5_freq,2208,MHz
threads_only,5:68,sample_cpu6_freq,2208,MHz
threads_only,5:68,sample_cpu7_freq,2304,MHz
threads_only,5:69,sample_elapsed,11078,ms
threads_only,5:69,sample_power,4.277,W
threads_only,5:69,sample_process_cpu,394.737,% one core
threads_only,5:69,sample_free_ram,1.978,GiB
threads_only,5:69,sample_battery_temp,34.500,C
threads_only,5:69,sample_thermal_status,0,Android PowerManager status
threads_only,5:69,sample_cpu0_freq,1804,MHz
threads_only,5:69,sample_cpu1_freq,1804,MHz
threads_only,5:69,sample_cpu2_freq,1804,MHz
threads_only,5:69,sample_cpu3_freq,1804,MHz
threads_only,5:69,sample_cpu4_freq,2208,MHz
threads_only,5:69,sample_cpu5_freq,2208,MHz
threads_only,5:69,sample_cpu6_freq,2208,MHz
threads_only,5:69,sample_cpu7_freq,2304,MHz
threads_only,5:70,sample_elapsed,11243,ms
threads_only,5:70,sample_power,4.277,W
threads_only,5:70,sample_process_cpu,426.061,% one core
threads_only,5:70,sample_free_ram,1.978,GiB
threads_only,5:70,sample_battery_temp,34.500,C
threads_only,5:70,sample_thermal_status,0,Android PowerManager status
threads_only,5:70,sample_cpu0_freq,595,MHz
threads_only,5:70,sample_cpu1_freq,595,MHz
threads_only,5:70,sample_cpu2_freq,1113,MHz
threads_only,5:70,sample_cpu3_freq,1113,MHz
threads_only,5:70,sample_cpu4_freq,2208,MHz
threads_only,5:70,sample_cpu5_freq,2208,MHz
threads_only,5:70,sample_cpu6_freq,2208,MHz
threads_only,5:70,sample_cpu7_freq,2304,MHz
threads_only,5:71,sample_elapsed,11408,ms
threads_only,5:71,sample_power,4.277,W
threads_only,5:71,sample_process_cpu,396.364,% one core
threads_only,5:71,sample_free_ram,1.978,GiB
threads_only,5:71,sample_battery_temp,34.500,C
threads_only,5:71,sample_thermal_status,0,Android PowerManager status
threads_only,5:71,sample_cpu0_freq,1804,MHz
threads_only,5:71,sample_cpu1_freq,1804,MHz
threads_only,5:71,sample_cpu2_freq,1804,MHz
threads_only,5:71,sample_cpu3_freq,1804,MHz
threads_only,5:71,sample_cpu4_freq,2208,MHz
threads_only,5:71,sample_cpu5_freq,2208,MHz
threads_only,5:71,sample_cpu6_freq,2208,MHz
threads_only,5:71,sample_cpu7_freq,2304,MHz
threads_only,5:72,sample_elapsed,11577,ms
threads_only,5:72,sample_power,4.277,W
threads_only,5:72,sample_process_cpu,401.775,% one core
threads_only,5:72,sample_free_ram,1.978,GiB
threads_only,5:72,sample_battery_temp,34.500,C
threads_only,5:72,sample_thermal_status,0,Android PowerManager status
threads_only,5:72,sample_cpu0_freq,787,MHz
threads_only,5:72,sample_cpu1_freq,787,MHz
threads_only,5:72,sample_cpu2_freq,1497,MHz
threads_only,5:72,sample_cpu3_freq,1497,MHz
threads_only,5:72,sample_cpu4_freq,2208,MHz
threads_only,5:72,sample_cpu5_freq,2208,MHz
threads_only,5:72,sample_cpu6_freq,2208,MHz
threads_only,5:72,sample_cpu7_freq,2304,MHz
threads_only,median,pp,129.000,tok/s
threads_only,stddev,pp,22.436,tok/s
threads_only,median,tg,17.400,tok/s
threads_only,stddev,tg,0.332,tok/s
threads_only,median,power,2.520,W
threads_only,stddev,power,0.903,W
threads_only,median,tok_per_w,6.800,tok/W
threads_only,stddev,tok_per_w,1.820,tok/W
threads_only,median,ttft_pp512_derived,4026.464,ms
threads_only,stddev,ttft_pp512_derived,482.849,ms
threads_only,median,start_temp,34.500,C
threads_only,stddev,start_temp,0.000,C
threads_only,median,average_process_cpu,397.343,% one core
threads_only,stddev,average_process_cpu,21.477,% one core
threads_only,median,minimum_free_ram,1.959,GiB
threads_only,stddev,minimum_free_ram,0.022,GiB
threads_only,median,peak_battery_temp,34.500,C
threads_only,stddev,peak_battery_temp,0.000,C
threads_only,median,mean_perf_core_clock,2232.000,MHz
threads_only,stddev,mean_perf_core_clock,0.000,MHz
threads_only,median,mean_little_core_clock,1427.772,MHz
threads_only,stddev,mean_little_core_clock,210.488,MHz
optimized,1,pp,129.000,tok/s
optimized,1,tg,17.100,tok/s
optimized,1,power,1.560,W
optimized,1,tok_per_w,10.963,tok/W
optimized,1,ttft_pp512_derived,4027.472,ms
optimized,1,start_temp,34.500,C
optimized,1,average_process_cpu,397.893,% one core
optimized,1,minimum_free_ram,1.961,GiB
optimized,1,peak_battery_temp,34.500,C
optimized,1,peak_thermal_status,0,Android PowerManager status
optimized,1:1,sample_elapsed,0,ms
optimized,1:1,sample_power,0.846,W
optimized,1:1,sample_process_cpu,0.000,% one core
optimized,1:1,sample_free_ram,2.046,GiB
optimized,1:1,sample_battery_temp,34.500,C
optimized,1:1,sample_thermal_status,0,Android PowerManager status
optimized,1:1,sample_cpu0_freq,1497,MHz
optimized,1:1,sample_cpu1_freq,1497,MHz
optimized,1:1,sample_cpu2_freq,1497,MHz
optimized,1:1,sample_cpu3_freq,1497,MHz
optimized,1:1,sample_cpu4_freq,633,MHz
optimized,1:1,sample_cpu5_freq,633,MHz
optimized,1:1,sample_cpu6_freq,633,MHz
optimized,1:1,sample_cpu7_freq,633,MHz
optimized,1:2,sample_elapsed,158,ms
optimized,1:2,sample_power,1.229,W
optimized,1:2,sample_process_cpu,336.709,% one core
optimized,1:2,sample_free_ram,2.009,GiB
optimized,1:2,sample_battery_temp,34.500,C
optimized,1:2,sample_thermal_status,0,Android PowerManager status
optimized,1:2,sample_cpu0_freq,1804,MHz
optimized,1:2,sample_cpu1_freq,1804,MHz
optimized,1:2,sample_cpu2_freq,1804,MHz
optimized,1:2,sample_cpu3_freq,1804,MHz
optimized,1:2,sample_cpu4_freq,2208,MHz
optimized,1:2,sample_cpu5_freq,2208,MHz
optimized,1:2,sample_cpu6_freq,2208,MHz
optimized,1:2,sample_cpu7_freq,2304,MHz
optimized,1:3,sample_elapsed,312,ms
optimized,1:3,sample_power,1.229,W
optimized,1:3,sample_process_cpu,390.260,% one core
optimized,1:3,sample_free_ram,1.974,GiB
optimized,1:3,sample_battery_temp,34.500,C
optimized,1:3,sample_thermal_status,0,Android PowerManager status
optimized,1:3,sample_cpu0_freq,1804,MHz
optimized,1:3,sample_cpu1_freq,1804,MHz
optimized,1:3,sample_cpu2_freq,1804,MHz
optimized,1:3,sample_cpu3_freq,1804,MHz
optimized,1:3,sample_cpu4_freq,2208,MHz
optimized,1:3,sample_cpu5_freq,2208,MHz
optimized,1:3,sample_cpu6_freq,2208,MHz
optimized,1:3,sample_cpu7_freq,2304,MHz
optimized,1:4,sample_elapsed,466,ms
optimized,1:4,sample_power,1.229,W
optimized,1:4,sample_process_cpu,400.649,% one core
optimized,1:4,sample_free_ram,1.973,GiB
optimized,1:4,sample_battery_temp,34.500,C
optimized,1:4,sample_thermal_status,0,Android PowerManager status
optimized,1:4,sample_cpu0_freq,1804,MHz
optimized,1:4,sample_cpu1_freq,1804,MHz
optimized,1:4,sample_cpu2_freq,1804,MHz
optimized,1:4,sample_cpu3_freq,1804,MHz
optimized,1:4,sample_cpu4_freq,2208,MHz
optimized,1:4,sample_cpu5_freq,2208,MHz
optimized,1:4,sample_cpu6_freq,2208,MHz
optimized,1:4,sample_cpu7_freq,2304,MHz
optimized,1:5,sample_elapsed,647,ms
optimized,1:5,sample_power,1.229,W
optimized,1:5,sample_process_cpu,408.840,% one core
optimized,1:5,sample_free_ram,1.972,GiB
optimized,1:5,sample_battery_temp,34.500,C
optimized,1:5,sample_thermal_status,0,Android PowerManager status
optimized,1:5,sample_cpu0_freq,1804,MHz
optimized,1:5,sample_cpu1_freq,1804,MHz
optimized,1:5,sample_cpu2_freq,1804,MHz
optimized,1:5,sample_cpu3_freq,1804,MHz
optimized,1:5,sample_cpu4_freq,2208,MHz
optimized,1:5,sample_cpu5_freq,2208,MHz
optimized,1:5,sample_cpu6_freq,2208,MHz
optimized,1:5,sample_cpu7_freq,2304,MHz
optimized,1:6,sample_elapsed,800,ms
optimized,1:6,sample_power,1.229,W
optimized,1:6,sample_process_cpu,394.771,% one core
optimized,1:6,sample_free_ram,1.971,GiB
optimized,1:6,sample_battery_temp,34.500,C
optimized,1:6,sample_thermal_status,0,Android PowerManager status
optimized,1:6,sample_cpu0_freq,1804,MHz
optimized,1:6,sample_cpu1_freq,1804,MHz
optimized,1:6,sample_cpu2_freq,1804,MHz
optimized,1:6,sample_cpu3_freq,1804,MHz
optimized,1:6,sample_cpu4_freq,2208,MHz
optimized,1:6,sample_cpu5_freq,2208,MHz
optimized,1:6,sample_cpu6_freq,2208,MHz
optimized,1:6,sample_cpu7_freq,2304,MHz
optimized,1:7,sample_elapsed,954,ms
optimized,1:7,sample_power,1.229,W
optimized,1:7,sample_process_cpu,400.000,% one core
optimized,1:7,sample_free_ram,1.971,GiB
optimized,1:7,sample_battery_temp,34.500,C
optimized,1:7,sample_thermal_status,0,Android PowerManager status
optimized,1:7,sample_cpu0_freq,1804,MHz
optimized,1:7,sample_cpu1_freq,1804,MHz
optimized,1:7,sample_cpu2_freq,1804,MHz
optimized,1:7,sample_cpu3_freq,1804,MHz
optimized,1:7,sample_cpu4_freq,2208,MHz
optimized,1:7,sample_cpu5_freq,2208,MHz
optimized,1:7,sample_cpu6_freq,2208,MHz
optimized,1:7,sample_cpu7_freq,2304,MHz
optimized,1:8,sample_elapsed,1107,ms
optimized,1:8,sample_power,1.229,W
optimized,1:8,sample_process_cpu,394.771,% one core
optimized,1:8,sample_free_ram,1.971,GiB
optimized,1:8,sample_battery_temp,34.500,C
optimized,1:8,sample_thermal_status,0,Android PowerManager status
optimized,1:8,sample_cpu0_freq,1804,MHz
optimized,1:8,sample_cpu1_freq,1804,MHz
optimized,1:8,sample_cpu2_freq,1804,MHz
optimized,1:8,sample_cpu3_freq,1804,MHz
optimized,1:8,sample_cpu4_freq,2208,MHz
optimized,1:8,sample_cpu5_freq,2208,MHz
optimized,1:8,sample_cpu6_freq,2208,MHz
optimized,1:8,sample_cpu7_freq,2304,MHz
optimized,1:9,sample_elapsed,1262,ms
optimized,1:9,sample_power,1.229,W
optimized,1:9,sample_process_cpu,396.774,% one core
optimized,1:9,sample_free_ram,1.971,GiB
optimized,1:9,sample_battery_temp,34.500,C
optimized,1:9,sample_thermal_status,0,Android PowerManager status
optimized,1:9,sample_cpu0_freq,1804,MHz
optimized,1:9,sample_cpu1_freq,1804,MHz
optimized,1:9,sample_cpu2_freq,1804,MHz
optimized,1:9,sample_cpu3_freq,1804,MHz
optimized,1:9,sample_cpu4_freq,2208,MHz
optimized,1:9,sample_cpu5_freq,2208,MHz
optimized,1:9,sample_cpu6_freq,2208,MHz
optimized,1:9,sample_cpu7_freq,2304,MHz
optimized,1:10,sample_elapsed,1416,ms
optimized,1:10,sample_power,1.229,W
optimized,1:10,sample_process_cpu,390.909,% one core
optimized,1:10,sample_free_ram,1.971,GiB
optimized,1:10,sample_battery_temp,34.500,C
optimized,1:10,sample_thermal_status,0,Android PowerManager status
optimized,1:10,sample_cpu0_freq,1804,MHz
optimized,1:10,sample_cpu1_freq,1804,MHz
optimized,1:10,sample_cpu2_freq,1804,MHz
optimized,1:10,sample_cpu3_freq,1804,MHz
optimized,1:10,sample_cpu4_freq,2208,MHz
optimized,1:10,sample_cpu5_freq,2208,MHz
optimized,1:10,sample_cpu6_freq,2208,MHz
optimized,1:10,sample_cpu7_freq,2304,MHz
optimized,1:11,sample_elapsed,1570,ms
optimized,1:11,sample_power,1.229,W
optimized,1:11,sample_process_cpu,401.948,% one core
optimized,1:11,sample_free_ram,1.971,GiB
optimized,1:11,sample_battery_temp,34.500,C
optimized,1:11,sample_thermal_status,0,Android PowerManager status
optimized,1:11,sample_cpu0_freq,1804,MHz
optimized,1:11,sample_cpu1_freq,1804,MHz
optimized,1:11,sample_cpu2_freq,1804,MHz
optimized,1:11,sample_cpu3_freq,1804,MHz
optimized,1:11,sample_cpu4_freq,2208,MHz
optimized,1:11,sample_cpu5_freq,2208,MHz
optimized,1:11,sample_cpu6_freq,2208,MHz
optimized,1:11,sample_cpu7_freq,2304,MHz
optimized,1:12,sample_elapsed,1725,ms
optimized,1:12,sample_power,1.229,W
optimized,1:12,sample_process_cpu,387.097,% one core
optimized,1:12,sample_free_ram,1.971,GiB
optimized,1:12,sample_battery_temp,34.500,C
optimized,1:12,sample_thermal_status,0,Android PowerManager status
optimized,1:12,sample_cpu0_freq,1804,MHz
optimized,1:12,sample_cpu1_freq,1804,MHz
optimized,1:12,sample_cpu2_freq,1804,MHz
optimized,1:12,sample_cpu3_freq,1804,MHz
optimized,1:12,sample_cpu4_freq,2208,MHz
optimized,1:12,sample_cpu5_freq,2208,MHz
optimized,1:12,sample_cpu6_freq,2208,MHz
optimized,1:12,sample_cpu7_freq,2304,MHz
optimized,1:13,sample_elapsed,1879,ms
optimized,1:13,sample_power,1.229,W
optimized,1:13,sample_process_cpu,403.896,% one core
optimized,1:13,sample_free_ram,1.971,GiB
optimized,1:13,sample_battery_temp,34.500,C
optimized,1:13,sample_thermal_status,0,Android PowerManager status
optimized,1:13,sample_cpu0_freq,1804,MHz
optimized,1:13,sample_cpu1_freq,1804,MHz
optimized,1:13,sample_cpu2_freq,1804,MHz
optimized,1:13,sample_cpu3_freq,1804,MHz
optimized,1:13,sample_cpu4_freq,2208,MHz
optimized,1:13,sample_cpu5_freq,2208,MHz
optimized,1:13,sample_cpu6_freq,2208,MHz
optimized,1:13,sample_cpu7_freq,2304,MHz
optimized,1:14,sample_elapsed,2032,ms
optimized,1:14,sample_power,1.229,W
optimized,1:14,sample_process_cpu,391.503,% one core
optimized,1:14,sample_free_ram,1.971,GiB
optimized,1:14,sample_battery_temp,34.500,C
optimized,1:14,sample_thermal_status,0,Android PowerManager status
optimized,1:14,sample_cpu0_freq,1804,MHz
optimized,1:14,sample_cpu1_freq,1804,MHz
optimized,1:14,sample_cpu2_freq,1804,MHz
optimized,1:14,sample_cpu3_freq,1804,MHz
optimized,1:14,sample_cpu4_freq,2208,MHz
optimized,1:14,sample_cpu5_freq,2208,MHz
optimized,1:14,sample_cpu6_freq,2208,MHz
optimized,1:14,sample_cpu7_freq,2304,MHz
optimized,1:15,sample_elapsed,2186,ms
optimized,1:15,sample_power,1.229,W
optimized,1:15,sample_process_cpu,401.299,% one core
optimized,1:15,sample_free_ram,1.971,GiB
optimized,1:15,sample_battery_temp,34.500,C
optimized,1:15,sample_thermal_status,0,Android PowerManager status
optimized,1:15,sample_cpu0_freq,1804,MHz
optimized,1:15,sample_cpu1_freq,1804,MHz
optimized,1:15,sample_cpu2_freq,1804,MHz
optimized,1:15,sample_cpu3_freq,1804,MHz
optimized,1:15,sample_cpu4_freq,2208,MHz
optimized,1:15,sample_cpu5_freq,2208,MHz
optimized,1:15,sample_cpu6_freq,2208,MHz
optimized,1:15,sample_cpu7_freq,2304,MHz
optimized,1:16,sample_elapsed,2340,ms
optimized,1:16,sample_power,1.229,W
optimized,1:16,sample_process_cpu,390.260,% one core
optimized,1:16,sample_free_ram,1.970,GiB
optimized,1:16,sample_battery_temp,34.500,C
optimized,1:16,sample_thermal_status,0,Android PowerManager status
optimized,1:16,sample_cpu0_freq,1804,MHz
optimized,1:16,sample_cpu1_freq,1804,MHz
optimized,1:16,sample_cpu2_freq,1804,MHz
optimized,1:16,sample_cpu3_freq,1804,MHz
optimized,1:16,sample_cpu4_freq,2208,MHz
optimized,1:16,sample_cpu5_freq,2208,MHz
optimized,1:16,sample_cpu6_freq,2208,MHz
optimized,1:16,sample_cpu7_freq,2304,MHz
optimized,1:17,sample_elapsed,2493,ms
optimized,1:17,sample_power,1.229,W
optimized,1:17,sample_process_cpu,398.039,% one core
optimized,1:17,sample_free_ram,1.970,GiB
optimized,1:17,sample_battery_temp,34.500,C
optimized,1:17,sample_thermal_status,0,Android PowerManager status
optimized,1:17,sample_cpu0_freq,1804,MHz
optimized,1:17,sample_cpu1_freq,1804,MHz
optimized,1:17,sample_cpu2_freq,1804,MHz
optimized,1:17,sample_cpu3_freq,1804,MHz
optimized,1:17,sample_cpu4_freq,2208,MHz
optimized,1:17,sample_cpu5_freq,2208,MHz
optimized,1:17,sample_cpu6_freq,2208,MHz
optimized,1:17,sample_cpu7_freq,2304,MHz
optimized,1:18,sample_elapsed,2648,ms
optimized,1:18,sample_power,1.229,W
optimized,1:18,sample_process_cpu,395.484,% one core
optimized,1:18,sample_free_ram,1.970,GiB
optimized,1:18,sample_battery_temp,34.500,C
optimized,1:18,sample_thermal_status,0,Android PowerManager status
optimized,1:18,sample_cpu0_freq,1804,MHz
optimized,1:18,sample_cpu1_freq,1804,MHz
optimized,1:18,sample_cpu2_freq,1804,MHz
optimized,1:18,sample_cpu3_freq,1804,MHz
optimized,1:18,sample_cpu4_freq,2208,MHz
optimized,1:18,sample_cpu5_freq,2208,MHz
optimized,1:18,sample_cpu6_freq,2208,MHz
optimized,1:18,sample_cpu7_freq,2304,MHz
optimized,1:19,sample_elapsed,2801,ms
optimized,1:19,sample_power,1.229,W
optimized,1:19,sample_process_cpu,398.039,% one core
optimized,1:19,sample_free_ram,1.970,GiB
optimized,1:19,sample_battery_temp,34.500,C
optimized,1:19,sample_thermal_status,0,Android PowerManager status
optimized,1:19,sample_cpu0_freq,1804,MHz
optimized,1:19,sample_cpu1_freq,1804,MHz
optimized,1:19,sample_cpu2_freq,1804,MHz
optimized,1:19,sample_cpu3_freq,1804,MHz
optimized,1:19,sample_cpu4_freq,2208,MHz
optimized,1:19,sample_cpu5_freq,2208,MHz
optimized,1:19,sample_cpu6_freq,2208,MHz
optimized,1:19,sample_cpu7_freq,2304,MHz
optimized,1:20,sample_elapsed,2956,ms
optimized,1:20,sample_power,1.229,W
optimized,1:20,sample_process_cpu,394.839,% one core
optimized,1:20,sample_free_ram,1.970,GiB
optimized,1:20,sample_battery_temp,34.500,C
optimized,1:20,sample_thermal_status,0,Android PowerManager status
optimized,1:20,sample_cpu0_freq,1804,MHz
optimized,1:20,sample_cpu1_freq,1804,MHz
optimized,1:20,sample_cpu2_freq,1804,MHz
optimized,1:20,sample_cpu3_freq,1804,MHz
optimized,1:20,sample_cpu4_freq,2208,MHz
optimized,1:20,sample_cpu5_freq,2208,MHz
optimized,1:20,sample_cpu6_freq,2208,MHz
optimized,1:20,sample_cpu7_freq,2304,MHz
optimized,1:21,sample_elapsed,3111,ms
optimized,1:21,sample_power,1.229,W
optimized,1:21,sample_process_cpu,394.194,% one core
optimized,1:21,sample_free_ram,1.970,GiB
optimized,1:21,sample_battery_temp,34.500,C
optimized,1:21,sample_thermal_status,0,Android PowerManager status
optimized,1:21,sample_cpu0_freq,1804,MHz
optimized,1:21,sample_cpu1_freq,1804,MHz
optimized,1:21,sample_cpu2_freq,1804,MHz
optimized,1:21,sample_cpu3_freq,1804,MHz
optimized,1:21,sample_cpu4_freq,2208,MHz
optimized,1:21,sample_cpu5_freq,2208,MHz
optimized,1:21,sample_cpu6_freq,2208,MHz
optimized,1:21,sample_cpu7_freq,2304,MHz
optimized,1:22,sample_elapsed,3265,ms
optimized,1:22,sample_power,1.229,W
optimized,1:22,sample_process_cpu,391.558,% one core
optimized,1:22,sample_free_ram,1.969,GiB
optimized,1:22,sample_battery_temp,34.500,C
optimized,1:22,sample_thermal_status,0,Android PowerManager status
optimized,1:22,sample_cpu0_freq,1804,MHz
optimized,1:22,sample_cpu1_freq,1804,MHz
optimized,1:22,sample_cpu2_freq,1804,MHz
optimized,1:22,sample_cpu3_freq,1804,MHz
optimized,1:22,sample_cpu4_freq,2208,MHz
optimized,1:22,sample_cpu5_freq,2208,MHz
optimized,1:22,sample_cpu6_freq,2208,MHz
optimized,1:22,sample_cpu7_freq,2304,MHz
optimized,1:23,sample_elapsed,3419,ms
optimized,1:23,sample_power,1.229,W
optimized,1:23,sample_process_cpu,398.701,% one core
optimized,1:23,sample_free_ram,1.969,GiB
optimized,1:23,sample_battery_temp,34.500,C
optimized,1:23,sample_thermal_status,0,Android PowerManager status
optimized,1:23,sample_cpu0_freq,1804,MHz
optimized,1:23,sample_cpu1_freq,1804,MHz
optimized,1:23,sample_cpu2_freq,1804,MHz
optimized,1:23,sample_cpu3_freq,1804,MHz
optimized,1:23,sample_cpu4_freq,2208,MHz
optimized,1:23,sample_cpu5_freq,2208,MHz
optimized,1:23,sample_cpu6_freq,2208,MHz
optimized,1:23,sample_cpu7_freq,2304,MHz
optimized,1:24,sample_elapsed,3573,ms
optimized,1:24,sample_power,1.229,W
optimized,1:24,sample_process_cpu,392.857,% one core
optimized,1:24,sample_free_ram,1.969,GiB
optimized,1:24,sample_battery_temp,34.500,C
optimized,1:24,sample_thermal_status,0,Android PowerManager status
optimized,1:24,sample_cpu0_freq,1804,MHz
optimized,1:24,sample_cpu1_freq,1804,MHz
optimized,1:24,sample_cpu2_freq,1804,MHz
optimized,1:24,sample_cpu3_freq,1804,MHz
optimized,1:24,sample_cpu4_freq,2208,MHz
optimized,1:24,sample_cpu5_freq,2208,MHz
optimized,1:24,sample_cpu6_freq,2208,MHz
optimized,1:24,sample_cpu7_freq,2304,MHz
optimized,1:25,sample_elapsed,3727,ms
optimized,1:25,sample_power,1.229,W
optimized,1:25,sample_process_cpu,398.701,% one core
optimized,1:25,sample_free_ram,1.969,GiB
optimized,1:25,sample_battery_temp,34.500,C
optimized,1:25,sample_thermal_status,0,Android PowerManager status
optimized,1:25,sample_cpu0_freq,1804,MHz
optimized,1:25,sample_cpu1_freq,1804,MHz
optimized,1:25,sample_cpu2_freq,1804,MHz
optimized,1:25,sample_cpu3_freq,1804,MHz
optimized,1:25,sample_cpu4_freq,2208,MHz
optimized,1:25,sample_cpu5_freq,2208,MHz
optimized,1:25,sample_cpu6_freq,2208,MHz
optimized,1:25,sample_cpu7_freq,2304,MHz
optimized,1:26,sample_elapsed,3881,ms
optimized,1:26,sample_power,1.229,W
optimized,1:26,sample_process_cpu,390.260,% one core
optimized,1:26,sample_free_ram,1.969,GiB
optimized,1:26,sample_battery_temp,34.500,C
optimized,1:26,sample_thermal_status,0,Android PowerManager status
optimized,1:26,sample_cpu0_freq,1804,MHz
optimized,1:26,sample_cpu1_freq,1804,MHz
optimized,1:26,sample_cpu2_freq,1804,MHz
optimized,1:26,sample_cpu3_freq,1804,MHz
optimized,1:26,sample_cpu4_freq,2208,MHz
optimized,1:26,sample_cpu5_freq,2208,MHz
optimized,1:26,sample_cpu6_freq,2208,MHz
optimized,1:26,sample_cpu7_freq,2304,MHz
optimized,1:27,sample_elapsed,4036,ms
optimized,1:27,sample_power,1.229,W
optimized,1:27,sample_process_cpu,412.258,% one core
optimized,1:27,sample_free_ram,1.969,GiB
optimized,1:27,sample_battery_temp,34.500,C
optimized,1:27,sample_thermal_status,0,Android PowerManager status
optimized,1:27,sample_cpu0_freq,1804,MHz
optimized,1:27,sample_cpu1_freq,1804,MHz
optimized,1:27,sample_cpu2_freq,1804,MHz
optimized,1:27,sample_cpu3_freq,1804,MHz
optimized,1:27,sample_cpu4_freq,2208,MHz
optimized,1:27,sample_cpu5_freq,2208,MHz
optimized,1:27,sample_cpu6_freq,2208,MHz
optimized,1:27,sample_cpu7_freq,2304,MHz
optimized,1:28,sample_elapsed,4197,ms
optimized,1:28,sample_power,1.229,W
optimized,1:28,sample_process_cpu,392.547,% one core
optimized,1:28,sample_free_ram,1.969,GiB
optimized,1:28,sample_battery_temp,34.500,C
optimized,1:28,sample_thermal_status,0,Android PowerManager status
optimized,1:28,sample_cpu0_freq,1804,MHz
optimized,1:28,sample_cpu1_freq,1804,MHz
optimized,1:28,sample_cpu2_freq,1804,MHz
optimized,1:28,sample_cpu3_freq,1804,MHz
optimized,1:28,sample_cpu4_freq,2208,MHz
optimized,1:28,sample_cpu5_freq,2208,MHz
optimized,1:28,sample_cpu6_freq,2208,MHz
optimized,1:28,sample_cpu7_freq,2304,MHz
optimized,1:29,sample_elapsed,4353,ms
optimized,1:29,sample_power,1.229,W
optimized,1:29,sample_process_cpu,417.949,% one core
optimized,1:29,sample_free_ram,1.968,GiB
optimized,1:29,sample_battery_temp,34.500,C
optimized,1:29,sample_thermal_status,0,Android PowerManager status
optimized,1:29,sample_cpu0_freq,1804,MHz
optimized,1:29,sample_cpu1_freq,1804,MHz
optimized,1:29,sample_cpu2_freq,1804,MHz
optimized,1:29,sample_cpu3_freq,1804,MHz
optimized,1:29,sample_cpu4_freq,2208,MHz
optimized,1:29,sample_cpu5_freq,2208,MHz
optimized,1:29,sample_cpu6_freq,2208,MHz
optimized,1:29,sample_cpu7_freq,2304,MHz
optimized,1:30,sample_elapsed,4514,ms
optimized,1:30,sample_power,1.229,W
optimized,1:30,sample_process_cpu,388.820,% one core
optimized,1:30,sample_free_ram,1.968,GiB
optimized,1:30,sample_battery_temp,34.500,C
optimized,1:30,sample_thermal_status,0,Android PowerManager status
optimized,1:30,sample_cpu0_freq,1804,MHz
optimized,1:30,sample_cpu1_freq,1804,MHz
optimized,1:30,sample_cpu2_freq,1804,MHz
optimized,1:30,sample_cpu3_freq,1804,MHz
optimized,1:30,sample_cpu4_freq,2208,MHz
optimized,1:30,sample_cpu5_freq,2208,MHz
optimized,1:30,sample_cpu6_freq,2208,MHz
optimized,1:30,sample_cpu7_freq,2304,MHz
optimized,1:31,sample_elapsed,4669,ms
optimized,1:31,sample_power,1.229,W
optimized,1:31,sample_process_cpu,400.000,% one core
optimized,1:31,sample_free_ram,1.968,GiB
optimized,1:31,sample_battery_temp,34.500,C
optimized,1:31,sample_thermal_status,0,Android PowerManager status
optimized,1:31,sample_cpu0_freq,1804,MHz
optimized,1:31,sample_cpu1_freq,1804,MHz
optimized,1:31,sample_cpu2_freq,1804,MHz
optimized,1:31,sample_cpu3_freq,1804,MHz
optimized,1:31,sample_cpu4_freq,2208,MHz
optimized,1:31,sample_cpu5_freq,2208,MHz
optimized,1:31,sample_cpu6_freq,2208,MHz
optimized,1:31,sample_cpu7_freq,2304,MHz
optimized,1:32,sample_elapsed,4838,ms
optimized,1:32,sample_power,1.229,W
optimized,1:32,sample_process_cpu,397.633,% one core
optimized,1:32,sample_free_ram,1.968,GiB
optimized,1:32,sample_battery_temp,34.500,C
optimized,1:32,sample_thermal_status,0,Android PowerManager status
optimized,1:32,sample_cpu0_freq,1804,MHz
optimized,1:32,sample_cpu1_freq,1804,MHz
optimized,1:32,sample_cpu2_freq,1804,MHz
optimized,1:32,sample_cpu3_freq,1804,MHz
optimized,1:32,sample_cpu4_freq,2208,MHz
optimized,1:32,sample_cpu5_freq,2208,MHz
optimized,1:32,sample_cpu6_freq,2208,MHz
optimized,1:32,sample_cpu7_freq,2304,MHz
optimized,1:33,sample_elapsed,4998,ms
optimized,1:33,sample_power,1.229,W
optimized,1:33,sample_process_cpu,401.250,% one core
optimized,1:33,sample_free_ram,1.968,GiB
optimized,1:33,sample_battery_temp,34.500,C
optimized,1:33,sample_thermal_status,0,Android PowerManager status
optimized,1:33,sample_cpu0_freq,1804,MHz
optimized,1:33,sample_cpu1_freq,1804,MHz
optimized,1:33,sample_cpu2_freq,1804,MHz
optimized,1:33,sample_cpu3_freq,1804,MHz
optimized,1:33,sample_cpu4_freq,2208,MHz
optimized,1:33,sample_cpu5_freq,2208,MHz
optimized,1:33,sample_cpu6_freq,2208,MHz
optimized,1:33,sample_cpu7_freq,2304,MHz
optimized,1:34,sample_elapsed,5158,ms
optimized,1:34,sample_power,1.229,W
optimized,1:34,sample_process_cpu,393.125,% one core
optimized,1:34,sample_free_ram,1.968,GiB
optimized,1:34,sample_battery_temp,34.500,C
optimized,1:34,sample_thermal_status,0,Android PowerManager status
optimized,1:34,sample_cpu0_freq,1804,MHz
optimized,1:34,sample_cpu1_freq,1804,MHz
optimized,1:34,sample_cpu2_freq,1804,MHz
optimized,1:34,sample_cpu3_freq,1804,MHz
optimized,1:34,sample_cpu4_freq,2208,MHz
optimized,1:34,sample_cpu5_freq,2208,MHz
optimized,1:34,sample_cpu6_freq,2208,MHz
optimized,1:34,sample_cpu7_freq,2304,MHz
optimized,1:35,sample_elapsed,5322,ms
optimized,1:35,sample_power,1.229,W
optimized,1:35,sample_process_cpu,395.732,% one core
optimized,1:35,sample_free_ram,1.967,GiB
optimized,1:35,sample_battery_temp,34.500,C
optimized,1:35,sample_thermal_status,0,Android PowerManager status
optimized,1:35,sample_cpu0_freq,1804,MHz
optimized,1:35,sample_cpu1_freq,1804,MHz
optimized,1:35,sample_cpu2_freq,1804,MHz
optimized,1:35,sample_cpu3_freq,1804,MHz
optimized,1:35,sample_cpu4_freq,2208,MHz
optimized,1:35,sample_cpu5_freq,2208,MHz
optimized,1:35,sample_cpu6_freq,2208,MHz
optimized,1:35,sample_cpu7_freq,2304,MHz
optimized,1:36,sample_elapsed,5483,ms
optimized,1:36,sample_power,1.229,W
optimized,1:36,sample_process_cpu,399.379,% one core
optimized,1:36,sample_free_ram,1.967,GiB
optimized,1:36,sample_battery_temp,34.500,C
optimized,1:36,sample_thermal_status,0,Android PowerManager status
optimized,1:36,sample_cpu0_freq,1804,MHz
optimized,1:36,sample_cpu1_freq,1804,MHz
optimized,1:36,sample_cpu2_freq,1804,MHz
optimized,1:36,sample_cpu3_freq,1804,MHz
optimized,1:36,sample_cpu4_freq,2208,MHz
optimized,1:36,sample_cpu5_freq,2208,MHz
optimized,1:36,sample_cpu6_freq,2208,MHz
optimized,1:36,sample_cpu7_freq,2304,MHz
optimized,1:37,sample_elapsed,5656,ms
optimized,1:37,sample_power,1.229,W
optimized,1:37,sample_process_cpu,383.815,% one core
optimized,1:37,sample_free_ram,1.967,GiB
optimized,1:37,sample_battery_temp,34.500,C
optimized,1:37,sample_thermal_status,0,Android PowerManager status
optimized,1:37,sample_cpu0_freq,1804,MHz
optimized,1:37,sample_cpu1_freq,1804,MHz
optimized,1:37,sample_cpu2_freq,1804,MHz
optimized,1:37,sample_cpu3_freq,1804,MHz
optimized,1:37,sample_cpu4_freq,2208,MHz
optimized,1:37,sample_cpu5_freq,2208,MHz
optimized,1:37,sample_cpu6_freq,2208,MHz
optimized,1:37,sample_cpu7_freq,2304,MHz
optimized,1:38,sample_elapsed,5810,ms
optimized,1:38,sample_power,1.229,W
optimized,1:38,sample_process_cpu,403.247,% one core
optimized,1:38,sample_free_ram,1.967,GiB
optimized,1:38,sample_battery_temp,34.500,C
optimized,1:38,sample_thermal_status,0,Android PowerManager status
optimized,1:38,sample_cpu0_freq,1708,MHz
optimized,1:38,sample_cpu1_freq,1708,MHz
optimized,1:38,sample_cpu2_freq,1708,MHz
optimized,1:38,sample_cpu3_freq,1708,MHz
optimized,1:38,sample_cpu4_freq,2208,MHz
optimized,1:38,sample_cpu5_freq,2208,MHz
optimized,1:38,sample_cpu6_freq,2208,MHz
optimized,1:38,sample_cpu7_freq,2304,MHz
optimized,1:39,sample_elapsed,5975,ms
optimized,1:39,sample_power,1.229,W
optimized,1:39,sample_process_cpu,400.000,% one core
optimized,1:39,sample_free_ram,1.967,GiB
optimized,1:39,sample_battery_temp,34.500,C
optimized,1:39,sample_thermal_status,0,Android PowerManager status
optimized,1:39,sample_cpu0_freq,787,MHz
optimized,1:39,sample_cpu1_freq,787,MHz
optimized,1:39,sample_cpu2_freq,787,MHz
optimized,1:39,sample_cpu3_freq,787,MHz
optimized,1:39,sample_cpu4_freq,2208,MHz
optimized,1:39,sample_cpu5_freq,2208,MHz
optimized,1:39,sample_cpu6_freq,2208,MHz
optimized,1:39,sample_cpu7_freq,2304,MHz
optimized,1:40,sample_elapsed,6145,ms
optimized,1:40,sample_power,1.229,W
optimized,1:40,sample_process_cpu,404.706,% one core
optimized,1:40,sample_free_ram,1.967,GiB
optimized,1:40,sample_battery_temp,34.500,C
optimized,1:40,sample_thermal_status,0,Android PowerManager status
optimized,1:40,sample_cpu0_freq,1804,MHz
optimized,1:40,sample_cpu1_freq,1804,MHz
optimized,1:40,sample_cpu2_freq,1804,MHz
optimized,1:40,sample_cpu3_freq,1804,MHz
optimized,1:40,sample_cpu4_freq,2208,MHz
optimized,1:40,sample_cpu5_freq,2208,MHz
optimized,1:40,sample_cpu6_freq,2208,MHz
optimized,1:40,sample_cpu7_freq,2304,MHz
optimized,1:41,sample_elapsed,6320,ms
optimized,1:41,sample_power,1.229,W
optimized,1:41,sample_process_cpu,397.714,% one core
optimized,1:41,sample_free_ram,1.966,GiB
optimized,1:41,sample_battery_temp,34.500,C
optimized,1:41,sample_thermal_status,0,Android PowerManager status
optimized,1:41,sample_cpu0_freq,1593,MHz
optimized,1:41,sample_cpu1_freq,1593,MHz
optimized,1:41,sample_cpu2_freq,1593,MHz
optimized,1:41,sample_cpu3_freq,1593,MHz
optimized,1:41,sample_cpu4_freq,2208,MHz
optimized,1:41,sample_cpu5_freq,2208,MHz
optimized,1:41,sample_cpu6_freq,2208,MHz
optimized,1:41,sample_cpu7_freq,2304,MHz
optimized,1:42,sample_elapsed,6484,ms
optimized,1:42,sample_power,1.229,W
optimized,1:42,sample_process_cpu,398.171,% one core
optimized,1:42,sample_free_ram,1.966,GiB
optimized,1:42,sample_battery_temp,34.500,C
optimized,1:42,sample_thermal_status,0,Android PowerManager status
optimized,1:42,sample_cpu0_freq,1804,MHz
optimized,1:42,sample_cpu1_freq,1804,MHz
optimized,1:42,sample_cpu2_freq,1804,MHz
optimized,1:42,sample_cpu3_freq,1804,MHz
optimized,1:42,sample_cpu4_freq,2208,MHz
optimized,1:42,sample_cpu5_freq,2208,MHz
optimized,1:42,sample_cpu6_freq,2208,MHz
optimized,1:42,sample_cpu7_freq,2304,MHz
optimized,1:43,sample_elapsed,6654,ms
optimized,1:43,sample_power,1.229,W
optimized,1:43,sample_process_cpu,399.412,% one core
optimized,1:43,sample_free_ram,1.966,GiB
optimized,1:43,sample_battery_temp,34.500,C
optimized,1:43,sample_thermal_status,0,Android PowerManager status
optimized,1:43,sample_cpu0_freq,902,MHz
optimized,1:43,sample_cpu1_freq,902,MHz
optimized,1:43,sample_cpu2_freq,902,MHz
optimized,1:43,sample_cpu3_freq,902,MHz
optimized,1:43,sample_cpu4_freq,2208,MHz
optimized,1:43,sample_cpu5_freq,2208,MHz
optimized,1:43,sample_cpu6_freq,2208,MHz
optimized,1:43,sample_cpu7_freq,2304,MHz
optimized,1:44,sample_elapsed,6818,ms
optimized,1:44,sample_power,1.229,W
optimized,1:44,sample_process_cpu,400.610,% one core
optimized,1:44,sample_free_ram,1.966,GiB
optimized,1:44,sample_battery_temp,34.500,C
optimized,1:44,sample_thermal_status,0,Android PowerManager status
optimized,1:44,sample_cpu0_freq,1497,MHz
optimized,1:44,sample_cpu1_freq,1497,MHz
optimized,1:44,sample_cpu2_freq,1497,MHz
optimized,1:44,sample_cpu3_freq,1497,MHz
optimized,1:44,sample_cpu4_freq,2208,MHz
optimized,1:44,sample_cpu5_freq,2208,MHz
optimized,1:44,sample_cpu6_freq,2208,MHz
optimized,1:44,sample_cpu7_freq,2304,MHz
optimized,1:45,sample_elapsed,6980,ms
optimized,1:45,sample_power,1.229,W
optimized,1:45,sample_process_cpu,400.000,% one core
optimized,1:45,sample_free_ram,1.965,GiB
optimized,1:45,sample_battery_temp,34.500,C
optimized,1:45,sample_thermal_status,0,Android PowerManager status
optimized,1:45,sample_cpu0_freq,1804,MHz
optimized,1:45,sample_cpu1_freq,1804,MHz
optimized,1:45,sample_cpu2_freq,1804,MHz
optimized,1:45,sample_cpu3_freq,1804,MHz
optimized,1:45,sample_cpu4_freq,2208,MHz
optimized,1:45,sample_cpu5_freq,2208,MHz
optimized,1:45,sample_cpu6_freq,2208,MHz
optimized,1:45,sample_cpu7_freq,2304,MHz
optimized,1:46,sample_elapsed,7154,ms
optimized,1:46,sample_power,1.229,W
optimized,1:46,sample_process_cpu,403.448,% one core
optimized,1:46,sample_free_ram,1.965,GiB
optimized,1:46,sample_battery_temp,34.500,C
optimized,1:46,sample_thermal_status,0,Android PowerManager status
optimized,1:46,sample_cpu0_freq,1804,MHz
optimized,1:46,sample_cpu1_freq,1804,MHz
optimized,1:46,sample_cpu2_freq,1804,MHz
optimized,1:46,sample_cpu3_freq,1804,MHz
optimized,1:46,sample_cpu4_freq,2208,MHz
optimized,1:46,sample_cpu5_freq,2208,MHz
optimized,1:46,sample_cpu6_freq,2208,MHz
optimized,1:46,sample_cpu7_freq,2304,MHz
optimized,1:47,sample_elapsed,7322,ms
optimized,1:47,sample_power,1.229,W
optimized,1:47,sample_process_cpu,395.833,% one core
optimized,1:47,sample_free_ram,1.965,GiB
optimized,1:47,sample_battery_temp,34.500,C
optimized,1:47,sample_thermal_status,0,Android PowerManager status
optimized,1:47,sample_cpu0_freq,1708,MHz
optimized,1:47,sample_cpu1_freq,1708,MHz
optimized,1:47,sample_cpu2_freq,1708,MHz
optimized,1:47,sample_cpu3_freq,1708,MHz
optimized,1:47,sample_cpu4_freq,2208,MHz
optimized,1:47,sample_cpu5_freq,2208,MHz
optimized,1:47,sample_cpu6_freq,2208,MHz
optimized,1:47,sample_cpu7_freq,2304,MHz
optimized,1:48,sample_elapsed,7487,ms
optimized,1:48,sample_power,1.229,W
optimized,1:48,sample_process_cpu,405.455,% one core
optimized,1:48,sample_free_ram,1.965,GiB
optimized,1:48,sample_battery_temp,34.500,C
optimized,1:48,sample_thermal_status,0,Android PowerManager status
optimized,1:48,sample_cpu0_freq,1228,MHz
optimized,1:48,sample_cpu1_freq,1228,MHz
optimized,1:48,sample_cpu2_freq,1228,MHz
optimized,1:48,sample_cpu3_freq,1228,MHz
optimized,1:48,sample_cpu4_freq,2208,MHz
optimized,1:48,sample_cpu5_freq,2208,MHz
optimized,1:48,sample_cpu6_freq,2208,MHz
optimized,1:48,sample_cpu7_freq,2304,MHz
optimized,1:49,sample_elapsed,7654,ms
optimized,1:49,sample_power,1.229,W
optimized,1:49,sample_process_cpu,391.617,% one core
optimized,1:49,sample_free_ram,1.965,GiB
optimized,1:49,sample_battery_temp,34.500,C
optimized,1:49,sample_thermal_status,0,Android PowerManager status
optimized,1:49,sample_cpu0_freq,1804,MHz
optimized,1:49,sample_cpu1_freq,1804,MHz
optimized,1:49,sample_cpu2_freq,1804,MHz
optimized,1:49,sample_cpu3_freq,1804,MHz
optimized,1:49,sample_cpu4_freq,2208,MHz
optimized,1:49,sample_cpu5_freq,2208,MHz
optimized,1:49,sample_cpu6_freq,2208,MHz
optimized,1:49,sample_cpu7_freq,2304,MHz
optimized,1:50,sample_elapsed,7819,ms
optimized,1:50,sample_power,1.229,W
optimized,1:50,sample_process_cpu,430.909,% one core
optimized,1:50,sample_free_ram,1.965,GiB
optimized,1:50,sample_battery_temp,34.500,C
optimized,1:50,sample_thermal_status,0,Android PowerManager status
optimized,1:50,sample_cpu0_freq,1113,MHz
optimized,1:50,sample_cpu1_freq,1113,MHz
optimized,1:50,sample_cpu2_freq,1113,MHz
optimized,1:50,sample_cpu3_freq,1113,MHz
optimized,1:50,sample_cpu4_freq,2208,MHz
optimized,1:50,sample_cpu5_freq,2208,MHz
optimized,1:50,sample_cpu6_freq,2208,MHz
optimized,1:50,sample_cpu7_freq,2304,MHz
optimized,1:51,sample_elapsed,7986,ms
optimized,1:51,sample_power,1.229,W
optimized,1:51,sample_process_cpu,401.198,% one core
optimized,1:51,sample_free_ram,1.964,GiB
optimized,1:51,sample_battery_temp,34.500,C
optimized,1:51,sample_thermal_status,0,Android PowerManager status
optimized,1:51,sample_cpu0_freq,1113,MHz
optimized,1:51,sample_cpu1_freq,1113,MHz
optimized,1:51,sample_cpu2_freq,1113,MHz
optimized,1:51,sample_cpu3_freq,1113,MHz
optimized,1:51,sample_cpu4_freq,2208,MHz
optimized,1:51,sample_cpu5_freq,2208,MHz
optimized,1:51,sample_cpu6_freq,2208,MHz
optimized,1:51,sample_cpu7_freq,2304,MHz
optimized,1:52,sample_elapsed,8151,ms
optimized,1:52,sample_power,1.229,W
optimized,1:52,sample_process_cpu,399.394,% one core
optimized,1:52,sample_free_ram,1.964,GiB
optimized,1:52,sample_battery_temp,34.500,C
optimized,1:52,sample_thermal_status,0,Android PowerManager status
optimized,1:52,sample_cpu0_freq,1804,MHz
optimized,1:52,sample_cpu1_freq,1804,MHz
optimized,1:52,sample_cpu2_freq,1804,MHz
optimized,1:52,sample_cpu3_freq,1804,MHz
optimized,1:52,sample_cpu4_freq,2208,MHz
optimized,1:52,sample_cpu5_freq,2208,MHz
optimized,1:52,sample_cpu6_freq,2208,MHz
optimized,1:52,sample_cpu7_freq,2304,MHz
optimized,1:53,sample_elapsed,8319,ms
optimized,1:53,sample_power,1.229,W
optimized,1:53,sample_process_cpu,400.595,% one core
optimized,1:53,sample_free_ram,1.963,GiB
optimized,1:53,sample_battery_temp,34.500,C
optimized,1:53,sample_thermal_status,0,Android PowerManager status
optimized,1:53,sample_cpu0_freq,1804,MHz
optimized,1:53,sample_cpu1_freq,1804,MHz
optimized,1:53,sample_cpu2_freq,1804,MHz
optimized,1:53,sample_cpu3_freq,1804,MHz
optimized,1:53,sample_cpu4_freq,2208,MHz
optimized,1:53,sample_cpu5_freq,2208,MHz
optimized,1:53,sample_cpu6_freq,2208,MHz
optimized,1:53,sample_cpu7_freq,2304,MHz
optimized,1:54,sample_elapsed,8484,ms
optimized,1:54,sample_power,1.229,W
optimized,1:54,sample_process_cpu,397.576,% one core
optimized,1:54,sample_free_ram,1.963,GiB
optimized,1:54,sample_battery_temp,34.500,C
optimized,1:54,sample_thermal_status,0,Android PowerManager status
optimized,1:54,sample_cpu0_freq,1804,MHz
optimized,1:54,sample_cpu1_freq,1804,MHz
optimized,1:54,sample_cpu2_freq,1804,MHz
optimized,1:54,sample_cpu3_freq,1804,MHz
optimized,1:54,sample_cpu4_freq,2208,MHz
optimized,1:54,sample_cpu5_freq,2208,MHz
optimized,1:54,sample_cpu6_freq,2208,MHz
optimized,1:54,sample_cpu7_freq,2304,MHz
optimized,1:55,sample_elapsed,8646,ms
optimized,1:55,sample_power,1.229,W
optimized,1:55,sample_process_cpu,402.469,% one core
optimized,1:55,sample_free_ram,1.963,GiB
optimized,1:55,sample_battery_temp,34.500,C
optimized,1:55,sample_thermal_status,0,Android PowerManager status
optimized,1:55,sample_cpu0_freq,1113,MHz
optimized,1:55,sample_cpu1_freq,1113,MHz
optimized,1:55,sample_cpu2_freq,1113,MHz
optimized,1:55,sample_cpu3_freq,1113,MHz
optimized,1:55,sample_cpu4_freq,2208,MHz
optimized,1:55,sample_cpu5_freq,2208,MHz
optimized,1:55,sample_cpu6_freq,2208,MHz
optimized,1:55,sample_cpu7_freq,2304,MHz
optimized,1:56,sample_elapsed,8814,ms
optimized,1:56,sample_power,1.229,W
optimized,1:56,sample_process_cpu,399.405,% one core
optimized,1:56,sample_free_ram,1.963,GiB
optimized,1:56,sample_battery_temp,34.500,C
optimized,1:56,sample_thermal_status,0,Android PowerManager status
optimized,1:56,sample_cpu0_freq,787,MHz
optimized,1:56,sample_cpu1_freq,787,MHz
optimized,1:56,sample_cpu2_freq,787,MHz
optimized,1:56,sample_cpu3_freq,787,MHz
optimized,1:56,sample_cpu4_freq,2208,MHz
optimized,1:56,sample_cpu5_freq,2208,MHz
optimized,1:56,sample_cpu6_freq,2208,MHz
optimized,1:56,sample_cpu7_freq,2304,MHz
optimized,1:57,sample_elapsed,8986,ms
optimized,1:57,sample_power,1.229,W
optimized,1:57,sample_process_cpu,396.512,% one core
optimized,1:57,sample_free_ram,1.963,GiB
optimized,1:57,sample_battery_temp,34.500,C
optimized,1:57,sample_thermal_status,0,Android PowerManager status
optimized,1:57,sample_cpu0_freq,1113,MHz
optimized,1:57,sample_cpu1_freq,1113,MHz
optimized,1:57,sample_cpu2_freq,1113,MHz
optimized,1:57,sample_cpu3_freq,1113,MHz
optimized,1:57,sample_cpu4_freq,2208,MHz
optimized,1:57,sample_cpu5_freq,2208,MHz
optimized,1:57,sample_cpu6_freq,2208,MHz
optimized,1:57,sample_cpu7_freq,2304,MHz
optimized,1:58,sample_elapsed,9153,ms
optimized,1:58,sample_power,1.229,W
optimized,1:58,sample_process_cpu,397.605,% one core
optimized,1:58,sample_free_ram,1.963,GiB
optimized,1:58,sample_battery_temp,34.500,C
optimized,1:58,sample_thermal_status,0,Android PowerManager status
optimized,1:58,sample_cpu0_freq,1228,MHz
optimized,1:58,sample_cpu1_freq,1228,MHz
optimized,1:58,sample_cpu2_freq,1228,MHz
optimized,1:58,sample_cpu3_freq,1228,MHz
optimized,1:58,sample_cpu4_freq,2208,MHz
optimized,1:58,sample_cpu5_freq,2208,MHz
optimized,1:58,sample_cpu6_freq,2208,MHz
optimized,1:58,sample_cpu7_freq,2304,MHz
optimized,1:59,sample_elapsed,9320,ms
optimized,1:59,sample_power,1.229,W
optimized,1:59,sample_process_cpu,401.796,% one core
optimized,1:59,sample_free_ram,1.962,GiB
optimized,1:59,sample_battery_temp,34.500,C
optimized,1:59,sample_thermal_status,0,Android PowerManager status
optimized,1:59,sample_cpu0_freq,1113,MHz
optimized,1:59,sample_cpu1_freq,1113,MHz
optimized,1:59,sample_cpu2_freq,1113,MHz
optimized,1:59,sample_cpu3_freq,1113,MHz
optimized,1:59,sample_cpu4_freq,2208,MHz
optimized,1:59,sample_cpu5_freq,2208,MHz
optimized,1:59,sample_cpu6_freq,2208,MHz
optimized,1:59,sample_cpu7_freq,2304,MHz
optimized,1:60,sample_elapsed,9487,ms
optimized,1:60,sample_power,1.229,W
optimized,1:60,sample_process_cpu,402.395,% one core
optimized,1:60,sample_free_ram,1.962,GiB
optimized,1:60,sample_battery_temp,34.500,C
optimized,1:60,sample_thermal_status,0,Android PowerManager status
optimized,1:60,sample_cpu0_freq,595,MHz
optimized,1:60,sample_cpu1_freq,595,MHz
optimized,1:60,sample_cpu2_freq,1593,MHz
optimized,1:60,sample_cpu3_freq,1593,MHz
optimized,1:60,sample_cpu4_freq,2208,MHz
optimized,1:60,sample_cpu5_freq,2208,MHz
optimized,1:60,sample_cpu6_freq,2208,MHz
optimized,1:60,sample_cpu7_freq,2304,MHz
optimized,1:61,sample_elapsed,9652,ms
optimized,1:61,sample_power,1.229,W
optimized,1:61,sample_process_cpu,397.576,% one core
optimized,1:61,sample_free_ram,1.962,GiB
optimized,1:61,sample_battery_temp,34.500,C
optimized,1:61,sample_thermal_status,0,Android PowerManager status
optimized,1:61,sample_cpu0_freq,1804,MHz
optimized,1:61,sample_cpu1_freq,1804,MHz
optimized,1:61,sample_cpu2_freq,1804,MHz
optimized,1:61,sample_cpu3_freq,1804,MHz
optimized,1:61,sample_cpu4_freq,2208,MHz
optimized,1:61,sample_cpu5_freq,2208,MHz
optimized,1:61,sample_cpu6_freq,2208,MHz
optimized,1:61,sample_cpu7_freq,2304,MHz
optimized,1:62,sample_elapsed,9820,ms
optimized,1:62,sample_power,1.229,W
optimized,1:62,sample_process_cpu,398.810,% one core
optimized,1:62,sample_free_ram,1.962,GiB
optimized,1:62,sample_battery_temp,34.500,C
optimized,1:62,sample_thermal_status,0,Android PowerManager status
optimized,1:62,sample_cpu0_freq,1228,MHz
optimized,1:62,sample_cpu1_freq,1228,MHz
optimized,1:62,sample_cpu2_freq,1228,MHz
optimized,1:62,sample_cpu3_freq,1228,MHz
optimized,1:62,sample_cpu4_freq,2208,MHz
optimized,1:62,sample_cpu5_freq,2208,MHz
optimized,1:62,sample_cpu6_freq,2208,MHz
optimized,1:62,sample_cpu7_freq,2304,MHz
optimized,1:63,sample_elapsed,9988,ms
optimized,1:63,sample_power,1.229,W
optimized,1:63,sample_process_cpu,401.786,% one core
optimized,1:63,sample_free_ram,1.962,GiB
optimized,1:63,sample_battery_temp,34.500,C
optimized,1:63,sample_thermal_status,0,Android PowerManager status
optimized,1:63,sample_cpu0_freq,1113,MHz
optimized,1:63,sample_cpu1_freq,1113,MHz
optimized,1:63,sample_cpu2_freq,1113,MHz
optimized,1:63,sample_cpu3_freq,1113,MHz
optimized,1:63,sample_cpu4_freq,2208,MHz
optimized,1:63,sample_cpu5_freq,2208,MHz
optimized,1:63,sample_cpu6_freq,2208,MHz
optimized,1:63,sample_cpu7_freq,2304,MHz
optimized,1:64,sample_elapsed,10155,ms
optimized,1:64,sample_power,1.229,W
optimized,1:64,sample_process_cpu,402.994,% one core
optimized,1:64,sample_free_ram,1.962,GiB
optimized,1:64,sample_battery_temp,34.500,C
optimized,1:64,sample_thermal_status,0,Android PowerManager status
optimized,1:64,sample_cpu0_freq,1228,MHz
optimized,1:64,sample_cpu1_freq,1228,MHz
optimized,1:64,sample_cpu2_freq,1228,MHz
optimized,1:64,sample_cpu3_freq,1228,MHz
optimized,1:64,sample_cpu4_freq,2208,MHz
optimized,1:64,sample_cpu5_freq,2208,MHz
optimized,1:64,sample_cpu6_freq,2208,MHz
optimized,1:64,sample_cpu7_freq,2304,MHz
optimized,1:65,sample_elapsed,10323,ms
optimized,1:65,sample_power,4.643,W
optimized,1:65,sample_process_cpu,398.810,% one core
optimized,1:65,sample_free_ram,1.962,GiB
optimized,1:65,sample_battery_temp,34.500,C
optimized,1:65,sample_thermal_status,0,Android PowerManager status
optimized,1:65,sample_cpu0_freq,1804,MHz
optimized,1:65,sample_cpu1_freq,1804,MHz
optimized,1:65,sample_cpu2_freq,1804,MHz
optimized,1:65,sample_cpu3_freq,1804,MHz
optimized,1:65,sample_cpu4_freq,2208,MHz
optimized,1:65,sample_cpu5_freq,2208,MHz
optimized,1:65,sample_cpu6_freq,2208,MHz
optimized,1:65,sample_cpu7_freq,2304,MHz
optimized,1:66,sample_elapsed,10489,ms
optimized,1:66,sample_power,4.643,W
optimized,1:66,sample_process_cpu,400.000,% one core
optimized,1:66,sample_free_ram,1.962,GiB
optimized,1:66,sample_battery_temp,34.500,C
optimized,1:66,sample_thermal_status,0,Android PowerManager status
optimized,1:66,sample_cpu0_freq,1228,MHz
optimized,1:66,sample_cpu1_freq,1228,MHz
optimized,1:66,sample_cpu2_freq,1228,MHz
optimized,1:66,sample_cpu3_freq,1497,MHz
optimized,1:66,sample_cpu4_freq,2208,MHz
optimized,1:66,sample_cpu5_freq,2208,MHz
optimized,1:66,sample_cpu6_freq,2208,MHz
optimized,1:66,sample_cpu7_freq,2304,MHz
optimized,1:67,sample_elapsed,10660,ms
optimized,1:67,sample_power,4.643,W
optimized,1:67,sample_process_cpu,399.415,% one core
optimized,1:67,sample_free_ram,1.961,GiB
optimized,1:67,sample_battery_temp,34.500,C
optimized,1:67,sample_thermal_status,0,Android PowerManager status
optimized,1:67,sample_cpu0_freq,1113,MHz
optimized,1:67,sample_cpu1_freq,1113,MHz
optimized,1:67,sample_cpu2_freq,1113,MHz
optimized,1:67,sample_cpu3_freq,1113,MHz
optimized,1:67,sample_cpu4_freq,2208,MHz
optimized,1:67,sample_cpu5_freq,2208,MHz
optimized,1:67,sample_cpu6_freq,2208,MHz
optimized,1:67,sample_cpu7_freq,2304,MHz
optimized,1:68,sample_elapsed,10824,ms
optimized,1:68,sample_power,4.643,W
optimized,1:68,sample_process_cpu,400.610,% one core
optimized,1:68,sample_free_ram,1.961,GiB
optimized,1:68,sample_battery_temp,34.500,C
optimized,1:68,sample_thermal_status,0,Android PowerManager status
optimized,1:68,sample_cpu0_freq,1344,MHz
optimized,1:68,sample_cpu1_freq,1804,MHz
optimized,1:68,sample_cpu2_freq,1804,MHz
optimized,1:68,sample_cpu3_freq,1804,MHz
optimized,1:68,sample_cpu4_freq,2208,MHz
optimized,1:68,sample_cpu5_freq,2208,MHz
optimized,1:68,sample_cpu6_freq,2208,MHz
optimized,1:68,sample_cpu7_freq,2304,MHz
optimized,1:69,sample_elapsed,10992,ms
optimized,1:69,sample_power,4.643,W
optimized,1:69,sample_process_cpu,397.024,% one core
optimized,1:69,sample_free_ram,1.961,GiB
optimized,1:69,sample_battery_temp,34.500,C
optimized,1:69,sample_thermal_status,0,Android PowerManager status
optimized,1:69,sample_cpu0_freq,1804,MHz
optimized,1:69,sample_cpu1_freq,1804,MHz
optimized,1:69,sample_cpu2_freq,1804,MHz
optimized,1:69,sample_cpu3_freq,1804,MHz
optimized,1:69,sample_cpu4_freq,2208,MHz
optimized,1:69,sample_cpu5_freq,2208,MHz
optimized,1:69,sample_cpu6_freq,2208,MHz
optimized,1:69,sample_cpu7_freq,2304,MHz
optimized,1:70,sample_elapsed,11154,ms
optimized,1:70,sample_power,4.643,W
optimized,1:70,sample_process_cpu,398.765,% one core
optimized,1:70,sample_free_ram,1.961,GiB
optimized,1:70,sample_battery_temp,34.500,C
optimized,1:70,sample_thermal_status,0,Android PowerManager status
optimized,1:70,sample_cpu0_freq,1017,MHz
optimized,1:70,sample_cpu1_freq,1017,MHz
optimized,1:70,sample_cpu2_freq,1017,MHz
optimized,1:70,sample_cpu3_freq,1017,MHz
optimized,1:70,sample_cpu4_freq,2208,MHz
optimized,1:70,sample_cpu5_freq,2208,MHz
optimized,1:70,sample_cpu6_freq,2208,MHz
optimized,1:70,sample_cpu7_freq,2304,MHz
optimized,1:71,sample_elapsed,11322,ms
optimized,1:71,sample_power,4.643,W
optimized,1:71,sample_process_cpu,401.786,% one core
optimized,1:71,sample_free_ram,1.961,GiB
optimized,1:71,sample_battery_temp,34.500,C
optimized,1:71,sample_thermal_status,0,Android PowerManager status
optimized,1:71,sample_cpu0_freq,1113,MHz
optimized,1:71,sample_cpu1_freq,1113,MHz
optimized,1:71,sample_cpu2_freq,1113,MHz
optimized,1:71,sample_cpu3_freq,1113,MHz
optimized,1:71,sample_cpu4_freq,2208,MHz
optimized,1:71,sample_cpu5_freq,2208,MHz
optimized,1:71,sample_cpu6_freq,2208,MHz
optimized,1:71,sample_cpu7_freq,2304,MHz
optimized,2,pp,157.000,tok/s
optimized,2,tg,17.000,tok/s
optimized,2,power,2.967,W
optimized,2,tok_per_w,5.731,tok/W
optimized,2,ttft_pp512_derived,3319.970,ms
optimized,2,start_temp,34.500,C
optimized,2,average_process_cpu,396.533,% one core
optimized,2,minimum_free_ram,1.941,GiB
optimized,2,peak_battery_temp,34.500,C
optimized,2,peak_thermal_status,0,Android PowerManager status
optimized,2:1,sample_elapsed,1,ms
optimized,2:1,sample_power,0.818,W
optimized,2:1,sample_process_cpu,400.000,% one core
optimized,2:1,sample_free_ram,2.049,GiB
optimized,2:1,sample_battery_temp,34.500,C
optimized,2:1,sample_thermal_status,0,Android PowerManager status
optimized,2:1,sample_cpu0_freq,1113,MHz
optimized,2:1,sample_cpu1_freq,1113,MHz
optimized,2:1,sample_cpu2_freq,1113,MHz
optimized,2:1,sample_cpu3_freq,1113,MHz
optimized,2:1,sample_cpu4_freq,633,MHz
optimized,2:1,sample_cpu5_freq,633,MHz
optimized,2:1,sample_cpu6_freq,633,MHz
optimized,2:1,sample_cpu7_freq,633,MHz
optimized,2:2,sample_elapsed,158,ms
optimized,2:2,sample_power,0.818,W
optimized,2:2,sample_process_cpu,331.847,% one core
optimized,2:2,sample_free_ram,2.014,GiB
optimized,2:2,sample_battery_temp,34.500,C
optimized,2:2,sample_thermal_status,0,Android PowerManager status
optimized,2:2,sample_cpu0_freq,1804,MHz
optimized,2:2,sample_cpu1_freq,1804,MHz
optimized,2:2,sample_cpu2_freq,1804,MHz
optimized,2:2,sample_cpu3_freq,1804,MHz
optimized,2:2,sample_cpu4_freq,2208,MHz
optimized,2:2,sample_cpu5_freq,2208,MHz
optimized,2:2,sample_cpu6_freq,2208,MHz
optimized,2:2,sample_cpu7_freq,2304,MHz
optimized,2:3,sample_elapsed,312,ms
optimized,2:3,sample_power,0.818,W
optimized,2:3,sample_process_cpu,399.351,% one core
optimized,2:3,sample_free_ram,1.979,GiB
optimized,2:3,sample_battery_temp,34.500,C
optimized,2:3,sample_thermal_status,0,Android PowerManager status
optimized,2:3,sample_cpu0_freq,1804,MHz
optimized,2:3,sample_cpu1_freq,1804,MHz
optimized,2:3,sample_cpu2_freq,1804,MHz
optimized,2:3,sample_cpu3_freq,1804,MHz
optimized,2:3,sample_cpu4_freq,2208,MHz
optimized,2:3,sample_cpu5_freq,2208,MHz
optimized,2:3,sample_cpu6_freq,2208,MHz
optimized,2:3,sample_cpu7_freq,2304,MHz
optimized,2:4,sample_elapsed,466,ms
optimized,2:4,sample_power,0.818,W
optimized,2:4,sample_process_cpu,395.455,% one core
optimized,2:4,sample_free_ram,1.979,GiB
optimized,2:4,sample_battery_temp,34.500,C
optimized,2:4,sample_thermal_status,0,Android PowerManager status
optimized,2:4,sample_cpu0_freq,1804,MHz
optimized,2:4,sample_cpu1_freq,1804,MHz
optimized,2:4,sample_cpu2_freq,1804,MHz
optimized,2:4,sample_cpu3_freq,1804,MHz
optimized,2:4,sample_cpu4_freq,2208,MHz
optimized,2:4,sample_cpu5_freq,2208,MHz
optimized,2:4,sample_cpu6_freq,2208,MHz
optimized,2:4,sample_cpu7_freq,2304,MHz
optimized,2:5,sample_elapsed,620,ms
optimized,2:5,sample_power,0.818,W
optimized,2:5,sample_process_cpu,396.753,% one core
optimized,2:5,sample_free_ram,1.979,GiB
optimized,2:5,sample_battery_temp,34.500,C
optimized,2:5,sample_thermal_status,0,Android PowerManager status
optimized,2:5,sample_cpu0_freq,1804,MHz
optimized,2:5,sample_cpu1_freq,1804,MHz
optimized,2:5,sample_cpu2_freq,1804,MHz
optimized,2:5,sample_cpu3_freq,1804,MHz
optimized,2:5,sample_cpu4_freq,2208,MHz
optimized,2:5,sample_cpu5_freq,2208,MHz
optimized,2:5,sample_cpu6_freq,2208,MHz
optimized,2:5,sample_cpu7_freq,2304,MHz
optimized,2:6,sample_elapsed,773,ms
optimized,2:6,sample_power,0.818,W
optimized,2:6,sample_process_cpu,390.850,% one core
optimized,2:6,sample_free_ram,1.979,GiB
optimized,2:6,sample_battery_temp,34.500,C
optimized,2:6,sample_thermal_status,0,Android PowerManager status
optimized,2:6,sample_cpu0_freq,1804,MHz
optimized,2:6,sample_cpu1_freq,1804,MHz
optimized,2:6,sample_cpu2_freq,1804,MHz
optimized,2:6,sample_cpu3_freq,1804,MHz
optimized,2:6,sample_cpu4_freq,2208,MHz
optimized,2:6,sample_cpu5_freq,2208,MHz
optimized,2:6,sample_cpu6_freq,2208,MHz
optimized,2:6,sample_cpu7_freq,2304,MHz
optimized,2:7,sample_elapsed,952,ms
optimized,2:7,sample_power,0.818,W
optimized,2:7,sample_process_cpu,411.732,% one core
optimized,2:7,sample_free_ram,1.977,GiB
optimized,2:7,sample_battery_temp,34.500,C
optimized,2:7,sample_thermal_status,0,Android PowerManager status
optimized,2:7,sample_cpu0_freq,1804,MHz
optimized,2:7,sample_cpu1_freq,1804,MHz
optimized,2:7,sample_cpu2_freq,1804,MHz
optimized,2:7,sample_cpu3_freq,1804,MHz
optimized,2:7,sample_cpu4_freq,2208,MHz
optimized,2:7,sample_cpu5_freq,2208,MHz
optimized,2:7,sample_cpu6_freq,2208,MHz
optimized,2:7,sample_cpu7_freq,2304,MHz
optimized,2:8,sample_elapsed,1106,ms
optimized,2:8,sample_power,0.818,W
optimized,2:8,sample_process_cpu,387.013,% one core
optimized,2:8,sample_free_ram,1.976,GiB
optimized,2:8,sample_battery_temp,34.500,C
optimized,2:8,sample_thermal_status,0,Android PowerManager status
optimized,2:8,sample_cpu0_freq,1804,MHz
optimized,2:8,sample_cpu1_freq,1804,MHz
optimized,2:8,sample_cpu2_freq,1804,MHz
optimized,2:8,sample_cpu3_freq,1804,MHz
optimized,2:8,sample_cpu4_freq,2208,MHz
optimized,2:8,sample_cpu5_freq,2208,MHz
optimized,2:8,sample_cpu6_freq,2208,MHz
optimized,2:8,sample_cpu7_freq,2304,MHz
optimized,2:9,sample_elapsed,1260,ms
optimized,2:9,sample_power,0.818,W
optimized,2:9,sample_process_cpu,400.649,% one core
optimized,2:9,sample_free_ram,1.976,GiB
optimized,2:9,sample_battery_temp,34.500,C
optimized,2:9,sample_thermal_status,0,Android PowerManager status
optimized,2:9,sample_cpu0_freq,1804,MHz
optimized,2:9,sample_cpu1_freq,1804,MHz
optimized,2:9,sample_cpu2_freq,1804,MHz
optimized,2:9,sample_cpu3_freq,1804,MHz
optimized,2:9,sample_cpu4_freq,2208,MHz
optimized,2:9,sample_cpu5_freq,2208,MHz
optimized,2:9,sample_cpu6_freq,2208,MHz
optimized,2:9,sample_cpu7_freq,2304,MHz
optimized,2:10,sample_elapsed,1415,ms
optimized,2:10,sample_power,0.818,W
optimized,2:10,sample_process_cpu,389.032,% one core
optimized,2:10,sample_free_ram,1.975,GiB
optimized,2:10,sample_battery_temp,34.500,C
optimized,2:10,sample_thermal_status,0,Android PowerManager status
optimized,2:10,sample_cpu0_freq,1804,MHz
optimized,2:10,sample_cpu1_freq,1804,MHz
optimized,2:10,sample_cpu2_freq,1804,MHz
optimized,2:10,sample_cpu3_freq,1804,MHz
optimized,2:10,sample_cpu4_freq,2208,MHz
optimized,2:10,sample_cpu5_freq,2208,MHz
optimized,2:10,sample_cpu6_freq,2208,MHz
optimized,2:10,sample_cpu7_freq,2304,MHz
optimized,2:11,sample_elapsed,1569,ms
optimized,2:11,sample_power,0.818,W
optimized,2:11,sample_process_cpu,398.701,% one core
optimized,2:11,sample_free_ram,1.975,GiB
optimized,2:11,sample_battery_temp,34.500,C
optimized,2:11,sample_thermal_status,0,Android PowerManager status
optimized,2:11,sample_cpu0_freq,1804,MHz
optimized,2:11,sample_cpu1_freq,1804,MHz
optimized,2:11,sample_cpu2_freq,1804,MHz
optimized,2:11,sample_cpu3_freq,1804,MHz
optimized,2:11,sample_cpu4_freq,2208,MHz
optimized,2:11,sample_cpu5_freq,2208,MHz
optimized,2:11,sample_cpu6_freq,2208,MHz
optimized,2:11,sample_cpu7_freq,2304,MHz
optimized,2:12,sample_elapsed,1723,ms
optimized,2:12,sample_power,0.818,W
optimized,2:12,sample_process_cpu,396.104,% one core
optimized,2:12,sample_free_ram,1.974,GiB
optimized,2:12,sample_battery_temp,34.500,C
optimized,2:12,sample_thermal_status,0,Android PowerManager status
optimized,2:12,sample_cpu0_freq,1804,MHz
optimized,2:12,sample_cpu1_freq,1804,MHz
optimized,2:12,sample_cpu2_freq,1804,MHz
optimized,2:12,sample_cpu3_freq,1804,MHz
optimized,2:12,sample_cpu4_freq,2208,MHz
optimized,2:12,sample_cpu5_freq,2208,MHz
optimized,2:12,sample_cpu6_freq,2208,MHz
optimized,2:12,sample_cpu7_freq,2304,MHz
optimized,2:13,sample_elapsed,1877,ms
optimized,2:13,sample_power,0.818,W
optimized,2:13,sample_process_cpu,393.506,% one core
optimized,2:13,sample_free_ram,1.974,GiB
optimized,2:13,sample_battery_temp,34.500,C
optimized,2:13,sample_thermal_status,0,Android PowerManager status
optimized,2:13,sample_cpu0_freq,787,MHz
optimized,2:13,sample_cpu1_freq,787,MHz
optimized,2:13,sample_cpu2_freq,787,MHz
optimized,2:13,sample_cpu3_freq,787,MHz
optimized,2:13,sample_cpu4_freq,2208,MHz
optimized,2:13,sample_cpu5_freq,2208,MHz
optimized,2:13,sample_cpu6_freq,2208,MHz
optimized,2:13,sample_cpu7_freq,2304,MHz
optimized,2:14,sample_elapsed,2034,ms
optimized,2:14,sample_power,0.818,W
optimized,2:14,sample_process_cpu,394.268,% one core
optimized,2:14,sample_free_ram,1.974,GiB
optimized,2:14,sample_battery_temp,34.500,C
optimized,2:14,sample_thermal_status,0,Android PowerManager status
optimized,2:14,sample_cpu0_freq,595,MHz
optimized,2:14,sample_cpu1_freq,595,MHz
optimized,2:14,sample_cpu2_freq,595,MHz
optimized,2:14,sample_cpu3_freq,595,MHz
optimized,2:14,sample_cpu4_freq,2208,MHz
optimized,2:14,sample_cpu5_freq,2208,MHz
optimized,2:14,sample_cpu6_freq,2208,MHz
optimized,2:14,sample_cpu7_freq,2304,MHz
optimized,2:15,sample_elapsed,2192,ms
optimized,2:15,sample_power,0.818,W
optimized,2:15,sample_process_cpu,403.797,% one core
optimized,2:15,sample_free_ram,1.974,GiB
optimized,2:15,sample_battery_temp,34.500,C
optimized,2:15,sample_thermal_status,0,Android PowerManager status
optimized,2:15,sample_cpu0_freq,595,MHz
optimized,2:15,sample_cpu1_freq,595,MHz
optimized,2:15,sample_cpu2_freq,595,MHz
optimized,2:15,sample_cpu3_freq,595,MHz
optimized,2:15,sample_cpu4_freq,2208,MHz
optimized,2:15,sample_cpu5_freq,2208,MHz
optimized,2:15,sample_cpu6_freq,2208,MHz
optimized,2:15,sample_cpu7_freq,2304,MHz
optimized,2:16,sample_elapsed,2351,ms
optimized,2:16,sample_power,0.818,W
optimized,2:16,sample_process_cpu,401.258,% one core
optimized,2:16,sample_free_ram,1.974,GiB
optimized,2:16,sample_battery_temp,34.500,C
optimized,2:16,sample_thermal_status,0,Android PowerManager status
optimized,2:16,sample_cpu0_freq,787,MHz
optimized,2:16,sample_cpu1_freq,902,MHz
optimized,2:16,sample_cpu2_freq,1497,MHz
optimized,2:16,sample_cpu3_freq,1593,MHz
optimized,2:16,sample_cpu4_freq,2208,MHz
optimized,2:16,sample_cpu5_freq,2208,MHz
optimized,2:16,sample_cpu6_freq,2208,MHz
optimized,2:16,sample_cpu7_freq,2304,MHz
optimized,2:17,sample_elapsed,2512,ms
optimized,2:17,sample_power,0.818,W
optimized,2:17,sample_process_cpu,393.168,% one core
optimized,2:17,sample_free_ram,1.974,GiB
optimized,2:17,sample_battery_temp,34.500,C
optimized,2:17,sample_thermal_status,0,Android PowerManager status
optimized,2:17,sample_cpu0_freq,1804,MHz
optimized,2:17,sample_cpu1_freq,1804,MHz
optimized,2:17,sample_cpu2_freq,1804,MHz
optimized,2:17,sample_cpu3_freq,1804,MHz
optimized,2:17,sample_cpu4_freq,2208,MHz
optimized,2:17,sample_cpu5_freq,2208,MHz
optimized,2:17,sample_cpu6_freq,2208,MHz
optimized,2:17,sample_cpu7_freq,2304,MHz
optimized,2:18,sample_elapsed,2666,ms
optimized,2:18,sample_power,0.818,W
optimized,2:18,sample_process_cpu,390.909,% one core
optimized,2:18,sample_free_ram,1.974,GiB
optimized,2:18,sample_battery_temp,34.500,C
optimized,2:18,sample_thermal_status,0,Android PowerManager status
optimized,2:18,sample_cpu0_freq,595,MHz
optimized,2:18,sample_cpu1_freq,595,MHz
optimized,2:18,sample_cpu2_freq,595,MHz
optimized,2:18,sample_cpu3_freq,595,MHz
optimized,2:18,sample_cpu4_freq,2208,MHz
optimized,2:18,sample_cpu5_freq,2208,MHz
optimized,2:18,sample_cpu6_freq,2208,MHz
optimized,2:18,sample_cpu7_freq,2304,MHz
optimized,2:19,sample_elapsed,2824,ms
optimized,2:19,sample_power,0.818,W
optimized,2:19,sample_process_cpu,403.797,% one core
optimized,2:19,sample_free_ram,1.974,GiB
optimized,2:19,sample_battery_temp,34.500,C
optimized,2:19,sample_thermal_status,0,Android PowerManager status
optimized,2:19,sample_cpu0_freq,595,MHz
optimized,2:19,sample_cpu1_freq,595,MHz
optimized,2:19,sample_cpu2_freq,595,MHz
optimized,2:19,sample_cpu3_freq,595,MHz
optimized,2:19,sample_cpu4_freq,2208,MHz
optimized,2:19,sample_cpu5_freq,2208,MHz
optimized,2:19,sample_cpu6_freq,2208,MHz
optimized,2:19,sample_cpu7_freq,2304,MHz
optimized,2:20,sample_elapsed,2983,ms
optimized,2:20,sample_power,0.818,W
optimized,2:20,sample_process_cpu,401.258,% one core
optimized,2:20,sample_free_ram,1.973,GiB
optimized,2:20,sample_battery_temp,34.500,C
optimized,2:20,sample_thermal_status,0,Android PowerManager status
optimized,2:20,sample_cpu0_freq,595,MHz
optimized,2:20,sample_cpu1_freq,595,MHz
optimized,2:20,sample_cpu2_freq,595,MHz
optimized,2:20,sample_cpu3_freq,595,MHz
optimized,2:20,sample_cpu4_freq,2208,MHz
optimized,2:20,sample_cpu5_freq,2208,MHz
optimized,2:20,sample_cpu6_freq,2208,MHz
optimized,2:20,sample_cpu7_freq,2304,MHz
optimized,2:21,sample_elapsed,3141,ms
optimized,2:21,sample_power,0.818,W
optimized,2:21,sample_process_cpu,395.570,% one core
optimized,2:21,sample_free_ram,1.973,GiB
optimized,2:21,sample_battery_temp,34.500,C
optimized,2:21,sample_thermal_status,0,Android PowerManager status
optimized,2:21,sample_cpu0_freq,595,MHz
optimized,2:21,sample_cpu1_freq,595,MHz
optimized,2:21,sample_cpu2_freq,595,MHz
optimized,2:21,sample_cpu3_freq,595,MHz
optimized,2:21,sample_cpu4_freq,2208,MHz
optimized,2:21,sample_cpu5_freq,2208,MHz
optimized,2:21,sample_cpu6_freq,2208,MHz
optimized,2:21,sample_cpu7_freq,2304,MHz
optimized,2:22,sample_elapsed,3303,ms
optimized,2:22,sample_power,0.818,W
optimized,2:22,sample_process_cpu,404.321,% one core
optimized,2:22,sample_free_ram,1.973,GiB
optimized,2:22,sample_battery_temp,34.500,C
optimized,2:22,sample_thermal_status,0,Android PowerManager status
optimized,2:22,sample_cpu0_freq,595,MHz
optimized,2:22,sample_cpu1_freq,595,MHz
optimized,2:22,sample_cpu2_freq,595,MHz
optimized,2:22,sample_cpu3_freq,1804,MHz
optimized,2:22,sample_cpu4_freq,2208,MHz
optimized,2:22,sample_cpu5_freq,2208,MHz
optimized,2:22,sample_cpu6_freq,2208,MHz
optimized,2:22,sample_cpu7_freq,2304,MHz
optimized,2:23,sample_elapsed,3469,ms
optimized,2:23,sample_power,0.818,W
optimized,2:23,sample_process_cpu,399.398,% one core
optimized,2:23,sample_free_ram,1.973,GiB
optimized,2:23,sample_battery_temp,34.500,C
optimized,2:23,sample_thermal_status,0,Android PowerManager status
optimized,2:23,sample_cpu0_freq,787,MHz
optimized,2:23,sample_cpu1_freq,787,MHz
optimized,2:23,sample_cpu2_freq,787,MHz
optimized,2:23,sample_cpu3_freq,902,MHz
optimized,2:23,sample_cpu4_freq,2208,MHz
optimized,2:23,sample_cpu5_freq,2208,MHz
optimized,2:23,sample_cpu6_freq,2208,MHz
optimized,2:23,sample_cpu7_freq,2304,MHz
optimized,2:24,sample_elapsed,3639,ms
optimized,2:24,sample_power,0.818,W
optimized,2:24,sample_process_cpu,394.118,% one core
optimized,2:24,sample_free_ram,1.973,GiB
optimized,2:24,sample_battery_temp,34.500,C
optimized,2:24,sample_thermal_status,0,Android PowerManager status
optimized,2:24,sample_cpu0_freq,1708,MHz
optimized,2:24,sample_cpu1_freq,1708,MHz
optimized,2:24,sample_cpu2_freq,1708,MHz
optimized,2:24,sample_cpu3_freq,1708,MHz
optimized,2:24,sample_cpu4_freq,2208,MHz
optimized,2:24,sample_cpu5_freq,2208,MHz
optimized,2:24,sample_cpu6_freq,2208,MHz
optimized,2:24,sample_cpu7_freq,2304,MHz
optimized,2:25,sample_elapsed,3802,ms
optimized,2:25,sample_power,0.818,W
optimized,2:25,sample_process_cpu,400.000,% one core
optimized,2:25,sample_free_ram,1.973,GiB
optimized,2:25,sample_battery_temp,34.500,C
optimized,2:25,sample_thermal_status,0,Android PowerManager status
optimized,2:25,sample_cpu0_freq,902,MHz
optimized,2:25,sample_cpu1_freq,902,MHz
optimized,2:25,sample_cpu2_freq,902,MHz
optimized,2:25,sample_cpu3_freq,902,MHz
optimized,2:25,sample_cpu4_freq,2208,MHz
optimized,2:25,sample_cpu5_freq,2208,MHz
optimized,2:25,sample_cpu6_freq,2208,MHz
optimized,2:25,sample_cpu7_freq,2304,MHz
optimized,2:26,sample_elapsed,3971,ms
optimized,2:26,sample_power,0.818,W
optimized,2:26,sample_process_cpu,398.225,% one core
optimized,2:26,sample_free_ram,1.973,GiB
optimized,2:26,sample_battery_temp,34.500,C
optimized,2:26,sample_thermal_status,0,Android PowerManager status
optimized,2:26,sample_cpu0_freq,1113,MHz
optimized,2:26,sample_cpu1_freq,1113,MHz
optimized,2:26,sample_cpu2_freq,1113,MHz
optimized,2:26,sample_cpu3_freq,1113,MHz
optimized,2:26,sample_cpu4_freq,2208,MHz
optimized,2:26,sample_cpu5_freq,2208,MHz
optimized,2:26,sample_cpu6_freq,2208,MHz
optimized,2:26,sample_cpu7_freq,2304,MHz
optimized,2:27,sample_elapsed,4139,ms
optimized,2:27,sample_power,0.818,W
optimized,2:27,sample_process_cpu,401.190,% one core
optimized,2:27,sample_free_ram,1.972,GiB
optimized,2:27,sample_battery_temp,34.500,C
optimized,2:27,sample_thermal_status,0,Android PowerManager status
optimized,2:27,sample_cpu0_freq,1113,MHz
optimized,2:27,sample_cpu1_freq,1113,MHz
optimized,2:27,sample_cpu2_freq,1113,MHz
optimized,2:27,sample_cpu3_freq,1113,MHz
optimized,2:27,sample_cpu4_freq,2208,MHz
optimized,2:27,sample_cpu5_freq,2208,MHz
optimized,2:27,sample_cpu6_freq,2208,MHz
optimized,2:27,sample_cpu7_freq,2304,MHz
optimized,2:28,sample_elapsed,4305,ms
optimized,2:28,sample_power,4.454,W
optimized,2:28,sample_process_cpu,397.590,% one core
optimized,2:28,sample_free_ram,1.972,GiB
optimized,2:28,sample_battery_temp,34.500,C
optimized,2:28,sample_thermal_status,0,Android PowerManager status
optimized,2:28,sample_cpu0_freq,1113,MHz
optimized,2:28,sample_cpu1_freq,1113,MHz
optimized,2:28,sample_cpu2_freq,1113,MHz
optimized,2:28,sample_cpu3_freq,1113,MHz
optimized,2:28,sample_cpu4_freq,2208,MHz
optimized,2:28,sample_cpu5_freq,2208,MHz
optimized,2:28,sample_cpu6_freq,2208,MHz
optimized,2:28,sample_cpu7_freq,2304,MHz
optimized,2:29,sample_elapsed,4471,ms
optimized,2:29,sample_power,4.454,W
optimized,2:29,sample_process_cpu,421.084,% one core
optimized,2:29,sample_free_ram,1.972,GiB
optimized,2:29,sample_battery_temp,34.500,C
optimized,2:29,sample_thermal_status,0,Android PowerManager status
optimized,2:29,sample_cpu0_freq,1228,MHz
optimized,2:29,sample_cpu1_freq,1228,MHz
optimized,2:29,sample_cpu2_freq,1593,MHz
optimized,2:29,sample_cpu3_freq,1593,MHz
optimized,2:29,sample_cpu4_freq,2208,MHz
optimized,2:29,sample_cpu5_freq,2208,MHz
optimized,2:29,sample_cpu6_freq,2208,MHz
optimized,2:29,sample_cpu7_freq,2304,MHz
optimized,2:30,sample_elapsed,4637,ms
optimized,2:30,sample_power,4.454,W
optimized,2:30,sample_process_cpu,398.795,% one core
optimized,2:30,sample_free_ram,1.972,GiB
optimized,2:30,sample_battery_temp,34.500,C
optimized,2:30,sample_thermal_status,0,Android PowerManager status
optimized,2:30,sample_cpu0_freq,1113,MHz
optimized,2:30,sample_cpu1_freq,1113,MHz
optimized,2:30,sample_cpu2_freq,1113,MHz
optimized,2:30,sample_cpu3_freq,1113,MHz
optimized,2:30,sample_cpu4_freq,2208,MHz
optimized,2:30,sample_cpu5_freq,2208,MHz
optimized,2:30,sample_cpu6_freq,2208,MHz
optimized,2:30,sample_cpu7_freq,2304,MHz
optimized,2:31,sample_elapsed,4806,ms
optimized,2:31,sample_power,4.454,W
optimized,2:31,sample_process_cpu,402.367,% one core
optimized,2:31,sample_free_ram,1.972,GiB
optimized,2:31,sample_battery_temp,34.500,C
optimized,2:31,sample_thermal_status,0,Android PowerManager status
optimized,2:31,sample_cpu0_freq,595,MHz
optimized,2:31,sample_cpu1_freq,595,MHz
optimized,2:31,sample_cpu2_freq,595,MHz
optimized,2:31,sample_cpu3_freq,787,MHz
optimized,2:31,sample_cpu4_freq,2208,MHz
optimized,2:31,sample_cpu5_freq,2208,MHz
optimized,2:31,sample_cpu6_freq,2208,MHz
optimized,2:31,sample_cpu7_freq,2304,MHz
optimized,2:32,sample_elapsed,4977,ms
optimized,2:32,sample_power,4.454,W
optimized,2:32,sample_process_cpu,402.924,% one core
optimized,2:32,sample_free_ram,1.973,GiB
optimized,2:32,sample_battery_temp,34.500,C
optimized,2:32,sample_thermal_status,0,Android PowerManager status
optimized,2:32,sample_cpu0_freq,1113,MHz
optimized,2:32,sample_cpu1_freq,1113,MHz
optimized,2:32,sample_cpu2_freq,1113,MHz
optimized,2:32,sample_cpu3_freq,1113,MHz
optimized,2:32,sample_cpu4_freq,2208,MHz
optimized,2:32,sample_cpu5_freq,2208,MHz
optimized,2:32,sample_cpu6_freq,2208,MHz
optimized,2:32,sample_cpu7_freq,2304,MHz
optimized,2:33,sample_elapsed,5145,ms
optimized,2:33,sample_power,4.454,W
optimized,2:33,sample_process_cpu,400.000,% one core
optimized,2:33,sample_free_ram,1.972,GiB
optimized,2:33,sample_battery_temp,34.500,C
optimized,2:33,sample_thermal_status,0,Android PowerManager status
optimized,2:33,sample_cpu0_freq,1804,MHz
optimized,2:33,sample_cpu1_freq,1804,MHz
optimized,2:33,sample_cpu2_freq,1804,MHz
optimized,2:33,sample_cpu3_freq,1804,MHz
optimized,2:33,sample_cpu4_freq,2208,MHz
optimized,2:33,sample_cpu5_freq,2208,MHz
optimized,2:33,sample_cpu6_freq,2208,MHz
optimized,2:33,sample_cpu7_freq,2304,MHz
optimized,2:34,sample_elapsed,5309,ms
optimized,2:34,sample_power,4.454,W
optimized,2:34,sample_process_cpu,398.780,% one core
optimized,2:34,sample_free_ram,1.972,GiB
optimized,2:34,sample_battery_temp,34.500,C
optimized,2:34,sample_thermal_status,0,Android PowerManager status
optimized,2:34,sample_cpu0_freq,787,MHz
optimized,2:34,sample_cpu1_freq,787,MHz
optimized,2:34,sample_cpu2_freq,787,MHz
optimized,2:34,sample_cpu3_freq,787,MHz
optimized,2:34,sample_cpu4_freq,2208,MHz
optimized,2:34,sample_cpu5_freq,2208,MHz
optimized,2:34,sample_cpu6_freq,2208,MHz
optimized,2:34,sample_cpu7_freq,2304,MHz
optimized,2:35,sample_elapsed,5479,ms
optimized,2:35,sample_power,4.454,W
optimized,2:35,sample_process_cpu,392.941,% one core
optimized,2:35,sample_free_ram,1.972,GiB
optimized,2:35,sample_battery_temp,34.500,C
optimized,2:35,sample_thermal_status,0,Android PowerManager status
optimized,2:35,sample_cpu0_freq,595,MHz
optimized,2:35,sample_cpu1_freq,595,MHz
optimized,2:35,sample_cpu2_freq,1113,MHz
optimized,2:35,sample_cpu3_freq,1113,MHz
optimized,2:35,sample_cpu4_freq,2208,MHz
optimized,2:35,sample_cpu5_freq,2208,MHz
optimized,2:35,sample_cpu6_freq,2208,MHz
optimized,2:35,sample_cpu7_freq,2304,MHz
optimized,2:36,sample_elapsed,5645,ms
optimized,2:36,sample_power,4.454,W
optimized,2:36,sample_process_cpu,400.000,% one core
optimized,2:36,sample_free_ram,1.972,GiB
optimized,2:36,sample_battery_temp,34.500,C
optimized,2:36,sample_thermal_status,0,Android PowerManager status
optimized,2:36,sample_cpu0_freq,787,MHz
optimized,2:36,sample_cpu1_freq,787,MHz
optimized,2:36,sample_cpu2_freq,787,MHz
optimized,2:36,sample_cpu3_freq,787,MHz
optimized,2:36,sample_cpu4_freq,2208,MHz
optimized,2:36,sample_cpu5_freq,2208,MHz
optimized,2:36,sample_cpu6_freq,2208,MHz
optimized,2:36,sample_cpu7_freq,2304,MHz
optimized,2:37,sample_elapsed,5811,ms
optimized,2:37,sample_power,4.454,W
optimized,2:37,sample_process_cpu,401.205,% one core
optimized,2:37,sample_free_ram,1.972,GiB
optimized,2:37,sample_battery_temp,34.500,C
optimized,2:37,sample_thermal_status,0,Android PowerManager status
optimized,2:37,sample_cpu0_freq,1113,MHz
optimized,2:37,sample_cpu1_freq,1113,MHz
optimized,2:37,sample_cpu2_freq,1113,MHz
optimized,2:37,sample_cpu3_freq,1113,MHz
optimized,2:37,sample_cpu4_freq,2208,MHz
optimized,2:37,sample_cpu5_freq,2208,MHz
optimized,2:37,sample_cpu6_freq,2208,MHz
optimized,2:37,sample_cpu7_freq,2304,MHz
optimized,2:38,sample_elapsed,5979,ms
optimized,2:38,sample_power,4.454,W
optimized,2:38,sample_process_cpu,402.381,% one core
optimized,2:38,sample_free_ram,1.971,GiB
optimized,2:38,sample_battery_temp,34.500,C
optimized,2:38,sample_thermal_status,0,Android PowerManager status
optimized,2:38,sample_cpu0_freq,1113,MHz
optimized,2:38,sample_cpu1_freq,1113,MHz
optimized,2:38,sample_cpu2_freq,1113,MHz
optimized,2:38,sample_cpu3_freq,1113,MHz
optimized,2:38,sample_cpu4_freq,2208,MHz
optimized,2:38,sample_cpu5_freq,2208,MHz
optimized,2:38,sample_cpu6_freq,2208,MHz
optimized,2:38,sample_cpu7_freq,2304,MHz
optimized,2:39,sample_elapsed,6147,ms
optimized,2:39,sample_power,4.454,W
optimized,2:39,sample_process_cpu,395.833,% one core
optimized,2:39,sample_free_ram,1.971,GiB
optimized,2:39,sample_battery_temp,34.500,C
optimized,2:39,sample_thermal_status,0,Android PowerManager status
optimized,2:39,sample_cpu0_freq,1344,MHz
optimized,2:39,sample_cpu1_freq,1344,MHz
optimized,2:39,sample_cpu2_freq,1344,MHz
optimized,2:39,sample_cpu3_freq,1344,MHz
optimized,2:39,sample_cpu4_freq,2208,MHz
optimized,2:39,sample_cpu5_freq,2208,MHz
optimized,2:39,sample_cpu6_freq,2208,MHz
optimized,2:39,sample_cpu7_freq,2304,MHz
optimized,2:40,sample_elapsed,6315,ms
optimized,2:40,sample_power,4.454,W
optimized,2:40,sample_process_cpu,403.571,% one core
optimized,2:40,sample_free_ram,1.971,GiB
optimized,2:40,sample_battery_temp,34.500,C
optimized,2:40,sample_thermal_status,0,Android PowerManager status
optimized,2:40,sample_cpu0_freq,595,MHz
optimized,2:40,sample_cpu1_freq,595,MHz
optimized,2:40,sample_cpu2_freq,595,MHz
optimized,2:40,sample_cpu3_freq,595,MHz
optimized,2:40,sample_cpu4_freq,2208,MHz
optimized,2:40,sample_cpu5_freq,2208,MHz
optimized,2:40,sample_cpu6_freq,2208,MHz
optimized,2:40,sample_cpu7_freq,2304,MHz
optimized,2:41,sample_elapsed,6484,ms
optimized,2:41,sample_power,4.454,W
optimized,2:41,sample_process_cpu,400.000,% one core
optimized,2:41,sample_free_ram,1.971,GiB
optimized,2:41,sample_battery_temp,34.500,C
optimized,2:41,sample_thermal_status,0,Android PowerManager status
optimized,2:41,sample_cpu0_freq,787,MHz
optimized,2:41,sample_cpu1_freq,787,MHz
optimized,2:41,sample_cpu2_freq,787,MHz
optimized,2:41,sample_cpu3_freq,787,MHz
optimized,2:41,sample_cpu4_freq,2208,MHz
optimized,2:41,sample_cpu5_freq,2208,MHz
optimized,2:41,sample_cpu6_freq,2208,MHz
optimized,2:41,sample_cpu7_freq,2304,MHz
optimized,2:42,sample_elapsed,6650,ms
optimized,2:42,sample_power,4.454,W
optimized,2:42,sample_process_cpu,403.614,% one core
optimized,2:42,sample_free_ram,1.971,GiB
optimized,2:42,sample_battery_temp,34.500,C
optimized,2:42,sample_thermal_status,0,Android PowerManager status
optimized,2:42,sample_cpu0_freq,1497,MHz
optimized,2:42,sample_cpu1_freq,1497,MHz
optimized,2:42,sample_cpu2_freq,1497,MHz
optimized,2:42,sample_cpu3_freq,1497,MHz
optimized,2:42,sample_cpu4_freq,2208,MHz
optimized,2:42,sample_cpu5_freq,2208,MHz
optimized,2:42,sample_cpu6_freq,2208,MHz
optimized,2:42,sample_cpu7_freq,2304,MHz
optimized,2:43,sample_elapsed,6818,ms
optimized,2:43,sample_power,4.454,W
optimized,2:43,sample_process_cpu,395.833,% one core
optimized,2:43,sample_free_ram,1.970,GiB
optimized,2:43,sample_battery_temp,34.500,C
optimized,2:43,sample_thermal_status,0,Android PowerManager status
optimized,2:43,sample_cpu0_freq,1804,MHz
optimized,2:43,sample_cpu1_freq,1804,MHz
optimized,2:43,sample_cpu2_freq,1804,MHz
optimized,2:43,sample_cpu3_freq,1804,MHz
optimized,2:43,sample_cpu4_freq,2208,MHz
optimized,2:43,sample_cpu5_freq,2208,MHz
optimized,2:43,sample_cpu6_freq,2208,MHz
optimized,2:43,sample_cpu7_freq,2304,MHz
optimized,2:44,sample_elapsed,6987,ms
optimized,2:44,sample_power,4.454,W
optimized,2:44,sample_process_cpu,400.592,% one core
optimized,2:44,sample_free_ram,1.970,GiB
optimized,2:44,sample_battery_temp,34.500,C
optimized,2:44,sample_thermal_status,0,Android PowerManager status
optimized,2:44,sample_cpu0_freq,1228,MHz
optimized,2:44,sample_cpu1_freq,1228,MHz
optimized,2:44,sample_cpu2_freq,1228,MHz
optimized,2:44,sample_cpu3_freq,1228,MHz
optimized,2:44,sample_cpu4_freq,2208,MHz
optimized,2:44,sample_cpu5_freq,2208,MHz
optimized,2:44,sample_cpu6_freq,2208,MHz
optimized,2:44,sample_cpu7_freq,2304,MHz
optimized,2:45,sample_elapsed,7153,ms
optimized,2:45,sample_power,4.454,W
optimized,2:45,sample_process_cpu,395.783,% one core
optimized,2:45,sample_free_ram,1.970,GiB
optimized,2:45,sample_battery_temp,34.500,C
optimized,2:45,sample_thermal_status,0,Android PowerManager status
optimized,2:45,sample_cpu0_freq,1113,MHz
optimized,2:45,sample_cpu1_freq,1113,MHz
optimized,2:45,sample_cpu2_freq,1113,MHz
optimized,2:45,sample_cpu3_freq,1113,MHz
optimized,2:45,sample_cpu4_freq,2208,MHz
optimized,2:45,sample_cpu5_freq,2208,MHz
optimized,2:45,sample_cpu6_freq,2208,MHz
optimized,2:45,sample_cpu7_freq,2304,MHz
optimized,2:46,sample_elapsed,7321,ms
optimized,2:46,sample_power,4.454,W
optimized,2:46,sample_process_cpu,400.000,% one core
optimized,2:46,sample_free_ram,1.970,GiB
optimized,2:46,sample_battery_temp,34.500,C
optimized,2:46,sample_thermal_status,0,Android PowerManager status
optimized,2:46,sample_cpu0_freq,1593,MHz
optimized,2:46,sample_cpu1_freq,1593,MHz
optimized,2:46,sample_cpu2_freq,1593,MHz
optimized,2:46,sample_cpu3_freq,1593,MHz
optimized,2:46,sample_cpu4_freq,2208,MHz
optimized,2:46,sample_cpu5_freq,2208,MHz
optimized,2:46,sample_cpu6_freq,2208,MHz
optimized,2:46,sample_cpu7_freq,2304,MHz
optimized,2:47,sample_elapsed,7491,ms
optimized,2:47,sample_power,4.454,W
optimized,2:47,sample_process_cpu,395.294,% one core
optimized,2:47,sample_free_ram,1.969,GiB
optimized,2:47,sample_battery_temp,34.500,C
optimized,2:47,sample_thermal_status,0,Android PowerManager status
optimized,2:47,sample_cpu0_freq,1708,MHz
optimized,2:47,sample_cpu1_freq,1708,MHz
optimized,2:47,sample_cpu2_freq,1708,MHz
optimized,2:47,sample_cpu3_freq,1708,MHz
optimized,2:47,sample_cpu4_freq,2208,MHz
optimized,2:47,sample_cpu5_freq,2208,MHz
optimized,2:47,sample_cpu6_freq,2208,MHz
optimized,2:47,sample_cpu7_freq,2304,MHz
optimized,2:48,sample_elapsed,7657,ms
optimized,2:48,sample_power,4.454,W
optimized,2:48,sample_process_cpu,403.614,% one core
optimized,2:48,sample_free_ram,1.969,GiB
optimized,2:48,sample_battery_temp,34.500,C
optimized,2:48,sample_thermal_status,0,Android PowerManager status
optimized,2:48,sample_cpu0_freq,1017,MHz
optimized,2:48,sample_cpu1_freq,1017,MHz
optimized,2:48,sample_cpu2_freq,902,MHz
optimized,2:48,sample_cpu3_freq,902,MHz
optimized,2:48,sample_cpu4_freq,2208,MHz
optimized,2:48,sample_cpu5_freq,2208,MHz
optimized,2:48,sample_cpu6_freq,2208,MHz
optimized,2:48,sample_cpu7_freq,2304,MHz
optimized,2:49,sample_elapsed,7823,ms
optimized,2:49,sample_power,4.454,W
optimized,2:49,sample_process_cpu,396.386,% one core
optimized,2:49,sample_free_ram,1.969,GiB
optimized,2:49,sample_battery_temp,34.500,C
optimized,2:49,sample_thermal_status,0,Android PowerManager status
optimized,2:49,sample_cpu0_freq,1804,MHz
optimized,2:49,sample_cpu1_freq,1804,MHz
optimized,2:49,sample_cpu2_freq,1804,MHz
optimized,2:49,sample_cpu3_freq,1804,MHz
optimized,2:49,sample_cpu4_freq,2208,MHz
optimized,2:49,sample_cpu5_freq,2208,MHz
optimized,2:49,sample_cpu6_freq,2208,MHz
optimized,2:49,sample_cpu7_freq,2304,MHz
optimized,2:50,sample_elapsed,8001,ms
optimized,2:50,sample_power,4.454,W
optimized,2:50,sample_process_cpu,403.371,% one core
optimized,2:50,sample_free_ram,1.973,GiB
optimized,2:50,sample_battery_temp,34.500,C
optimized,2:50,sample_thermal_status,0,Android PowerManager status
optimized,2:50,sample_cpu0_freq,1804,MHz
optimized,2:50,sample_cpu1_freq,1804,MHz
optimized,2:50,sample_cpu2_freq,1804,MHz
optimized,2:50,sample_cpu3_freq,1804,MHz
optimized,2:50,sample_cpu4_freq,2208,MHz
optimized,2:50,sample_cpu5_freq,2208,MHz
optimized,2:50,sample_cpu6_freq,2208,MHz
optimized,2:50,sample_cpu7_freq,2304,MHz
optimized,2:51,sample_elapsed,8171,ms
optimized,2:51,sample_power,4.454,W
optimized,2:51,sample_process_cpu,401.765,% one core
optimized,2:51,sample_free_ram,1.972,GiB
optimized,2:51,sample_battery_temp,34.500,C
optimized,2:51,sample_thermal_status,0,Android PowerManager status
optimized,2:51,sample_cpu0_freq,1804,MHz
optimized,2:51,sample_cpu1_freq,1804,MHz
optimized,2:51,sample_cpu2_freq,1804,MHz
optimized,2:51,sample_cpu3_freq,1804,MHz
optimized,2:51,sample_cpu4_freq,2208,MHz
optimized,2:51,sample_cpu5_freq,2208,MHz
optimized,2:51,sample_cpu6_freq,2208,MHz
optimized,2:51,sample_cpu7_freq,2304,MHz
optimized,2:52,sample_elapsed,8341,ms
optimized,2:52,sample_power,4.454,W
optimized,2:52,sample_process_cpu,400.588,% one core
optimized,2:52,sample_free_ram,1.972,GiB
optimized,2:52,sample_battery_temp,34.500,C
optimized,2:52,sample_thermal_status,0,Android PowerManager status
optimized,2:52,sample_cpu0_freq,1804,MHz
optimized,2:52,sample_cpu1_freq,1804,MHz
optimized,2:52,sample_cpu2_freq,1804,MHz
optimized,2:52,sample_cpu3_freq,1804,MHz
optimized,2:52,sample_cpu4_freq,2208,MHz
optimized,2:52,sample_cpu5_freq,2208,MHz
optimized,2:52,sample_cpu6_freq,2208,MHz
optimized,2:52,sample_cpu7_freq,2304,MHz
optimized,2:53,sample_elapsed,8519,ms
optimized,2:53,sample_power,4.454,W
optimized,2:53,sample_process_cpu,423.034,% one core
optimized,2:53,sample_free_ram,1.969,GiB
optimized,2:53,sample_battery_temp,34.500,C
optimized,2:53,sample_thermal_status,0,Android PowerManager status
optimized,2:53,sample_cpu0_freq,1804,MHz
optimized,2:53,sample_cpu1_freq,1804,MHz
optimized,2:53,sample_cpu2_freq,1804,MHz
optimized,2:53,sample_cpu3_freq,1804,MHz
optimized,2:53,sample_cpu4_freq,2208,MHz
optimized,2:53,sample_cpu5_freq,2208,MHz
optimized,2:53,sample_cpu6_freq,2208,MHz
optimized,2:53,sample_cpu7_freq,2304,MHz
optimized,2:54,sample_elapsed,8692,ms
optimized,2:54,sample_power,4.454,W
optimized,2:54,sample_process_cpu,373.988,% one core
optimized,2:54,sample_free_ram,1.969,GiB
optimized,2:54,sample_battery_temp,34.500,C
optimized,2:54,sample_thermal_status,0,Android PowerManager status
optimized,2:54,sample_cpu0_freq,1113,MHz
optimized,2:54,sample_cpu1_freq,1113,MHz
optimized,2:54,sample_cpu2_freq,1113,MHz
optimized,2:54,sample_cpu3_freq,1113,MHz
optimized,2:54,sample_cpu4_freq,2208,MHz
optimized,2:54,sample_cpu5_freq,2208,MHz
optimized,2:54,sample_cpu6_freq,2208,MHz
optimized,2:54,sample_cpu7_freq,2304,MHz
optimized,2:55,sample_elapsed,8850,ms
optimized,2:55,sample_power,4.454,W
optimized,2:55,sample_process_cpu,385.443,% one core
optimized,2:55,sample_free_ram,1.967,GiB
optimized,2:55,sample_battery_temp,34.500,C
optimized,2:55,sample_thermal_status,0,Android PowerManager status
optimized,2:55,sample_cpu0_freq,1804,MHz
optimized,2:55,sample_cpu1_freq,1804,MHz
optimized,2:55,sample_cpu2_freq,1804,MHz
optimized,2:55,sample_cpu3_freq,1804,MHz
optimized,2:55,sample_cpu4_freq,2208,MHz
optimized,2:55,sample_cpu5_freq,2208,MHz
optimized,2:55,sample_cpu6_freq,2208,MHz
optimized,2:55,sample_cpu7_freq,2304,MHz
optimized,2:56,sample_elapsed,9014,ms
optimized,2:56,sample_power,4.454,W
optimized,2:56,sample_process_cpu,399.390,% one core
optimized,2:56,sample_free_ram,1.967,GiB
optimized,2:56,sample_battery_temp,34.500,C
optimized,2:56,sample_thermal_status,0,Android PowerManager status
optimized,2:56,sample_cpu0_freq,1804,MHz
optimized,2:56,sample_cpu1_freq,1804,MHz
optimized,2:56,sample_cpu2_freq,1804,MHz
optimized,2:56,sample_cpu3_freq,1804,MHz
optimized,2:56,sample_cpu4_freq,2208,MHz
optimized,2:56,sample_cpu5_freq,2208,MHz
optimized,2:56,sample_cpu6_freq,2208,MHz
optimized,2:56,sample_cpu7_freq,2304,MHz
optimized,2:57,sample_elapsed,9197,ms
optimized,2:57,sample_power,4.454,W
optimized,2:57,sample_process_cpu,389.071,% one core
optimized,2:57,sample_free_ram,1.963,GiB
optimized,2:57,sample_battery_temp,34.500,C
optimized,2:57,sample_thermal_status,0,Android PowerManager status
optimized,2:57,sample_cpu0_freq,1804,MHz
optimized,2:57,sample_cpu1_freq,1804,MHz
optimized,2:57,sample_cpu2_freq,1804,MHz
optimized,2:57,sample_cpu3_freq,1804,MHz
optimized,2:57,sample_cpu4_freq,2208,MHz
optimized,2:57,sample_cpu5_freq,2208,MHz
optimized,2:57,sample_cpu6_freq,2208,MHz
optimized,2:57,sample_cpu7_freq,2304,MHz
optimized,2:58,sample_elapsed,9366,ms
optimized,2:58,sample_power,4.454,W
optimized,2:58,sample_process_cpu,368.639,% one core
optimized,2:58,sample_free_ram,1.954,GiB
optimized,2:58,sample_battery_temp,34.500,C
optimized,2:58,sample_thermal_status,0,Android PowerManager status
optimized,2:58,sample_cpu0_freq,1804,MHz
optimized,2:58,sample_cpu1_freq,1804,MHz
optimized,2:58,sample_cpu2_freq,1804,MHz
optimized,2:58,sample_cpu3_freq,1804,MHz
optimized,2:58,sample_cpu4_freq,2208,MHz
optimized,2:58,sample_cpu5_freq,2208,MHz
optimized,2:58,sample_cpu6_freq,2208,MHz
optimized,2:58,sample_cpu7_freq,2304,MHz
optimized,2:59,sample_elapsed,9520,ms
optimized,2:59,sample_power,4.454,W
optimized,2:59,sample_process_cpu,386.364,% one core
optimized,2:59,sample_free_ram,1.941,GiB
optimized,2:59,sample_battery_temp,34.500,C
optimized,2:59,sample_thermal_status,0,Android PowerManager status
optimized,2:59,sample_cpu0_freq,1804,MHz
optimized,2:59,sample_cpu1_freq,1804,MHz
optimized,2:59,sample_cpu2_freq,1804,MHz
optimized,2:59,sample_cpu3_freq,1804,MHz
optimized,2:59,sample_cpu4_freq,2208,MHz
optimized,2:59,sample_cpu5_freq,2208,MHz
optimized,2:59,sample_cpu6_freq,2208,MHz
optimized,2:59,sample_cpu7_freq,2304,MHz
optimized,2:60,sample_elapsed,9696,ms
optimized,2:60,sample_power,4.454,W
optimized,2:60,sample_process_cpu,383.523,% one core
optimized,2:60,sample_free_ram,1.959,GiB
optimized,2:60,sample_battery_temp,34.500,C
optimized,2:60,sample_thermal_status,0,Android PowerManager status
optimized,2:60,sample_cpu0_freq,1804,MHz
optimized,2:60,sample_cpu1_freq,1804,MHz
optimized,2:60,sample_cpu2_freq,1804,MHz
optimized,2:60,sample_cpu3_freq,1804,MHz
optimized,2:60,sample_cpu4_freq,2208,MHz
optimized,2:60,sample_cpu5_freq,2208,MHz
optimized,2:60,sample_cpu6_freq,2208,MHz
optimized,2:60,sample_cpu7_freq,2304,MHz
optimized,2:61,sample_elapsed,9859,ms
optimized,2:61,sample_power,4.454,W
optimized,2:61,sample_process_cpu,379.141,% one core
optimized,2:61,sample_free_ram,1.979,GiB
optimized,2:61,sample_battery_temp,34.500,C
optimized,2:61,sample_thermal_status,0,Android PowerManager status
optimized,2:61,sample_cpu0_freq,1497,MHz
optimized,2:61,sample_cpu1_freq,1497,MHz
optimized,2:61,sample_cpu2_freq,1497,MHz
optimized,2:61,sample_cpu3_freq,1497,MHz
optimized,2:61,sample_cpu4_freq,2208,MHz
optimized,2:61,sample_cpu5_freq,2208,MHz
optimized,2:61,sample_cpu6_freq,2208,MHz
optimized,2:61,sample_cpu7_freq,2304,MHz
optimized,2:62,sample_elapsed,10024,ms
optimized,2:62,sample_power,4.454,W
optimized,2:62,sample_process_cpu,406.061,% one core
optimized,2:62,sample_free_ram,1.978,GiB
optimized,2:62,sample_battery_temp,34.500,C
optimized,2:62,sample_thermal_status,0,Android PowerManager status
optimized,2:62,sample_cpu0_freq,1804,MHz
optimized,2:62,sample_cpu1_freq,1804,MHz
optimized,2:62,sample_cpu2_freq,1804,MHz
optimized,2:62,sample_cpu3_freq,1804,MHz
optimized,2:62,sample_cpu4_freq,2208,MHz
optimized,2:62,sample_cpu5_freq,2208,MHz
optimized,2:62,sample_cpu6_freq,2208,MHz
optimized,2:62,sample_cpu7_freq,2304,MHz
optimized,2:63,sample_elapsed,10193,ms
optimized,2:63,sample_power,4.454,W
optimized,2:63,sample_process_cpu,397.041,% one core
optimized,2:63,sample_free_ram,1.977,GiB
optimized,2:63,sample_battery_temp,34.500,C
optimized,2:63,sample_thermal_status,0,Android PowerManager status
optimized,2:63,sample_cpu0_freq,902,MHz
optimized,2:63,sample_cpu1_freq,902,MHz
optimized,2:63,sample_cpu2_freq,902,MHz
optimized,2:63,sample_cpu3_freq,902,MHz
optimized,2:63,sample_cpu4_freq,2208,MHz
optimized,2:63,sample_cpu5_freq,2208,MHz
optimized,2:63,sample_cpu6_freq,2208,MHz
optimized,2:63,sample_cpu7_freq,2304,MHz
optimized,2:64,sample_elapsed,10362,ms
optimized,2:64,sample_power,4.454,W
optimized,2:64,sample_process_cpu,399.408,% one core
optimized,2:64,sample_free_ram,1.977,GiB
optimized,2:64,sample_battery_temp,34.500,C
optimized,2:64,sample_thermal_status,0,Android PowerManager status
optimized,2:64,sample_cpu0_freq,1804,MHz
optimized,2:64,sample_cpu1_freq,1804,MHz
optimized,2:64,sample_cpu2_freq,1804,MHz
optimized,2:64,sample_cpu3_freq,1804,MHz
optimized,2:64,sample_cpu4_freq,2208,MHz
optimized,2:64,sample_cpu5_freq,2208,MHz
optimized,2:64,sample_cpu6_freq,2208,MHz
optimized,2:64,sample_cpu7_freq,2304,MHz
optimized,2:65,sample_elapsed,10528,ms
optimized,2:65,sample_power,4.454,W
optimized,2:65,sample_process_cpu,399.398,% one core
optimized,2:65,sample_free_ram,1.977,GiB
optimized,2:65,sample_battery_temp,34.500,C
optimized,2:65,sample_thermal_status,0,Android PowerManager status
optimized,2:65,sample_cpu0_freq,1228,MHz
optimized,2:65,sample_cpu1_freq,1228,MHz
optimized,2:65,sample_cpu2_freq,1593,MHz
optimized,2:65,sample_cpu3_freq,1593,MHz
optimized,2:65,sample_cpu4_freq,2208,MHz
optimized,2:65,sample_cpu5_freq,2208,MHz
optimized,2:65,sample_cpu6_freq,2208,MHz
optimized,2:65,sample_cpu7_freq,2304,MHz
optimized,2:66,sample_elapsed,10693,ms
optimized,2:66,sample_power,4.454,W
optimized,2:66,sample_process_cpu,397.576,% one core
optimized,2:66,sample_free_ram,1.977,GiB
optimized,2:66,sample_battery_temp,34.500,C
optimized,2:66,sample_thermal_status,0,Android PowerManager status
optimized,2:66,sample_cpu0_freq,1593,MHz
optimized,2:66,sample_cpu1_freq,1593,MHz
optimized,2:66,sample_cpu2_freq,1593,MHz
optimized,2:66,sample_cpu3_freq,1593,MHz
optimized,2:66,sample_cpu4_freq,2208,MHz
optimized,2:66,sample_cpu5_freq,2208,MHz
optimized,2:66,sample_cpu6_freq,2208,MHz
optimized,2:66,sample_cpu7_freq,2304,MHz
optimized,3,pp,129.000,tok/s
optimized,3,tg,17.500,tok/s
optimized,3,power,1.776,W
optimized,3,tok_per_w,9.854,tok/W
optimized,3,ttft_pp512_derived,4026.135,ms
optimized,3,start_temp,34.500,C
optimized,3,average_process_cpu,398.824,% one core
optimized,3,minimum_free_ram,1.959,GiB
optimized,3,peak_battery_temp,34.800,C
optimized,3,peak_thermal_status,0,Android PowerManager status
optimized,3:1,sample_elapsed,1,ms
optimized,3:1,sample_power,1.253,W
optimized,3:1,sample_process_cpu,500.000,% one core
optimized,3:1,sample_free_ram,2.046,GiB
optimized,3:1,sample_battery_temp,34.500,C
optimized,3:1,sample_thermal_status,0,Android PowerManager status
optimized,3:1,sample_cpu0_freq,787,MHz
optimized,3:1,sample_cpu1_freq,1228,MHz
optimized,3:1,sample_cpu2_freq,1228,MHz
optimized,3:1,sample_cpu3_freq,1228,MHz
optimized,3:1,sample_cpu4_freq,787,MHz
optimized,3:1,sample_cpu5_freq,787,MHz
optimized,3:1,sample_cpu6_freq,787,MHz
optimized,3:1,sample_cpu7_freq,2304,MHz
optimized,3:2,sample_elapsed,162,ms
optimized,3:2,sample_power,1.253,W
optimized,3:2,sample_process_cpu,363.975,% one core
optimized,3:2,sample_free_ram,2.000,GiB
optimized,3:2,sample_battery_temp,34.500,C
optimized,3:2,sample_thermal_status,0,Android PowerManager status
optimized,3:2,sample_cpu0_freq,1804,MHz
optimized,3:2,sample_cpu1_freq,1804,MHz
optimized,3:2,sample_cpu2_freq,1804,MHz
optimized,3:2,sample_cpu3_freq,1804,MHz
optimized,3:2,sample_cpu4_freq,2208,MHz
optimized,3:2,sample_cpu5_freq,2208,MHz
optimized,3:2,sample_cpu6_freq,2208,MHz
optimized,3:2,sample_cpu7_freq,2304,MHz
optimized,3:3,sample_elapsed,316,ms
optimized,3:3,sample_power,1.253,W
optimized,3:3,sample_process_cpu,390.260,% one core
optimized,3:3,sample_free_ram,1.968,GiB
optimized,3:3,sample_battery_temp,34.500,C
optimized,3:3,sample_thermal_status,0,Android PowerManager status
optimized,3:3,sample_cpu0_freq,1804,MHz
optimized,3:3,sample_cpu1_freq,1804,MHz
optimized,3:3,sample_cpu2_freq,1804,MHz
optimized,3:3,sample_cpu3_freq,1804,MHz
optimized,3:3,sample_cpu4_freq,2208,MHz
optimized,3:3,sample_cpu5_freq,2208,MHz
optimized,3:3,sample_cpu6_freq,2208,MHz
optimized,3:3,sample_cpu7_freq,2304,MHz
optimized,3:4,sample_elapsed,469,ms
optimized,3:4,sample_power,1.253,W
optimized,3:4,sample_process_cpu,394.118,% one core
optimized,3:4,sample_free_ram,1.967,GiB
optimized,3:4,sample_battery_temp,34.500,C
optimized,3:4,sample_thermal_status,0,Android PowerManager status
optimized,3:4,sample_cpu0_freq,1804,MHz
optimized,3:4,sample_cpu1_freq,1804,MHz
optimized,3:4,sample_cpu2_freq,1804,MHz
optimized,3:4,sample_cpu3_freq,1804,MHz
optimized,3:4,sample_cpu4_freq,2208,MHz
optimized,3:4,sample_cpu5_freq,2208,MHz
optimized,3:4,sample_cpu6_freq,2208,MHz
optimized,3:4,sample_cpu7_freq,2304,MHz
optimized,3:5,sample_elapsed,623,ms
optimized,3:5,sample_power,1.253,W
optimized,3:5,sample_process_cpu,401.299,% one core
optimized,3:5,sample_free_ram,1.967,GiB
optimized,3:5,sample_battery_temp,34.500,C
optimized,3:5,sample_thermal_status,0,Android PowerManager status
optimized,3:5,sample_cpu0_freq,1804,MHz
optimized,3:5,sample_cpu1_freq,1804,MHz
optimized,3:5,sample_cpu2_freq,1804,MHz
optimized,3:5,sample_cpu3_freq,1804,MHz
optimized,3:5,sample_cpu4_freq,2208,MHz
optimized,3:5,sample_cpu5_freq,2208,MHz
optimized,3:5,sample_cpu6_freq,2208,MHz
optimized,3:5,sample_cpu7_freq,2304,MHz
optimized,3:6,sample_elapsed,777,ms
optimized,3:6,sample_power,1.253,W
optimized,3:6,sample_process_cpu,401.299,% one core
optimized,3:6,sample_free_ram,1.967,GiB
optimized,3:6,sample_battery_temp,34.500,C
optimized,3:6,sample_thermal_status,0,Android PowerManager status
optimized,3:6,sample_cpu0_freq,1804,MHz
optimized,3:6,sample_cpu1_freq,1804,MHz
optimized,3:6,sample_cpu2_freq,1804,MHz
optimized,3:6,sample_cpu3_freq,1804,MHz
optimized,3:6,sample_cpu4_freq,2208,MHz
optimized,3:6,sample_cpu5_freq,2208,MHz
optimized,3:6,sample_cpu6_freq,2208,MHz
optimized,3:6,sample_cpu7_freq,2304,MHz
optimized,3:7,sample_elapsed,931,ms
optimized,3:7,sample_power,1.253,W
optimized,3:7,sample_process_cpu,392.208,% one core
optimized,3:7,sample_free_ram,1.966,GiB
optimized,3:7,sample_battery_temp,34.500,C
optimized,3:7,sample_thermal_status,0,Android PowerManager status
optimized,3:7,sample_cpu0_freq,1804,MHz
optimized,3:7,sample_cpu1_freq,1804,MHz
optimized,3:7,sample_cpu2_freq,1804,MHz
optimized,3:7,sample_cpu3_freq,1804,MHz
optimized,3:7,sample_cpu4_freq,2208,MHz
optimized,3:7,sample_cpu5_freq,2208,MHz
optimized,3:7,sample_cpu6_freq,2208,MHz
optimized,3:7,sample_cpu7_freq,2304,MHz
optimized,3:8,sample_elapsed,1085,ms
optimized,3:8,sample_power,1.253,W
optimized,3:8,sample_process_cpu,389.610,% one core
optimized,3:8,sample_free_ram,1.966,GiB
optimized,3:8,sample_battery_temp,34.500,C
optimized,3:8,sample_thermal_status,0,Android PowerManager status
optimized,3:8,sample_cpu0_freq,1804,MHz
optimized,3:8,sample_cpu1_freq,1804,MHz
optimized,3:8,sample_cpu2_freq,1804,MHz
optimized,3:8,sample_cpu3_freq,1804,MHz
optimized,3:8,sample_cpu4_freq,2208,MHz
optimized,3:8,sample_cpu5_freq,2208,MHz
optimized,3:8,sample_cpu6_freq,2208,MHz
optimized,3:8,sample_cpu7_freq,2304,MHz
optimized,3:9,sample_elapsed,1239,ms
optimized,3:9,sample_power,1.253,W
optimized,3:9,sample_process_cpu,398.052,% one core
optimized,3:9,sample_free_ram,1.966,GiB
optimized,3:9,sample_battery_temp,34.500,C
optimized,3:9,sample_thermal_status,0,Android PowerManager status
optimized,3:9,sample_cpu0_freq,1804,MHz
optimized,3:9,sample_cpu1_freq,1804,MHz
optimized,3:9,sample_cpu2_freq,1804,MHz
optimized,3:9,sample_cpu3_freq,1804,MHz
optimized,3:9,sample_cpu4_freq,2208,MHz
optimized,3:9,sample_cpu5_freq,2208,MHz
optimized,3:9,sample_cpu6_freq,2208,MHz
optimized,3:9,sample_cpu7_freq,2304,MHz
optimized,3:10,sample_elapsed,1396,ms
optimized,3:10,sample_power,1.253,W
optimized,3:10,sample_process_cpu,394.268,% one core
optimized,3:10,sample_free_ram,1.966,GiB
optimized,3:10,sample_battery_temp,34.500,C
optimized,3:10,sample_thermal_status,0,Android PowerManager status
optimized,3:10,sample_cpu0_freq,1804,MHz
optimized,3:10,sample_cpu1_freq,1804,MHz
optimized,3:10,sample_cpu2_freq,1804,MHz
optimized,3:10,sample_cpu3_freq,1804,MHz
optimized,3:10,sample_cpu4_freq,2208,MHz
optimized,3:10,sample_cpu5_freq,2208,MHz
optimized,3:10,sample_cpu6_freq,2208,MHz
optimized,3:10,sample_cpu7_freq,2304,MHz
optimized,3:11,sample_elapsed,1550,ms
optimized,3:11,sample_power,1.253,W
optimized,3:11,sample_process_cpu,402.597,% one core
optimized,3:11,sample_free_ram,1.966,GiB
optimized,3:11,sample_battery_temp,34.500,C
optimized,3:11,sample_thermal_status,0,Android PowerManager status
optimized,3:11,sample_cpu0_freq,1804,MHz
optimized,3:11,sample_cpu1_freq,1804,MHz
optimized,3:11,sample_cpu2_freq,1804,MHz
optimized,3:11,sample_cpu3_freq,1804,MHz
optimized,3:11,sample_cpu4_freq,2208,MHz
optimized,3:11,sample_cpu5_freq,2208,MHz
optimized,3:11,sample_cpu6_freq,2208,MHz
optimized,3:11,sample_cpu7_freq,2304,MHz
optimized,3:12,sample_elapsed,1703,ms
optimized,3:12,sample_power,1.253,W
optimized,3:12,sample_process_cpu,388.889,% one core
optimized,3:12,sample_free_ram,1.966,GiB
optimized,3:12,sample_battery_temp,34.500,C
optimized,3:12,sample_thermal_status,0,Android PowerManager status
optimized,3:12,sample_cpu0_freq,1804,MHz
optimized,3:12,sample_cpu1_freq,1804,MHz
optimized,3:12,sample_cpu2_freq,1804,MHz
optimized,3:12,sample_cpu3_freq,1804,MHz
optimized,3:12,sample_cpu4_freq,2208,MHz
optimized,3:12,sample_cpu5_freq,2208,MHz
optimized,3:12,sample_cpu6_freq,2208,MHz
optimized,3:12,sample_cpu7_freq,2304,MHz
optimized,3:13,sample_elapsed,1858,ms
optimized,3:13,sample_power,1.253,W
optimized,3:13,sample_process_cpu,398.710,% one core
optimized,3:13,sample_free_ram,1.966,GiB
optimized,3:13,sample_battery_temp,34.500,C
optimized,3:13,sample_thermal_status,0,Android PowerManager status
optimized,3:13,sample_cpu0_freq,1804,MHz
optimized,3:13,sample_cpu1_freq,1804,MHz
optimized,3:13,sample_cpu2_freq,1804,MHz
optimized,3:13,sample_cpu3_freq,1804,MHz
optimized,3:13,sample_cpu4_freq,2208,MHz
optimized,3:13,sample_cpu5_freq,2208,MHz
optimized,3:13,sample_cpu6_freq,2208,MHz
optimized,3:13,sample_cpu7_freq,2304,MHz
optimized,3:14,sample_elapsed,2011,ms
optimized,3:14,sample_power,1.253,W
optimized,3:14,sample_process_cpu,392.157,% one core
optimized,3:14,sample_free_ram,1.966,GiB
optimized,3:14,sample_battery_temp,34.500,C
optimized,3:14,sample_thermal_status,0,Android PowerManager status
optimized,3:14,sample_cpu0_freq,1804,MHz
optimized,3:14,sample_cpu1_freq,1804,MHz
optimized,3:14,sample_cpu2_freq,1804,MHz
optimized,3:14,sample_cpu3_freq,1804,MHz
optimized,3:14,sample_cpu4_freq,2208,MHz
optimized,3:14,sample_cpu5_freq,2208,MHz
optimized,3:14,sample_cpu6_freq,2208,MHz
optimized,3:14,sample_cpu7_freq,2304,MHz
optimized,3:15,sample_elapsed,2166,ms
optimized,3:15,sample_power,1.253,W
optimized,3:15,sample_process_cpu,403.226,% one core
optimized,3:15,sample_free_ram,1.966,GiB
optimized,3:15,sample_battery_temp,34.500,C
optimized,3:15,sample_thermal_status,0,Android PowerManager status
optimized,3:15,sample_cpu0_freq,1804,MHz
optimized,3:15,sample_cpu1_freq,1804,MHz
optimized,3:15,sample_cpu2_freq,1804,MHz
optimized,3:15,sample_cpu3_freq,1804,MHz
optimized,3:15,sample_cpu4_freq,2208,MHz
optimized,3:15,sample_cpu5_freq,2208,MHz
optimized,3:15,sample_cpu6_freq,2208,MHz
optimized,3:15,sample_cpu7_freq,2304,MHz
optimized,3:16,sample_elapsed,2322,ms
optimized,3:16,sample_power,1.253,W
optimized,3:16,sample_process_cpu,391.026,% one core
optimized,3:16,sample_free_ram,1.965,GiB
optimized,3:16,sample_battery_temp,34.500,C
optimized,3:16,sample_thermal_status,0,Android PowerManager status
optimized,3:16,sample_cpu0_freq,1804,MHz
optimized,3:16,sample_cpu1_freq,1804,MHz
optimized,3:16,sample_cpu2_freq,1804,MHz
optimized,3:16,sample_cpu3_freq,1804,MHz
optimized,3:16,sample_cpu4_freq,2208,MHz
optimized,3:16,sample_cpu5_freq,2208,MHz
optimized,3:16,sample_cpu6_freq,2208,MHz
optimized,3:16,sample_cpu7_freq,2304,MHz
optimized,3:17,sample_elapsed,2476,ms
optimized,3:17,sample_power,1.253,W
optimized,3:17,sample_process_cpu,390.909,% one core
optimized,3:17,sample_free_ram,1.965,GiB
optimized,3:17,sample_battery_temp,34.500,C
optimized,3:17,sample_thermal_status,0,Android PowerManager status
optimized,3:17,sample_cpu0_freq,1804,MHz
optimized,3:17,sample_cpu1_freq,1804,MHz
optimized,3:17,sample_cpu2_freq,1804,MHz
optimized,3:17,sample_cpu3_freq,1804,MHz
optimized,3:17,sample_cpu4_freq,2208,MHz
optimized,3:17,sample_cpu5_freq,2208,MHz
optimized,3:17,sample_cpu6_freq,2208,MHz
optimized,3:17,sample_cpu7_freq,2304,MHz
optimized,3:18,sample_elapsed,2630,ms
optimized,3:18,sample_power,1.253,W
optimized,3:18,sample_process_cpu,401.948,% one core
optimized,3:18,sample_free_ram,1.965,GiB
optimized,3:18,sample_battery_temp,34.500,C
optimized,3:18,sample_thermal_status,0,Android PowerManager status
optimized,3:18,sample_cpu0_freq,1804,MHz
optimized,3:18,sample_cpu1_freq,1804,MHz
optimized,3:18,sample_cpu2_freq,1804,MHz
optimized,3:18,sample_cpu3_freq,1804,MHz
optimized,3:18,sample_cpu4_freq,2208,MHz
optimized,3:18,sample_cpu5_freq,2208,MHz
optimized,3:18,sample_cpu6_freq,2208,MHz
optimized,3:18,sample_cpu7_freq,2304,MHz
optimized,3:19,sample_elapsed,2784,ms
optimized,3:19,sample_power,1.253,W
optimized,3:19,sample_process_cpu,396.753,% one core
optimized,3:19,sample_free_ram,1.965,GiB
optimized,3:19,sample_battery_temp,34.500,C
optimized,3:19,sample_thermal_status,0,Android PowerManager status
optimized,3:19,sample_cpu0_freq,1804,MHz
optimized,3:19,sample_cpu1_freq,1804,MHz
optimized,3:19,sample_cpu2_freq,1804,MHz
optimized,3:19,sample_cpu3_freq,1804,MHz
optimized,3:19,sample_cpu4_freq,2208,MHz
optimized,3:19,sample_cpu5_freq,2208,MHz
optimized,3:19,sample_cpu6_freq,2208,MHz
optimized,3:19,sample_cpu7_freq,2304,MHz
optimized,3:20,sample_elapsed,2938,ms
optimized,3:20,sample_power,1.253,W
optimized,3:20,sample_process_cpu,396.104,% one core
optimized,3:20,sample_free_ram,1.965,GiB
optimized,3:20,sample_battery_temp,34.500,C
optimized,3:20,sample_thermal_status,0,Android PowerManager status
optimized,3:20,sample_cpu0_freq,1804,MHz
optimized,3:20,sample_cpu1_freq,1804,MHz
optimized,3:20,sample_cpu2_freq,1804,MHz
optimized,3:20,sample_cpu3_freq,1804,MHz
optimized,3:20,sample_cpu4_freq,2208,MHz
optimized,3:20,sample_cpu5_freq,2208,MHz
optimized,3:20,sample_cpu6_freq,2208,MHz
optimized,3:20,sample_cpu7_freq,2304,MHz
optimized,3:21,sample_elapsed,3092,ms
optimized,3:21,sample_power,1.253,W
optimized,3:21,sample_process_cpu,389.610,% one core
optimized,3:21,sample_free_ram,1.965,GiB
optimized,3:21,sample_battery_temp,34.500,C
optimized,3:21,sample_thermal_status,0,Android PowerManager status
optimized,3:21,sample_cpu0_freq,1804,MHz
optimized,3:21,sample_cpu1_freq,1804,MHz
optimized,3:21,sample_cpu2_freq,1804,MHz
optimized,3:21,sample_cpu3_freq,1804,MHz
optimized,3:21,sample_cpu4_freq,2208,MHz
optimized,3:21,sample_cpu5_freq,2208,MHz
optimized,3:21,sample_cpu6_freq,2208,MHz
optimized,3:21,sample_cpu7_freq,2304,MHz
optimized,3:22,sample_elapsed,3246,ms
optimized,3:22,sample_power,1.253,W
optimized,3:22,sample_process_cpu,402.597,% one core
optimized,3:22,sample_free_ram,1.965,GiB
optimized,3:22,sample_battery_temp,34.500,C
optimized,3:22,sample_thermal_status,0,Android PowerManager status
optimized,3:22,sample_cpu0_freq,1804,MHz
optimized,3:22,sample_cpu1_freq,1804,MHz
optimized,3:22,sample_cpu2_freq,1804,MHz
optimized,3:22,sample_cpu3_freq,1804,MHz
optimized,3:22,sample_cpu4_freq,2208,MHz
optimized,3:22,sample_cpu5_freq,2208,MHz
optimized,3:22,sample_cpu6_freq,2208,MHz
optimized,3:22,sample_cpu7_freq,2304,MHz
optimized,3:23,sample_elapsed,3399,ms
optimized,3:23,sample_power,1.253,W
optimized,3:23,sample_process_cpu,392.157,% one core
optimized,3:23,sample_free_ram,1.964,GiB
optimized,3:23,sample_battery_temp,34.500,C
optimized,3:23,sample_thermal_status,0,Android PowerManager status
optimized,3:23,sample_cpu0_freq,1804,MHz
optimized,3:23,sample_cpu1_freq,1804,MHz
optimized,3:23,sample_cpu2_freq,1804,MHz
optimized,3:23,sample_cpu3_freq,1804,MHz
optimized,3:23,sample_cpu4_freq,2208,MHz
optimized,3:23,sample_cpu5_freq,2208,MHz
optimized,3:23,sample_cpu6_freq,2208,MHz
optimized,3:23,sample_cpu7_freq,2304,MHz
optimized,3:24,sample_elapsed,3555,ms
optimized,3:24,sample_power,1.253,W
optimized,3:24,sample_process_cpu,399.359,% one core
optimized,3:24,sample_free_ram,1.964,GiB
optimized,3:24,sample_battery_temp,34.500,C
optimized,3:24,sample_thermal_status,0,Android PowerManager status
optimized,3:24,sample_cpu0_freq,1804,MHz
optimized,3:24,sample_cpu1_freq,1804,MHz
optimized,3:24,sample_cpu2_freq,1804,MHz
optimized,3:24,sample_cpu3_freq,1804,MHz
optimized,3:24,sample_cpu4_freq,2208,MHz
optimized,3:24,sample_cpu5_freq,2208,MHz
optimized,3:24,sample_cpu6_freq,2208,MHz
optimized,3:24,sample_cpu7_freq,2304,MHz
optimized,3:25,sample_elapsed,3708,ms
optimized,3:25,sample_power,1.253,W
optimized,3:25,sample_process_cpu,391.503,% one core
optimized,3:25,sample_free_ram,1.964,GiB
optimized,3:25,sample_battery_temp,34.500,C
optimized,3:25,sample_thermal_status,0,Android PowerManager status
optimized,3:25,sample_cpu0_freq,1804,MHz
optimized,3:25,sample_cpu1_freq,1804,MHz
optimized,3:25,sample_cpu2_freq,1804,MHz
optimized,3:25,sample_cpu3_freq,1804,MHz
optimized,3:25,sample_cpu4_freq,2208,MHz
optimized,3:25,sample_cpu5_freq,2208,MHz
optimized,3:25,sample_cpu6_freq,2208,MHz
optimized,3:25,sample_cpu7_freq,2304,MHz
optimized,3:26,sample_elapsed,3862,ms
optimized,3:26,sample_power,1.253,W
optimized,3:26,sample_process_cpu,411.039,% one core
optimized,3:26,sample_free_ram,1.962,GiB
optimized,3:26,sample_battery_temp,34.500,C
optimized,3:26,sample_thermal_status,0,Android PowerManager status
optimized,3:26,sample_cpu0_freq,1804,MHz
optimized,3:26,sample_cpu1_freq,1804,MHz
optimized,3:26,sample_cpu2_freq,1804,MHz
optimized,3:26,sample_cpu3_freq,1804,MHz
optimized,3:26,sample_cpu4_freq,2208,MHz
optimized,3:26,sample_cpu5_freq,2208,MHz
optimized,3:26,sample_cpu6_freq,2208,MHz
optimized,3:26,sample_cpu7_freq,2304,MHz
optimized,3:27,sample_elapsed,4016,ms
optimized,3:27,sample_power,1.253,W
optimized,3:27,sample_process_cpu,403.247,% one core
optimized,3:27,sample_free_ram,1.962,GiB
optimized,3:27,sample_battery_temp,34.500,C
optimized,3:27,sample_thermal_status,0,Android PowerManager status
optimized,3:27,sample_cpu0_freq,1804,MHz
optimized,3:27,sample_cpu1_freq,1804,MHz
optimized,3:27,sample_cpu2_freq,1804,MHz
optimized,3:27,sample_cpu3_freq,1804,MHz
optimized,3:27,sample_cpu4_freq,2208,MHz
optimized,3:27,sample_cpu5_freq,2208,MHz
optimized,3:27,sample_cpu6_freq,2208,MHz
optimized,3:27,sample_cpu7_freq,2304,MHz
optimized,3:28,sample_elapsed,4180,ms
optimized,3:28,sample_power,1.253,W
optimized,3:28,sample_process_cpu,396.951,% one core
optimized,3:28,sample_free_ram,1.962,GiB
optimized,3:28,sample_battery_temp,34.500,C
optimized,3:28,sample_thermal_status,0,Android PowerManager status
optimized,3:28,sample_cpu0_freq,1804,MHz
optimized,3:28,sample_cpu1_freq,1804,MHz
optimized,3:28,sample_cpu2_freq,1804,MHz
optimized,3:28,sample_cpu3_freq,1804,MHz
optimized,3:28,sample_cpu4_freq,2208,MHz
optimized,3:28,sample_cpu5_freq,2208,MHz
optimized,3:28,sample_cpu6_freq,2208,MHz
optimized,3:28,sample_cpu7_freq,2304,MHz
optimized,3:29,sample_elapsed,4345,ms
optimized,3:29,sample_power,1.253,W
optimized,3:29,sample_process_cpu,404.242,% one core
optimized,3:29,sample_free_ram,1.962,GiB
optimized,3:29,sample_battery_temp,34.500,C
optimized,3:29,sample_thermal_status,0,Android PowerManager status
optimized,3:29,sample_cpu0_freq,1804,MHz
optimized,3:29,sample_cpu1_freq,1804,MHz
optimized,3:29,sample_cpu2_freq,1804,MHz
optimized,3:29,sample_cpu3_freq,1804,MHz
optimized,3:29,sample_cpu4_freq,2208,MHz
optimized,3:29,sample_cpu5_freq,2208,MHz
optimized,3:29,sample_cpu6_freq,2208,MHz
optimized,3:29,sample_cpu7_freq,2304,MHz
optimized,3:30,sample_elapsed,4547,ms
optimized,3:30,sample_power,1.253,W
optimized,3:30,sample_process_cpu,399.505,% one core
optimized,3:30,sample_free_ram,1.967,GiB
optimized,3:30,sample_battery_temp,34.500,C
optimized,3:30,sample_thermal_status,0,Android PowerManager status
optimized,3:30,sample_cpu0_freq,1708,MHz
optimized,3:30,sample_cpu1_freq,1708,MHz
optimized,3:30,sample_cpu2_freq,1708,MHz
optimized,3:30,sample_cpu3_freq,1708,MHz
optimized,3:30,sample_cpu4_freq,2208,MHz
optimized,3:30,sample_cpu5_freq,2208,MHz
optimized,3:30,sample_cpu6_freq,2208,MHz
optimized,3:30,sample_cpu7_freq,2304,MHz
optimized,3:31,sample_elapsed,4723,ms
optimized,3:31,sample_power,1.253,W
optimized,3:31,sample_process_cpu,391.477,% one core
optimized,3:31,sample_free_ram,1.966,GiB
optimized,3:31,sample_battery_temp,34.500,C
optimized,3:31,sample_thermal_status,0,Android PowerManager status
optimized,3:31,sample_cpu0_freq,787,MHz
optimized,3:31,sample_cpu1_freq,787,MHz
optimized,3:31,sample_cpu2_freq,1113,MHz
optimized,3:31,sample_cpu3_freq,1113,MHz
optimized,3:31,sample_cpu4_freq,2208,MHz
optimized,3:31,sample_cpu5_freq,2208,MHz
optimized,3:31,sample_cpu6_freq,2208,MHz
optimized,3:31,sample_cpu7_freq,2304,MHz
optimized,3:32,sample_elapsed,4893,ms
optimized,3:32,sample_power,1.253,W
optimized,3:32,sample_process_cpu,402.941,% one core
optimized,3:32,sample_free_ram,1.966,GiB
optimized,3:32,sample_battery_temp,34.500,C
optimized,3:32,sample_thermal_status,0,Android PowerManager status
optimized,3:32,sample_cpu0_freq,902,MHz
optimized,3:32,sample_cpu1_freq,902,MHz
optimized,3:32,sample_cpu2_freq,902,MHz
optimized,3:32,sample_cpu3_freq,1228,MHz
optimized,3:32,sample_cpu4_freq,2208,MHz
optimized,3:32,sample_cpu5_freq,2208,MHz
optimized,3:32,sample_cpu6_freq,2208,MHz
optimized,3:32,sample_cpu7_freq,2304,MHz
optimized,3:33,sample_elapsed,5061,ms
optimized,3:33,sample_power,1.253,W
optimized,3:33,sample_process_cpu,397.024,% one core
optimized,3:33,sample_free_ram,1.966,GiB
optimized,3:33,sample_battery_temp,34.500,C
optimized,3:33,sample_thermal_status,0,Android PowerManager status
optimized,3:33,sample_cpu0_freq,595,MHz
optimized,3:33,sample_cpu1_freq,595,MHz
optimized,3:33,sample_cpu2_freq,595,MHz
optimized,3:33,sample_cpu3_freq,1113,MHz
optimized,3:33,sample_cpu4_freq,2208,MHz
optimized,3:33,sample_cpu5_freq,2208,MHz
optimized,3:33,sample_cpu6_freq,2208,MHz
optimized,3:33,sample_cpu7_freq,2304,MHz
optimized,3:34,sample_elapsed,5229,ms
optimized,3:34,sample_power,1.253,W
optimized,3:34,sample_process_cpu,402.381,% one core
optimized,3:34,sample_free_ram,1.966,GiB
optimized,3:34,sample_battery_temp,34.500,C
optimized,3:34,sample_thermal_status,0,Android PowerManager status
optimized,3:34,sample_cpu0_freq,787,MHz
optimized,3:34,sample_cpu1_freq,787,MHz
optimized,3:34,sample_cpu2_freq,787,MHz
optimized,3:34,sample_cpu3_freq,787,MHz
optimized,3:34,sample_cpu4_freq,2208,MHz
optimized,3:34,sample_cpu5_freq,2208,MHz
optimized,3:34,sample_cpu6_freq,2208,MHz
optimized,3:34,sample_cpu7_freq,2304,MHz
optimized,3:35,sample_elapsed,5396,ms
optimized,3:35,sample_power,1.253,W
optimized,3:35,sample_process_cpu,402.994,% one core
optimized,3:35,sample_free_ram,1.966,GiB
optimized,3:35,sample_battery_temp,34.500,C
optimized,3:35,sample_thermal_status,0,Android PowerManager status
optimized,3:35,sample_cpu0_freq,595,MHz
optimized,3:35,sample_cpu1_freq,595,MHz
optimized,3:35,sample_cpu2_freq,595,MHz
optimized,3:35,sample_cpu3_freq,595,MHz
optimized,3:35,sample_cpu4_freq,2208,MHz
optimized,3:35,sample_cpu5_freq,2208,MHz
optimized,3:35,sample_cpu6_freq,2208,MHz
optimized,3:35,sample_cpu7_freq,2304,MHz
optimized,3:36,sample_elapsed,5567,ms
optimized,3:36,sample_power,1.253,W
optimized,3:36,sample_process_cpu,395.906,% one core
optimized,3:36,sample_free_ram,1.966,GiB
optimized,3:36,sample_battery_temp,34.500,C
optimized,3:36,sample_thermal_status,0,Android PowerManager status
optimized,3:36,sample_cpu0_freq,1804,MHz
optimized,3:36,sample_cpu1_freq,1804,MHz
optimized,3:36,sample_cpu2_freq,1804,MHz
optimized,3:36,sample_cpu3_freq,1804,MHz
optimized,3:36,sample_cpu4_freq,2208,MHz
optimized,3:36,sample_cpu5_freq,2208,MHz
optimized,3:36,sample_cpu6_freq,2208,MHz
optimized,3:36,sample_cpu7_freq,2304,MHz
optimized,3:37,sample_elapsed,5738,ms
optimized,3:37,sample_power,1.253,W
optimized,3:37,sample_process_cpu,400.000,% one core
optimized,3:37,sample_free_ram,1.965,GiB
optimized,3:37,sample_battery_temp,34.500,C
optimized,3:37,sample_thermal_status,0,Android PowerManager status
optimized,3:37,sample_cpu0_freq,1804,MHz
optimized,3:37,sample_cpu1_freq,1804,MHz
optimized,3:37,sample_cpu2_freq,1804,MHz
optimized,3:37,sample_cpu3_freq,1804,MHz
optimized,3:37,sample_cpu4_freq,2208,MHz
optimized,3:37,sample_cpu5_freq,2208,MHz
optimized,3:37,sample_cpu6_freq,2208,MHz
optimized,3:37,sample_cpu7_freq,2304,MHz
optimized,3:38,sample_elapsed,5910,ms
optimized,3:38,sample_power,1.253,W
optimized,3:38,sample_process_cpu,399.419,% one core
optimized,3:38,sample_free_ram,1.965,GiB
optimized,3:38,sample_battery_temp,34.500,C
optimized,3:38,sample_thermal_status,0,Android PowerManager status
optimized,3:38,sample_cpu0_freq,1804,MHz
optimized,3:38,sample_cpu1_freq,1804,MHz
optimized,3:38,sample_cpu2_freq,1804,MHz
optimized,3:38,sample_cpu3_freq,1804,MHz
optimized,3:38,sample_cpu4_freq,2208,MHz
optimized,3:38,sample_cpu5_freq,2208,MHz
optimized,3:38,sample_cpu6_freq,2208,MHz
optimized,3:38,sample_cpu7_freq,2304,MHz
optimized,3:39,sample_elapsed,6075,ms
optimized,3:39,sample_power,1.253,W
optimized,3:39,sample_process_cpu,400.606,% one core
optimized,3:39,sample_free_ram,1.965,GiB
optimized,3:39,sample_battery_temp,34.500,C
optimized,3:39,sample_thermal_status,0,Android PowerManager status
optimized,3:39,sample_cpu0_freq,595,MHz
optimized,3:39,sample_cpu1_freq,595,MHz
optimized,3:39,sample_cpu2_freq,595,MHz
optimized,3:39,sample_cpu3_freq,595,MHz
optimized,3:39,sample_cpu4_freq,2208,MHz
optimized,3:39,sample_cpu5_freq,2208,MHz
optimized,3:39,sample_cpu6_freq,2208,MHz
optimized,3:39,sample_cpu7_freq,2304,MHz
optimized,3:40,sample_elapsed,6244,ms
optimized,3:40,sample_power,1.253,W
optimized,3:40,sample_process_cpu,399.408,% one core
optimized,3:40,sample_free_ram,1.965,GiB
optimized,3:40,sample_battery_temp,34.500,C
optimized,3:40,sample_thermal_status,0,Android PowerManager status
optimized,3:40,sample_cpu0_freq,595,MHz
optimized,3:40,sample_cpu1_freq,595,MHz
optimized,3:40,sample_cpu2_freq,1113,MHz
optimized,3:40,sample_cpu3_freq,1113,MHz
optimized,3:40,sample_cpu4_freq,2208,MHz
optimized,3:40,sample_cpu5_freq,2208,MHz
optimized,3:40,sample_cpu6_freq,2208,MHz
optimized,3:40,sample_cpu7_freq,2304,MHz
optimized,3:41,sample_elapsed,6413,ms
optimized,3:41,sample_power,1.253,W
optimized,3:41,sample_process_cpu,401.183,% one core
optimized,3:41,sample_free_ram,1.965,GiB
optimized,3:41,sample_battery_temp,34.500,C
optimized,3:41,sample_thermal_status,0,Android PowerManager status
optimized,3:41,sample_cpu0_freq,1804,MHz
optimized,3:41,sample_cpu1_freq,1804,MHz
optimized,3:41,sample_cpu2_freq,1804,MHz
optimized,3:41,sample_cpu3_freq,1804,MHz
optimized,3:41,sample_cpu4_freq,2208,MHz
optimized,3:41,sample_cpu5_freq,2208,MHz
optimized,3:41,sample_cpu6_freq,2208,MHz
optimized,3:41,sample_cpu7_freq,2304,MHz
optimized,3:42,sample_elapsed,6582,ms
optimized,3:42,sample_power,1.253,W
optimized,3:42,sample_process_cpu,393.491,% one core
optimized,3:42,sample_free_ram,1.964,GiB
optimized,3:42,sample_battery_temp,34.500,C
optimized,3:42,sample_thermal_status,0,Android PowerManager status
optimized,3:42,sample_cpu0_freq,902,MHz
optimized,3:42,sample_cpu1_freq,902,MHz
optimized,3:42,sample_cpu2_freq,902,MHz
optimized,3:42,sample_cpu3_freq,1113,MHz
optimized,3:42,sample_cpu4_freq,2208,MHz
optimized,3:42,sample_cpu5_freq,2208,MHz
optimized,3:42,sample_cpu6_freq,2208,MHz
optimized,3:42,sample_cpu7_freq,2304,MHz
optimized,3:43,sample_elapsed,6749,ms
optimized,3:43,sample_power,1.253,W
optimized,3:43,sample_process_cpu,399.401,% one core
optimized,3:43,sample_free_ram,1.964,GiB
optimized,3:43,sample_battery_temp,34.500,C
optimized,3:43,sample_thermal_status,0,Android PowerManager status
optimized,3:43,sample_cpu0_freq,787,MHz
optimized,3:43,sample_cpu1_freq,787,MHz
optimized,3:43,sample_cpu2_freq,787,MHz
optimized,3:43,sample_cpu3_freq,787,MHz
optimized,3:43,sample_cpu4_freq,2208,MHz
optimized,3:43,sample_cpu5_freq,2208,MHz
optimized,3:43,sample_cpu6_freq,2208,MHz
optimized,3:43,sample_cpu7_freq,2304,MHz
optimized,3:44,sample_elapsed,6917,ms
optimized,3:44,sample_power,1.253,W
optimized,3:44,sample_process_cpu,405.357,% one core
optimized,3:44,sample_free_ram,1.964,GiB
optimized,3:44,sample_battery_temp,34.500,C
optimized,3:44,sample_thermal_status,0,Android PowerManager status
optimized,3:44,sample_cpu0_freq,1804,MHz
optimized,3:44,sample_cpu1_freq,1804,MHz
optimized,3:44,sample_cpu2_freq,1804,MHz
optimized,3:44,sample_cpu3_freq,1804,MHz
optimized,3:44,sample_cpu4_freq,2208,MHz
optimized,3:44,sample_cpu5_freq,2208,MHz
optimized,3:44,sample_cpu6_freq,2208,MHz
optimized,3:44,sample_cpu7_freq,2304,MHz
optimized,3:45,sample_elapsed,7084,ms
optimized,3:45,sample_power,1.253,W
optimized,3:45,sample_process_cpu,389.820,% one core
optimized,3:45,sample_free_ram,1.964,GiB
optimized,3:45,sample_battery_temp,34.500,C
optimized,3:45,sample_thermal_status,0,Android PowerManager status
optimized,3:45,sample_cpu0_freq,1228,MHz
optimized,3:45,sample_cpu1_freq,1228,MHz
optimized,3:45,sample_cpu2_freq,1228,MHz
optimized,3:45,sample_cpu3_freq,1228,MHz
optimized,3:45,sample_cpu4_freq,2208,MHz
optimized,3:45,sample_cpu5_freq,2208,MHz
optimized,3:45,sample_cpu6_freq,2208,MHz
optimized,3:45,sample_cpu7_freq,2304,MHz
optimized,3:46,sample_elapsed,7251,ms
optimized,3:46,sample_power,1.253,W
optimized,3:46,sample_process_cpu,402.395,% one core
optimized,3:46,sample_free_ram,1.964,GiB
optimized,3:46,sample_battery_temp,34.500,C
optimized,3:46,sample_thermal_status,0,Android PowerManager status
optimized,3:46,sample_cpu0_freq,787,MHz
optimized,3:46,sample_cpu1_freq,787,MHz
optimized,3:46,sample_cpu2_freq,787,MHz
optimized,3:46,sample_cpu3_freq,1113,MHz
optimized,3:46,sample_cpu4_freq,2208,MHz
optimized,3:46,sample_cpu5_freq,2208,MHz
optimized,3:46,sample_cpu6_freq,2208,MHz
optimized,3:46,sample_cpu7_freq,2304,MHz
optimized,3:47,sample_elapsed,7421,ms
optimized,3:47,sample_power,1.253,W
optimized,3:47,sample_process_cpu,442.353,% one core
optimized,3:47,sample_free_ram,1.963,GiB
optimized,3:47,sample_battery_temp,34.500,C
optimized,3:47,sample_thermal_status,0,Android PowerManager status
optimized,3:47,sample_cpu0_freq,787,MHz
optimized,3:47,sample_cpu1_freq,1113,MHz
optimized,3:47,sample_cpu2_freq,1113,MHz
optimized,3:47,sample_cpu3_freq,1113,MHz
optimized,3:47,sample_cpu4_freq,2208,MHz
optimized,3:47,sample_cpu5_freq,2208,MHz
optimized,3:47,sample_cpu6_freq,2208,MHz
optimized,3:47,sample_cpu7_freq,2304,MHz
optimized,3:48,sample_elapsed,7591,ms
optimized,3:48,sample_power,1.253,W
optimized,3:48,sample_process_cpu,398.235,% one core
optimized,3:48,sample_free_ram,1.963,GiB
optimized,3:48,sample_battery_temp,34.500,C
optimized,3:48,sample_thermal_status,0,Android PowerManager status
optimized,3:48,sample_cpu0_freq,1804,MHz
optimized,3:48,sample_cpu1_freq,1804,MHz
optimized,3:48,sample_cpu2_freq,1804,MHz
optimized,3:48,sample_cpu3_freq,1804,MHz
optimized,3:48,sample_cpu4_freq,2208,MHz
optimized,3:48,sample_cpu5_freq,2208,MHz
optimized,3:48,sample_cpu6_freq,2208,MHz
optimized,3:48,sample_cpu7_freq,2304,MHz
optimized,3:49,sample_elapsed,7757,ms
optimized,3:49,sample_power,1.253,W
optimized,3:49,sample_process_cpu,394.578,% one core
optimized,3:49,sample_free_ram,1.963,GiB
optimized,3:49,sample_battery_temp,34.500,C
optimized,3:49,sample_thermal_status,0,Android PowerManager status
optimized,3:49,sample_cpu0_freq,1113,MHz
optimized,3:49,sample_cpu1_freq,1113,MHz
optimized,3:49,sample_cpu2_freq,1113,MHz
optimized,3:49,sample_cpu3_freq,1497,MHz
optimized,3:49,sample_cpu4_freq,2208,MHz
optimized,3:49,sample_cpu5_freq,2208,MHz
optimized,3:49,sample_cpu6_freq,2208,MHz
optimized,3:49,sample_cpu7_freq,2304,MHz
optimized,3:50,sample_elapsed,7923,ms
optimized,3:50,sample_power,1.253,W
optimized,3:50,sample_process_cpu,404.217,% one core
optimized,3:50,sample_free_ram,1.963,GiB
optimized,3:50,sample_battery_temp,34.500,C
optimized,3:50,sample_thermal_status,0,Android PowerManager status
optimized,3:50,sample_cpu0_freq,1228,MHz
optimized,3:50,sample_cpu1_freq,1228,MHz
optimized,3:50,sample_cpu2_freq,1228,MHz
optimized,3:50,sample_cpu3_freq,1228,MHz
optimized,3:50,sample_cpu4_freq,2208,MHz
optimized,3:50,sample_cpu5_freq,2208,MHz
optimized,3:50,sample_cpu6_freq,2208,MHz
optimized,3:50,sample_cpu7_freq,2304,MHz
optimized,3:51,sample_elapsed,8090,ms
optimized,3:51,sample_power,1.253,W
optimized,3:51,sample_process_cpu,402.395,% one core
optimized,3:51,sample_free_ram,1.963,GiB
optimized,3:51,sample_battery_temp,34.500,C
optimized,3:51,sample_thermal_status,0,Android PowerManager status
optimized,3:51,sample_cpu0_freq,787,MHz
optimized,3:51,sample_cpu1_freq,787,MHz
optimized,3:51,sample_cpu2_freq,787,MHz
optimized,3:51,sample_cpu3_freq,787,MHz
optimized,3:51,sample_cpu4_freq,2208,MHz
optimized,3:51,sample_cpu5_freq,2208,MHz
optimized,3:51,sample_cpu6_freq,2208,MHz
optimized,3:51,sample_cpu7_freq,2304,MHz
optimized,3:52,sample_elapsed,8260,ms
optimized,3:52,sample_power,1.253,W
optimized,3:52,sample_process_cpu,397.059,% one core
optimized,3:52,sample_free_ram,1.963,GiB
optimized,3:52,sample_battery_temp,34.500,C
optimized,3:52,sample_thermal_status,0,Android PowerManager status
optimized,3:52,sample_cpu0_freq,787,MHz
optimized,3:52,sample_cpu1_freq,787,MHz
optimized,3:52,sample_cpu2_freq,787,MHz
optimized,3:52,sample_cpu3_freq,787,MHz
optimized,3:52,sample_cpu4_freq,2208,MHz
optimized,3:52,sample_cpu5_freq,2208,MHz
optimized,3:52,sample_cpu6_freq,2208,MHz
optimized,3:52,sample_cpu7_freq,2304,MHz
optimized,3:53,sample_elapsed,8426,ms
optimized,3:53,sample_power,1.253,W
optimized,3:53,sample_process_cpu,398.193,% one core
optimized,3:53,sample_free_ram,1.963,GiB
optimized,3:53,sample_battery_temp,34.500,C
optimized,3:53,sample_thermal_status,0,Android PowerManager status
optimized,3:53,sample_cpu0_freq,1228,MHz
optimized,3:53,sample_cpu1_freq,1228,MHz
optimized,3:53,sample_cpu2_freq,1228,MHz
optimized,3:53,sample_cpu3_freq,1228,MHz
optimized,3:53,sample_cpu4_freq,2208,MHz
optimized,3:53,sample_cpu5_freq,2208,MHz
optimized,3:53,sample_cpu6_freq,2208,MHz
optimized,3:53,sample_cpu7_freq,2304,MHz
optimized,3:54,sample_elapsed,8595,ms
optimized,3:54,sample_power,1.253,W
optimized,3:54,sample_process_cpu,407.692,% one core
optimized,3:54,sample_free_ram,1.962,GiB
optimized,3:54,sample_battery_temp,34.500,C
optimized,3:54,sample_thermal_status,0,Android PowerManager status
optimized,3:54,sample_cpu0_freq,787,MHz
optimized,3:54,sample_cpu1_freq,787,MHz
optimized,3:54,sample_cpu2_freq,787,MHz
optimized,3:54,sample_cpu3_freq,787,MHz
optimized,3:54,sample_cpu4_freq,2208,MHz
optimized,3:54,sample_cpu5_freq,2208,MHz
optimized,3:54,sample_cpu6_freq,2208,MHz
optimized,3:54,sample_cpu7_freq,2304,MHz
optimized,3:55,sample_elapsed,8767,ms
optimized,3:55,sample_power,1.253,W
optimized,3:55,sample_process_cpu,395.930,% one core
optimized,3:55,sample_free_ram,1.962,GiB
optimized,3:55,sample_battery_temp,34.500,C
optimized,3:55,sample_thermal_status,0,Android PowerManager status
optimized,3:55,sample_cpu0_freq,1113,MHz
optimized,3:55,sample_cpu1_freq,1113,MHz
optimized,3:55,sample_cpu2_freq,1113,MHz
optimized,3:55,sample_cpu3_freq,1113,MHz
optimized,3:55,sample_cpu4_freq,2208,MHz
optimized,3:55,sample_cpu5_freq,2208,MHz
optimized,3:55,sample_cpu6_freq,2208,MHz
optimized,3:55,sample_cpu7_freq,2304,MHz
optimized,3:56,sample_elapsed,8935,ms
optimized,3:56,sample_power,1.253,W
optimized,3:56,sample_process_cpu,400.595,% one core
optimized,3:56,sample_free_ram,1.962,GiB
optimized,3:56,sample_battery_temp,34.500,C
optimized,3:56,sample_thermal_status,0,Android PowerManager status
optimized,3:56,sample_cpu0_freq,902,MHz
optimized,3:56,sample_cpu1_freq,902,MHz
optimized,3:56,sample_cpu2_freq,902,MHz
optimized,3:56,sample_cpu3_freq,902,MHz
optimized,3:56,sample_cpu4_freq,2208,MHz
optimized,3:56,sample_cpu5_freq,2208,MHz
optimized,3:56,sample_cpu6_freq,2208,MHz
optimized,3:56,sample_cpu7_freq,2304,MHz
optimized,3:57,sample_elapsed,9105,ms
optimized,3:57,sample_power,1.253,W
optimized,3:57,sample_process_cpu,395.882,% one core
optimized,3:57,sample_free_ram,1.962,GiB
optimized,3:57,sample_battery_temp,34.500,C
optimized,3:57,sample_thermal_status,0,Android PowerManager status
optimized,3:57,sample_cpu0_freq,1113,MHz
optimized,3:57,sample_cpu1_freq,1113,MHz
optimized,3:57,sample_cpu2_freq,1113,MHz
optimized,3:57,sample_cpu3_freq,1113,MHz
optimized,3:57,sample_cpu4_freq,2208,MHz
optimized,3:57,sample_cpu5_freq,2208,MHz
optimized,3:57,sample_cpu6_freq,2208,MHz
optimized,3:57,sample_cpu7_freq,2304,MHz
optimized,3:58,sample_elapsed,9271,ms
optimized,3:58,sample_power,4.068,W
optimized,3:58,sample_process_cpu,407.229,% one core
optimized,3:58,sample_free_ram,1.962,GiB
optimized,3:58,sample_battery_temp,34.800,C
optimized,3:58,sample_thermal_status,0,Android PowerManager status
optimized,3:58,sample_cpu0_freq,902,MHz
optimized,3:58,sample_cpu1_freq,902,MHz
optimized,3:58,sample_cpu2_freq,902,MHz
optimized,3:58,sample_cpu3_freq,902,MHz
optimized,3:58,sample_cpu4_freq,2208,MHz
optimized,3:58,sample_cpu5_freq,2208,MHz
optimized,3:58,sample_cpu6_freq,2208,MHz
optimized,3:58,sample_cpu7_freq,2304,MHz
optimized,3:59,sample_elapsed,9445,ms
optimized,3:59,sample_power,4.068,W
optimized,3:59,sample_process_cpu,394.828,% one core
optimized,3:59,sample_free_ram,1.962,GiB
optimized,3:59,sample_battery_temp,34.800,C
optimized,3:59,sample_thermal_status,0,Android PowerManager status
optimized,3:59,sample_cpu0_freq,1113,MHz
optimized,3:59,sample_cpu1_freq,1113,MHz
optimized,3:59,sample_cpu2_freq,1113,MHz
optimized,3:59,sample_cpu3_freq,1113,MHz
optimized,3:59,sample_cpu4_freq,2208,MHz
optimized,3:59,sample_cpu5_freq,2208,MHz
optimized,3:59,sample_cpu6_freq,2208,MHz
optimized,3:59,sample_cpu7_freq,2304,MHz
optimized,3:60,sample_elapsed,9616,ms
optimized,3:60,sample_power,4.068,W
optimized,3:60,sample_process_cpu,408.187,% one core
optimized,3:60,sample_free_ram,1.961,GiB
optimized,3:60,sample_battery_temp,34.800,C
optimized,3:60,sample_thermal_status,0,Android PowerManager status
optimized,3:60,sample_cpu0_freq,1497,MHz
optimized,3:60,sample_cpu1_freq,1497,MHz
optimized,3:60,sample_cpu2_freq,1497,MHz
optimized,3:60,sample_cpu3_freq,1497,MHz
optimized,3:60,sample_cpu4_freq,2208,MHz
optimized,3:60,sample_cpu5_freq,2208,MHz
optimized,3:60,sample_cpu6_freq,2208,MHz
optimized,3:60,sample_cpu7_freq,2304,MHz
optimized,3:61,sample_elapsed,9783,ms
optimized,3:61,sample_power,4.068,W
optimized,3:61,sample_process_cpu,400.000,% one core
optimized,3:61,sample_free_ram,1.961,GiB
optimized,3:61,sample_battery_temp,34.800,C
optimized,3:61,sample_thermal_status,0,Android PowerManager status
optimized,3:61,sample_cpu0_freq,787,MHz
optimized,3:61,sample_cpu1_freq,787,MHz
optimized,3:61,sample_cpu2_freq,1113,MHz
optimized,3:61,sample_cpu3_freq,1113,MHz
optimized,3:61,sample_cpu4_freq,2208,MHz
optimized,3:61,sample_cpu5_freq,2208,MHz
optimized,3:61,sample_cpu6_freq,2208,MHz
optimized,3:61,sample_cpu7_freq,2304,MHz
optimized,3:62,sample_elapsed,9948,ms
optimized,3:62,sample_power,4.068,W
optimized,3:62,sample_process_cpu,401.212,% one core
optimized,3:62,sample_free_ram,1.960,GiB
optimized,3:62,sample_battery_temp,34.800,C
optimized,3:62,sample_thermal_status,0,Android PowerManager status
optimized,3:62,sample_cpu0_freq,902,MHz
optimized,3:62,sample_cpu1_freq,902,MHz
optimized,3:62,sample_cpu2_freq,902,MHz
optimized,3:62,sample_cpu3_freq,902,MHz
optimized,3:62,sample_cpu4_freq,2208,MHz
optimized,3:62,sample_cpu5_freq,2208,MHz
optimized,3:62,sample_cpu6_freq,2208,MHz
optimized,3:62,sample_cpu7_freq,2304,MHz
optimized,3:63,sample_elapsed,10114,ms
optimized,3:63,sample_power,4.068,W
optimized,3:63,sample_process_cpu,400.000,% one core
optimized,3:63,sample_free_ram,1.960,GiB
optimized,3:63,sample_battery_temp,34.800,C
optimized,3:63,sample_thermal_status,0,Android PowerManager status
optimized,3:63,sample_cpu0_freq,1708,MHz
optimized,3:63,sample_cpu1_freq,1708,MHz
optimized,3:63,sample_cpu2_freq,1708,MHz
optimized,3:63,sample_cpu3_freq,1708,MHz
optimized,3:63,sample_cpu4_freq,2208,MHz
optimized,3:63,sample_cpu5_freq,2208,MHz
optimized,3:63,sample_cpu6_freq,2208,MHz
optimized,3:63,sample_cpu7_freq,2304,MHz
optimized,3:64,sample_elapsed,10277,ms
optimized,3:64,sample_power,4.068,W
optimized,3:64,sample_process_cpu,399.387,% one core
optimized,3:64,sample_free_ram,1.960,GiB
optimized,3:64,sample_battery_temp,34.800,C
optimized,3:64,sample_thermal_status,0,Android PowerManager status
optimized,3:64,sample_cpu0_freq,1804,MHz
optimized,3:64,sample_cpu1_freq,1804,MHz
optimized,3:64,sample_cpu2_freq,1804,MHz
optimized,3:64,sample_cpu3_freq,1804,MHz
optimized,3:64,sample_cpu4_freq,2208,MHz
optimized,3:64,sample_cpu5_freq,2208,MHz
optimized,3:64,sample_cpu6_freq,2208,MHz
optimized,3:64,sample_cpu7_freq,2304,MHz
optimized,3:65,sample_elapsed,10442,ms
optimized,3:65,sample_power,4.068,W
optimized,3:65,sample_process_cpu,400.000,% one core
optimized,3:65,sample_free_ram,1.960,GiB
optimized,3:65,sample_battery_temp,34.800,C
optimized,3:65,sample_thermal_status,0,Android PowerManager status
optimized,3:65,sample_cpu0_freq,787,MHz
optimized,3:65,sample_cpu1_freq,787,MHz
optimized,3:65,sample_cpu2_freq,787,MHz
optimized,3:65,sample_cpu3_freq,787,MHz
optimized,3:65,sample_cpu4_freq,2208,MHz
optimized,3:65,sample_cpu5_freq,2208,MHz
optimized,3:65,sample_cpu6_freq,2208,MHz
optimized,3:65,sample_cpu7_freq,2304,MHz
optimized,3:66,sample_elapsed,10609,ms
optimized,3:66,sample_power,4.068,W
optimized,3:66,sample_process_cpu,400.599,% one core
optimized,3:66,sample_free_ram,1.960,GiB
optimized,3:66,sample_battery_temp,34.800,C
optimized,3:66,sample_thermal_status,0,Android PowerManager status
optimized,3:66,sample_cpu0_freq,902,MHz
optimized,3:66,sample_cpu1_freq,902,MHz
optimized,3:66,sample_cpu2_freq,902,MHz
optimized,3:66,sample_cpu3_freq,902,MHz
optimized,3:66,sample_cpu4_freq,2208,MHz
optimized,3:66,sample_cpu5_freq,2208,MHz
optimized,3:66,sample_cpu6_freq,2208,MHz
optimized,3:66,sample_cpu7_freq,2304,MHz
optimized,3:67,sample_elapsed,10775,ms
optimized,3:67,sample_power,4.068,W
optimized,3:67,sample_process_cpu,389.759,% one core
optimized,3:67,sample_free_ram,1.960,GiB
optimized,3:67,sample_battery_temp,34.800,C
optimized,3:67,sample_thermal_status,0,Android PowerManager status
optimized,3:67,sample_cpu0_freq,1804,MHz
optimized,3:67,sample_cpu1_freq,1804,MHz
optimized,3:67,sample_cpu2_freq,1804,MHz
optimized,3:67,sample_cpu3_freq,1804,MHz
optimized,3:67,sample_cpu4_freq,2208,MHz
optimized,3:67,sample_cpu5_freq,2208,MHz
optimized,3:67,sample_cpu6_freq,2208,MHz
optimized,3:67,sample_cpu7_freq,2304,MHz
optimized,3:68,sample_elapsed,10939,ms
optimized,3:68,sample_power,4.068,W
optimized,3:68,sample_process_cpu,400.000,% one core
optimized,3:68,sample_free_ram,1.959,GiB
optimized,3:68,sample_battery_temp,34.800,C
optimized,3:68,sample_thermal_status,0,Android PowerManager status
optimized,3:68,sample_cpu0_freq,1228,MHz
optimized,3:68,sample_cpu1_freq,1228,MHz
optimized,3:68,sample_cpu2_freq,1228,MHz
optimized,3:68,sample_cpu3_freq,1228,MHz
optimized,3:68,sample_cpu4_freq,2208,MHz
optimized,3:68,sample_cpu5_freq,2208,MHz
optimized,3:68,sample_cpu6_freq,2208,MHz
optimized,3:68,sample_cpu7_freq,2304,MHz
optimized,3:69,sample_elapsed,11104,ms
optimized,3:69,sample_power,4.068,W
optimized,3:69,sample_process_cpu,406.061,% one core
optimized,3:69,sample_free_ram,1.959,GiB
optimized,3:69,sample_battery_temp,34.800,C
optimized,3:69,sample_thermal_status,0,Android PowerManager status
optimized,3:69,sample_cpu0_freq,1017,MHz
optimized,3:69,sample_cpu1_freq,1017,MHz
optimized,3:69,sample_cpu2_freq,1017,MHz
optimized,3:69,sample_cpu3_freq,1017,MHz
optimized,3:69,sample_cpu4_freq,2208,MHz
optimized,3:69,sample_cpu5_freq,2208,MHz
optimized,3:69,sample_cpu6_freq,2208,MHz
optimized,3:69,sample_cpu7_freq,2304,MHz
optimized,3:70,sample_elapsed,11273,ms
optimized,3:70,sample_power,4.068,W
optimized,3:70,sample_process_cpu,413.018,% one core
optimized,3:70,sample_free_ram,1.959,GiB
optimized,3:70,sample_battery_temp,34.800,C
optimized,3:70,sample_thermal_status,0,Android PowerManager status
optimized,3:70,sample_cpu0_freq,1113,MHz
optimized,3:70,sample_cpu1_freq,1113,MHz
optimized,3:70,sample_cpu2_freq,1113,MHz
optimized,3:70,sample_cpu3_freq,1113,MHz
optimized,3:70,sample_cpu4_freq,2208,MHz
optimized,3:70,sample_cpu5_freq,2208,MHz
optimized,3:70,sample_cpu6_freq,2208,MHz
optimized,3:70,sample_cpu7_freq,2304,MHz
optimized,4,pp,186.000,tok/s
optimized,4,tg,17.500,tok/s
optimized,4,power,3.178,W
optimized,4,tok_per_w,5.506,tok/W
optimized,4,ttft_pp512_derived,2809.831,ms
optimized,4,start_temp,34.800,C
optimized,4,average_process_cpu,399.765,% one core
optimized,4,minimum_free_ram,1.894,GiB
optimized,4,peak_battery_temp,34.800,C
optimized,4,peak_thermal_status,0,Android PowerManager status
optimized,4:1,sample_elapsed,1,ms
optimized,4:1,sample_power,0.760,W
optimized,4:1,sample_process_cpu,200.000,% one core
optimized,4:1,sample_free_ram,1.982,GiB
optimized,4:1,sample_battery_temp,34.800,C
optimized,4:1,sample_thermal_status,0,Android PowerManager status
optimized,4:1,sample_cpu0_freq,595,MHz
optimized,4:1,sample_cpu1_freq,595,MHz
optimized,4:1,sample_cpu2_freq,1113,MHz
optimized,4:1,sample_cpu3_freq,1113,MHz
optimized,4:1,sample_cpu4_freq,633,MHz
optimized,4:1,sample_cpu5_freq,633,MHz
optimized,4:1,sample_cpu6_freq,633,MHz
optimized,4:1,sample_cpu7_freq,633,MHz
optimized,4:2,sample_elapsed,160,ms
optimized,4:2,sample_power,0.760,W
optimized,4:2,sample_process_cpu,333.962,% one core
optimized,4:2,sample_free_ram,1.921,GiB
optimized,4:2,sample_battery_temp,34.800,C
optimized,4:2,sample_thermal_status,0,Android PowerManager status
optimized,4:2,sample_cpu0_freq,787,MHz
optimized,4:2,sample_cpu1_freq,787,MHz
optimized,4:2,sample_cpu2_freq,787,MHz
optimized,4:2,sample_cpu3_freq,787,MHz
optimized,4:2,sample_cpu4_freq,2208,MHz
optimized,4:2,sample_cpu5_freq,2208,MHz
optimized,4:2,sample_cpu6_freq,2208,MHz
optimized,4:2,sample_cpu7_freq,2304,MHz
optimized,4:3,sample_elapsed,317,ms
optimized,4:3,sample_power,0.760,W
optimized,4:3,sample_process_cpu,396.178,% one core
optimized,4:3,sample_free_ram,1.897,GiB
optimized,4:3,sample_battery_temp,34.800,C
optimized,4:3,sample_thermal_status,0,Android PowerManager status
optimized,4:3,sample_cpu0_freq,595,MHz
optimized,4:3,sample_cpu1_freq,595,MHz
optimized,4:3,sample_cpu2_freq,595,MHz
optimized,4:3,sample_cpu3_freq,595,MHz
optimized,4:3,sample_cpu4_freq,2208,MHz
optimized,4:3,sample_cpu5_freq,2208,MHz
optimized,4:3,sample_cpu6_freq,2208,MHz
optimized,4:3,sample_cpu7_freq,2304,MHz
optimized,4:4,sample_elapsed,478,ms
optimized,4:4,sample_power,0.760,W
optimized,4:4,sample_process_cpu,398.137,% one core
optimized,4:4,sample_free_ram,1.897,GiB
optimized,4:4,sample_battery_temp,34.800,C
optimized,4:4,sample_thermal_status,0,Android PowerManager status
optimized,4:4,sample_cpu0_freq,595,MHz
optimized,4:4,sample_cpu1_freq,595,MHz
optimized,4:4,sample_cpu2_freq,595,MHz
optimized,4:4,sample_cpu3_freq,595,MHz
optimized,4:4,sample_cpu4_freq,2208,MHz
optimized,4:4,sample_cpu5_freq,2208,MHz
optimized,4:4,sample_cpu6_freq,2208,MHz
optimized,4:4,sample_cpu7_freq,2304,MHz
optimized,4:5,sample_elapsed,636,ms
optimized,4:5,sample_power,0.760,W
optimized,4:5,sample_process_cpu,404.430,% one core
optimized,4:5,sample_free_ram,1.897,GiB
optimized,4:5,sample_battery_temp,34.800,C
optimized,4:5,sample_thermal_status,0,Android PowerManager status
optimized,4:5,sample_cpu0_freq,595,MHz
optimized,4:5,sample_cpu1_freq,595,MHz
optimized,4:5,sample_cpu2_freq,595,MHz
optimized,4:5,sample_cpu3_freq,595,MHz
optimized,4:5,sample_cpu4_freq,2208,MHz
optimized,4:5,sample_cpu5_freq,2208,MHz
optimized,4:5,sample_cpu6_freq,2208,MHz
optimized,4:5,sample_cpu7_freq,2304,MHz
optimized,4:6,sample_elapsed,794,ms
optimized,4:6,sample_power,0.760,W
optimized,4:6,sample_process_cpu,393.038,% one core
optimized,4:6,sample_free_ram,1.897,GiB
optimized,4:6,sample_battery_temp,34.800,C
optimized,4:6,sample_thermal_status,0,Android PowerManager status
optimized,4:6,sample_cpu0_freq,595,MHz
optimized,4:6,sample_cpu1_freq,595,MHz
optimized,4:6,sample_cpu2_freq,595,MHz
optimized,4:6,sample_cpu3_freq,595,MHz
optimized,4:6,sample_cpu4_freq,2208,MHz
optimized,4:6,sample_cpu5_freq,2208,MHz
optimized,4:6,sample_cpu6_freq,2208,MHz
optimized,4:6,sample_cpu7_freq,2304,MHz
optimized,4:7,sample_elapsed,991,ms
optimized,4:7,sample_power,0.760,W
optimized,4:7,sample_process_cpu,423.350,% one core
optimized,4:7,sample_free_ram,1.896,GiB
optimized,4:7,sample_battery_temp,34.800,C
optimized,4:7,sample_thermal_status,0,Android PowerManager status
optimized,4:7,sample_cpu0_freq,595,MHz
optimized,4:7,sample_cpu1_freq,595,MHz
optimized,4:7,sample_cpu2_freq,595,MHz
optimized,4:7,sample_cpu3_freq,595,MHz
optimized,4:7,sample_cpu4_freq,2208,MHz
optimized,4:7,sample_cpu5_freq,2208,MHz
optimized,4:7,sample_cpu6_freq,2208,MHz
optimized,4:7,sample_cpu7_freq,2304,MHz
optimized,4:8,sample_elapsed,1149,ms
optimized,4:8,sample_power,0.760,W
optimized,4:8,sample_process_cpu,389.873,% one core
optimized,4:8,sample_free_ram,1.896,GiB
optimized,4:8,sample_battery_temp,34.800,C
optimized,4:8,sample_thermal_status,0,Android PowerManager status
optimized,4:8,sample_cpu0_freq,595,MHz
optimized,4:8,sample_cpu1_freq,595,MHz
optimized,4:8,sample_cpu2_freq,595,MHz
optimized,4:8,sample_cpu3_freq,595,MHz
optimized,4:8,sample_cpu4_freq,2208,MHz
optimized,4:8,sample_cpu5_freq,2208,MHz
optimized,4:8,sample_cpu6_freq,2208,MHz
optimized,4:8,sample_cpu7_freq,2304,MHz
optimized,4:9,sample_elapsed,1308,ms
optimized,4:9,sample_power,0.760,W
optimized,4:9,sample_process_cpu,406.289,% one core
optimized,4:9,sample_free_ram,1.895,GiB
optimized,4:9,sample_battery_temp,34.800,C
optimized,4:9,sample_thermal_status,0,Android PowerManager status
optimized,4:9,sample_cpu0_freq,595,MHz
optimized,4:9,sample_cpu1_freq,595,MHz
optimized,4:9,sample_cpu2_freq,595,MHz
optimized,4:9,sample_cpu3_freq,595,MHz
optimized,4:9,sample_cpu4_freq,2208,MHz
optimized,4:9,sample_cpu5_freq,2208,MHz
optimized,4:9,sample_cpu6_freq,2208,MHz
optimized,4:9,sample_cpu7_freq,2304,MHz
optimized,4:10,sample_elapsed,1469,ms
optimized,4:10,sample_power,0.760,W
optimized,4:10,sample_process_cpu,395.031,% one core
optimized,4:10,sample_free_ram,1.895,GiB
optimized,4:10,sample_battery_temp,34.800,C
optimized,4:10,sample_thermal_status,0,Android PowerManager status
optimized,4:10,sample_cpu0_freq,595,MHz
optimized,4:10,sample_cpu1_freq,595,MHz
optimized,4:10,sample_cpu2_freq,595,MHz
optimized,4:10,sample_cpu3_freq,595,MHz
optimized,4:10,sample_cpu4_freq,2208,MHz
optimized,4:10,sample_cpu5_freq,2208,MHz
optimized,4:10,sample_cpu6_freq,2208,MHz
optimized,4:10,sample_cpu7_freq,2304,MHz
optimized,4:11,sample_elapsed,1629,ms
optimized,4:11,sample_power,0.760,W
optimized,4:11,sample_process_cpu,393.125,% one core
optimized,4:11,sample_free_ram,1.895,GiB
optimized,4:11,sample_battery_temp,34.800,C
optimized,4:11,sample_thermal_status,0,Android PowerManager status
optimized,4:11,sample_cpu0_freq,595,MHz
optimized,4:11,sample_cpu1_freq,595,MHz
optimized,4:11,sample_cpu2_freq,595,MHz
optimized,4:11,sample_cpu3_freq,595,MHz
optimized,4:11,sample_cpu4_freq,2208,MHz
optimized,4:11,sample_cpu5_freq,2208,MHz
optimized,4:11,sample_cpu6_freq,2208,MHz
optimized,4:11,sample_cpu7_freq,2304,MHz
optimized,4:12,sample_elapsed,1791,ms
optimized,4:12,sample_power,0.760,W
optimized,4:12,sample_process_cpu,404.938,% one core
optimized,4:12,sample_free_ram,1.895,GiB
optimized,4:12,sample_battery_temp,34.800,C
optimized,4:12,sample_thermal_status,0,Android PowerManager status
optimized,4:12,sample_cpu0_freq,595,MHz
optimized,4:12,sample_cpu1_freq,595,MHz
optimized,4:12,sample_cpu2_freq,595,MHz
optimized,4:12,sample_cpu3_freq,595,MHz
optimized,4:12,sample_cpu4_freq,2208,MHz
optimized,4:12,sample_cpu5_freq,2208,MHz
optimized,4:12,sample_cpu6_freq,2208,MHz
optimized,4:12,sample_cpu7_freq,2304,MHz
optimized,4:13,sample_elapsed,1950,ms
optimized,4:13,sample_power,0.760,W
optimized,4:13,sample_process_cpu,396.855,% one core
optimized,4:13,sample_free_ram,1.895,GiB
optimized,4:13,sample_battery_temp,34.800,C
optimized,4:13,sample_thermal_status,0,Android PowerManager status
optimized,4:13,sample_cpu0_freq,595,MHz
optimized,4:13,sample_cpu1_freq,595,MHz
optimized,4:13,sample_cpu2_freq,595,MHz
optimized,4:13,sample_cpu3_freq,595,MHz
optimized,4:13,sample_cpu4_freq,2208,MHz
optimized,4:13,sample_cpu5_freq,2208,MHz
optimized,4:13,sample_cpu6_freq,2208,MHz
optimized,4:13,sample_cpu7_freq,2304,MHz
optimized,4:14,sample_elapsed,2108,ms
optimized,4:14,sample_power,0.760,W
optimized,4:14,sample_process_cpu,396.835,% one core
optimized,4:14,sample_free_ram,1.895,GiB
optimized,4:14,sample_battery_temp,34.800,C
optimized,4:14,sample_thermal_status,0,Android PowerManager status
optimized,4:14,sample_cpu0_freq,595,MHz
optimized,4:14,sample_cpu1_freq,595,MHz
optimized,4:14,sample_cpu2_freq,595,MHz
optimized,4:14,sample_cpu3_freq,595,MHz
optimized,4:14,sample_cpu4_freq,2208,MHz
optimized,4:14,sample_cpu5_freq,2208,MHz
optimized,4:14,sample_cpu6_freq,2208,MHz
optimized,4:14,sample_cpu7_freq,2304,MHz
optimized,4:15,sample_elapsed,2266,ms
optimized,4:15,sample_power,0.760,W
optimized,4:15,sample_process_cpu,393.671,% one core
optimized,4:15,sample_free_ram,1.895,GiB
optimized,4:15,sample_battery_temp,34.800,C
optimized,4:15,sample_thermal_status,0,Android PowerManager status
optimized,4:15,sample_cpu0_freq,595,MHz
optimized,4:15,sample_cpu1_freq,595,MHz
optimized,4:15,sample_cpu2_freq,595,MHz
optimized,4:15,sample_cpu3_freq,595,MHz
optimized,4:15,sample_cpu4_freq,2208,MHz
optimized,4:15,sample_cpu5_freq,2208,MHz
optimized,4:15,sample_cpu6_freq,2208,MHz
optimized,4:15,sample_cpu7_freq,2304,MHz
optimized,4:16,sample_elapsed,2424,ms
optimized,4:16,sample_power,0.760,W
optimized,4:16,sample_process_cpu,405.063,% one core
optimized,4:16,sample_free_ram,1.894,GiB
optimized,4:16,sample_battery_temp,34.800,C
optimized,4:16,sample_thermal_status,0,Android PowerManager status
optimized,4:16,sample_cpu0_freq,1017,MHz
optimized,4:16,sample_cpu1_freq,1017,MHz
optimized,4:16,sample_cpu2_freq,1017,MHz
optimized,4:16,sample_cpu3_freq,1017,MHz
optimized,4:16,sample_cpu4_freq,2208,MHz
optimized,4:16,sample_cpu5_freq,2208,MHz
optimized,4:16,sample_cpu6_freq,2208,MHz
optimized,4:16,sample_cpu7_freq,2304,MHz
optimized,4:17,sample_elapsed,2581,ms
optimized,4:17,sample_power,0.760,W
optimized,4:17,sample_process_cpu,394.904,% one core
optimized,4:17,sample_free_ram,1.894,GiB
optimized,4:17,sample_battery_temp,34.800,C
optimized,4:17,sample_thermal_status,0,Android PowerManager status
optimized,4:17,sample_cpu0_freq,595,MHz
optimized,4:17,sample_cpu1_freq,595,MHz
optimized,4:17,sample_cpu2_freq,595,MHz
optimized,4:17,sample_cpu3_freq,595,MHz
optimized,4:17,sample_cpu4_freq,2208,MHz
optimized,4:17,sample_cpu5_freq,2208,MHz
optimized,4:17,sample_cpu6_freq,2208,MHz
optimized,4:17,sample_cpu7_freq,2304,MHz
optimized,4:18,sample_elapsed,2739,ms
optimized,4:18,sample_power,0.760,W
optimized,4:18,sample_process_cpu,403.797,% one core
optimized,4:18,sample_free_ram,1.894,GiB
optimized,4:18,sample_battery_temp,34.800,C
optimized,4:18,sample_thermal_status,0,Android PowerManager status
optimized,4:18,sample_cpu0_freq,595,MHz
optimized,4:18,sample_cpu1_freq,595,MHz
optimized,4:18,sample_cpu2_freq,595,MHz
optimized,4:18,sample_cpu3_freq,595,MHz
optimized,4:18,sample_cpu4_freq,2208,MHz
optimized,4:18,sample_cpu5_freq,2208,MHz
optimized,4:18,sample_cpu6_freq,2208,MHz
optimized,4:18,sample_cpu7_freq,2304,MHz
optimized,4:19,sample_elapsed,2898,ms
optimized,4:19,sample_power,0.760,W
optimized,4:19,sample_process_cpu,408.176,% one core
optimized,4:19,sample_free_ram,1.963,GiB
optimized,4:19,sample_battery_temp,34.800,C
optimized,4:19,sample_thermal_status,0,Android PowerManager status
optimized,4:19,sample_cpu0_freq,595,MHz
optimized,4:19,sample_cpu1_freq,595,MHz
optimized,4:19,sample_cpu2_freq,1113,MHz
optimized,4:19,sample_cpu3_freq,1113,MHz
optimized,4:19,sample_cpu4_freq,2208,MHz
optimized,4:19,sample_cpu5_freq,2208,MHz
optimized,4:19,sample_cpu6_freq,2208,MHz
optimized,4:19,sample_cpu7_freq,2304,MHz
optimized,4:20,sample_elapsed,3068,ms
optimized,4:20,sample_power,0.760,W
optimized,4:20,sample_process_cpu,404.706,% one core
optimized,4:20,sample_free_ram,1.963,GiB
optimized,4:20,sample_battery_temp,34.800,C
optimized,4:20,sample_thermal_status,0,Android PowerManager status
optimized,4:20,sample_cpu0_freq,1804,MHz
optimized,4:20,sample_cpu1_freq,1804,MHz
optimized,4:20,sample_cpu2_freq,1804,MHz
optimized,4:20,sample_cpu3_freq,1804,MHz
optimized,4:20,sample_cpu4_freq,2208,MHz
optimized,4:20,sample_cpu5_freq,2208,MHz
optimized,4:20,sample_cpu6_freq,2208,MHz
optimized,4:20,sample_cpu7_freq,2304,MHz
optimized,4:21,sample_elapsed,3240,ms
optimized,4:21,sample_power,4.358,W
optimized,4:21,sample_process_cpu,402.907,% one core
optimized,4:21,sample_free_ram,1.964,GiB
optimized,4:21,sample_battery_temp,34.800,C
optimized,4:21,sample_thermal_status,0,Android PowerManager status
optimized,4:21,sample_cpu0_freq,1497,MHz
optimized,4:21,sample_cpu1_freq,1497,MHz
optimized,4:21,sample_cpu2_freq,1497,MHz
optimized,4:21,sample_cpu3_freq,1497,MHz
optimized,4:21,sample_cpu4_freq,2208,MHz
optimized,4:21,sample_cpu5_freq,2208,MHz
optimized,4:21,sample_cpu6_freq,2208,MHz
optimized,4:21,sample_cpu7_freq,2304,MHz
optimized,4:22,sample_elapsed,3408,ms
optimized,4:22,sample_power,4.358,W
optimized,4:22,sample_process_cpu,398.214,% one core
optimized,4:22,sample_free_ram,1.964,GiB
optimized,4:22,sample_battery_temp,34.800,C
optimized,4:22,sample_thermal_status,0,Android PowerManager status
optimized,4:22,sample_cpu0_freq,1804,MHz
optimized,4:22,sample_cpu1_freq,1804,MHz
optimized,4:22,sample_cpu2_freq,1804,MHz
optimized,4:22,sample_cpu3_freq,1804,MHz
optimized,4:22,sample_cpu4_freq,2208,MHz
optimized,4:22,sample_cpu5_freq,2208,MHz
optimized,4:22,sample_cpu6_freq,2208,MHz
optimized,4:22,sample_cpu7_freq,2304,MHz
optimized,4:23,sample_elapsed,3580,ms
optimized,4:23,sample_power,4.358,W
optimized,4:23,sample_process_cpu,406.977,% one core
optimized,4:23,sample_free_ram,1.967,GiB
optimized,4:23,sample_battery_temp,34.800,C
optimized,4:23,sample_thermal_status,0,Android PowerManager status
optimized,4:23,sample_cpu0_freq,1804,MHz
optimized,4:23,sample_cpu1_freq,1804,MHz
optimized,4:23,sample_cpu2_freq,1804,MHz
optimized,4:23,sample_cpu3_freq,1804,MHz
optimized,4:23,sample_cpu4_freq,2208,MHz
optimized,4:23,sample_cpu5_freq,2208,MHz
optimized,4:23,sample_cpu6_freq,2208,MHz
optimized,4:23,sample_cpu7_freq,2304,MHz
optimized,4:24,sample_elapsed,3745,ms
optimized,4:24,sample_power,4.358,W
optimized,4:24,sample_process_cpu,398.182,% one core
optimized,4:24,sample_free_ram,1.967,GiB
optimized,4:24,sample_battery_temp,34.800,C
optimized,4:24,sample_thermal_status,0,Android PowerManager status
optimized,4:24,sample_cpu0_freq,787,MHz
optimized,4:24,sample_cpu1_freq,787,MHz
optimized,4:24,sample_cpu2_freq,787,MHz
optimized,4:24,sample_cpu3_freq,787,MHz
optimized,4:24,sample_cpu4_freq,2208,MHz
optimized,4:24,sample_cpu5_freq,2208,MHz
optimized,4:24,sample_cpu6_freq,2208,MHz
optimized,4:24,sample_cpu7_freq,2304,MHz
optimized,4:25,sample_elapsed,3912,ms
optimized,4:25,sample_power,4.358,W
optimized,4:25,sample_process_cpu,405.389,% one core
optimized,4:25,sample_free_ram,1.967,GiB
optimized,4:25,sample_battery_temp,34.800,C
optimized,4:25,sample_thermal_status,0,Android PowerManager status
optimized,4:25,sample_cpu0_freq,595,MHz
optimized,4:25,sample_cpu1_freq,595,MHz
optimized,4:25,sample_cpu2_freq,595,MHz
optimized,4:25,sample_cpu3_freq,595,MHz
optimized,4:25,sample_cpu4_freq,2208,MHz
optimized,4:25,sample_cpu5_freq,2208,MHz
optimized,4:25,sample_cpu6_freq,2208,MHz
optimized,4:25,sample_cpu7_freq,2304,MHz
optimized,4:26,sample_elapsed,4079,ms
optimized,4:26,sample_power,4.358,W
optimized,4:26,sample_process_cpu,398.802,% one core
optimized,4:26,sample_free_ram,1.967,GiB
optimized,4:26,sample_battery_temp,34.800,C
optimized,4:26,sample_thermal_status,0,Android PowerManager status
optimized,4:26,sample_cpu0_freq,1228,MHz
optimized,4:26,sample_cpu1_freq,1228,MHz
optimized,4:26,sample_cpu2_freq,1228,MHz
optimized,4:26,sample_cpu3_freq,1228,MHz
optimized,4:26,sample_cpu4_freq,2208,MHz
optimized,4:26,sample_cpu5_freq,2208,MHz
optimized,4:26,sample_cpu6_freq,2208,MHz
optimized,4:26,sample_cpu7_freq,2304,MHz
optimized,4:27,sample_elapsed,4246,ms
optimized,4:27,sample_power,4.358,W
optimized,4:27,sample_process_cpu,400.599,% one core
optimized,4:27,sample_free_ram,1.967,GiB
optimized,4:27,sample_battery_temp,34.800,C
optimized,4:27,sample_thermal_status,0,Android PowerManager status
optimized,4:27,sample_cpu0_freq,1113,MHz
optimized,4:27,sample_cpu1_freq,1113,MHz
optimized,4:27,sample_cpu2_freq,1113,MHz
optimized,4:27,sample_cpu3_freq,1113,MHz
optimized,4:27,sample_cpu4_freq,2208,MHz
optimized,4:27,sample_cpu5_freq,2208,MHz
optimized,4:27,sample_cpu6_freq,2208,MHz
optimized,4:27,sample_cpu7_freq,2304,MHz
optimized,4:28,sample_elapsed,4412,ms
optimized,4:28,sample_power,4.358,W
optimized,4:28,sample_process_cpu,398.795,% one core
optimized,4:28,sample_free_ram,1.967,GiB
optimized,4:28,sample_battery_temp,34.800,C
optimized,4:28,sample_thermal_status,0,Android PowerManager status
optimized,4:28,sample_cpu0_freq,1228,MHz
optimized,4:28,sample_cpu1_freq,1228,MHz
optimized,4:28,sample_cpu2_freq,1593,MHz
optimized,4:28,sample_cpu3_freq,1593,MHz
optimized,4:28,sample_cpu4_freq,2208,MHz
optimized,4:28,sample_cpu5_freq,2208,MHz
optimized,4:28,sample_cpu6_freq,2208,MHz
optimized,4:28,sample_cpu7_freq,2304,MHz
optimized,4:29,sample_elapsed,4576,ms
optimized,4:29,sample_power,4.358,W
optimized,4:29,sample_process_cpu,403.049,% one core
optimized,4:29,sample_free_ram,1.967,GiB
optimized,4:29,sample_battery_temp,34.800,C
optimized,4:29,sample_thermal_status,0,Android PowerManager status
optimized,4:29,sample_cpu0_freq,787,MHz
optimized,4:29,sample_cpu1_freq,787,MHz
optimized,4:29,sample_cpu2_freq,787,MHz
optimized,4:29,sample_cpu3_freq,1113,MHz
optimized,4:29,sample_cpu4_freq,2208,MHz
optimized,4:29,sample_cpu5_freq,2208,MHz
optimized,4:29,sample_cpu6_freq,2208,MHz
optimized,4:29,sample_cpu7_freq,2304,MHz
optimized,4:30,sample_elapsed,4749,ms
optimized,4:30,sample_power,4.358,W
optimized,4:30,sample_process_cpu,411.561,% one core
optimized,4:30,sample_free_ram,1.965,GiB
optimized,4:30,sample_battery_temp,34.800,C
optimized,4:30,sample_thermal_status,0,Android PowerManager status
optimized,4:30,sample_cpu0_freq,787,MHz
optimized,4:30,sample_cpu1_freq,1344,MHz
optimized,4:30,sample_cpu2_freq,1344,MHz
optimized,4:30,sample_cpu3_freq,1344,MHz
optimized,4:30,sample_cpu4_freq,2208,MHz
optimized,4:30,sample_cpu5_freq,2208,MHz
optimized,4:30,sample_cpu6_freq,2208,MHz
optimized,4:30,sample_cpu7_freq,2304,MHz
optimized,4:31,sample_elapsed,4915,ms
optimized,4:31,sample_power,4.358,W
optimized,4:31,sample_process_cpu,395.783,% one core
optimized,4:31,sample_free_ram,1.964,GiB
optimized,4:31,sample_battery_temp,34.800,C
optimized,4:31,sample_thermal_status,0,Android PowerManager status
optimized,4:31,sample_cpu0_freq,902,MHz
optimized,4:31,sample_cpu1_freq,902,MHz
optimized,4:31,sample_cpu2_freq,902,MHz
optimized,4:31,sample_cpu3_freq,902,MHz
optimized,4:31,sample_cpu4_freq,2208,MHz
optimized,4:31,sample_cpu5_freq,2208,MHz
optimized,4:31,sample_cpu6_freq,2208,MHz
optimized,4:31,sample_cpu7_freq,2304,MHz
optimized,4:32,sample_elapsed,5080,ms
optimized,4:32,sample_power,4.358,W
optimized,4:32,sample_process_cpu,393.939,% one core
optimized,4:32,sample_free_ram,1.964,GiB
optimized,4:32,sample_battery_temp,34.800,C
optimized,4:32,sample_thermal_status,0,Android PowerManager status
optimized,4:32,sample_cpu0_freq,1804,MHz
optimized,4:32,sample_cpu1_freq,1804,MHz
optimized,4:32,sample_cpu2_freq,1804,MHz
optimized,4:32,sample_cpu3_freq,1804,MHz
optimized,4:32,sample_cpu4_freq,2208,MHz
optimized,4:32,sample_cpu5_freq,2208,MHz
optimized,4:32,sample_cpu6_freq,2208,MHz
optimized,4:32,sample_cpu7_freq,2304,MHz
optimized,4:33,sample_elapsed,5250,ms
optimized,4:33,sample_power,4.358,W
optimized,4:33,sample_process_cpu,411.176,% one core
optimized,4:33,sample_free_ram,1.964,GiB
optimized,4:33,sample_battery_temp,34.800,C
optimized,4:33,sample_thermal_status,0,Android PowerManager status
optimized,4:33,sample_cpu0_freq,787,MHz
optimized,4:33,sample_cpu1_freq,787,MHz
optimized,4:33,sample_cpu2_freq,787,MHz
optimized,4:33,sample_cpu3_freq,787,MHz
optimized,4:33,sample_cpu4_freq,2208,MHz
optimized,4:33,sample_cpu5_freq,2208,MHz
optimized,4:33,sample_cpu6_freq,2208,MHz
optimized,4:33,sample_cpu7_freq,2304,MHz
optimized,4:34,sample_elapsed,5418,ms
optimized,4:34,sample_power,4.358,W
optimized,4:34,sample_process_cpu,395.833,% one core
optimized,4:34,sample_free_ram,1.963,GiB
optimized,4:34,sample_battery_temp,34.800,C
optimized,4:34,sample_thermal_status,0,Android PowerManager status
optimized,4:34,sample_cpu0_freq,1804,MHz
optimized,4:34,sample_cpu1_freq,1804,MHz
optimized,4:34,sample_cpu2_freq,1804,MHz
optimized,4:34,sample_cpu3_freq,1804,MHz
optimized,4:34,sample_cpu4_freq,2208,MHz
optimized,4:34,sample_cpu5_freq,2208,MHz
optimized,4:34,sample_cpu6_freq,2208,MHz
optimized,4:34,sample_cpu7_freq,2304,MHz
optimized,4:35,sample_elapsed,5583,ms
optimized,4:35,sample_power,4.358,W
optimized,4:35,sample_process_cpu,398.182,% one core
optimized,4:35,sample_free_ram,1.963,GiB
optimized,4:35,sample_battery_temp,34.800,C
optimized,4:35,sample_thermal_status,0,Android PowerManager status
optimized,4:35,sample_cpu0_freq,1804,MHz
optimized,4:35,sample_cpu1_freq,1804,MHz
optimized,4:35,sample_cpu2_freq,1804,MHz
optimized,4:35,sample_cpu3_freq,1804,MHz
optimized,4:35,sample_cpu4_freq,2208,MHz
optimized,4:35,sample_cpu5_freq,2208,MHz
optimized,4:35,sample_cpu6_freq,2208,MHz
optimized,4:35,sample_cpu7_freq,2304,MHz
optimized,4:36,sample_elapsed,5750,ms
optimized,4:36,sample_power,4.358,W
optimized,4:36,sample_process_cpu,402.994,% one core
optimized,4:36,sample_free_ram,1.963,GiB
optimized,4:36,sample_battery_temp,34.800,C
optimized,4:36,sample_thermal_status,0,Android PowerManager status
optimized,4:36,sample_cpu0_freq,1113,MHz
optimized,4:36,sample_cpu1_freq,1113,MHz
optimized,4:36,sample_cpu2_freq,1113,MHz
optimized,4:36,sample_cpu3_freq,1113,MHz
optimized,4:36,sample_cpu4_freq,2208,MHz
optimized,4:36,sample_cpu5_freq,2208,MHz
optimized,4:36,sample_cpu6_freq,2208,MHz
optimized,4:36,sample_cpu7_freq,2304,MHz
optimized,4:37,sample_elapsed,5918,ms
optimized,4:37,sample_power,4.358,W
optimized,4:37,sample_process_cpu,401.190,% one core
optimized,4:37,sample_free_ram,1.963,GiB
optimized,4:37,sample_battery_temp,34.800,C
optimized,4:37,sample_thermal_status,0,Android PowerManager status
optimized,4:37,sample_cpu0_freq,787,MHz
optimized,4:37,sample_cpu1_freq,787,MHz
optimized,4:37,sample_cpu2_freq,787,MHz
optimized,4:37,sample_cpu3_freq,787,MHz
optimized,4:37,sample_cpu4_freq,2208,MHz
optimized,4:37,sample_cpu5_freq,2208,MHz
optimized,4:37,sample_cpu6_freq,2208,MHz
optimized,4:37,sample_cpu7_freq,2304,MHz
optimized,4:38,sample_elapsed,6086,ms
optimized,4:38,sample_power,4.358,W
optimized,4:38,sample_process_cpu,394.643,% one core
optimized,4:38,sample_free_ram,1.963,GiB
optimized,4:38,sample_battery_temp,34.800,C
optimized,4:38,sample_thermal_status,0,Android PowerManager status
optimized,4:38,sample_cpu0_freq,902,MHz
optimized,4:38,sample_cpu1_freq,902,MHz
optimized,4:38,sample_cpu2_freq,902,MHz
optimized,4:38,sample_cpu3_freq,1228,MHz
optimized,4:38,sample_cpu4_freq,2208,MHz
optimized,4:38,sample_cpu5_freq,2208,MHz
optimized,4:38,sample_cpu6_freq,2208,MHz
optimized,4:38,sample_cpu7_freq,2304,MHz
optimized,4:39,sample_elapsed,6252,ms
optimized,4:39,sample_power,4.358,W
optimized,4:39,sample_process_cpu,401.807,% one core
optimized,4:39,sample_free_ram,1.963,GiB
optimized,4:39,sample_battery_temp,34.800,C
optimized,4:39,sample_thermal_status,0,Android PowerManager status
optimized,4:39,sample_cpu0_freq,595,MHz
optimized,4:39,sample_cpu1_freq,595,MHz
optimized,4:39,sample_cpu2_freq,595,MHz
optimized,4:39,sample_cpu3_freq,595,MHz
optimized,4:39,sample_cpu4_freq,2208,MHz
optimized,4:39,sample_cpu5_freq,2208,MHz
optimized,4:39,sample_cpu6_freq,2208,MHz
optimized,4:39,sample_cpu7_freq,2304,MHz
optimized,4:40,sample_elapsed,6420,ms
optimized,4:40,sample_power,4.358,W
optimized,4:40,sample_process_cpu,399.405,% one core
optimized,4:40,sample_free_ram,1.963,GiB
optimized,4:40,sample_battery_temp,34.800,C
optimized,4:40,sample_thermal_status,0,Android PowerManager status
optimized,4:40,sample_cpu0_freq,595,MHz
optimized,4:40,sample_cpu1_freq,595,MHz
optimized,4:40,sample_cpu2_freq,595,MHz
optimized,4:40,sample_cpu3_freq,595,MHz
optimized,4:40,sample_cpu4_freq,2208,MHz
optimized,4:40,sample_cpu5_freq,2208,MHz
optimized,4:40,sample_cpu6_freq,2208,MHz
optimized,4:40,sample_cpu7_freq,2304,MHz
optimized,4:41,sample_elapsed,6587,ms
optimized,4:41,sample_power,4.358,W
optimized,4:41,sample_process_cpu,405.389,% one core
optimized,4:41,sample_free_ram,1.963,GiB
optimized,4:41,sample_battery_temp,34.800,C
optimized,4:41,sample_thermal_status,0,Android PowerManager status
optimized,4:41,sample_cpu0_freq,1708,MHz
optimized,4:41,sample_cpu1_freq,1708,MHz
optimized,4:41,sample_cpu2_freq,1708,MHz
optimized,4:41,sample_cpu3_freq,1708,MHz
optimized,4:41,sample_cpu4_freq,2208,MHz
optimized,4:41,sample_cpu5_freq,2208,MHz
optimized,4:41,sample_cpu6_freq,2208,MHz
optimized,4:41,sample_cpu7_freq,2304,MHz
optimized,4:42,sample_elapsed,6757,ms
optimized,4:42,sample_power,4.358,W
optimized,4:42,sample_process_cpu,397.647,% one core
optimized,4:42,sample_free_ram,1.963,GiB
optimized,4:42,sample_battery_temp,34.800,C
optimized,4:42,sample_thermal_status,0,Android PowerManager status
optimized,4:42,sample_cpu0_freq,787,MHz
optimized,4:42,sample_cpu1_freq,787,MHz
optimized,4:42,sample_cpu2_freq,787,MHz
optimized,4:42,sample_cpu3_freq,787,MHz
optimized,4:42,sample_cpu4_freq,2208,MHz
optimized,4:42,sample_cpu5_freq,2208,MHz
optimized,4:42,sample_cpu6_freq,2208,MHz
optimized,4:42,sample_cpu7_freq,2304,MHz
optimized,4:43,sample_elapsed,6924,ms
optimized,4:43,sample_power,4.358,W
optimized,4:43,sample_process_cpu,396.407,% one core
optimized,4:43,sample_free_ram,1.963,GiB
optimized,4:43,sample_battery_temp,34.800,C
optimized,4:43,sample_thermal_status,0,Android PowerManager status
optimized,4:43,sample_cpu0_freq,1804,MHz
optimized,4:43,sample_cpu1_freq,1804,MHz
optimized,4:43,sample_cpu2_freq,1804,MHz
optimized,4:43,sample_cpu3_freq,1804,MHz
optimized,4:43,sample_cpu4_freq,2208,MHz
optimized,4:43,sample_cpu5_freq,2208,MHz
optimized,4:43,sample_cpu6_freq,2208,MHz
optimized,4:43,sample_cpu7_freq,2304,MHz
optimized,4:44,sample_elapsed,7097,ms
optimized,4:44,sample_power,4.358,W
optimized,4:44,sample_process_cpu,403.468,% one core
optimized,4:44,sample_free_ram,1.963,GiB
optimized,4:44,sample_battery_temp,34.800,C
optimized,4:44,sample_thermal_status,0,Android PowerManager status
optimized,4:44,sample_cpu0_freq,787,MHz
optimized,4:44,sample_cpu1_freq,787,MHz
optimized,4:44,sample_cpu2_freq,787,MHz
optimized,4:44,sample_cpu3_freq,787,MHz
optimized,4:44,sample_cpu4_freq,2208,MHz
optimized,4:44,sample_cpu5_freq,2208,MHz
optimized,4:44,sample_cpu6_freq,2208,MHz
optimized,4:44,sample_cpu7_freq,2304,MHz
optimized,4:45,sample_elapsed,7266,ms
optimized,4:45,sample_power,4.358,W
optimized,4:45,sample_process_cpu,402.367,% one core
optimized,4:45,sample_free_ram,1.963,GiB
optimized,4:45,sample_battery_temp,34.800,C
optimized,4:45,sample_thermal_status,0,Android PowerManager status
optimized,4:45,sample_cpu0_freq,595,MHz
optimized,4:45,sample_cpu1_freq,595,MHz
optimized,4:45,sample_cpu2_freq,595,MHz
optimized,4:45,sample_cpu3_freq,595,MHz
optimized,4:45,sample_cpu4_freq,2208,MHz
optimized,4:45,sample_cpu5_freq,2208,MHz
optimized,4:45,sample_cpu6_freq,2208,MHz
optimized,4:45,sample_cpu7_freq,2304,MHz
optimized,4:46,sample_elapsed,7437,ms
optimized,4:46,sample_power,4.358,W
optimized,4:46,sample_process_cpu,400.585,% one core
optimized,4:46,sample_free_ram,1.963,GiB
optimized,4:46,sample_battery_temp,34.800,C
optimized,4:46,sample_thermal_status,0,Android PowerManager status
optimized,4:46,sample_cpu0_freq,1113,MHz
optimized,4:46,sample_cpu1_freq,1113,MHz
optimized,4:46,sample_cpu2_freq,1113,MHz
optimized,4:46,sample_cpu3_freq,1113,MHz
optimized,4:46,sample_cpu4_freq,2208,MHz
optimized,4:46,sample_cpu5_freq,2208,MHz
optimized,4:46,sample_cpu6_freq,2208,MHz
optimized,4:46,sample_cpu7_freq,2304,MHz
optimized,4:47,sample_elapsed,7604,ms
optimized,4:47,sample_power,4.358,W
optimized,4:47,sample_process_cpu,404.192,% one core
optimized,4:47,sample_free_ram,1.963,GiB
optimized,4:47,sample_battery_temp,34.800,C
optimized,4:47,sample_thermal_status,0,Android PowerManager status
optimized,4:47,sample_cpu0_freq,1804,MHz
optimized,4:47,sample_cpu1_freq,1804,MHz
optimized,4:47,sample_cpu2_freq,1804,MHz
optimized,4:47,sample_cpu3_freq,1804,MHz
optimized,4:47,sample_cpu4_freq,2208,MHz
optimized,4:47,sample_cpu5_freq,2208,MHz
optimized,4:47,sample_cpu6_freq,2208,MHz
optimized,4:47,sample_cpu7_freq,2304,MHz
optimized,4:48,sample_elapsed,7777,ms
optimized,4:48,sample_power,4.358,W
optimized,4:48,sample_process_cpu,394.798,% one core
optimized,4:48,sample_free_ram,1.963,GiB
optimized,4:48,sample_battery_temp,34.800,C
optimized,4:48,sample_thermal_status,0,Android PowerManager status
optimized,4:48,sample_cpu0_freq,1017,MHz
optimized,4:48,sample_cpu1_freq,1017,MHz
optimized,4:48,sample_cpu2_freq,1017,MHz
optimized,4:48,sample_cpu3_freq,1017,MHz
optimized,4:48,sample_cpu4_freq,2208,MHz
optimized,4:48,sample_cpu5_freq,2208,MHz
optimized,4:48,sample_cpu6_freq,2208,MHz
optimized,4:48,sample_cpu7_freq,2304,MHz
optimized,4:49,sample_elapsed,7942,ms
optimized,4:49,sample_power,4.358,W
optimized,4:49,sample_process_cpu,403.636,% one core
optimized,4:49,sample_free_ram,1.962,GiB
optimized,4:49,sample_battery_temp,34.800,C
optimized,4:49,sample_thermal_status,0,Android PowerManager status
optimized,4:49,sample_cpu0_freq,1113,MHz
optimized,4:49,sample_cpu1_freq,1113,MHz
optimized,4:49,sample_cpu2_freq,1113,MHz
optimized,4:49,sample_cpu3_freq,1113,MHz
optimized,4:49,sample_cpu4_freq,2208,MHz
optimized,4:49,sample_cpu5_freq,2208,MHz
optimized,4:49,sample_cpu6_freq,2208,MHz
optimized,4:49,sample_cpu7_freq,2304,MHz
optimized,4:50,sample_elapsed,8110,ms
optimized,4:50,sample_power,4.358,W
optimized,4:50,sample_process_cpu,399.405,% one core
optimized,4:50,sample_free_ram,1.962,GiB
optimized,4:50,sample_battery_temp,34.800,C
optimized,4:50,sample_thermal_status,0,Android PowerManager status
optimized,4:50,sample_cpu0_freq,595,MHz
optimized,4:50,sample_cpu1_freq,595,MHz
optimized,4:50,sample_cpu2_freq,595,MHz
optimized,4:50,sample_cpu3_freq,595,MHz
optimized,4:50,sample_cpu4_freq,2208,MHz
optimized,4:50,sample_cpu5_freq,2208,MHz
optimized,4:50,sample_cpu6_freq,2208,MHz
optimized,4:50,sample_cpu7_freq,2304,MHz
optimized,4:51,sample_elapsed,8279,ms
optimized,4:51,sample_power,4.358,W
optimized,4:51,sample_process_cpu,401.775,% one core
optimized,4:51,sample_free_ram,1.962,GiB
optimized,4:51,sample_battery_temp,34.800,C
optimized,4:51,sample_thermal_status,0,Android PowerManager status
optimized,4:51,sample_cpu0_freq,1113,MHz
optimized,4:51,sample_cpu1_freq,1113,MHz
optimized,4:51,sample_cpu2_freq,1113,MHz
optimized,4:51,sample_cpu3_freq,1113,MHz
optimized,4:51,sample_cpu4_freq,2208,MHz
optimized,4:51,sample_cpu5_freq,2208,MHz
optimized,4:51,sample_cpu6_freq,2208,MHz
optimized,4:51,sample_cpu7_freq,2304,MHz
optimized,4:52,sample_elapsed,8448,ms
optimized,4:52,sample_power,4.358,W
optimized,4:52,sample_process_cpu,403.550,% one core
optimized,4:52,sample_free_ram,1.962,GiB
optimized,4:52,sample_battery_temp,34.800,C
optimized,4:52,sample_thermal_status,0,Android PowerManager status
optimized,4:52,sample_cpu0_freq,1113,MHz
optimized,4:52,sample_cpu1_freq,1113,MHz
optimized,4:52,sample_cpu2_freq,1113,MHz
optimized,4:52,sample_cpu3_freq,1113,MHz
optimized,4:52,sample_cpu4_freq,2208,MHz
optimized,4:52,sample_cpu5_freq,2208,MHz
optimized,4:52,sample_cpu6_freq,2208,MHz
optimized,4:52,sample_cpu7_freq,2304,MHz
optimized,4:53,sample_elapsed,8615,ms
optimized,4:53,sample_power,4.358,W
optimized,4:53,sample_process_cpu,398.204,% one core
optimized,4:53,sample_free_ram,1.962,GiB
optimized,4:53,sample_battery_temp,34.800,C
optimized,4:53,sample_thermal_status,0,Android PowerManager status
optimized,4:53,sample_cpu0_freq,1113,MHz
optimized,4:53,sample_cpu1_freq,1113,MHz
optimized,4:53,sample_cpu2_freq,1113,MHz
optimized,4:53,sample_cpu3_freq,1113,MHz
optimized,4:53,sample_cpu4_freq,2208,MHz
optimized,4:53,sample_cpu5_freq,2208,MHz
optimized,4:53,sample_cpu6_freq,2208,MHz
optimized,4:53,sample_cpu7_freq,2304,MHz
optimized,4:54,sample_elapsed,8785,ms
optimized,4:54,sample_power,4.358,W
optimized,4:54,sample_process_cpu,437.059,% one core
optimized,4:54,sample_free_ram,1.961,GiB
optimized,4:54,sample_battery_temp,34.800,C
optimized,4:54,sample_thermal_status,0,Android PowerManager status
optimized,4:54,sample_cpu0_freq,787,MHz
optimized,4:54,sample_cpu1_freq,787,MHz
optimized,4:54,sample_cpu2_freq,1113,MHz
optimized,4:54,sample_cpu3_freq,1113,MHz
optimized,4:54,sample_cpu4_freq,2208,MHz
optimized,4:54,sample_cpu5_freq,2208,MHz
optimized,4:54,sample_cpu6_freq,2208,MHz
optimized,4:54,sample_cpu7_freq,2304,MHz
optimized,4:55,sample_elapsed,8955,ms
optimized,4:55,sample_power,4.358,W
optimized,4:55,sample_process_cpu,399.412,% one core
optimized,4:55,sample_free_ram,1.961,GiB
optimized,4:55,sample_battery_temp,34.800,C
optimized,4:55,sample_thermal_status,0,Android PowerManager status
optimized,4:55,sample_cpu0_freq,1804,MHz
optimized,4:55,sample_cpu1_freq,1804,MHz
optimized,4:55,sample_cpu2_freq,1804,MHz
optimized,4:55,sample_cpu3_freq,1804,MHz
optimized,4:55,sample_cpu4_freq,2208,MHz
optimized,4:55,sample_cpu5_freq,2208,MHz
optimized,4:55,sample_cpu6_freq,2208,MHz
optimized,4:55,sample_cpu7_freq,2304,MHz
optimized,4:56,sample_elapsed,9122,ms
optimized,4:56,sample_power,4.358,W
optimized,4:56,sample_process_cpu,400.000,% one core
optimized,4:56,sample_free_ram,1.961,GiB
optimized,4:56,sample_battery_temp,34.800,C
optimized,4:56,sample_thermal_status,0,Android PowerManager status
optimized,4:56,sample_cpu0_freq,1017,MHz
optimized,4:56,sample_cpu1_freq,1017,MHz
optimized,4:56,sample_cpu2_freq,1017,MHz
optimized,4:56,sample_cpu3_freq,1017,MHz
optimized,4:56,sample_cpu4_freq,2208,MHz
optimized,4:56,sample_cpu5_freq,2208,MHz
optimized,4:56,sample_cpu6_freq,2208,MHz
optimized,4:56,sample_cpu7_freq,2304,MHz
optimized,4:57,sample_elapsed,9288,ms
optimized,4:57,sample_power,4.358,W
optimized,4:57,sample_process_cpu,404.819,% one core
optimized,4:57,sample_free_ram,1.961,GiB
optimized,4:57,sample_battery_temp,34.800,C
optimized,4:57,sample_thermal_status,0,Android PowerManager status
optimized,4:57,sample_cpu0_freq,1017,MHz
optimized,4:57,sample_cpu1_freq,1017,MHz
optimized,4:57,sample_cpu2_freq,1017,MHz
optimized,4:57,sample_cpu3_freq,1017,MHz
optimized,4:57,sample_cpu4_freq,2208,MHz
optimized,4:57,sample_cpu5_freq,2208,MHz
optimized,4:57,sample_cpu6_freq,2208,MHz
optimized,4:57,sample_cpu7_freq,2304,MHz
optimized,4:58,sample_elapsed,9456,ms
optimized,4:58,sample_power,4.358,W
optimized,4:58,sample_process_cpu,396.429,% one core
optimized,4:58,sample_free_ram,1.960,GiB
optimized,4:58,sample_battery_temp,34.800,C
optimized,4:58,sample_thermal_status,0,Android PowerManager status
optimized,4:58,sample_cpu0_freq,1804,MHz
optimized,4:58,sample_cpu1_freq,1804,MHz
optimized,4:58,sample_cpu2_freq,1804,MHz
optimized,4:58,sample_cpu3_freq,1804,MHz
optimized,4:58,sample_cpu4_freq,2208,MHz
optimized,4:58,sample_cpu5_freq,2208,MHz
optimized,4:58,sample_cpu6_freq,2208,MHz
optimized,4:58,sample_cpu7_freq,2304,MHz
optimized,4:59,sample_elapsed,9614,ms
optimized,4:59,sample_power,4.358,W
optimized,4:59,sample_process_cpu,392.405,% one core
optimized,4:59,sample_free_ram,1.959,GiB
optimized,4:59,sample_battery_temp,34.800,C
optimized,4:59,sample_thermal_status,0,Android PowerManager status
optimized,4:59,sample_cpu0_freq,1804,MHz
optimized,4:59,sample_cpu1_freq,1804,MHz
optimized,4:59,sample_cpu2_freq,1804,MHz
optimized,4:59,sample_cpu3_freq,1804,MHz
optimized,4:59,sample_cpu4_freq,2208,MHz
optimized,4:59,sample_cpu5_freq,2208,MHz
optimized,4:59,sample_cpu6_freq,2208,MHz
optimized,4:59,sample_cpu7_freq,2304,MHz
optimized,4:60,sample_elapsed,9787,ms
optimized,4:60,sample_power,4.358,W
optimized,4:60,sample_process_cpu,395.376,% one core
optimized,4:60,sample_free_ram,1.972,GiB
optimized,4:60,sample_battery_temp,34.800,C
optimized,4:60,sample_thermal_status,0,Android PowerManager status
optimized,4:60,sample_cpu0_freq,1344,MHz
optimized,4:60,sample_cpu1_freq,1344,MHz
optimized,4:60,sample_cpu2_freq,1344,MHz
optimized,4:60,sample_cpu3_freq,1344,MHz
optimized,4:60,sample_cpu4_freq,2208,MHz
optimized,4:60,sample_cpu5_freq,2208,MHz
optimized,4:60,sample_cpu6_freq,2208,MHz
optimized,4:60,sample_cpu7_freq,2304,MHz
optimized,4:61,sample_elapsed,9951,ms
optimized,4:61,sample_power,4.358,W
optimized,4:61,sample_process_cpu,387.195,% one core
optimized,4:61,sample_free_ram,1.971,GiB
optimized,4:61,sample_battery_temp,34.800,C
optimized,4:61,sample_thermal_status,0,Android PowerManager status
optimized,4:61,sample_cpu0_freq,1804,MHz
optimized,4:61,sample_cpu1_freq,1804,MHz
optimized,4:61,sample_cpu2_freq,1804,MHz
optimized,4:61,sample_cpu3_freq,1804,MHz
optimized,4:61,sample_cpu4_freq,2208,MHz
optimized,4:61,sample_cpu5_freq,2208,MHz
optimized,4:61,sample_cpu6_freq,2208,MHz
optimized,4:61,sample_cpu7_freq,2304,MHz
optimized,5,pp,127.000,tok/s
optimized,5,tg,17.500,tok/s
optimized,5,power,1.550,W
optimized,5,tok_per_w,11.289,tok/W
optimized,5,ttft_pp512_derived,4088.639,ms
optimized,5,start_temp,34.800,C
optimized,5,average_process_cpu,398.638,% one core
optimized,5,minimum_free_ram,1.970,GiB
optimized,5,peak_battery_temp,34.800,C
optimized,5,peak_thermal_status,0,Android PowerManager status
optimized,5:1,sample_elapsed,1,ms
optimized,5:1,sample_power,0.797,W
optimized,5:1,sample_process_cpu,400.000,% one core
optimized,5:1,sample_free_ram,2.048,GiB
optimized,5:1,sample_battery_temp,34.800,C
optimized,5:1,sample_thermal_status,0,Android PowerManager status
optimized,5:1,sample_cpu0_freq,1804,MHz
optimized,5:1,sample_cpu1_freq,1804,MHz
optimized,5:1,sample_cpu2_freq,1804,MHz
optimized,5:1,sample_cpu3_freq,1804,MHz
optimized,5:1,sample_cpu4_freq,2208,MHz
optimized,5:1,sample_cpu5_freq,2208,MHz
optimized,5:1,sample_cpu6_freq,2208,MHz
optimized,5:1,sample_cpu7_freq,633,MHz
optimized,5:2,sample_elapsed,158,ms
optimized,5:2,sample_power,0.797,W
optimized,5:2,sample_process_cpu,361.146,% one core
optimized,5:2,sample_free_ram,2.012,GiB
optimized,5:2,sample_battery_temp,34.800,C
optimized,5:2,sample_thermal_status,0,Android PowerManager status
optimized,5:2,sample_cpu0_freq,1804,MHz
optimized,5:2,sample_cpu1_freq,1804,MHz
optimized,5:2,sample_cpu2_freq,1804,MHz
optimized,5:2,sample_cpu3_freq,1804,MHz
optimized,5:2,sample_cpu4_freq,2208,MHz
optimized,5:2,sample_cpu5_freq,2208,MHz
optimized,5:2,sample_cpu6_freq,2208,MHz
optimized,5:2,sample_cpu7_freq,2304,MHz
optimized,5:3,sample_elapsed,312,ms
optimized,5:3,sample_power,0.797,W
optimized,5:3,sample_process_cpu,389.610,% one core
optimized,5:3,sample_free_ram,1.979,GiB
optimized,5:3,sample_battery_temp,34.800,C
optimized,5:3,sample_thermal_status,0,Android PowerManager status
optimized,5:3,sample_cpu0_freq,1804,MHz
optimized,5:3,sample_cpu1_freq,1804,MHz
optimized,5:3,sample_cpu2_freq,1804,MHz
optimized,5:3,sample_cpu3_freq,1804,MHz
optimized,5:3,sample_cpu4_freq,2208,MHz
optimized,5:3,sample_cpu5_freq,2208,MHz
optimized,5:3,sample_cpu6_freq,2208,MHz
optimized,5:3,sample_cpu7_freq,2304,MHz
optimized,5:4,sample_elapsed,466,ms
optimized,5:4,sample_power,0.797,W
optimized,5:4,sample_process_cpu,403.247,% one core
optimized,5:4,sample_free_ram,1.979,GiB
optimized,5:4,sample_battery_temp,34.800,C
optimized,5:4,sample_thermal_status,0,Android PowerManager status
optimized,5:4,sample_cpu0_freq,1804,MHz
optimized,5:4,sample_cpu1_freq,1804,MHz
optimized,5:4,sample_cpu2_freq,1804,MHz
optimized,5:4,sample_cpu3_freq,1804,MHz
optimized,5:4,sample_cpu4_freq,2208,MHz
optimized,5:4,sample_cpu5_freq,2208,MHz
optimized,5:4,sample_cpu6_freq,2208,MHz
optimized,5:4,sample_cpu7_freq,2304,MHz
optimized,5:5,sample_elapsed,620,ms
optimized,5:5,sample_power,0.797,W
optimized,5:5,sample_process_cpu,389.610,% one core
optimized,5:5,sample_free_ram,1.979,GiB
optimized,5:5,sample_battery_temp,34.800,C
optimized,5:5,sample_thermal_status,0,Android PowerManager status
optimized,5:5,sample_cpu0_freq,1804,MHz
optimized,5:5,sample_cpu1_freq,1804,MHz
optimized,5:5,sample_cpu2_freq,1804,MHz
optimized,5:5,sample_cpu3_freq,1804,MHz
optimized,5:5,sample_cpu4_freq,2208,MHz
optimized,5:5,sample_cpu5_freq,2208,MHz
optimized,5:5,sample_cpu6_freq,2208,MHz
optimized,5:5,sample_cpu7_freq,2304,MHz
optimized,5:6,sample_elapsed,773,ms
optimized,5:6,sample_power,0.797,W
optimized,5:6,sample_process_cpu,392.810,% one core
optimized,5:6,sample_free_ram,1.979,GiB
optimized,5:6,sample_battery_temp,34.800,C
optimized,5:6,sample_thermal_status,0,Android PowerManager status
optimized,5:6,sample_cpu0_freq,1804,MHz
optimized,5:6,sample_cpu1_freq,1804,MHz
optimized,5:6,sample_cpu2_freq,1804,MHz
optimized,5:6,sample_cpu3_freq,1804,MHz
optimized,5:6,sample_cpu4_freq,2208,MHz
optimized,5:6,sample_cpu5_freq,2208,MHz
optimized,5:6,sample_cpu6_freq,2208,MHz
optimized,5:6,sample_cpu7_freq,2304,MHz
optimized,5:7,sample_elapsed,927,ms
optimized,5:7,sample_power,0.797,W
optimized,5:7,sample_process_cpu,401.948,% one core
optimized,5:7,sample_free_ram,1.979,GiB
optimized,5:7,sample_battery_temp,34.800,C
optimized,5:7,sample_thermal_status,0,Android PowerManager status
optimized,5:7,sample_cpu0_freq,1804,MHz
optimized,5:7,sample_cpu1_freq,1804,MHz
optimized,5:7,sample_cpu2_freq,1804,MHz
optimized,5:7,sample_cpu3_freq,1804,MHz
optimized,5:7,sample_cpu4_freq,2208,MHz
optimized,5:7,sample_cpu5_freq,2208,MHz
optimized,5:7,sample_cpu6_freq,2208,MHz
optimized,5:7,sample_cpu7_freq,2304,MHz
optimized,5:8,sample_elapsed,1080,ms
optimized,5:8,sample_power,0.797,W
optimized,5:8,sample_process_cpu,398.693,% one core
optimized,5:8,sample_free_ram,1.979,GiB
optimized,5:8,sample_battery_temp,34.800,C
optimized,5:8,sample_thermal_status,0,Android PowerManager status
optimized,5:8,sample_cpu0_freq,1804,MHz
optimized,5:8,sample_cpu1_freq,1804,MHz
optimized,5:8,sample_cpu2_freq,1804,MHz
optimized,5:8,sample_cpu3_freq,1804,MHz
optimized,5:8,sample_cpu4_freq,2208,MHz
optimized,5:8,sample_cpu5_freq,2208,MHz
optimized,5:8,sample_cpu6_freq,2208,MHz
optimized,5:8,sample_cpu7_freq,2304,MHz
optimized,5:9,sample_elapsed,1234,ms
optimized,5:9,sample_power,0.797,W
optimized,5:9,sample_process_cpu,393.506,% one core
optimized,5:9,sample_free_ram,1.979,GiB
optimized,5:9,sample_battery_temp,34.800,C
optimized,5:9,sample_thermal_status,0,Android PowerManager status
optimized,5:9,sample_cpu0_freq,1804,MHz
optimized,5:9,sample_cpu1_freq,1804,MHz
optimized,5:9,sample_cpu2_freq,1804,MHz
optimized,5:9,sample_cpu3_freq,1804,MHz
optimized,5:9,sample_cpu4_freq,2208,MHz
optimized,5:9,sample_cpu5_freq,2208,MHz
optimized,5:9,sample_cpu6_freq,2208,MHz
optimized,5:9,sample_cpu7_freq,2304,MHz
optimized,5:10,sample_elapsed,1388,ms
optimized,5:10,sample_power,0.797,W
optimized,5:10,sample_process_cpu,392.857,% one core
optimized,5:10,sample_free_ram,1.979,GiB
optimized,5:10,sample_battery_temp,34.800,C
optimized,5:10,sample_thermal_status,0,Android PowerManager status
optimized,5:10,sample_cpu0_freq,1804,MHz
optimized,5:10,sample_cpu1_freq,1804,MHz
optimized,5:10,sample_cpu2_freq,1804,MHz
optimized,5:10,sample_cpu3_freq,1804,MHz
optimized,5:10,sample_cpu4_freq,2208,MHz
optimized,5:10,sample_cpu5_freq,2208,MHz
optimized,5:10,sample_cpu6_freq,2208,MHz
optimized,5:10,sample_cpu7_freq,2304,MHz
optimized,5:11,sample_elapsed,1541,ms
optimized,5:11,sample_power,0.797,W
optimized,5:11,sample_process_cpu,390.196,% one core
optimized,5:11,sample_free_ram,1.978,GiB
optimized,5:11,sample_battery_temp,34.800,C
optimized,5:11,sample_thermal_status,0,Android PowerManager status
optimized,5:11,sample_cpu0_freq,1804,MHz
optimized,5:11,sample_cpu1_freq,1804,MHz
optimized,5:11,sample_cpu2_freq,1804,MHz
optimized,5:11,sample_cpu3_freq,1804,MHz
optimized,5:11,sample_cpu4_freq,2208,MHz
optimized,5:11,sample_cpu5_freq,2208,MHz
optimized,5:11,sample_cpu6_freq,2208,MHz
optimized,5:11,sample_cpu7_freq,2304,MHz
optimized,5:12,sample_elapsed,1697,ms
optimized,5:12,sample_power,0.797,W
optimized,5:12,sample_process_cpu,402.564,% one core
optimized,5:12,sample_free_ram,1.978,GiB
optimized,5:12,sample_battery_temp,34.800,C
optimized,5:12,sample_thermal_status,0,Android PowerManager status
optimized,5:12,sample_cpu0_freq,1804,MHz
optimized,5:12,sample_cpu1_freq,1804,MHz
optimized,5:12,sample_cpu2_freq,1804,MHz
optimized,5:12,sample_cpu3_freq,1804,MHz
optimized,5:12,sample_cpu4_freq,2208,MHz
optimized,5:12,sample_cpu5_freq,2208,MHz
optimized,5:12,sample_cpu6_freq,2208,MHz
optimized,5:12,sample_cpu7_freq,2304,MHz
optimized,5:13,sample_elapsed,1850,ms
optimized,5:13,sample_power,0.797,W
optimized,5:13,sample_process_cpu,396.078,% one core
optimized,5:13,sample_free_ram,1.978,GiB
optimized,5:13,sample_battery_temp,34.800,C
optimized,5:13,sample_thermal_status,0,Android PowerManager status
optimized,5:13,sample_cpu0_freq,1804,MHz
optimized,5:13,sample_cpu1_freq,1804,MHz
optimized,5:13,sample_cpu2_freq,1804,MHz
optimized,5:13,sample_cpu3_freq,1804,MHz
optimized,5:13,sample_cpu4_freq,2208,MHz
optimized,5:13,sample_cpu5_freq,2208,MHz
optimized,5:13,sample_cpu6_freq,2208,MHz
optimized,5:13,sample_cpu7_freq,2304,MHz
optimized,5:14,sample_elapsed,2003,ms
optimized,5:14,sample_power,0.797,W
optimized,5:14,sample_process_cpu,393.464,% one core
optimized,5:14,sample_free_ram,1.978,GiB
optimized,5:14,sample_battery_temp,34.800,C
optimized,5:14,sample_thermal_status,0,Android PowerManager status
optimized,5:14,sample_cpu0_freq,1804,MHz
optimized,5:14,sample_cpu1_freq,1804,MHz
optimized,5:14,sample_cpu2_freq,1804,MHz
optimized,5:14,sample_cpu3_freq,1804,MHz
optimized,5:14,sample_cpu4_freq,2208,MHz
optimized,5:14,sample_cpu5_freq,2208,MHz
optimized,5:14,sample_cpu6_freq,2208,MHz
optimized,5:14,sample_cpu7_freq,2304,MHz
optimized,5:15,sample_elapsed,2157,ms
optimized,5:15,sample_power,0.797,W
optimized,5:15,sample_process_cpu,391.558,% one core
optimized,5:15,sample_free_ram,1.978,GiB
optimized,5:15,sample_battery_temp,34.800,C
optimized,5:15,sample_thermal_status,0,Android PowerManager status
optimized,5:15,sample_cpu0_freq,1804,MHz
optimized,5:15,sample_cpu1_freq,1804,MHz
optimized,5:15,sample_cpu2_freq,1804,MHz
optimized,5:15,sample_cpu3_freq,1804,MHz
optimized,5:15,sample_cpu4_freq,2208,MHz
optimized,5:15,sample_cpu5_freq,2208,MHz
optimized,5:15,sample_cpu6_freq,2208,MHz
optimized,5:15,sample_cpu7_freq,2304,MHz
optimized,5:16,sample_elapsed,2311,ms
optimized,5:16,sample_power,0.797,W
optimized,5:16,sample_process_cpu,401.948,% one core
optimized,5:16,sample_free_ram,1.978,GiB
optimized,5:16,sample_battery_temp,34.800,C
optimized,5:16,sample_thermal_status,0,Android PowerManager status
optimized,5:16,sample_cpu0_freq,1804,MHz
optimized,5:16,sample_cpu1_freq,1804,MHz
optimized,5:16,sample_cpu2_freq,1804,MHz
optimized,5:16,sample_cpu3_freq,1804,MHz
optimized,5:16,sample_cpu4_freq,2208,MHz
optimized,5:16,sample_cpu5_freq,2208,MHz
optimized,5:16,sample_cpu6_freq,2208,MHz
optimized,5:16,sample_cpu7_freq,2304,MHz
optimized,5:17,sample_elapsed,2465,ms
optimized,5:17,sample_power,0.797,W
optimized,5:17,sample_process_cpu,401.299,% one core
optimized,5:17,sample_free_ram,1.978,GiB
optimized,5:17,sample_battery_temp,34.800,C
optimized,5:17,sample_thermal_status,0,Android PowerManager status
optimized,5:17,sample_cpu0_freq,1804,MHz
optimized,5:17,sample_cpu1_freq,1804,MHz
optimized,5:17,sample_cpu2_freq,1804,MHz
optimized,5:17,sample_cpu3_freq,1804,MHz
optimized,5:17,sample_cpu4_freq,2208,MHz
optimized,5:17,sample_cpu5_freq,2208,MHz
optimized,5:17,sample_cpu6_freq,2208,MHz
optimized,5:17,sample_cpu7_freq,2304,MHz
optimized,5:18,sample_elapsed,2620,ms
optimized,5:18,sample_power,0.797,W
optimized,5:18,sample_process_cpu,389.677,% one core
optimized,5:18,sample_free_ram,1.978,GiB
optimized,5:18,sample_battery_temp,34.800,C
optimized,5:18,sample_thermal_status,0,Android PowerManager status
optimized,5:18,sample_cpu0_freq,1804,MHz
optimized,5:18,sample_cpu1_freq,1804,MHz
optimized,5:18,sample_cpu2_freq,1804,MHz
optimized,5:18,sample_cpu3_freq,1804,MHz
optimized,5:18,sample_cpu4_freq,2208,MHz
optimized,5:18,sample_cpu5_freq,2208,MHz
optimized,5:18,sample_cpu6_freq,2208,MHz
optimized,5:18,sample_cpu7_freq,2304,MHz
optimized,5:19,sample_elapsed,2774,ms
optimized,5:19,sample_power,0.797,W
optimized,5:19,sample_process_cpu,401.299,% one core
optimized,5:19,sample_free_ram,1.978,GiB
optimized,5:19,sample_battery_temp,34.800,C
optimized,5:19,sample_thermal_status,0,Android PowerManager status
optimized,5:19,sample_cpu0_freq,1804,MHz
optimized,5:19,sample_cpu1_freq,1804,MHz
optimized,5:19,sample_cpu2_freq,1804,MHz
optimized,5:19,sample_cpu3_freq,1804,MHz
optimized,5:19,sample_cpu4_freq,2208,MHz
optimized,5:19,sample_cpu5_freq,2208,MHz
optimized,5:19,sample_cpu6_freq,2208,MHz
optimized,5:19,sample_cpu7_freq,2304,MHz
optimized,5:20,sample_elapsed,2927,ms
optimized,5:20,sample_power,0.797,W
optimized,5:20,sample_process_cpu,393.464,% one core
optimized,5:20,sample_free_ram,1.978,GiB
optimized,5:20,sample_battery_temp,34.800,C
optimized,5:20,sample_thermal_status,0,Android PowerManager status
optimized,5:20,sample_cpu0_freq,1804,MHz
optimized,5:20,sample_cpu1_freq,1804,MHz
optimized,5:20,sample_cpu2_freq,1804,MHz
optimized,5:20,sample_cpu3_freq,1804,MHz
optimized,5:20,sample_cpu4_freq,2208,MHz
optimized,5:20,sample_cpu5_freq,2208,MHz
optimized,5:20,sample_cpu6_freq,2208,MHz
optimized,5:20,sample_cpu7_freq,2304,MHz
optimized,5:21,sample_elapsed,3081,ms
optimized,5:21,sample_power,0.797,W
optimized,5:21,sample_process_cpu,390.909,% one core
optimized,5:21,sample_free_ram,1.978,GiB
optimized,5:21,sample_battery_temp,34.800,C
optimized,5:21,sample_thermal_status,0,Android PowerManager status
optimized,5:21,sample_cpu0_freq,1804,MHz
optimized,5:21,sample_cpu1_freq,1804,MHz
optimized,5:21,sample_cpu2_freq,1804,MHz
optimized,5:21,sample_cpu3_freq,1804,MHz
optimized,5:21,sample_cpu4_freq,2208,MHz
optimized,5:21,sample_cpu5_freq,2208,MHz
optimized,5:21,sample_cpu6_freq,2208,MHz
optimized,5:21,sample_cpu7_freq,2304,MHz
optimized,5:22,sample_elapsed,3235,ms
optimized,5:22,sample_power,0.797,W
optimized,5:22,sample_process_cpu,401.948,% one core
optimized,5:22,sample_free_ram,1.977,GiB
optimized,5:22,sample_battery_temp,34.800,C
optimized,5:22,sample_thermal_status,0,Android PowerManager status
optimized,5:22,sample_cpu0_freq,1804,MHz
optimized,5:22,sample_cpu1_freq,1804,MHz
optimized,5:22,sample_cpu2_freq,1804,MHz
optimized,5:22,sample_cpu3_freq,1804,MHz
optimized,5:22,sample_cpu4_freq,2208,MHz
optimized,5:22,sample_cpu5_freq,2208,MHz
optimized,5:22,sample_cpu6_freq,2208,MHz
optimized,5:22,sample_cpu7_freq,2304,MHz
optimized,5:23,sample_elapsed,3389,ms
optimized,5:23,sample_power,0.797,W
optimized,5:23,sample_process_cpu,392.208,% one core
optimized,5:23,sample_free_ram,1.977,GiB
optimized,5:23,sample_battery_temp,34.800,C
optimized,5:23,sample_thermal_status,0,Android PowerManager status
optimized,5:23,sample_cpu0_freq,1804,MHz
optimized,5:23,sample_cpu1_freq,1804,MHz
optimized,5:23,sample_cpu2_freq,1804,MHz
optimized,5:23,sample_cpu3_freq,1804,MHz
optimized,5:23,sample_cpu4_freq,2208,MHz
optimized,5:23,sample_cpu5_freq,2208,MHz
optimized,5:23,sample_cpu6_freq,2208,MHz
optimized,5:23,sample_cpu7_freq,2304,MHz
optimized,5:24,sample_elapsed,3543,ms
optimized,5:24,sample_power,0.797,W
optimized,5:24,sample_process_cpu,399.351,% one core
optimized,5:24,sample_free_ram,1.977,GiB
optimized,5:24,sample_battery_temp,34.800,C
optimized,5:24,sample_thermal_status,0,Android PowerManager status
optimized,5:24,sample_cpu0_freq,1804,MHz
optimized,5:24,sample_cpu1_freq,1804,MHz
optimized,5:24,sample_cpu2_freq,1804,MHz
optimized,5:24,sample_cpu3_freq,1804,MHz
optimized,5:24,sample_cpu4_freq,2208,MHz
optimized,5:24,sample_cpu5_freq,2208,MHz
optimized,5:24,sample_cpu6_freq,2208,MHz
optimized,5:24,sample_cpu7_freq,2304,MHz
optimized,5:25,sample_elapsed,3696,ms
optimized,5:25,sample_power,0.797,W
optimized,5:25,sample_process_cpu,399.346,% one core
optimized,5:25,sample_free_ram,1.977,GiB
optimized,5:25,sample_battery_temp,34.800,C
optimized,5:25,sample_thermal_status,0,Android PowerManager status
optimized,5:25,sample_cpu0_freq,1804,MHz
optimized,5:25,sample_cpu1_freq,1804,MHz
optimized,5:25,sample_cpu2_freq,1804,MHz
optimized,5:25,sample_cpu3_freq,1804,MHz
optimized,5:25,sample_cpu4_freq,2208,MHz
optimized,5:25,sample_cpu5_freq,2208,MHz
optimized,5:25,sample_cpu6_freq,2208,MHz
optimized,5:25,sample_cpu7_freq,2304,MHz
optimized,5:26,sample_elapsed,3850,ms
optimized,5:26,sample_power,0.797,W
optimized,5:26,sample_process_cpu,406.494,% one core
optimized,5:26,sample_free_ram,1.977,GiB
optimized,5:26,sample_battery_temp,34.800,C
optimized,5:26,sample_thermal_status,0,Android PowerManager status
optimized,5:26,sample_cpu0_freq,1804,MHz
optimized,5:26,sample_cpu1_freq,1804,MHz
optimized,5:26,sample_cpu2_freq,1804,MHz
optimized,5:26,sample_cpu3_freq,1804,MHz
optimized,5:26,sample_cpu4_freq,2208,MHz
optimized,5:26,sample_cpu5_freq,2208,MHz
optimized,5:26,sample_cpu6_freq,2208,MHz
optimized,5:26,sample_cpu7_freq,2304,MHz
optimized,5:27,sample_elapsed,4004,ms
optimized,5:27,sample_power,0.797,W
optimized,5:27,sample_process_cpu,397.403,% one core
optimized,5:27,sample_free_ram,1.977,GiB
optimized,5:27,sample_battery_temp,34.800,C
optimized,5:27,sample_thermal_status,0,Android PowerManager status
optimized,5:27,sample_cpu0_freq,1804,MHz
optimized,5:27,sample_cpu1_freq,1804,MHz
optimized,5:27,sample_cpu2_freq,1804,MHz
optimized,5:27,sample_cpu3_freq,1804,MHz
optimized,5:27,sample_cpu4_freq,2208,MHz
optimized,5:27,sample_cpu5_freq,2208,MHz
optimized,5:27,sample_cpu6_freq,2208,MHz
optimized,5:27,sample_cpu7_freq,2304,MHz
optimized,5:28,sample_elapsed,4158,ms
optimized,5:28,sample_power,0.797,W
optimized,5:28,sample_process_cpu,406.494,% one core
optimized,5:28,sample_free_ram,1.977,GiB
optimized,5:28,sample_battery_temp,34.800,C
optimized,5:28,sample_thermal_status,0,Android PowerManager status
optimized,5:28,sample_cpu0_freq,1804,MHz
optimized,5:28,sample_cpu1_freq,1804,MHz
optimized,5:28,sample_cpu2_freq,1804,MHz
optimized,5:28,sample_cpu3_freq,1804,MHz
optimized,5:28,sample_cpu4_freq,2208,MHz
optimized,5:28,sample_cpu5_freq,2208,MHz
optimized,5:28,sample_cpu6_freq,2208,MHz
optimized,5:28,sample_cpu7_freq,2304,MHz
optimized,5:29,sample_elapsed,4316,ms
optimized,5:29,sample_power,0.797,W
optimized,5:29,sample_process_cpu,387.342,% one core
optimized,5:29,sample_free_ram,1.976,GiB
optimized,5:29,sample_battery_temp,34.800,C
optimized,5:29,sample_thermal_status,0,Android PowerManager status
optimized,5:29,sample_cpu0_freq,1804,MHz
optimized,5:29,sample_cpu1_freq,1804,MHz
optimized,5:29,sample_cpu2_freq,1804,MHz
optimized,5:29,sample_cpu3_freq,1804,MHz
optimized,5:29,sample_cpu4_freq,2208,MHz
optimized,5:29,sample_cpu5_freq,2208,MHz
optimized,5:29,sample_cpu6_freq,2208,MHz
optimized,5:29,sample_cpu7_freq,2304,MHz
optimized,5:30,sample_elapsed,4477,ms
optimized,5:30,sample_power,0.797,W
optimized,5:30,sample_process_cpu,392.547,% one core
optimized,5:30,sample_free_ram,1.976,GiB
optimized,5:30,sample_battery_temp,34.800,C
optimized,5:30,sample_thermal_status,0,Android PowerManager status
optimized,5:30,sample_cpu0_freq,1497,MHz
optimized,5:30,sample_cpu1_freq,1497,MHz
optimized,5:30,sample_cpu2_freq,1497,MHz
optimized,5:30,sample_cpu3_freq,1497,MHz
optimized,5:30,sample_cpu4_freq,2208,MHz
optimized,5:30,sample_cpu5_freq,2208,MHz
optimized,5:30,sample_cpu6_freq,2208,MHz
optimized,5:30,sample_cpu7_freq,2304,MHz
optimized,5:31,sample_elapsed,4641,ms
optimized,5:31,sample_power,0.797,W
optimized,5:31,sample_process_cpu,401.829,% one core
optimized,5:31,sample_free_ram,1.976,GiB
optimized,5:31,sample_battery_temp,34.800,C
optimized,5:31,sample_thermal_status,0,Android PowerManager status
optimized,5:31,sample_cpu0_freq,595,MHz
optimized,5:31,sample_cpu1_freq,595,MHz
optimized,5:31,sample_cpu2_freq,595,MHz
optimized,5:31,sample_cpu3_freq,1113,MHz
optimized,5:31,sample_cpu4_freq,2208,MHz
optimized,5:31,sample_cpu5_freq,2208,MHz
optimized,5:31,sample_cpu6_freq,2208,MHz
optimized,5:31,sample_cpu7_freq,2304,MHz
optimized,5:32,sample_elapsed,4810,ms
optimized,5:32,sample_power,0.797,W
optimized,5:32,sample_process_cpu,402.959,% one core
optimized,5:32,sample_free_ram,1.976,GiB
optimized,5:32,sample_battery_temp,34.800,C
optimized,5:32,sample_thermal_status,0,Android PowerManager status
optimized,5:32,sample_cpu0_freq,595,MHz
optimized,5:32,sample_cpu1_freq,595,MHz
optimized,5:32,sample_cpu2_freq,595,MHz
optimized,5:32,sample_cpu3_freq,595,MHz
optimized,5:32,sample_cpu4_freq,2208,MHz
optimized,5:32,sample_cpu5_freq,2208,MHz
optimized,5:32,sample_cpu6_freq,2208,MHz
optimized,5:32,sample_cpu7_freq,2304,MHz
optimized,5:33,sample_elapsed,4979,ms
optimized,5:33,sample_power,0.797,W
optimized,5:33,sample_process_cpu,402.367,% one core
optimized,5:33,sample_free_ram,1.976,GiB
optimized,5:33,sample_battery_temp,34.800,C
optimized,5:33,sample_thermal_status,0,Android PowerManager status
optimized,5:33,sample_cpu0_freq,1113,MHz
optimized,5:33,sample_cpu1_freq,1113,MHz
optimized,5:33,sample_cpu2_freq,1113,MHz
optimized,5:33,sample_cpu3_freq,1113,MHz
optimized,5:33,sample_cpu4_freq,2208,MHz
optimized,5:33,sample_cpu5_freq,2208,MHz
optimized,5:33,sample_cpu6_freq,2208,MHz
optimized,5:33,sample_cpu7_freq,2304,MHz
optimized,5:34,sample_elapsed,5146,ms
optimized,5:34,sample_power,0.797,W
optimized,5:34,sample_process_cpu,399.401,% one core
optimized,5:34,sample_free_ram,1.975,GiB
optimized,5:34,sample_battery_temp,34.800,C
optimized,5:34,sample_thermal_status,0,Android PowerManager status
optimized,5:34,sample_cpu0_freq,595,MHz
optimized,5:34,sample_cpu1_freq,595,MHz
optimized,5:34,sample_cpu2_freq,595,MHz
optimized,5:34,sample_cpu3_freq,1113,MHz
optimized,5:34,sample_cpu4_freq,2208,MHz
optimized,5:34,sample_cpu5_freq,2208,MHz
optimized,5:34,sample_cpu6_freq,2208,MHz
optimized,5:34,sample_cpu7_freq,2304,MHz
optimized,5:35,sample_elapsed,5313,ms
optimized,5:35,sample_power,0.797,W
optimized,5:35,sample_process_cpu,399.401,% one core
optimized,5:35,sample_free_ram,1.975,GiB
optimized,5:35,sample_battery_temp,34.800,C
optimized,5:35,sample_thermal_status,0,Android PowerManager status
optimized,5:35,sample_cpu0_freq,595,MHz
optimized,5:35,sample_cpu1_freq,595,MHz
optimized,5:35,sample_cpu2_freq,1804,MHz
optimized,5:35,sample_cpu3_freq,1804,MHz
optimized,5:35,sample_cpu4_freq,2208,MHz
optimized,5:35,sample_cpu5_freq,2208,MHz
optimized,5:35,sample_cpu6_freq,2208,MHz
optimized,5:35,sample_cpu7_freq,2304,MHz
optimized,5:36,sample_elapsed,5488,ms
optimized,5:36,sample_power,0.797,W
optimized,5:36,sample_process_cpu,398.286,% one core
optimized,5:36,sample_free_ram,1.975,GiB
optimized,5:36,sample_battery_temp,34.800,C
optimized,5:36,sample_thermal_status,0,Android PowerManager status
optimized,5:36,sample_cpu0_freq,1804,MHz
optimized,5:36,sample_cpu1_freq,1804,MHz
optimized,5:36,sample_cpu2_freq,1804,MHz
optimized,5:36,sample_cpu3_freq,1804,MHz
optimized,5:36,sample_cpu4_freq,2208,MHz
optimized,5:36,sample_cpu5_freq,2208,MHz
optimized,5:36,sample_cpu6_freq,2208,MHz
optimized,5:36,sample_cpu7_freq,2304,MHz
optimized,5:37,sample_elapsed,5654,ms
optimized,5:37,sample_power,0.797,W
optimized,5:37,sample_process_cpu,400.602,% one core
optimized,5:37,sample_free_ram,1.975,GiB
optimized,5:37,sample_battery_temp,34.800,C
optimized,5:37,sample_thermal_status,0,Android PowerManager status
optimized,5:37,sample_cpu0_freq,1344,MHz
optimized,5:37,sample_cpu1_freq,1344,MHz
optimized,5:37,sample_cpu2_freq,1344,MHz
optimized,5:37,sample_cpu3_freq,1344,MHz
optimized,5:37,sample_cpu4_freq,2208,MHz
optimized,5:37,sample_cpu5_freq,2208,MHz
optimized,5:37,sample_cpu6_freq,2208,MHz
optimized,5:37,sample_cpu7_freq,2304,MHz
optimized,5:38,sample_elapsed,5819,ms
optimized,5:38,sample_power,0.797,W
optimized,5:38,sample_process_cpu,397.576,% one core
optimized,5:38,sample_free_ram,1.975,GiB
optimized,5:38,sample_battery_temp,34.800,C
optimized,5:38,sample_thermal_status,0,Android PowerManager status
optimized,5:38,sample_cpu0_freq,787,MHz
optimized,5:38,sample_cpu1_freq,787,MHz
optimized,5:38,sample_cpu2_freq,1497,MHz
optimized,5:38,sample_cpu3_freq,1497,MHz
optimized,5:38,sample_cpu4_freq,2208,MHz
optimized,5:38,sample_cpu5_freq,2208,MHz
optimized,5:38,sample_cpu6_freq,2208,MHz
optimized,5:38,sample_cpu7_freq,2304,MHz
optimized,5:39,sample_elapsed,5983,ms
optimized,5:39,sample_power,0.797,W
optimized,5:39,sample_process_cpu,403.049,% one core
optimized,5:39,sample_free_ram,1.975,GiB
optimized,5:39,sample_battery_temp,34.800,C
optimized,5:39,sample_thermal_status,0,Android PowerManager status
optimized,5:39,sample_cpu0_freq,1113,MHz
optimized,5:39,sample_cpu1_freq,1113,MHz
optimized,5:39,sample_cpu2_freq,1113,MHz
optimized,5:39,sample_cpu3_freq,1113,MHz
optimized,5:39,sample_cpu4_freq,2208,MHz
optimized,5:39,sample_cpu5_freq,2208,MHz
optimized,5:39,sample_cpu6_freq,2208,MHz
optimized,5:39,sample_cpu7_freq,2304,MHz
optimized,5:40,sample_elapsed,6150,ms
optimized,5:40,sample_power,0.797,W
optimized,5:40,sample_process_cpu,399.401,% one core
optimized,5:40,sample_free_ram,1.974,GiB
optimized,5:40,sample_battery_temp,34.800,C
optimized,5:40,sample_thermal_status,0,Android PowerManager status
optimized,5:40,sample_cpu0_freq,595,MHz
optimized,5:40,sample_cpu1_freq,595,MHz
optimized,5:40,sample_cpu2_freq,595,MHz
optimized,5:40,sample_cpu3_freq,595,MHz
optimized,5:40,sample_cpu4_freq,2208,MHz
optimized,5:40,sample_cpu5_freq,2208,MHz
optimized,5:40,sample_cpu6_freq,2208,MHz
optimized,5:40,sample_cpu7_freq,2304,MHz
optimized,5:41,sample_elapsed,6319,ms
optimized,5:41,sample_power,0.797,W
optimized,5:41,sample_process_cpu,404.142,% one core
optimized,5:41,sample_free_ram,1.974,GiB
optimized,5:41,sample_battery_temp,34.800,C
optimized,5:41,sample_thermal_status,0,Android PowerManager status
optimized,5:41,sample_cpu0_freq,595,MHz
optimized,5:41,sample_cpu1_freq,595,MHz
optimized,5:41,sample_cpu2_freq,595,MHz
optimized,5:41,sample_cpu3_freq,595,MHz
optimized,5:41,sample_cpu4_freq,2208,MHz
optimized,5:41,sample_cpu5_freq,2208,MHz
optimized,5:41,sample_cpu6_freq,2208,MHz
optimized,5:41,sample_cpu7_freq,2304,MHz
optimized,5:42,sample_elapsed,6487,ms
optimized,5:42,sample_power,0.797,W
optimized,5:42,sample_process_cpu,398.810,% one core
optimized,5:42,sample_free_ram,1.974,GiB
optimized,5:42,sample_battery_temp,34.800,C
optimized,5:42,sample_thermal_status,0,Android PowerManager status
optimized,5:42,sample_cpu0_freq,902,MHz
optimized,5:42,sample_cpu1_freq,902,MHz
optimized,5:42,sample_cpu2_freq,902,MHz
optimized,5:42,sample_cpu3_freq,902,MHz
optimized,5:42,sample_cpu4_freq,2208,MHz
optimized,5:42,sample_cpu5_freq,2208,MHz
optimized,5:42,sample_cpu6_freq,2208,MHz
optimized,5:42,sample_cpu7_freq,2304,MHz
optimized,5:43,sample_elapsed,6654,ms
optimized,5:43,sample_power,0.797,W
optimized,5:43,sample_process_cpu,397.605,% one core
optimized,5:43,sample_free_ram,1.974,GiB
optimized,5:43,sample_battery_temp,34.800,C
optimized,5:43,sample_thermal_status,0,Android PowerManager status
optimized,5:43,sample_cpu0_freq,1804,MHz
optimized,5:43,sample_cpu1_freq,1804,MHz
optimized,5:43,sample_cpu2_freq,1804,MHz
optimized,5:43,sample_cpu3_freq,902,MHz
optimized,5:43,sample_cpu4_freq,2208,MHz
optimized,5:43,sample_cpu5_freq,2208,MHz
optimized,5:43,sample_cpu6_freq,2208,MHz
optimized,5:43,sample_cpu7_freq,2304,MHz
optimized,5:44,sample_elapsed,6820,ms
optimized,5:44,sample_power,0.797,W
optimized,5:44,sample_process_cpu,393.976,% one core
optimized,5:44,sample_free_ram,1.974,GiB
optimized,5:44,sample_battery_temp,34.800,C
optimized,5:44,sample_thermal_status,0,Android PowerManager status
optimized,5:44,sample_cpu0_freq,787,MHz
optimized,5:44,sample_cpu1_freq,787,MHz
optimized,5:44,sample_cpu2_freq,787,MHz
optimized,5:44,sample_cpu3_freq,787,MHz
optimized,5:44,sample_cpu4_freq,2208,MHz
optimized,5:44,sample_cpu5_freq,2208,MHz
optimized,5:44,sample_cpu6_freq,2208,MHz
optimized,5:44,sample_cpu7_freq,2304,MHz
optimized,5:45,sample_elapsed,6988,ms
optimized,5:45,sample_power,0.797,W
optimized,5:45,sample_process_cpu,397.619,% one core
optimized,5:45,sample_free_ram,1.974,GiB
optimized,5:45,sample_battery_temp,34.800,C
optimized,5:45,sample_thermal_status,0,Android PowerManager status
optimized,5:45,sample_cpu0_freq,1017,MHz
optimized,5:45,sample_cpu1_freq,1017,MHz
optimized,5:45,sample_cpu2_freq,1017,MHz
optimized,5:45,sample_cpu3_freq,1017,MHz
optimized,5:45,sample_cpu4_freq,2208,MHz
optimized,5:45,sample_cpu5_freq,2208,MHz
optimized,5:45,sample_cpu6_freq,2208,MHz
optimized,5:45,sample_cpu7_freq,2304,MHz
optimized,5:46,sample_elapsed,7156,ms
optimized,5:46,sample_power,0.797,W
optimized,5:46,sample_process_cpu,400.595,% one core
optimized,5:46,sample_free_ram,1.973,GiB
optimized,5:46,sample_battery_temp,34.800,C
optimized,5:46,sample_thermal_status,0,Android PowerManager status
optimized,5:46,sample_cpu0_freq,1344,MHz
optimized,5:46,sample_cpu1_freq,1344,MHz
optimized,5:46,sample_cpu2_freq,1344,MHz
optimized,5:46,sample_cpu3_freq,1344,MHz
optimized,5:46,sample_cpu4_freq,2208,MHz
optimized,5:46,sample_cpu5_freq,2208,MHz
optimized,5:46,sample_cpu6_freq,2208,MHz
optimized,5:46,sample_cpu7_freq,2304,MHz
optimized,5:47,sample_elapsed,7320,ms
optimized,5:47,sample_power,0.797,W
optimized,5:47,sample_process_cpu,401.220,% one core
optimized,5:47,sample_free_ram,1.973,GiB
optimized,5:47,sample_battery_temp,34.800,C
optimized,5:47,sample_thermal_status,0,Android PowerManager status
optimized,5:47,sample_cpu0_freq,787,MHz
optimized,5:47,sample_cpu1_freq,787,MHz
optimized,5:47,sample_cpu2_freq,787,MHz
optimized,5:47,sample_cpu3_freq,1113,MHz
optimized,5:47,sample_cpu4_freq,2208,MHz
optimized,5:47,sample_cpu5_freq,2208,MHz
optimized,5:47,sample_cpu6_freq,2208,MHz
optimized,5:47,sample_cpu7_freq,2304,MHz
optimized,5:48,sample_elapsed,7488,ms
optimized,5:48,sample_power,0.797,W
optimized,5:48,sample_process_cpu,430.357,% one core
optimized,5:48,sample_free_ram,1.972,GiB
optimized,5:48,sample_battery_temp,34.800,C
optimized,5:48,sample_thermal_status,0,Android PowerManager status
optimized,5:48,sample_cpu0_freq,1804,MHz
optimized,5:48,sample_cpu1_freq,1804,MHz
optimized,5:48,sample_cpu2_freq,1804,MHz
optimized,5:48,sample_cpu3_freq,1804,MHz
optimized,5:48,sample_cpu4_freq,2208,MHz
optimized,5:48,sample_cpu5_freq,2208,MHz
optimized,5:48,sample_cpu6_freq,2208,MHz
optimized,5:48,sample_cpu7_freq,2304,MHz
optimized,5:49,sample_elapsed,7650,ms
optimized,5:49,sample_power,0.797,W
optimized,5:49,sample_process_cpu,394.444,% one core
optimized,5:49,sample_free_ram,1.971,GiB
optimized,5:49,sample_battery_temp,34.800,C
optimized,5:49,sample_thermal_status,0,Android PowerManager status
optimized,5:49,sample_cpu0_freq,1113,MHz
optimized,5:49,sample_cpu1_freq,1113,MHz
optimized,5:49,sample_cpu2_freq,1113,MHz
optimized,5:49,sample_cpu3_freq,1113,MHz
optimized,5:49,sample_cpu4_freq,2208,MHz
optimized,5:49,sample_cpu5_freq,2208,MHz
optimized,5:49,sample_cpu6_freq,2208,MHz
optimized,5:49,sample_cpu7_freq,2304,MHz
optimized,5:50,sample_elapsed,7820,ms
optimized,5:50,sample_power,0.797,W
optimized,5:50,sample_process_cpu,407.647,% one core
optimized,5:50,sample_free_ram,1.971,GiB
optimized,5:50,sample_battery_temp,34.800,C
optimized,5:50,sample_thermal_status,0,Android PowerManager status
optimized,5:50,sample_cpu0_freq,902,MHz
optimized,5:50,sample_cpu1_freq,902,MHz
optimized,5:50,sample_cpu2_freq,902,MHz
optimized,5:50,sample_cpu3_freq,902,MHz
optimized,5:50,sample_cpu4_freq,2208,MHz
optimized,5:50,sample_cpu5_freq,2208,MHz
optimized,5:50,sample_cpu6_freq,2208,MHz
optimized,5:50,sample_cpu7_freq,2304,MHz
optimized,5:51,sample_elapsed,7994,ms
optimized,5:51,sample_power,0.797,W
optimized,5:51,sample_process_cpu,401.724,% one core
optimized,5:51,sample_free_ram,1.971,GiB
optimized,5:51,sample_battery_temp,34.800,C
optimized,5:51,sample_thermal_status,0,Android PowerManager status
optimized,5:51,sample_cpu0_freq,595,MHz
optimized,5:51,sample_cpu1_freq,595,MHz
optimized,5:51,sample_cpu2_freq,595,MHz
optimized,5:51,sample_cpu3_freq,1113,MHz
optimized,5:51,sample_cpu4_freq,2208,MHz
optimized,5:51,sample_cpu5_freq,2208,MHz
optimized,5:51,sample_cpu6_freq,2208,MHz
optimized,5:51,sample_cpu7_freq,2304,MHz
optimized,5:52,sample_elapsed,8161,ms
optimized,5:52,sample_power,0.797,W
optimized,5:52,sample_process_cpu,392.814,% one core
optimized,5:52,sample_free_ram,1.971,GiB
optimized,5:52,sample_battery_temp,34.800,C
optimized,5:52,sample_thermal_status,0,Android PowerManager status
optimized,5:52,sample_cpu0_freq,787,MHz
optimized,5:52,sample_cpu1_freq,787,MHz
optimized,5:52,sample_cpu2_freq,1113,MHz
optimized,5:52,sample_cpu3_freq,1113,MHz
optimized,5:52,sample_cpu4_freq,2208,MHz
optimized,5:52,sample_cpu5_freq,2208,MHz
optimized,5:52,sample_cpu6_freq,2208,MHz
optimized,5:52,sample_cpu7_freq,2304,MHz
optimized,5:53,sample_elapsed,8328,ms
optimized,5:53,sample_power,0.797,W
optimized,5:53,sample_process_cpu,401.796,% one core
optimized,5:53,sample_free_ram,1.971,GiB
optimized,5:53,sample_battery_temp,34.800,C
optimized,5:53,sample_thermal_status,0,Android PowerManager status
optimized,5:53,sample_cpu0_freq,787,MHz
optimized,5:53,sample_cpu1_freq,787,MHz
optimized,5:53,sample_cpu2_freq,787,MHz
optimized,5:53,sample_cpu3_freq,787,MHz
optimized,5:53,sample_cpu4_freq,2208,MHz
optimized,5:53,sample_cpu5_freq,2208,MHz
optimized,5:53,sample_cpu6_freq,2208,MHz
optimized,5:53,sample_cpu7_freq,2304,MHz
optimized,5:54,sample_elapsed,8494,ms
optimized,5:54,sample_power,0.797,W
optimized,5:54,sample_process_cpu,403.012,% one core
optimized,5:54,sample_free_ram,1.971,GiB
optimized,5:54,sample_battery_temp,34.800,C
optimized,5:54,sample_thermal_status,0,Android PowerManager status
optimized,5:54,sample_cpu0_freq,1228,MHz
optimized,5:54,sample_cpu1_freq,1228,MHz
optimized,5:54,sample_cpu2_freq,1228,MHz
optimized,5:54,sample_cpu3_freq,1228,MHz
optimized,5:54,sample_cpu4_freq,2208,MHz
optimized,5:54,sample_cpu5_freq,2208,MHz
optimized,5:54,sample_cpu6_freq,2208,MHz
optimized,5:54,sample_cpu7_freq,2304,MHz
optimized,5:55,sample_elapsed,8660,ms
optimized,5:55,sample_power,0.797,W
optimized,5:55,sample_process_cpu,401.205,% one core
optimized,5:55,sample_free_ram,1.971,GiB
optimized,5:55,sample_battery_temp,34.800,C
optimized,5:55,sample_thermal_status,0,Android PowerManager status
optimized,5:55,sample_cpu0_freq,787,MHz
optimized,5:55,sample_cpu1_freq,787,MHz
optimized,5:55,sample_cpu2_freq,787,MHz
optimized,5:55,sample_cpu3_freq,787,MHz
optimized,5:55,sample_cpu4_freq,2208,MHz
optimized,5:55,sample_cpu5_freq,2208,MHz
optimized,5:55,sample_cpu6_freq,2208,MHz
optimized,5:55,sample_cpu7_freq,2304,MHz
optimized,5:56,sample_elapsed,8828,ms
optimized,5:56,sample_power,4.313,W
optimized,5:56,sample_process_cpu,400.595,% one core
optimized,5:56,sample_free_ram,1.970,GiB
optimized,5:56,sample_battery_temp,34.800,C
optimized,5:56,sample_thermal_status,0,Android PowerManager status
optimized,5:56,sample_cpu0_freq,787,MHz
optimized,5:56,sample_cpu1_freq,787,MHz
optimized,5:56,sample_cpu2_freq,787,MHz
optimized,5:56,sample_cpu3_freq,1593,MHz
optimized,5:56,sample_cpu4_freq,2208,MHz
optimized,5:56,sample_cpu5_freq,2208,MHz
optimized,5:56,sample_cpu6_freq,2208,MHz
optimized,5:56,sample_cpu7_freq,2304,MHz
optimized,5:57,sample_elapsed,8996,ms
optimized,5:57,sample_power,4.313,W
optimized,5:57,sample_process_cpu,401.190,% one core
optimized,5:57,sample_free_ram,1.970,GiB
optimized,5:57,sample_battery_temp,34.800,C
optimized,5:57,sample_thermal_status,0,Android PowerManager status
optimized,5:57,sample_cpu0_freq,1113,MHz
optimized,5:57,sample_cpu1_freq,1113,MHz
optimized,5:57,sample_cpu2_freq,1113,MHz
optimized,5:57,sample_cpu3_freq,1113,MHz
optimized,5:57,sample_cpu4_freq,2208,MHz
optimized,5:57,sample_cpu5_freq,2208,MHz
optimized,5:57,sample_cpu6_freq,2208,MHz
optimized,5:57,sample_cpu7_freq,2304,MHz
optimized,5:58,sample_elapsed,9162,ms
optimized,5:58,sample_power,4.313,W
optimized,5:58,sample_process_cpu,398.795,% one core
optimized,5:58,sample_free_ram,1.970,GiB
optimized,5:58,sample_battery_temp,34.800,C
optimized,5:58,sample_thermal_status,0,Android PowerManager status
optimized,5:58,sample_cpu0_freq,595,MHz
optimized,5:58,sample_cpu1_freq,1113,MHz
optimized,5:58,sample_cpu2_freq,1113,MHz
optimized,5:58,sample_cpu3_freq,1113,MHz
optimized,5:58,sample_cpu4_freq,2208,MHz
optimized,5:58,sample_cpu5_freq,2208,MHz
optimized,5:58,sample_cpu6_freq,2208,MHz
optimized,5:58,sample_cpu7_freq,2304,MHz
optimized,5:59,sample_elapsed,9329,ms
optimized,5:59,sample_power,4.313,W
optimized,5:59,sample_process_cpu,402.994,% one core
optimized,5:59,sample_free_ram,1.970,GiB
optimized,5:59,sample_battery_temp,34.800,C
optimized,5:59,sample_thermal_status,0,Android PowerManager status
optimized,5:59,sample_cpu0_freq,1017,MHz
optimized,5:59,sample_cpu1_freq,1017,MHz
optimized,5:59,sample_cpu2_freq,1017,MHz
optimized,5:59,sample_cpu3_freq,1344,MHz
optimized,5:59,sample_cpu4_freq,2208,MHz
optimized,5:59,sample_cpu5_freq,2208,MHz
optimized,5:59,sample_cpu6_freq,2208,MHz
optimized,5:59,sample_cpu7_freq,2304,MHz
optimized,5:60,sample_elapsed,9496,ms
optimized,5:60,sample_power,4.313,W
optimized,5:60,sample_process_cpu,397.605,% one core
optimized,5:60,sample_free_ram,1.970,GiB
optimized,5:60,sample_battery_temp,34.800,C
optimized,5:60,sample_thermal_status,0,Android PowerManager status
optimized,5:60,sample_cpu0_freq,1804,MHz
optimized,5:60,sample_cpu1_freq,1804,MHz
optimized,5:60,sample_cpu2_freq,1804,MHz
optimized,5:60,sample_cpu3_freq,1804,MHz
optimized,5:60,sample_cpu4_freq,2208,MHz
optimized,5:60,sample_cpu5_freq,2208,MHz
optimized,5:60,sample_cpu6_freq,2208,MHz
optimized,5:60,sample_cpu7_freq,2304,MHz
optimized,5:61,sample_elapsed,9659,ms
optimized,5:61,sample_power,4.313,W
optimized,5:61,sample_process_cpu,403.681,% one core
optimized,5:61,sample_free_ram,1.970,GiB
optimized,5:61,sample_battery_temp,34.800,C
optimized,5:61,sample_thermal_status,0,Android PowerManager status
optimized,5:61,sample_cpu0_freq,1113,MHz
optimized,5:61,sample_cpu1_freq,1113,MHz
optimized,5:61,sample_cpu2_freq,1113,MHz
optimized,5:61,sample_cpu3_freq,1113,MHz
optimized,5:61,sample_cpu4_freq,2208,MHz
optimized,5:61,sample_cpu5_freq,2208,MHz
optimized,5:61,sample_cpu6_freq,2208,MHz
optimized,5:61,sample_cpu7_freq,2304,MHz
optimized,5:62,sample_elapsed,9829,ms
optimized,5:62,sample_power,4.313,W
optimized,5:62,sample_process_cpu,409.412,% one core
optimized,5:62,sample_free_ram,1.970,GiB
optimized,5:62,sample_battery_temp,34.800,C
optimized,5:62,sample_thermal_status,0,Android PowerManager status
optimized,5:62,sample_cpu0_freq,1804,MHz
optimized,5:62,sample_cpu1_freq,1804,MHz
optimized,5:62,sample_cpu2_freq,1804,MHz
optimized,5:62,sample_cpu3_freq,1804,MHz
optimized,5:62,sample_cpu4_freq,2208,MHz
optimized,5:62,sample_cpu5_freq,2208,MHz
optimized,5:62,sample_cpu6_freq,2208,MHz
optimized,5:62,sample_cpu7_freq,2304,MHz
optimized,5:63,sample_elapsed,10005,ms
optimized,5:63,sample_power,4.313,W
optimized,5:63,sample_process_cpu,396.023,% one core
optimized,5:63,sample_free_ram,1.970,GiB
optimized,5:63,sample_battery_temp,34.800,C
optimized,5:63,sample_thermal_status,0,Android PowerManager status
optimized,5:63,sample_cpu0_freq,1113,MHz
optimized,5:63,sample_cpu1_freq,1113,MHz
optimized,5:63,sample_cpu2_freq,1113,MHz
optimized,5:63,sample_cpu3_freq,1113,MHz
optimized,5:63,sample_cpu4_freq,2208,MHz
optimized,5:63,sample_cpu5_freq,2208,MHz
optimized,5:63,sample_cpu6_freq,2208,MHz
optimized,5:63,sample_cpu7_freq,2304,MHz
optimized,5:64,sample_elapsed,10172,ms
optimized,5:64,sample_power,4.313,W
optimized,5:64,sample_process_cpu,401.198,% one core
optimized,5:64,sample_free_ram,1.970,GiB
optimized,5:64,sample_battery_temp,34.800,C
optimized,5:64,sample_thermal_status,0,Android PowerManager status
optimized,5:64,sample_cpu0_freq,1113,MHz
optimized,5:64,sample_cpu1_freq,1113,MHz
optimized,5:64,sample_cpu2_freq,1113,MHz
optimized,5:64,sample_cpu3_freq,1113,MHz
optimized,5:64,sample_cpu4_freq,2208,MHz
optimized,5:64,sample_cpu5_freq,2208,MHz
optimized,5:64,sample_cpu6_freq,2208,MHz
optimized,5:64,sample_cpu7_freq,2304,MHz
optimized,5:65,sample_elapsed,10342,ms
optimized,5:65,sample_power,4.313,W
optimized,5:65,sample_process_cpu,400.000,% one core
optimized,5:65,sample_free_ram,1.970,GiB
optimized,5:65,sample_battery_temp,34.800,C
optimized,5:65,sample_thermal_status,0,Android PowerManager status
optimized,5:65,sample_cpu0_freq,595,MHz
optimized,5:65,sample_cpu1_freq,595,MHz
optimized,5:65,sample_cpu2_freq,595,MHz
optimized,5:65,sample_cpu3_freq,595,MHz
optimized,5:65,sample_cpu4_freq,2208,MHz
optimized,5:65,sample_cpu5_freq,2208,MHz
optimized,5:65,sample_cpu6_freq,2208,MHz
optimized,5:65,sample_cpu7_freq,2304,MHz
optimized,5:66,sample_elapsed,10510,ms
optimized,5:66,sample_power,4.313,W
optimized,5:66,sample_process_cpu,400.000,% one core
optimized,5:66,sample_free_ram,1.972,GiB
optimized,5:66,sample_battery_temp,34.800,C
optimized,5:66,sample_thermal_status,0,Android PowerManager status
optimized,5:66,sample_cpu0_freq,787,MHz
optimized,5:66,sample_cpu1_freq,787,MHz
optimized,5:66,sample_cpu2_freq,787,MHz
optimized,5:66,sample_cpu3_freq,787,MHz
optimized,5:66,sample_cpu4_freq,2208,MHz
optimized,5:66,sample_cpu5_freq,2208,MHz
optimized,5:66,sample_cpu6_freq,2208,MHz
optimized,5:66,sample_cpu7_freq,2304,MHz
optimized,5:67,sample_elapsed,10679,ms
optimized,5:67,sample_power,4.313,W
optimized,5:67,sample_process_cpu,399.408,% one core
optimized,5:67,sample_free_ram,1.972,GiB
optimized,5:67,sample_battery_temp,34.800,C
optimized,5:67,sample_thermal_status,0,Android PowerManager status
optimized,5:67,sample_cpu0_freq,902,MHz
optimized,5:67,sample_cpu1_freq,902,MHz
optimized,5:67,sample_cpu2_freq,902,MHz
optimized,5:67,sample_cpu3_freq,902,MHz
optimized,5:67,sample_cpu4_freq,2208,MHz
optimized,5:67,sample_cpu5_freq,2208,MHz
optimized,5:67,sample_cpu6_freq,2208,MHz
optimized,5:67,sample_cpu7_freq,2304,MHz
optimized,5:68,sample_elapsed,10844,ms
optimized,5:68,sample_power,4.313,W
optimized,5:68,sample_process_cpu,403.636,% one core
optimized,5:68,sample_free_ram,1.972,GiB
optimized,5:68,sample_battery_temp,34.800,C
optimized,5:68,sample_thermal_status,0,Android PowerManager status
optimized,5:68,sample_cpu0_freq,595,MHz
optimized,5:68,sample_cpu1_freq,595,MHz
optimized,5:68,sample_cpu2_freq,595,MHz
optimized,5:68,sample_cpu3_freq,595,MHz
optimized,5:68,sample_cpu4_freq,2208,MHz
optimized,5:68,sample_cpu5_freq,2208,MHz
optimized,5:68,sample_cpu6_freq,2208,MHz
optimized,5:68,sample_cpu7_freq,2304,MHz
optimized,5:69,sample_elapsed,11013,ms
optimized,5:69,sample_power,4.313,W
optimized,5:69,sample_process_cpu,399.408,% one core
optimized,5:69,sample_free_ram,1.972,GiB
optimized,5:69,sample_battery_temp,34.800,C
optimized,5:69,sample_thermal_status,0,Android PowerManager status
optimized,5:69,sample_cpu0_freq,1113,MHz
optimized,5:69,sample_cpu1_freq,1113,MHz
optimized,5:69,sample_cpu2_freq,1113,MHz
optimized,5:69,sample_cpu3_freq,1113,MHz
optimized,5:69,sample_cpu4_freq,2208,MHz
optimized,5:69,sample_cpu5_freq,2208,MHz
optimized,5:69,sample_cpu6_freq,2208,MHz
optimized,5:69,sample_cpu7_freq,2304,MHz
optimized,5:70,sample_elapsed,11180,ms
optimized,5:70,sample_power,4.313,W
optimized,5:70,sample_process_cpu,401.198,% one core
optimized,5:70,sample_free_ram,1.972,GiB
optimized,5:70,sample_battery_temp,34.800,C
optimized,5:70,sample_thermal_status,0,Android PowerManager status
optimized,5:70,sample_cpu0_freq,1113,MHz
optimized,5:70,sample_cpu1_freq,1113,MHz
optimized,5:70,sample_cpu2_freq,1113,MHz
optimized,5:70,sample_cpu3_freq,1113,MHz
optimized,5:70,sample_cpu4_freq,2208,MHz
optimized,5:70,sample_cpu5_freq,2208,MHz
optimized,5:70,sample_cpu6_freq,2208,MHz
optimized,5:70,sample_cpu7_freq,2304,MHz
optimized,median,pp,129.000,tok/s
optimized,stddev,pp,23.062,tok/s
optimized,median,tg,17.500,tok/s
optimized,stddev,tg,0.223,tok/s
optimized,median,power,1.776,W
optimized,stddev,power,0.715,W
optimized,median,tok_per_w,9.854,tok/W
optimized,stddev,tok_per_w,2.536,tok/W
optimized,median,ttft_pp512_derived,4026.135,ms
optimized,stddev,ttft_pp512_derived,508.148,ms
optimized,median,start_temp,34.500,C
optimized,stddev,start_temp,0.147,C
optimized,median,average_process_cpu,398.638,% one core
optimized,stddev,average_process_cpu,1.079,% one core
optimized,median,minimum_free_ram,1.959,GiB
optimized,stddev,minimum_free_ram,0.027,GiB
optimized,median,peak_battery_temp,34.800,C
optimized,stddev,peak_battery_temp,0.147,C
optimized,median,mean_perf_core_clock,2232.000,MHz
optimized,stddev,mean_perf_core_clock,0.000,MHz
optimized,median,mean_little_core_clock,1362.127,MHz
optimized,stddev,mean_little_core_clock,179.893,MHz
efficiency,1,pp,123.000,tok/s
efficiency,1,tg,14.300,tok/s
efficiency,1,power,4.653,W
efficiency,1,tok_per_w,3.073,tok/W
efficiency,1,ttft_pp512_derived,4232.532,ms
efficiency,1,start_temp,34.800,C
efficiency,1,average_process_cpu,394.626,% one core
efficiency,1,minimum_free_ram,1.727,GiB
efficiency,1,peak_battery_temp,35.000,C
efficiency,1,peak_thermal_status,0,Android PowerManager status
efficiency,1:1,sample_elapsed,1,ms
efficiency,1:1,sample_power,0.878,W
efficiency,1:1,sample_process_cpu,200.000,% one core
efficiency,1:1,sample_free_ram,1.738,GiB
efficiency,1:1,sample_battery_temp,34.800,C
efficiency,1:1,sample_thermal_status,0,Android PowerManager status
efficiency,1:1,sample_cpu0_freq,1804,MHz
efficiency,1:1,sample_cpu1_freq,1804,MHz
efficiency,1:1,sample_cpu2_freq,1804,MHz
efficiency,1:1,sample_cpu3_freq,1804,MHz
efficiency,1:1,sample_cpu4_freq,2208,MHz
efficiency,1:1,sample_cpu5_freq,2208,MHz
efficiency,1:1,sample_cpu6_freq,2208,MHz
efficiency,1:1,sample_cpu7_freq,2304,MHz
efficiency,1:2,sample_elapsed,156,ms
efficiency,1:2,sample_power,0.878,W
efficiency,1:2,sample_process_cpu,356.774,% one core
efficiency,1:2,sample_free_ram,1.756,GiB
efficiency,1:2,sample_battery_temp,34.800,C
efficiency,1:2,sample_thermal_status,0,Android PowerManager status
efficiency,1:2,sample_cpu0_freq,1804,MHz
efficiency,1:2,sample_cpu1_freq,1804,MHz
efficiency,1:2,sample_cpu2_freq,1804,MHz
efficiency,1:2,sample_cpu3_freq,1804,MHz
efficiency,1:2,sample_cpu4_freq,2208,MHz
efficiency,1:2,sample_cpu5_freq,2208,MHz
efficiency,1:2,sample_cpu6_freq,2208,MHz
efficiency,1:2,sample_cpu7_freq,2304,MHz
efficiency,1:3,sample_elapsed,309,ms
efficiency,1:3,sample_power,0.878,W
efficiency,1:3,sample_process_cpu,387.582,% one core
efficiency,1:3,sample_free_ram,1.785,GiB
efficiency,1:3,sample_battery_temp,34.800,C
efficiency,1:3,sample_thermal_status,0,Android PowerManager status
efficiency,1:3,sample_cpu0_freq,1804,MHz
efficiency,1:3,sample_cpu1_freq,1804,MHz
efficiency,1:3,sample_cpu2_freq,1804,MHz
efficiency,1:3,sample_cpu3_freq,1804,MHz
efficiency,1:3,sample_cpu4_freq,2208,MHz
efficiency,1:3,sample_cpu5_freq,2208,MHz
efficiency,1:3,sample_cpu6_freq,2208,MHz
efficiency,1:3,sample_cpu7_freq,2304,MHz
efficiency,1:4,sample_elapsed,461,ms
efficiency,1:4,sample_power,0.878,W
efficiency,1:4,sample_process_cpu,398.026,% one core
efficiency,1:4,sample_free_ram,1.783,GiB
efficiency,1:4,sample_battery_temp,34.800,C
efficiency,1:4,sample_thermal_status,0,Android PowerManager status
efficiency,1:4,sample_cpu0_freq,1804,MHz
efficiency,1:4,sample_cpu1_freq,1804,MHz
efficiency,1:4,sample_cpu2_freq,1804,MHz
efficiency,1:4,sample_cpu3_freq,1804,MHz
efficiency,1:4,sample_cpu4_freq,2208,MHz
efficiency,1:4,sample_cpu5_freq,2208,MHz
efficiency,1:4,sample_cpu6_freq,2208,MHz
efficiency,1:4,sample_cpu7_freq,2304,MHz
efficiency,1:5,sample_elapsed,614,ms
efficiency,1:5,sample_power,0.878,W
efficiency,1:5,sample_process_cpu,403.922,% one core
efficiency,1:5,sample_free_ram,1.783,GiB
efficiency,1:5,sample_battery_temp,34.800,C
efficiency,1:5,sample_thermal_status,0,Android PowerManager status
efficiency,1:5,sample_cpu0_freq,1804,MHz
efficiency,1:5,sample_cpu1_freq,1804,MHz
efficiency,1:5,sample_cpu2_freq,1804,MHz
efficiency,1:5,sample_cpu3_freq,1804,MHz
efficiency,1:5,sample_cpu4_freq,2208,MHz
efficiency,1:5,sample_cpu5_freq,2208,MHz
efficiency,1:5,sample_cpu6_freq,2208,MHz
efficiency,1:5,sample_cpu7_freq,2304,MHz
efficiency,1:6,sample_elapsed,767,ms
efficiency,1:6,sample_power,0.878,W
efficiency,1:6,sample_process_cpu,391.503,% one core
efficiency,1:6,sample_free_ram,1.768,GiB
efficiency,1:6,sample_battery_temp,34.800,C
efficiency,1:6,sample_thermal_status,0,Android PowerManager status
efficiency,1:6,sample_cpu0_freq,1804,MHz
efficiency,1:6,sample_cpu1_freq,1804,MHz
efficiency,1:6,sample_cpu2_freq,1804,MHz
efficiency,1:6,sample_cpu3_freq,1804,MHz
efficiency,1:6,sample_cpu4_freq,2208,MHz
efficiency,1:6,sample_cpu5_freq,2208,MHz
efficiency,1:6,sample_cpu6_freq,2208,MHz
efficiency,1:6,sample_cpu7_freq,2304,MHz
efficiency,1:7,sample_elapsed,919,ms
efficiency,1:7,sample_power,0.878,W
efficiency,1:7,sample_process_cpu,375.000,% one core
efficiency,1:7,sample_free_ram,1.748,GiB
efficiency,1:7,sample_battery_temp,34.800,C
efficiency,1:7,sample_thermal_status,0,Android PowerManager status
efficiency,1:7,sample_cpu0_freq,1804,MHz
efficiency,1:7,sample_cpu1_freq,1804,MHz
efficiency,1:7,sample_cpu2_freq,1804,MHz
efficiency,1:7,sample_cpu3_freq,1804,MHz
efficiency,1:7,sample_cpu4_freq,2208,MHz
efficiency,1:7,sample_cpu5_freq,2208,MHz
efficiency,1:7,sample_cpu6_freq,2208,MHz
efficiency,1:7,sample_cpu7_freq,2304,MHz
efficiency,1:8,sample_elapsed,1079,ms
efficiency,1:8,sample_power,0.878,W
efficiency,1:8,sample_process_cpu,379.375,% one core
efficiency,1:8,sample_free_ram,1.727,GiB
efficiency,1:8,sample_battery_temp,34.800,C
efficiency,1:8,sample_thermal_status,0,Android PowerManager status
efficiency,1:8,sample_cpu0_freq,1804,MHz
efficiency,1:8,sample_cpu1_freq,1804,MHz
efficiency,1:8,sample_cpu2_freq,1804,MHz
efficiency,1:8,sample_cpu3_freq,1804,MHz
efficiency,1:8,sample_cpu4_freq,2208,MHz
efficiency,1:8,sample_cpu5_freq,2208,MHz
efficiency,1:8,sample_cpu6_freq,2208,MHz
efficiency,1:8,sample_cpu7_freq,2304,MHz
efficiency,1:9,sample_elapsed,1297,ms
efficiency,1:9,sample_power,0.878,W
efficiency,1:9,sample_process_cpu,359.633,% one core
efficiency,1:9,sample_free_ram,1.736,GiB
efficiency,1:9,sample_battery_temp,34.800,C
efficiency,1:9,sample_thermal_status,0,Android PowerManager status
efficiency,1:9,sample_cpu0_freq,1804,MHz
efficiency,1:9,sample_cpu1_freq,1804,MHz
efficiency,1:9,sample_cpu2_freq,1804,MHz
efficiency,1:9,sample_cpu3_freq,1804,MHz
efficiency,1:9,sample_cpu4_freq,2208,MHz
efficiency,1:9,sample_cpu5_freq,2208,MHz
efficiency,1:9,sample_cpu6_freq,2208,MHz
efficiency,1:9,sample_cpu7_freq,2304,MHz
efficiency,1:10,sample_elapsed,1479,ms
efficiency,1:10,sample_power,0.878,W
efficiency,1:10,sample_process_cpu,386.264,% one core
efficiency,1:10,sample_free_ram,1.750,GiB
efficiency,1:10,sample_battery_temp,34.800,C
efficiency,1:10,sample_thermal_status,0,Android PowerManager status
efficiency,1:10,sample_cpu0_freq,1804,MHz
efficiency,1:10,sample_cpu1_freq,1804,MHz
efficiency,1:10,sample_cpu2_freq,1804,MHz
efficiency,1:10,sample_cpu3_freq,1804,MHz
efficiency,1:10,sample_cpu4_freq,2208,MHz
efficiency,1:10,sample_cpu5_freq,2208,MHz
efficiency,1:10,sample_cpu6_freq,2208,MHz
efficiency,1:10,sample_cpu7_freq,2304,MHz
efficiency,1:11,sample_elapsed,1633,ms
efficiency,1:11,sample_power,0.878,W
efficiency,1:11,sample_process_cpu,388.961,% one core
efficiency,1:11,sample_free_ram,1.772,GiB
efficiency,1:11,sample_battery_temp,34.800,C
efficiency,1:11,sample_thermal_status,0,Android PowerManager status
efficiency,1:11,sample_cpu0_freq,1804,MHz
efficiency,1:11,sample_cpu1_freq,1804,MHz
efficiency,1:11,sample_cpu2_freq,1804,MHz
efficiency,1:11,sample_cpu3_freq,1804,MHz
efficiency,1:11,sample_cpu4_freq,2208,MHz
efficiency,1:11,sample_cpu5_freq,2208,MHz
efficiency,1:11,sample_cpu6_freq,2208,MHz
efficiency,1:11,sample_cpu7_freq,2304,MHz
efficiency,1:12,sample_elapsed,1786,ms
efficiency,1:12,sample_power,0.878,W
efficiency,1:12,sample_process_cpu,403.922,% one core
efficiency,1:12,sample_free_ram,1.770,GiB
efficiency,1:12,sample_battery_temp,34.800,C
efficiency,1:12,sample_thermal_status,0,Android PowerManager status
efficiency,1:12,sample_cpu0_freq,1804,MHz
efficiency,1:12,sample_cpu1_freq,1804,MHz
efficiency,1:12,sample_cpu2_freq,1804,MHz
efficiency,1:12,sample_cpu3_freq,1804,MHz
efficiency,1:12,sample_cpu4_freq,2208,MHz
efficiency,1:12,sample_cpu5_freq,2208,MHz
efficiency,1:12,sample_cpu6_freq,2208,MHz
efficiency,1:12,sample_cpu7_freq,2304,MHz
efficiency,1:13,sample_elapsed,1939,ms
efficiency,1:13,sample_power,0.878,W
efficiency,1:13,sample_process_cpu,393.464,% one core
efficiency,1:13,sample_free_ram,1.763,GiB
efficiency,1:13,sample_battery_temp,34.800,C
efficiency,1:13,sample_thermal_status,0,Android PowerManager status
efficiency,1:13,sample_cpu0_freq,1804,MHz
efficiency,1:13,sample_cpu1_freq,1804,MHz
efficiency,1:13,sample_cpu2_freq,1804,MHz
efficiency,1:13,sample_cpu3_freq,1804,MHz
efficiency,1:13,sample_cpu4_freq,2208,MHz
efficiency,1:13,sample_cpu5_freq,2208,MHz
efficiency,1:13,sample_cpu6_freq,2208,MHz
efficiency,1:13,sample_cpu7_freq,2304,MHz
efficiency,1:14,sample_elapsed,2093,ms
efficiency,1:14,sample_power,0.878,W
efficiency,1:14,sample_process_cpu,399.351,% one core
efficiency,1:14,sample_free_ram,1.755,GiB
efficiency,1:14,sample_battery_temp,34.800,C
efficiency,1:14,sample_thermal_status,0,Android PowerManager status
efficiency,1:14,sample_cpu0_freq,1804,MHz
efficiency,1:14,sample_cpu1_freq,1804,MHz
efficiency,1:14,sample_cpu2_freq,1804,MHz
efficiency,1:14,sample_cpu3_freq,1804,MHz
efficiency,1:14,sample_cpu4_freq,2208,MHz
efficiency,1:14,sample_cpu5_freq,2208,MHz
efficiency,1:14,sample_cpu6_freq,2208,MHz
efficiency,1:14,sample_cpu7_freq,2304,MHz
efficiency,1:15,sample_elapsed,2247,ms
efficiency,1:15,sample_power,0.878,W
efficiency,1:15,sample_process_cpu,391.558,% one core
efficiency,1:15,sample_free_ram,1.780,GiB
efficiency,1:15,sample_battery_temp,34.800,C
efficiency,1:15,sample_thermal_status,0,Android PowerManager status
efficiency,1:15,sample_cpu0_freq,1804,MHz
efficiency,1:15,sample_cpu1_freq,1804,MHz
efficiency,1:15,sample_cpu2_freq,1804,MHz
efficiency,1:15,sample_cpu3_freq,1804,MHz
efficiency,1:15,sample_cpu4_freq,2208,MHz
efficiency,1:15,sample_cpu5_freq,2208,MHz
efficiency,1:15,sample_cpu6_freq,2208,MHz
efficiency,1:15,sample_cpu7_freq,2304,MHz
efficiency,1:16,sample_elapsed,2404,ms
efficiency,1:16,sample_power,0.878,W
efficiency,1:16,sample_process_cpu,392.994,% one core
efficiency,1:16,sample_free_ram,1.776,GiB
efficiency,1:16,sample_battery_temp,34.800,C
efficiency,1:16,sample_thermal_status,0,Android PowerManager status
efficiency,1:16,sample_cpu0_freq,1804,MHz
efficiency,1:16,sample_cpu1_freq,1804,MHz
efficiency,1:16,sample_cpu2_freq,1804,MHz
efficiency,1:16,sample_cpu3_freq,1804,MHz
efficiency,1:16,sample_cpu4_freq,2208,MHz
efficiency,1:16,sample_cpu5_freq,2208,MHz
efficiency,1:16,sample_cpu6_freq,2208,MHz
efficiency,1:16,sample_cpu7_freq,2304,MHz
efficiency,1:17,sample_elapsed,2558,ms
efficiency,1:17,sample_power,0.878,W
efficiency,1:17,sample_process_cpu,395.455,% one core
efficiency,1:17,sample_free_ram,1.852,GiB
efficiency,1:17,sample_battery_temp,34.800,C
efficiency,1:17,sample_thermal_status,0,Android PowerManager status
efficiency,1:17,sample_cpu0_freq,1804,MHz
efficiency,1:17,sample_cpu1_freq,1804,MHz
efficiency,1:17,sample_cpu2_freq,1804,MHz
efficiency,1:17,sample_cpu3_freq,1804,MHz
efficiency,1:17,sample_cpu4_freq,2208,MHz
efficiency,1:17,sample_cpu5_freq,2208,MHz
efficiency,1:17,sample_cpu6_freq,2208,MHz
efficiency,1:17,sample_cpu7_freq,2304,MHz
efficiency,1:18,sample_elapsed,2711,ms
efficiency,1:18,sample_power,0.878,W
efficiency,1:18,sample_process_cpu,392.157,% one core
efficiency,1:18,sample_free_ram,1.866,GiB
efficiency,1:18,sample_battery_temp,34.800,C
efficiency,1:18,sample_thermal_status,0,Android PowerManager status
efficiency,1:18,sample_cpu0_freq,1804,MHz
efficiency,1:18,sample_cpu1_freq,1804,MHz
efficiency,1:18,sample_cpu2_freq,1804,MHz
efficiency,1:18,sample_cpu3_freq,1804,MHz
efficiency,1:18,sample_cpu4_freq,2208,MHz
efficiency,1:18,sample_cpu5_freq,2208,MHz
efficiency,1:18,sample_cpu6_freq,2208,MHz
efficiency,1:18,sample_cpu7_freq,2304,MHz
efficiency,1:19,sample_elapsed,2865,ms
efficiency,1:19,sample_power,0.878,W
efficiency,1:19,sample_process_cpu,385.714,% one core
efficiency,1:19,sample_free_ram,1.866,GiB
efficiency,1:19,sample_battery_temp,34.800,C
efficiency,1:19,sample_thermal_status,0,Android PowerManager status
efficiency,1:19,sample_cpu0_freq,1804,MHz
efficiency,1:19,sample_cpu1_freq,1804,MHz
efficiency,1:19,sample_cpu2_freq,1804,MHz
efficiency,1:19,sample_cpu3_freq,1804,MHz
efficiency,1:19,sample_cpu4_freq,2208,MHz
efficiency,1:19,sample_cpu5_freq,2208,MHz
efficiency,1:19,sample_cpu6_freq,2208,MHz
efficiency,1:19,sample_cpu7_freq,2304,MHz
efficiency,1:20,sample_elapsed,3023,ms
efficiency,1:20,sample_power,5.756,W
efficiency,1:20,sample_process_cpu,360.127,% one core
efficiency,1:20,sample_free_ram,1.863,GiB
efficiency,1:20,sample_battery_temp,35.000,C
efficiency,1:20,sample_thermal_status,0,Android PowerManager status
efficiency,1:20,sample_cpu0_freq,1804,MHz
efficiency,1:20,sample_cpu1_freq,1804,MHz
efficiency,1:20,sample_cpu2_freq,1804,MHz
efficiency,1:20,sample_cpu3_freq,1804,MHz
efficiency,1:20,sample_cpu4_freq,2208,MHz
efficiency,1:20,sample_cpu5_freq,2208,MHz
efficiency,1:20,sample_cpu6_freq,2208,MHz
efficiency,1:20,sample_cpu7_freq,2304,MHz
efficiency,1:21,sample_elapsed,3179,ms
efficiency,1:21,sample_power,5.756,W
efficiency,1:21,sample_process_cpu,394.872,% one core
efficiency,1:21,sample_free_ram,1.861,GiB
efficiency,1:21,sample_battery_temp,35.000,C
efficiency,1:21,sample_thermal_status,0,Android PowerManager status
efficiency,1:21,sample_cpu0_freq,1804,MHz
efficiency,1:21,sample_cpu1_freq,1804,MHz
efficiency,1:21,sample_cpu2_freq,1804,MHz
efficiency,1:21,sample_cpu3_freq,1804,MHz
efficiency,1:21,sample_cpu4_freq,2208,MHz
efficiency,1:21,sample_cpu5_freq,2208,MHz
efficiency,1:21,sample_cpu6_freq,2208,MHz
efficiency,1:21,sample_cpu7_freq,2304,MHz
efficiency,1:22,sample_elapsed,3332,ms
efficiency,1:22,sample_power,5.756,W
efficiency,1:22,sample_process_cpu,392.810,% one core
efficiency,1:22,sample_free_ram,1.862,GiB
efficiency,1:22,sample_battery_temp,35.000,C
efficiency,1:22,sample_thermal_status,0,Android PowerManager status
efficiency,1:22,sample_cpu0_freq,1804,MHz
efficiency,1:22,sample_cpu1_freq,1804,MHz
efficiency,1:22,sample_cpu2_freq,1804,MHz
efficiency,1:22,sample_cpu3_freq,1804,MHz
efficiency,1:22,sample_cpu4_freq,2208,MHz
efficiency,1:22,sample_cpu5_freq,2208,MHz
efficiency,1:22,sample_cpu6_freq,2208,MHz
efficiency,1:22,sample_cpu7_freq,2304,MHz
efficiency,1:23,sample_elapsed,3488,ms
efficiency,1:23,sample_power,5.756,W
efficiency,1:23,sample_process_cpu,405.769,% one core
efficiency,1:23,sample_free_ram,1.861,GiB
efficiency,1:23,sample_battery_temp,35.000,C
efficiency,1:23,sample_thermal_status,0,Android PowerManager status
efficiency,1:23,sample_cpu0_freq,1804,MHz
efficiency,1:23,sample_cpu1_freq,1804,MHz
efficiency,1:23,sample_cpu2_freq,1804,MHz
efficiency,1:23,sample_cpu3_freq,1804,MHz
efficiency,1:23,sample_cpu4_freq,2208,MHz
efficiency,1:23,sample_cpu5_freq,2208,MHz
efficiency,1:23,sample_cpu6_freq,2208,MHz
efficiency,1:23,sample_cpu7_freq,2304,MHz
efficiency,1:24,sample_elapsed,3641,ms
efficiency,1:24,sample_power,5.756,W
efficiency,1:24,sample_process_cpu,388.889,% one core
efficiency,1:24,sample_free_ram,1.861,GiB
efficiency,1:24,sample_battery_temp,35.000,C
efficiency,1:24,sample_thermal_status,0,Android PowerManager status
efficiency,1:24,sample_cpu0_freq,1804,MHz
efficiency,1:24,sample_cpu1_freq,1804,MHz
efficiency,1:24,sample_cpu2_freq,1804,MHz
efficiency,1:24,sample_cpu3_freq,1804,MHz
efficiency,1:24,sample_cpu4_freq,2208,MHz
efficiency,1:24,sample_cpu5_freq,2208,MHz
efficiency,1:24,sample_cpu6_freq,2208,MHz
efficiency,1:24,sample_cpu7_freq,2304,MHz
efficiency,1:25,sample_elapsed,3793,ms
efficiency,1:25,sample_power,5.756,W
efficiency,1:25,sample_process_cpu,407.237,% one core
efficiency,1:25,sample_free_ram,1.861,GiB
efficiency,1:25,sample_battery_temp,35.000,C
efficiency,1:25,sample_thermal_status,0,Android PowerManager status
efficiency,1:25,sample_cpu0_freq,1804,MHz
efficiency,1:25,sample_cpu1_freq,1804,MHz
efficiency,1:25,sample_cpu2_freq,1804,MHz
efficiency,1:25,sample_cpu3_freq,1804,MHz
efficiency,1:25,sample_cpu4_freq,2208,MHz
efficiency,1:25,sample_cpu5_freq,2208,MHz
efficiency,1:25,sample_cpu6_freq,2208,MHz
efficiency,1:25,sample_cpu7_freq,2304,MHz
efficiency,1:26,sample_elapsed,3947,ms
efficiency,1:26,sample_power,5.756,W
efficiency,1:26,sample_process_cpu,395.455,% one core
efficiency,1:26,sample_free_ram,1.859,GiB
efficiency,1:26,sample_battery_temp,35.000,C
efficiency,1:26,sample_thermal_status,0,Android PowerManager status
efficiency,1:26,sample_cpu0_freq,1804,MHz
efficiency,1:26,sample_cpu1_freq,1804,MHz
efficiency,1:26,sample_cpu2_freq,1804,MHz
efficiency,1:26,sample_cpu3_freq,1804,MHz
efficiency,1:26,sample_cpu4_freq,2208,MHz
efficiency,1:26,sample_cpu5_freq,2208,MHz
efficiency,1:26,sample_cpu6_freq,2208,MHz
efficiency,1:26,sample_cpu7_freq,2304,MHz
efficiency,1:27,sample_elapsed,4100,ms
efficiency,1:27,sample_power,5.756,W
efficiency,1:27,sample_process_cpu,396.078,% one core
efficiency,1:27,sample_free_ram,1.859,GiB
efficiency,1:27,sample_battery_temp,35.000,C
efficiency,1:27,sample_thermal_status,0,Android PowerManager status
efficiency,1:27,sample_cpu0_freq,1804,MHz
efficiency,1:27,sample_cpu1_freq,1804,MHz
efficiency,1:27,sample_cpu2_freq,1804,MHz
efficiency,1:27,sample_cpu3_freq,1804,MHz
efficiency,1:27,sample_cpu4_freq,2208,MHz
efficiency,1:27,sample_cpu5_freq,2208,MHz
efficiency,1:27,sample_cpu6_freq,2208,MHz
efficiency,1:27,sample_cpu7_freq,2304,MHz
efficiency,1:28,sample_elapsed,4259,ms
efficiency,1:28,sample_power,5.756,W
efficiency,1:28,sample_process_cpu,415.723,% one core
efficiency,1:28,sample_free_ram,1.859,GiB
efficiency,1:28,sample_battery_temp,35.000,C
efficiency,1:28,sample_thermal_status,0,Android PowerManager status
efficiency,1:28,sample_cpu0_freq,1804,MHz
efficiency,1:28,sample_cpu1_freq,1804,MHz
efficiency,1:28,sample_cpu2_freq,1804,MHz
efficiency,1:28,sample_cpu3_freq,1804,MHz
efficiency,1:28,sample_cpu4_freq,2208,MHz
efficiency,1:28,sample_cpu5_freq,2208,MHz
efficiency,1:28,sample_cpu6_freq,2208,MHz
efficiency,1:28,sample_cpu7_freq,2304,MHz
efficiency,1:29,sample_elapsed,4427,ms
efficiency,1:29,sample_power,5.756,W
efficiency,1:29,sample_process_cpu,378.571,% one core
efficiency,1:29,sample_free_ram,1.859,GiB
efficiency,1:29,sample_battery_temp,35.000,C
efficiency,1:29,sample_thermal_status,0,Android PowerManager status
efficiency,1:29,sample_cpu0_freq,1804,MHz
efficiency,1:29,sample_cpu1_freq,1804,MHz
efficiency,1:29,sample_cpu2_freq,1804,MHz
efficiency,1:29,sample_cpu3_freq,1804,MHz
efficiency,1:29,sample_cpu4_freq,2208,MHz
efficiency,1:29,sample_cpu5_freq,2208,MHz
efficiency,1:29,sample_cpu6_freq,2208,MHz
efficiency,1:29,sample_cpu7_freq,2304,MHz
efficiency,1:30,sample_elapsed,4590,ms
efficiency,1:30,sample_power,5.756,W
efficiency,1:30,sample_process_cpu,401.227,% one core
efficiency,1:30,sample_free_ram,1.860,GiB
efficiency,1:30,sample_battery_temp,35.000,C
efficiency,1:30,sample_thermal_status,0,Android PowerManager status
efficiency,1:30,sample_cpu0_freq,1804,MHz
efficiency,1:30,sample_cpu1_freq,1804,MHz
efficiency,1:30,sample_cpu2_freq,1804,MHz
efficiency,1:30,sample_cpu3_freq,1804,MHz
efficiency,1:30,sample_cpu4_freq,2208,MHz
efficiency,1:30,sample_cpu5_freq,2208,MHz
efficiency,1:30,sample_cpu6_freq,2208,MHz
efficiency,1:30,sample_cpu7_freq,2304,MHz
efficiency,1:31,sample_elapsed,4747,ms
efficiency,1:31,sample_power,5.756,W
efficiency,1:31,sample_process_cpu,391.720,% one core
efficiency,1:31,sample_free_ram,1.860,GiB
efficiency,1:31,sample_battery_temp,35.000,C
efficiency,1:31,sample_thermal_status,0,Android PowerManager status
efficiency,1:31,sample_cpu0_freq,1804,MHz
efficiency,1:31,sample_cpu1_freq,1804,MHz
efficiency,1:31,sample_cpu2_freq,1804,MHz
efficiency,1:31,sample_cpu3_freq,1804,MHz
efficiency,1:31,sample_cpu4_freq,2208,MHz
efficiency,1:31,sample_cpu5_freq,2208,MHz
efficiency,1:31,sample_cpu6_freq,2208,MHz
efficiency,1:31,sample_cpu7_freq,2304,MHz
efficiency,1:32,sample_elapsed,4904,ms
efficiency,1:32,sample_power,5.756,W
efficiency,1:32,sample_process_cpu,400.637,% one core
efficiency,1:32,sample_free_ram,1.860,GiB
efficiency,1:32,sample_battery_temp,35.000,C
efficiency,1:32,sample_thermal_status,0,Android PowerManager status
efficiency,1:32,sample_cpu0_freq,1804,MHz
efficiency,1:32,sample_cpu1_freq,1804,MHz
efficiency,1:32,sample_cpu2_freq,1804,MHz
efficiency,1:32,sample_cpu3_freq,1804,MHz
efficiency,1:32,sample_cpu4_freq,2208,MHz
efficiency,1:32,sample_cpu5_freq,2208,MHz
efficiency,1:32,sample_cpu6_freq,2208,MHz
efficiency,1:32,sample_cpu7_freq,2304,MHz
efficiency,1:33,sample_elapsed,5060,ms
efficiency,1:33,sample_power,5.756,W
efficiency,1:33,sample_process_cpu,395.513,% one core
efficiency,1:33,sample_free_ram,1.860,GiB
efficiency,1:33,sample_battery_temp,35.000,C
efficiency,1:33,sample_thermal_status,0,Android PowerManager status
efficiency,1:33,sample_cpu0_freq,1804,MHz
efficiency,1:33,sample_cpu1_freq,1804,MHz
efficiency,1:33,sample_cpu2_freq,1804,MHz
efficiency,1:33,sample_cpu3_freq,1804,MHz
efficiency,1:33,sample_cpu4_freq,2208,MHz
efficiency,1:33,sample_cpu5_freq,2208,MHz
efficiency,1:33,sample_cpu6_freq,2208,MHz
efficiency,1:33,sample_cpu7_freq,2304,MHz
efficiency,1:34,sample_elapsed,5219,ms
efficiency,1:34,sample_power,5.756,W
efficiency,1:34,sample_process_cpu,393.082,% one core
efficiency,1:34,sample_free_ram,1.860,GiB
efficiency,1:34,sample_battery_temp,35.000,C
efficiency,1:34,sample_thermal_status,0,Android PowerManager status
efficiency,1:34,sample_cpu0_freq,1804,MHz
efficiency,1:34,sample_cpu1_freq,1804,MHz
efficiency,1:34,sample_cpu2_freq,1804,MHz
efficiency,1:34,sample_cpu3_freq,1804,MHz
efficiency,1:34,sample_cpu4_freq,2208,MHz
efficiency,1:34,sample_cpu5_freq,2208,MHz
efficiency,1:34,sample_cpu6_freq,2208,MHz
efficiency,1:34,sample_cpu7_freq,2304,MHz
efficiency,1:35,sample_elapsed,5374,ms
efficiency,1:35,sample_power,5.756,W
efficiency,1:35,sample_process_cpu,397.419,% one core
efficiency,1:35,sample_free_ram,1.860,GiB
efficiency,1:35,sample_battery_temp,35.000,C
efficiency,1:35,sample_thermal_status,0,Android PowerManager status
efficiency,1:35,sample_cpu0_freq,1804,MHz
efficiency,1:35,sample_cpu1_freq,1804,MHz
efficiency,1:35,sample_cpu2_freq,1804,MHz
efficiency,1:35,sample_cpu3_freq,1804,MHz
efficiency,1:35,sample_cpu4_freq,2208,MHz
efficiency,1:35,sample_cpu5_freq,2208,MHz
efficiency,1:35,sample_cpu6_freq,2208,MHz
efficiency,1:35,sample_cpu7_freq,2304,MHz
efficiency,1:36,sample_elapsed,5528,ms
efficiency,1:36,sample_power,5.756,W
efficiency,1:36,sample_process_cpu,394.805,% one core
efficiency,1:36,sample_free_ram,1.860,GiB
efficiency,1:36,sample_battery_temp,35.000,C
efficiency,1:36,sample_thermal_status,0,Android PowerManager status
efficiency,1:36,sample_cpu0_freq,1804,MHz
efficiency,1:36,sample_cpu1_freq,1804,MHz
efficiency,1:36,sample_cpu2_freq,1804,MHz
efficiency,1:36,sample_cpu3_freq,1804,MHz
efficiency,1:36,sample_cpu4_freq,2208,MHz
efficiency,1:36,sample_cpu5_freq,2208,MHz
efficiency,1:36,sample_cpu6_freq,2208,MHz
efficiency,1:36,sample_cpu7_freq,2304,MHz
efficiency,1:37,sample_elapsed,5688,ms
efficiency,1:37,sample_power,5.756,W
efficiency,1:37,sample_process_cpu,401.250,% one core
efficiency,1:37,sample_free_ram,1.860,GiB
efficiency,1:37,sample_battery_temp,35.000,C
efficiency,1:37,sample_thermal_status,0,Android PowerManager status
efficiency,1:37,sample_cpu0_freq,1804,MHz
efficiency,1:37,sample_cpu1_freq,1804,MHz
efficiency,1:37,sample_cpu2_freq,1804,MHz
efficiency,1:37,sample_cpu3_freq,1804,MHz
efficiency,1:37,sample_cpu4_freq,2208,MHz
efficiency,1:37,sample_cpu5_freq,2208,MHz
efficiency,1:37,sample_cpu6_freq,2208,MHz
efficiency,1:37,sample_cpu7_freq,2304,MHz
efficiency,1:38,sample_elapsed,5843,ms
efficiency,1:38,sample_power,5.756,W
efficiency,1:38,sample_process_cpu,395.484,% one core
efficiency,1:38,sample_free_ram,1.860,GiB
efficiency,1:38,sample_battery_temp,35.000,C
efficiency,1:38,sample_thermal_status,0,Android PowerManager status
efficiency,1:38,sample_cpu0_freq,1804,MHz
efficiency,1:38,sample_cpu1_freq,1804,MHz
efficiency,1:38,sample_cpu2_freq,1804,MHz
efficiency,1:38,sample_cpu3_freq,1804,MHz
efficiency,1:38,sample_cpu4_freq,2208,MHz
efficiency,1:38,sample_cpu5_freq,2208,MHz
efficiency,1:38,sample_cpu6_freq,2208,MHz
efficiency,1:38,sample_cpu7_freq,2304,MHz
efficiency,1:39,sample_elapsed,5998,ms
efficiency,1:39,sample_power,5.756,W
efficiency,1:39,sample_process_cpu,391.613,% one core
efficiency,1:39,sample_free_ram,1.859,GiB
efficiency,1:39,sample_battery_temp,35.000,C
efficiency,1:39,sample_thermal_status,0,Android PowerManager status
efficiency,1:39,sample_cpu0_freq,1804,MHz
efficiency,1:39,sample_cpu1_freq,1804,MHz
efficiency,1:39,sample_cpu2_freq,1804,MHz
efficiency,1:39,sample_cpu3_freq,1804,MHz
efficiency,1:39,sample_cpu4_freq,2208,MHz
efficiency,1:39,sample_cpu5_freq,2208,MHz
efficiency,1:39,sample_cpu6_freq,2208,MHz
efficiency,1:39,sample_cpu7_freq,2304,MHz
efficiency,1:40,sample_elapsed,6155,ms
efficiency,1:40,sample_power,5.756,W
efficiency,1:40,sample_process_cpu,394.268,% one core
efficiency,1:40,sample_free_ram,1.858,GiB
efficiency,1:40,sample_battery_temp,35.000,C
efficiency,1:40,sample_thermal_status,0,Android PowerManager status
efficiency,1:40,sample_cpu0_freq,1804,MHz
efficiency,1:40,sample_cpu1_freq,1804,MHz
efficiency,1:40,sample_cpu2_freq,1804,MHz
efficiency,1:40,sample_cpu3_freq,1804,MHz
efficiency,1:40,sample_cpu4_freq,2208,MHz
efficiency,1:40,sample_cpu5_freq,2208,MHz
efficiency,1:40,sample_cpu6_freq,2208,MHz
efficiency,1:40,sample_cpu7_freq,2304,MHz
efficiency,1:41,sample_elapsed,6310,ms
efficiency,1:41,sample_power,5.756,W
efficiency,1:41,sample_process_cpu,398.710,% one core
efficiency,1:41,sample_free_ram,1.858,GiB
efficiency,1:41,sample_battery_temp,35.000,C
efficiency,1:41,sample_thermal_status,0,Android PowerManager status
efficiency,1:41,sample_cpu0_freq,1804,MHz
efficiency,1:41,sample_cpu1_freq,1804,MHz
efficiency,1:41,sample_cpu2_freq,1804,MHz
efficiency,1:41,sample_cpu3_freq,1804,MHz
efficiency,1:41,sample_cpu4_freq,2208,MHz
efficiency,1:41,sample_cpu5_freq,2208,MHz
efficiency,1:41,sample_cpu6_freq,2208,MHz
efficiency,1:41,sample_cpu7_freq,2304,MHz
efficiency,1:42,sample_elapsed,6465,ms
efficiency,1:42,sample_power,5.756,W
efficiency,1:42,sample_process_cpu,396.774,% one core
efficiency,1:42,sample_free_ram,1.857,GiB
efficiency,1:42,sample_battery_temp,35.000,C
efficiency,1:42,sample_thermal_status,0,Android PowerManager status
efficiency,1:42,sample_cpu0_freq,1804,MHz
efficiency,1:42,sample_cpu1_freq,1804,MHz
efficiency,1:42,sample_cpu2_freq,1804,MHz
efficiency,1:42,sample_cpu3_freq,1804,MHz
efficiency,1:42,sample_cpu4_freq,2208,MHz
efficiency,1:42,sample_cpu5_freq,2208,MHz
efficiency,1:42,sample_cpu6_freq,2208,MHz
efficiency,1:42,sample_cpu7_freq,2304,MHz
efficiency,1:43,sample_elapsed,6620,ms
efficiency,1:43,sample_power,5.756,W
efficiency,1:43,sample_process_cpu,394.194,% one core
efficiency,1:43,sample_free_ram,1.857,GiB
efficiency,1:43,sample_battery_temp,35.000,C
efficiency,1:43,sample_thermal_status,0,Android PowerManager status
efficiency,1:43,sample_cpu0_freq,1804,MHz
efficiency,1:43,sample_cpu1_freq,1804,MHz
efficiency,1:43,sample_cpu2_freq,1804,MHz
efficiency,1:43,sample_cpu3_freq,1804,MHz
efficiency,1:43,sample_cpu4_freq,2208,MHz
efficiency,1:43,sample_cpu5_freq,2208,MHz
efficiency,1:43,sample_cpu6_freq,2208,MHz
efficiency,1:43,sample_cpu7_freq,2304,MHz
efficiency,1:44,sample_elapsed,6786,ms
efficiency,1:44,sample_power,5.756,W
efficiency,1:44,sample_process_cpu,400.000,% one core
efficiency,1:44,sample_free_ram,1.858,GiB
efficiency,1:44,sample_battery_temp,35.000,C
efficiency,1:44,sample_thermal_status,0,Android PowerManager status
efficiency,1:44,sample_cpu0_freq,1804,MHz
efficiency,1:44,sample_cpu1_freq,1804,MHz
efficiency,1:44,sample_cpu2_freq,1804,MHz
efficiency,1:44,sample_cpu3_freq,1804,MHz
efficiency,1:44,sample_cpu4_freq,2208,MHz
efficiency,1:44,sample_cpu5_freq,2208,MHz
efficiency,1:44,sample_cpu6_freq,2208,MHz
efficiency,1:44,sample_cpu7_freq,2304,MHz
efficiency,1:45,sample_elapsed,6940,ms
efficiency,1:45,sample_power,5.756,W
efficiency,1:45,sample_process_cpu,396.104,% one core
efficiency,1:45,sample_free_ram,1.857,GiB
efficiency,1:45,sample_battery_temp,35.000,C
efficiency,1:45,sample_thermal_status,0,Android PowerManager status
efficiency,1:45,sample_cpu0_freq,1804,MHz
efficiency,1:45,sample_cpu1_freq,1804,MHz
efficiency,1:45,sample_cpu2_freq,1804,MHz
efficiency,1:45,sample_cpu3_freq,1804,MHz
efficiency,1:45,sample_cpu4_freq,2208,MHz
efficiency,1:45,sample_cpu5_freq,2208,MHz
efficiency,1:45,sample_cpu6_freq,2208,MHz
efficiency,1:45,sample_cpu7_freq,2304,MHz
efficiency,1:46,sample_elapsed,7096,ms
efficiency,1:46,sample_power,5.756,W
efficiency,1:46,sample_process_cpu,393.590,% one core
efficiency,1:46,sample_free_ram,1.858,GiB
efficiency,1:46,sample_battery_temp,35.000,C
efficiency,1:46,sample_thermal_status,0,Android PowerManager status
efficiency,1:46,sample_cpu0_freq,1804,MHz
efficiency,1:46,sample_cpu1_freq,1804,MHz
efficiency,1:46,sample_cpu2_freq,1804,MHz
efficiency,1:46,sample_cpu3_freq,1804,MHz
efficiency,1:46,sample_cpu4_freq,2208,MHz
efficiency,1:46,sample_cpu5_freq,2208,MHz
efficiency,1:46,sample_cpu6_freq,2208,MHz
efficiency,1:46,sample_cpu7_freq,2304,MHz
efficiency,1:47,sample_elapsed,7251,ms
efficiency,1:47,sample_power,5.756,W
efficiency,1:47,sample_process_cpu,396.774,% one core
efficiency,1:47,sample_free_ram,1.857,GiB
efficiency,1:47,sample_battery_temp,35.000,C
efficiency,1:47,sample_thermal_status,0,Android PowerManager status
efficiency,1:47,sample_cpu0_freq,1804,MHz
efficiency,1:47,sample_cpu1_freq,1804,MHz
efficiency,1:47,sample_cpu2_freq,1804,MHz
efficiency,1:47,sample_cpu3_freq,1804,MHz
efficiency,1:47,sample_cpu4_freq,2208,MHz
efficiency,1:47,sample_cpu5_freq,2208,MHz
efficiency,1:47,sample_cpu6_freq,2208,MHz
efficiency,1:47,sample_cpu7_freq,2304,MHz
efficiency,1:48,sample_elapsed,7406,ms
efficiency,1:48,sample_power,5.756,W
efficiency,1:48,sample_process_cpu,394.839,% one core
efficiency,1:48,sample_free_ram,1.857,GiB
efficiency,1:48,sample_battery_temp,35.000,C
efficiency,1:48,sample_thermal_status,0,Android PowerManager status
efficiency,1:48,sample_cpu0_freq,1804,MHz
efficiency,1:48,sample_cpu1_freq,1804,MHz
efficiency,1:48,sample_cpu2_freq,1804,MHz
efficiency,1:48,sample_cpu3_freq,1804,MHz
efficiency,1:48,sample_cpu4_freq,2208,MHz
efficiency,1:48,sample_cpu5_freq,2208,MHz
efficiency,1:48,sample_cpu6_freq,2208,MHz
efficiency,1:48,sample_cpu7_freq,2304,MHz
efficiency,1:49,sample_elapsed,7564,ms
efficiency,1:49,sample_power,5.756,W
efficiency,1:49,sample_process_cpu,393.671,% one core
efficiency,1:49,sample_free_ram,1.857,GiB
efficiency,1:49,sample_battery_temp,35.000,C
efficiency,1:49,sample_thermal_status,0,Android PowerManager status
efficiency,1:49,sample_cpu0_freq,1804,MHz
efficiency,1:49,sample_cpu1_freq,1804,MHz
efficiency,1:49,sample_cpu2_freq,1804,MHz
efficiency,1:49,sample_cpu3_freq,1804,MHz
efficiency,1:49,sample_cpu4_freq,2208,MHz
efficiency,1:49,sample_cpu5_freq,2208,MHz
efficiency,1:49,sample_cpu6_freq,2208,MHz
efficiency,1:49,sample_cpu7_freq,2304,MHz
efficiency,1:50,sample_elapsed,7731,ms
efficiency,1:50,sample_power,5.756,W
efficiency,1:50,sample_process_cpu,407.186,% one core
efficiency,1:50,sample_free_ram,1.855,GiB
efficiency,1:50,sample_battery_temp,35.000,C
efficiency,1:50,sample_thermal_status,0,Android PowerManager status
efficiency,1:50,sample_cpu0_freq,1804,MHz
efficiency,1:50,sample_cpu1_freq,1804,MHz
efficiency,1:50,sample_cpu2_freq,1804,MHz
efficiency,1:50,sample_cpu3_freq,1804,MHz
efficiency,1:50,sample_cpu4_freq,2208,MHz
efficiency,1:50,sample_cpu5_freq,2208,MHz
efficiency,1:50,sample_cpu6_freq,2208,MHz
efficiency,1:50,sample_cpu7_freq,2304,MHz
efficiency,1:51,sample_elapsed,7897,ms
efficiency,1:51,sample_power,5.756,W
efficiency,1:51,sample_process_cpu,402.410,% one core
efficiency,1:51,sample_free_ram,1.855,GiB
efficiency,1:51,sample_battery_temp,35.000,C
efficiency,1:51,sample_thermal_status,0,Android PowerManager status
efficiency,1:51,sample_cpu0_freq,1804,MHz
efficiency,1:51,sample_cpu1_freq,1804,MHz
efficiency,1:51,sample_cpu2_freq,1804,MHz
efficiency,1:51,sample_cpu3_freq,1804,MHz
efficiency,1:51,sample_cpu4_freq,2208,MHz
efficiency,1:51,sample_cpu5_freq,2208,MHz
efficiency,1:51,sample_cpu6_freq,2208,MHz
efficiency,1:51,sample_cpu7_freq,2304,MHz
efficiency,1:52,sample_elapsed,8055,ms
efficiency,1:52,sample_power,5.756,W
efficiency,1:52,sample_process_cpu,390.506,% one core
efficiency,1:52,sample_free_ram,1.854,GiB
efficiency,1:52,sample_battery_temp,35.000,C
efficiency,1:52,sample_thermal_status,0,Android PowerManager status
efficiency,1:52,sample_cpu0_freq,1804,MHz
efficiency,1:52,sample_cpu1_freq,1804,MHz
efficiency,1:52,sample_cpu2_freq,1804,MHz
efficiency,1:52,sample_cpu3_freq,1804,MHz
efficiency,1:52,sample_cpu4_freq,2208,MHz
efficiency,1:52,sample_cpu5_freq,2208,MHz
efficiency,1:52,sample_cpu6_freq,2208,MHz
efficiency,1:52,sample_cpu7_freq,2304,MHz
efficiency,1:53,sample_elapsed,8208,ms
efficiency,1:53,sample_power,5.756,W
efficiency,1:53,sample_process_cpu,400.000,% one core
efficiency,1:53,sample_free_ram,1.854,GiB
efficiency,1:53,sample_battery_temp,35.000,C
efficiency,1:53,sample_thermal_status,0,Android PowerManager status
efficiency,1:53,sample_cpu0_freq,1804,MHz
efficiency,1:53,sample_cpu1_freq,1804,MHz
efficiency,1:53,sample_cpu2_freq,1804,MHz
efficiency,1:53,sample_cpu3_freq,1804,MHz
efficiency,1:53,sample_cpu4_freq,2208,MHz
efficiency,1:53,sample_cpu5_freq,2208,MHz
efficiency,1:53,sample_cpu6_freq,2208,MHz
efficiency,1:53,sample_cpu7_freq,2304,MHz
efficiency,1:54,sample_elapsed,8365,ms
efficiency,1:54,sample_power,5.756,W
efficiency,1:54,sample_process_cpu,394.268,% one core
efficiency,1:54,sample_free_ram,1.854,GiB
efficiency,1:54,sample_battery_temp,35.000,C
efficiency,1:54,sample_thermal_status,0,Android PowerManager status
efficiency,1:54,sample_cpu0_freq,1804,MHz
efficiency,1:54,sample_cpu1_freq,1804,MHz
efficiency,1:54,sample_cpu2_freq,1804,MHz
efficiency,1:54,sample_cpu3_freq,1804,MHz
efficiency,1:54,sample_cpu4_freq,2208,MHz
efficiency,1:54,sample_cpu5_freq,2208,MHz
efficiency,1:54,sample_cpu6_freq,2208,MHz
efficiency,1:54,sample_cpu7_freq,2304,MHz
efficiency,1:55,sample_elapsed,8521,ms
efficiency,1:55,sample_power,5.756,W
efficiency,1:55,sample_process_cpu,400.641,% one core
efficiency,1:55,sample_free_ram,1.854,GiB
efficiency,1:55,sample_battery_temp,35.000,C
efficiency,1:55,sample_thermal_status,0,Android PowerManager status
efficiency,1:55,sample_cpu0_freq,1804,MHz
efficiency,1:55,sample_cpu1_freq,1804,MHz
efficiency,1:55,sample_cpu2_freq,1804,MHz
efficiency,1:55,sample_cpu3_freq,1804,MHz
efficiency,1:55,sample_cpu4_freq,2208,MHz
efficiency,1:55,sample_cpu5_freq,2208,MHz
efficiency,1:55,sample_cpu6_freq,2208,MHz
efficiency,1:55,sample_cpu7_freq,2304,MHz
efficiency,1:56,sample_elapsed,8679,ms
efficiency,1:56,sample_power,5.756,W
efficiency,1:56,sample_process_cpu,398.101,% one core
efficiency,1:56,sample_free_ram,1.854,GiB
efficiency,1:56,sample_battery_temp,35.000,C
efficiency,1:56,sample_thermal_status,0,Android PowerManager status
efficiency,1:56,sample_cpu0_freq,1804,MHz
efficiency,1:56,sample_cpu1_freq,1804,MHz
efficiency,1:56,sample_cpu2_freq,1804,MHz
efficiency,1:56,sample_cpu3_freq,1804,MHz
efficiency,1:56,sample_cpu4_freq,2208,MHz
efficiency,1:56,sample_cpu5_freq,2208,MHz
efficiency,1:56,sample_cpu6_freq,2208,MHz
efficiency,1:56,sample_cpu7_freq,2304,MHz
efficiency,1:57,sample_elapsed,8837,ms
efficiency,1:57,sample_power,5.756,W
efficiency,1:57,sample_process_cpu,392.405,% one core
efficiency,1:57,sample_free_ram,1.855,GiB
efficiency,1:57,sample_battery_temp,35.000,C
efficiency,1:57,sample_thermal_status,0,Android PowerManager status
efficiency,1:57,sample_cpu0_freq,1804,MHz
efficiency,1:57,sample_cpu1_freq,1804,MHz
efficiency,1:57,sample_cpu2_freq,1804,MHz
efficiency,1:57,sample_cpu3_freq,1804,MHz
efficiency,1:57,sample_cpu4_freq,2208,MHz
efficiency,1:57,sample_cpu5_freq,2208,MHz
efficiency,1:57,sample_cpu6_freq,2208,MHz
efficiency,1:57,sample_cpu7_freq,2304,MHz
efficiency,1:58,sample_elapsed,8997,ms
efficiency,1:58,sample_power,5.756,W
efficiency,1:58,sample_process_cpu,402.500,% one core
efficiency,1:58,sample_free_ram,1.855,GiB
efficiency,1:58,sample_battery_temp,35.000,C
efficiency,1:58,sample_thermal_status,0,Android PowerManager status
efficiency,1:58,sample_cpu0_freq,1804,MHz
efficiency,1:58,sample_cpu1_freq,1804,MHz
efficiency,1:58,sample_cpu2_freq,1804,MHz
efficiency,1:58,sample_cpu3_freq,1804,MHz
efficiency,1:58,sample_cpu4_freq,2208,MHz
efficiency,1:58,sample_cpu5_freq,2208,MHz
efficiency,1:58,sample_cpu6_freq,2208,MHz
efficiency,1:58,sample_cpu7_freq,2304,MHz
efficiency,1:59,sample_elapsed,9153,ms
efficiency,1:59,sample_power,5.756,W
efficiency,1:59,sample_process_cpu,395.513,% one core
efficiency,1:59,sample_free_ram,1.855,GiB
efficiency,1:59,sample_battery_temp,35.000,C
efficiency,1:59,sample_thermal_status,0,Android PowerManager status
efficiency,1:59,sample_cpu0_freq,1804,MHz
efficiency,1:59,sample_cpu1_freq,1804,MHz
efficiency,1:59,sample_cpu2_freq,1804,MHz
efficiency,1:59,sample_cpu3_freq,1804,MHz
efficiency,1:59,sample_cpu4_freq,2208,MHz
efficiency,1:59,sample_cpu5_freq,2208,MHz
efficiency,1:59,sample_cpu6_freq,2208,MHz
efficiency,1:59,sample_cpu7_freq,2304,MHz
efficiency,1:60,sample_elapsed,9311,ms
efficiency,1:60,sample_power,5.756,W
efficiency,1:60,sample_process_cpu,396.835,% one core
efficiency,1:60,sample_free_ram,1.855,GiB
efficiency,1:60,sample_battery_temp,35.000,C
efficiency,1:60,sample_thermal_status,0,Android PowerManager status
efficiency,1:60,sample_cpu0_freq,1804,MHz
efficiency,1:60,sample_cpu1_freq,1804,MHz
efficiency,1:60,sample_cpu2_freq,1804,MHz
efficiency,1:60,sample_cpu3_freq,1804,MHz
efficiency,1:60,sample_cpu4_freq,2208,MHz
efficiency,1:60,sample_cpu5_freq,2208,MHz
efficiency,1:60,sample_cpu6_freq,2208,MHz
efficiency,1:60,sample_cpu7_freq,2304,MHz
efficiency,1:61,sample_elapsed,9467,ms
efficiency,1:61,sample_power,5.756,W
efficiency,1:61,sample_process_cpu,398.077,% one core
efficiency,1:61,sample_free_ram,1.856,GiB
efficiency,1:61,sample_battery_temp,35.000,C
efficiency,1:61,sample_thermal_status,0,Android PowerManager status
efficiency,1:61,sample_cpu0_freq,1804,MHz
efficiency,1:61,sample_cpu1_freq,1804,MHz
efficiency,1:61,sample_cpu2_freq,1804,MHz
efficiency,1:61,sample_cpu3_freq,1804,MHz
efficiency,1:61,sample_cpu4_freq,2208,MHz
efficiency,1:61,sample_cpu5_freq,2208,MHz
efficiency,1:61,sample_cpu6_freq,2208,MHz
efficiency,1:61,sample_cpu7_freq,2304,MHz
efficiency,1:62,sample_elapsed,9623,ms
efficiency,1:62,sample_power,5.756,W
efficiency,1:62,sample_process_cpu,394.872,% one core
efficiency,1:62,sample_free_ram,1.855,GiB
efficiency,1:62,sample_battery_temp,35.000,C
efficiency,1:62,sample_thermal_status,0,Android PowerManager status
efficiency,1:62,sample_cpu0_freq,1804,MHz
efficiency,1:62,sample_cpu1_freq,1804,MHz
efficiency,1:62,sample_cpu2_freq,1804,MHz
efficiency,1:62,sample_cpu3_freq,1804,MHz
efficiency,1:62,sample_cpu4_freq,2208,MHz
efficiency,1:62,sample_cpu5_freq,2208,MHz
efficiency,1:62,sample_cpu6_freq,2208,MHz
efficiency,1:62,sample_cpu7_freq,2304,MHz
efficiency,1:63,sample_elapsed,9781,ms
efficiency,1:63,sample_power,5.756,W
efficiency,1:63,sample_process_cpu,396.835,% one core
efficiency,1:63,sample_free_ram,1.855,GiB
efficiency,1:63,sample_battery_temp,35.000,C
efficiency,1:63,sample_thermal_status,0,Android PowerManager status
efficiency,1:63,sample_cpu0_freq,1804,MHz
efficiency,1:63,sample_cpu1_freq,1804,MHz
efficiency,1:63,sample_cpu2_freq,1804,MHz
efficiency,1:63,sample_cpu3_freq,1804,MHz
efficiency,1:63,sample_cpu4_freq,2208,MHz
efficiency,1:63,sample_cpu5_freq,2208,MHz
efficiency,1:63,sample_cpu6_freq,2208,MHz
efficiency,1:63,sample_cpu7_freq,2304,MHz
efficiency,1:64,sample_elapsed,9937,ms
efficiency,1:64,sample_power,5.756,W
efficiency,1:64,sample_process_cpu,395.513,% one core
efficiency,1:64,sample_free_ram,1.855,GiB
efficiency,1:64,sample_battery_temp,35.000,C
efficiency,1:64,sample_thermal_status,0,Android PowerManager status
efficiency,1:64,sample_cpu0_freq,1804,MHz
efficiency,1:64,sample_cpu1_freq,1804,MHz
efficiency,1:64,sample_cpu2_freq,1804,MHz
efficiency,1:64,sample_cpu3_freq,1804,MHz
efficiency,1:64,sample_cpu4_freq,2208,MHz
efficiency,1:64,sample_cpu5_freq,2208,MHz
efficiency,1:64,sample_cpu6_freq,2208,MHz
efficiency,1:64,sample_cpu7_freq,2304,MHz
efficiency,1:65,sample_elapsed,10098,ms
efficiency,1:65,sample_power,5.756,W
efficiency,1:65,sample_process_cpu,400.621,% one core
efficiency,1:65,sample_free_ram,1.855,GiB
efficiency,1:65,sample_battery_temp,35.000,C
efficiency,1:65,sample_thermal_status,0,Android PowerManager status
efficiency,1:65,sample_cpu0_freq,1804,MHz
efficiency,1:65,sample_cpu1_freq,1804,MHz
efficiency,1:65,sample_cpu2_freq,1804,MHz
efficiency,1:65,sample_cpu3_freq,1804,MHz
efficiency,1:65,sample_cpu4_freq,2208,MHz
efficiency,1:65,sample_cpu5_freq,2208,MHz
efficiency,1:65,sample_cpu6_freq,2208,MHz
efficiency,1:65,sample_cpu7_freq,2304,MHz
efficiency,1:66,sample_elapsed,10253,ms
efficiency,1:66,sample_power,5.756,W
efficiency,1:66,sample_process_cpu,398.710,% one core
efficiency,1:66,sample_free_ram,1.855,GiB
efficiency,1:66,sample_battery_temp,35.000,C
efficiency,1:66,sample_thermal_status,0,Android PowerManager status
efficiency,1:66,sample_cpu0_freq,1804,MHz
efficiency,1:66,sample_cpu1_freq,1804,MHz
efficiency,1:66,sample_cpu2_freq,1804,MHz
efficiency,1:66,sample_cpu3_freq,1804,MHz
efficiency,1:66,sample_cpu4_freq,2208,MHz
efficiency,1:66,sample_cpu5_freq,2208,MHz
efficiency,1:66,sample_cpu6_freq,2208,MHz
efficiency,1:66,sample_cpu7_freq,2304,MHz
efficiency,1:67,sample_elapsed,10410,ms
efficiency,1:67,sample_power,5.756,W
efficiency,1:67,sample_process_cpu,394.268,% one core
efficiency,1:67,sample_free_ram,1.854,GiB
efficiency,1:67,sample_battery_temp,35.000,C
efficiency,1:67,sample_thermal_status,0,Android PowerManager status
efficiency,1:67,sample_cpu0_freq,1804,MHz
efficiency,1:67,sample_cpu1_freq,1804,MHz
efficiency,1:67,sample_cpu2_freq,1804,MHz
efficiency,1:67,sample_cpu3_freq,1804,MHz
efficiency,1:67,sample_cpu4_freq,2208,MHz
efficiency,1:67,sample_cpu5_freq,2208,MHz
efficiency,1:67,sample_cpu6_freq,2208,MHz
efficiency,1:67,sample_cpu7_freq,2304,MHz
efficiency,1:68,sample_elapsed,10563,ms
efficiency,1:68,sample_power,5.756,W
efficiency,1:68,sample_process_cpu,398.693,% one core
efficiency,1:68,sample_free_ram,1.854,GiB
efficiency,1:68,sample_battery_temp,35.000,C
efficiency,1:68,sample_thermal_status,0,Android PowerManager status
efficiency,1:68,sample_cpu0_freq,1804,MHz
efficiency,1:68,sample_cpu1_freq,1804,MHz
efficiency,1:68,sample_cpu2_freq,1804,MHz
efficiency,1:68,sample_cpu3_freq,1804,MHz
efficiency,1:68,sample_cpu4_freq,2208,MHz
efficiency,1:68,sample_cpu5_freq,2208,MHz
efficiency,1:68,sample_cpu6_freq,2208,MHz
efficiency,1:68,sample_cpu7_freq,2304,MHz
efficiency,1:69,sample_elapsed,10720,ms
efficiency,1:69,sample_power,5.756,W
efficiency,1:69,sample_process_cpu,394.904,% one core
efficiency,1:69,sample_free_ram,1.854,GiB
efficiency,1:69,sample_battery_temp,35.000,C
efficiency,1:69,sample_thermal_status,0,Android PowerManager status
efficiency,1:69,sample_cpu0_freq,1804,MHz
efficiency,1:69,sample_cpu1_freq,1804,MHz
efficiency,1:69,sample_cpu2_freq,1804,MHz
efficiency,1:69,sample_cpu3_freq,1804,MHz
efficiency,1:69,sample_cpu4_freq,2208,MHz
efficiency,1:69,sample_cpu5_freq,2208,MHz
efficiency,1:69,sample_cpu6_freq,2208,MHz
efficiency,1:69,sample_cpu7_freq,2304,MHz
efficiency,1:70,sample_elapsed,10876,ms
efficiency,1:70,sample_power,5.756,W
efficiency,1:70,sample_process_cpu,388.462,% one core
efficiency,1:70,sample_free_ram,1.854,GiB
efficiency,1:70,sample_battery_temp,35.000,C
efficiency,1:70,sample_thermal_status,0,Android PowerManager status
efficiency,1:70,sample_cpu0_freq,1804,MHz
efficiency,1:70,sample_cpu1_freq,1804,MHz
efficiency,1:70,sample_cpu2_freq,1804,MHz
efficiency,1:70,sample_cpu3_freq,1804,MHz
efficiency,1:70,sample_cpu4_freq,2208,MHz
efficiency,1:70,sample_cpu5_freq,2208,MHz
efficiency,1:70,sample_cpu6_freq,2208,MHz
efficiency,1:70,sample_cpu7_freq,2304,MHz
efficiency,1:71,sample_elapsed,11034,ms
efficiency,1:71,sample_power,5.756,W
efficiency,1:71,sample_process_cpu,403.165,% one core
efficiency,1:71,sample_free_ram,1.854,GiB
efficiency,1:71,sample_battery_temp,35.000,C
efficiency,1:71,sample_thermal_status,0,Android PowerManager status
efficiency,1:71,sample_cpu0_freq,1804,MHz
efficiency,1:71,sample_cpu1_freq,1804,MHz
efficiency,1:71,sample_cpu2_freq,1804,MHz
efficiency,1:71,sample_cpu3_freq,1804,MHz
efficiency,1:71,sample_cpu4_freq,2208,MHz
efficiency,1:71,sample_cpu5_freq,2208,MHz
efficiency,1:71,sample_cpu6_freq,2208,MHz
efficiency,1:71,sample_cpu7_freq,2304,MHz
efficiency,1:72,sample_elapsed,11195,ms
efficiency,1:72,sample_power,5.756,W
efficiency,1:72,sample_process_cpu,396.894,% one core
efficiency,1:72,sample_free_ram,1.853,GiB
efficiency,1:72,sample_battery_temp,35.000,C
efficiency,1:72,sample_thermal_status,0,Android PowerManager status
efficiency,1:72,sample_cpu0_freq,1804,MHz
efficiency,1:72,sample_cpu1_freq,1804,MHz
efficiency,1:72,sample_cpu2_freq,1804,MHz
efficiency,1:72,sample_cpu3_freq,1804,MHz
efficiency,1:72,sample_cpu4_freq,2208,MHz
efficiency,1:72,sample_cpu5_freq,2208,MHz
efficiency,1:72,sample_cpu6_freq,2208,MHz
efficiency,1:72,sample_cpu7_freq,2304,MHz
efficiency,1:73,sample_elapsed,11360,ms
efficiency,1:73,sample_power,5.756,W
efficiency,1:73,sample_process_cpu,413.939,% one core
efficiency,1:73,sample_free_ram,1.852,GiB
efficiency,1:73,sample_battery_temp,35.000,C
efficiency,1:73,sample_thermal_status,0,Android PowerManager status
efficiency,1:73,sample_cpu0_freq,1804,MHz
efficiency,1:73,sample_cpu1_freq,1804,MHz
efficiency,1:73,sample_cpu2_freq,1804,MHz
efficiency,1:73,sample_cpu3_freq,1804,MHz
efficiency,1:73,sample_cpu4_freq,2208,MHz
efficiency,1:73,sample_cpu5_freq,2208,MHz
efficiency,1:73,sample_cpu6_freq,2208,MHz
efficiency,1:73,sample_cpu7_freq,2304,MHz
efficiency,1:74,sample_elapsed,11517,ms
efficiency,1:74,sample_power,5.756,W
efficiency,1:74,sample_process_cpu,391.083,% one core
efficiency,1:74,sample_free_ram,1.852,GiB
efficiency,1:74,sample_battery_temp,35.000,C
efficiency,1:74,sample_thermal_status,0,Android PowerManager status
efficiency,1:74,sample_cpu0_freq,1804,MHz
efficiency,1:74,sample_cpu1_freq,1804,MHz
efficiency,1:74,sample_cpu2_freq,1804,MHz
efficiency,1:74,sample_cpu3_freq,1804,MHz
efficiency,1:74,sample_cpu4_freq,2208,MHz
efficiency,1:74,sample_cpu5_freq,2208,MHz
efficiency,1:74,sample_cpu6_freq,2208,MHz
efficiency,1:74,sample_cpu7_freq,2304,MHz
efficiency,1:75,sample_elapsed,11670,ms
efficiency,1:75,sample_power,5.756,W
efficiency,1:75,sample_process_cpu,398.039,% one core
efficiency,1:75,sample_free_ram,1.852,GiB
efficiency,1:75,sample_battery_temp,35.000,C
efficiency,1:75,sample_thermal_status,0,Android PowerManager status
efficiency,1:75,sample_cpu0_freq,1804,MHz
efficiency,1:75,sample_cpu1_freq,1804,MHz
efficiency,1:75,sample_cpu2_freq,1804,MHz
efficiency,1:75,sample_cpu3_freq,1804,MHz
efficiency,1:75,sample_cpu4_freq,2208,MHz
efficiency,1:75,sample_cpu5_freq,2208,MHz
efficiency,1:75,sample_cpu6_freq,2208,MHz
efficiency,1:75,sample_cpu7_freq,2304,MHz
efficiency,1:76,sample_elapsed,11826,ms
efficiency,1:76,sample_power,5.756,W
efficiency,1:76,sample_process_cpu,396.154,% one core
efficiency,1:76,sample_free_ram,1.852,GiB
efficiency,1:76,sample_battery_temp,35.000,C
efficiency,1:76,sample_thermal_status,0,Android PowerManager status
efficiency,1:76,sample_cpu0_freq,1804,MHz
efficiency,1:76,sample_cpu1_freq,1804,MHz
efficiency,1:76,sample_cpu2_freq,1804,MHz
efficiency,1:76,sample_cpu3_freq,1804,MHz
efficiency,1:76,sample_cpu4_freq,2208,MHz
efficiency,1:76,sample_cpu5_freq,2208,MHz
efficiency,1:76,sample_cpu6_freq,2208,MHz
efficiency,1:76,sample_cpu7_freq,2304,MHz
efficiency,1:77,sample_elapsed,11982,ms
efficiency,1:77,sample_power,5.756,W
efficiency,1:77,sample_process_cpu,395.513,% one core
efficiency,1:77,sample_free_ram,1.852,GiB
efficiency,1:77,sample_battery_temp,35.000,C
efficiency,1:77,sample_thermal_status,0,Android PowerManager status
efficiency,1:77,sample_cpu0_freq,1804,MHz
efficiency,1:77,sample_cpu1_freq,1804,MHz
efficiency,1:77,sample_cpu2_freq,1804,MHz
efficiency,1:77,sample_cpu3_freq,1804,MHz
efficiency,1:77,sample_cpu4_freq,2208,MHz
efficiency,1:77,sample_cpu5_freq,2208,MHz
efficiency,1:77,sample_cpu6_freq,2208,MHz
efficiency,1:77,sample_cpu7_freq,2304,MHz
efficiency,1:78,sample_elapsed,12139,ms
efficiency,1:78,sample_power,5.756,W
efficiency,1:78,sample_process_cpu,393.631,% one core
efficiency,1:78,sample_free_ram,1.852,GiB
efficiency,1:78,sample_battery_temp,35.000,C
efficiency,1:78,sample_thermal_status,0,Android PowerManager status
efficiency,1:78,sample_cpu0_freq,1804,MHz
efficiency,1:78,sample_cpu1_freq,1804,MHz
efficiency,1:78,sample_cpu2_freq,1804,MHz
efficiency,1:78,sample_cpu3_freq,1804,MHz
efficiency,1:78,sample_cpu4_freq,2208,MHz
efficiency,1:78,sample_cpu5_freq,2208,MHz
efficiency,1:78,sample_cpu6_freq,2208,MHz
efficiency,1:78,sample_cpu7_freq,2304,MHz
efficiency,1:79,sample_elapsed,12294,ms
efficiency,1:79,sample_power,5.756,W
efficiency,1:79,sample_process_cpu,402.581,% one core
efficiency,1:79,sample_free_ram,1.852,GiB
efficiency,1:79,sample_battery_temp,35.000,C
efficiency,1:79,sample_thermal_status,0,Android PowerManager status
efficiency,1:79,sample_cpu0_freq,1804,MHz
efficiency,1:79,sample_cpu1_freq,1804,MHz
efficiency,1:79,sample_cpu2_freq,1804,MHz
efficiency,1:79,sample_cpu3_freq,1804,MHz
efficiency,1:79,sample_cpu4_freq,2208,MHz
efficiency,1:79,sample_cpu5_freq,2208,MHz
efficiency,1:79,sample_cpu6_freq,2208,MHz
efficiency,1:79,sample_cpu7_freq,2304,MHz
efficiency,1:80,sample_elapsed,12449,ms
efficiency,1:80,sample_power,5.756,W
efficiency,1:80,sample_process_cpu,401.935,% one core
efficiency,1:80,sample_free_ram,1.852,GiB
efficiency,1:80,sample_battery_temp,35.000,C
efficiency,1:80,sample_thermal_status,0,Android PowerManager status
efficiency,1:80,sample_cpu0_freq,1804,MHz
efficiency,1:80,sample_cpu1_freq,1804,MHz
efficiency,1:80,sample_cpu2_freq,1804,MHz
efficiency,1:80,sample_cpu3_freq,1804,MHz
efficiency,1:80,sample_cpu4_freq,2208,MHz
efficiency,1:80,sample_cpu5_freq,2208,MHz
efficiency,1:80,sample_cpu6_freq,2208,MHz
efficiency,1:80,sample_cpu7_freq,2304,MHz
efficiency,1:81,sample_elapsed,12606,ms
efficiency,1:81,sample_power,5.756,W
efficiency,1:81,sample_process_cpu,394.268,% one core
efficiency,1:81,sample_free_ram,1.852,GiB
efficiency,1:81,sample_battery_temp,35.000,C
efficiency,1:81,sample_thermal_status,0,Android PowerManager status
efficiency,1:81,sample_cpu0_freq,1804,MHz
efficiency,1:81,sample_cpu1_freq,1804,MHz
efficiency,1:81,sample_cpu2_freq,1804,MHz
efficiency,1:81,sample_cpu3_freq,1804,MHz
efficiency,1:81,sample_cpu4_freq,2208,MHz
efficiency,1:81,sample_cpu5_freq,2208,MHz
efficiency,1:81,sample_cpu6_freq,2208,MHz
efficiency,1:81,sample_cpu7_freq,2304,MHz
efficiency,1:82,sample_elapsed,12763,ms
efficiency,1:82,sample_power,5.756,W
efficiency,1:82,sample_process_cpu,392.357,% one core
efficiency,1:82,sample_free_ram,1.852,GiB
efficiency,1:82,sample_battery_temp,35.000,C
efficiency,1:82,sample_thermal_status,0,Android PowerManager status
efficiency,1:82,sample_cpu0_freq,1804,MHz
efficiency,1:82,sample_cpu1_freq,1804,MHz
efficiency,1:82,sample_cpu2_freq,1804,MHz
efficiency,1:82,sample_cpu3_freq,1804,MHz
efficiency,1:82,sample_cpu4_freq,2208,MHz
efficiency,1:82,sample_cpu5_freq,2208,MHz
efficiency,1:82,sample_cpu6_freq,2208,MHz
efficiency,1:82,sample_cpu7_freq,2304,MHz
efficiency,1:83,sample_elapsed,12917,ms
efficiency,1:83,sample_power,5.756,W
efficiency,1:83,sample_process_cpu,398.052,% one core
efficiency,1:83,sample_free_ram,1.852,GiB
efficiency,1:83,sample_battery_temp,35.000,C
efficiency,1:83,sample_thermal_status,0,Android PowerManager status
efficiency,1:83,sample_cpu0_freq,1804,MHz
efficiency,1:83,sample_cpu1_freq,1804,MHz
efficiency,1:83,sample_cpu2_freq,1804,MHz
efficiency,1:83,sample_cpu3_freq,1804,MHz
efficiency,1:83,sample_cpu4_freq,2208,MHz
efficiency,1:83,sample_cpu5_freq,2208,MHz
efficiency,1:83,sample_cpu6_freq,2208,MHz
efficiency,1:83,sample_cpu7_freq,2304,MHz
efficiency,1:84,sample_elapsed,13073,ms
efficiency,1:84,sample_power,5.756,W
efficiency,1:84,sample_process_cpu,396.154,% one core
efficiency,1:84,sample_free_ram,1.852,GiB
efficiency,1:84,sample_battery_temp,35.000,C
efficiency,1:84,sample_thermal_status,0,Android PowerManager status
efficiency,1:84,sample_cpu0_freq,1804,MHz
efficiency,1:84,sample_cpu1_freq,1804,MHz
efficiency,1:84,sample_cpu2_freq,1804,MHz
efficiency,1:84,sample_cpu3_freq,1804,MHz
efficiency,1:84,sample_cpu4_freq,2208,MHz
efficiency,1:84,sample_cpu5_freq,2208,MHz
efficiency,1:84,sample_cpu6_freq,2208,MHz
efficiency,1:84,sample_cpu7_freq,2304,MHz
efficiency,2,pp,127.000,tok/s
efficiency,2,tg,14.400,tok/s
efficiency,2,power,2.550,W
efficiency,2,tok_per_w,5.647,tok/W
efficiency,2,ttft_pp512_derived,4100.941,ms
efficiency,2,start_temp,35.000,C
efficiency,2,average_process_cpu,396.042,% one core
efficiency,2,minimum_free_ram,1.860,GiB
efficiency,2,peak_battery_temp,35.000,C
efficiency,2,peak_thermal_status,0,Android PowerManager status
efficiency,2:1,sample_elapsed,0,ms
efficiency,2:1,sample_power,0.890,W
efficiency,2:1,sample_process_cpu,0.000,% one core
efficiency,2:1,sample_free_ram,1.939,GiB
efficiency,2:1,sample_battery_temp,35.000,C
efficiency,2:1,sample_thermal_status,0,Android PowerManager status
efficiency,2:1,sample_cpu0_freq,595,MHz
efficiency,2:1,sample_cpu1_freq,595,MHz
efficiency,2:1,sample_cpu2_freq,595,MHz
efficiency,2:1,sample_cpu3_freq,595,MHz
efficiency,2:1,sample_cpu4_freq,633,MHz
efficiency,2:1,sample_cpu5_freq,633,MHz
efficiency,2:1,sample_cpu6_freq,633,MHz
efficiency,2:1,sample_cpu7_freq,633,MHz
efficiency,2:2,sample_elapsed,160,ms
efficiency,2:2,sample_power,0.890,W
efficiency,2:2,sample_process_cpu,305.000,% one core
efficiency,2:2,sample_free_ram,1.903,GiB
efficiency,2:2,sample_battery_temp,35.000,C
efficiency,2:2,sample_thermal_status,0,Android PowerManager status
efficiency,2:2,sample_cpu0_freq,1804,MHz
efficiency,2:2,sample_cpu1_freq,1804,MHz
efficiency,2:2,sample_cpu2_freq,1804,MHz
efficiency,2:2,sample_cpu3_freq,1804,MHz
efficiency,2:2,sample_cpu4_freq,2208,MHz
efficiency,2:2,sample_cpu5_freq,2208,MHz
efficiency,2:2,sample_cpu6_freq,2208,MHz
efficiency,2:2,sample_cpu7_freq,2304,MHz
efficiency,2:3,sample_elapsed,314,ms
efficiency,2:3,sample_power,0.890,W
efficiency,2:3,sample_process_cpu,401.948,% one core
efficiency,2:3,sample_free_ram,1.863,GiB
efficiency,2:3,sample_battery_temp,35.000,C
efficiency,2:3,sample_thermal_status,0,Android PowerManager status
efficiency,2:3,sample_cpu0_freq,1804,MHz
efficiency,2:3,sample_cpu1_freq,1804,MHz
efficiency,2:3,sample_cpu2_freq,1804,MHz
efficiency,2:3,sample_cpu3_freq,1804,MHz
efficiency,2:3,sample_cpu4_freq,2208,MHz
efficiency,2:3,sample_cpu5_freq,2208,MHz
efficiency,2:3,sample_cpu6_freq,2208,MHz
efficiency,2:3,sample_cpu7_freq,2304,MHz
efficiency,2:4,sample_elapsed,469,ms
efficiency,2:4,sample_power,0.890,W
efficiency,2:4,sample_process_cpu,388.387,% one core
efficiency,2:4,sample_free_ram,1.863,GiB
efficiency,2:4,sample_battery_temp,35.000,C
efficiency,2:4,sample_thermal_status,0,Android PowerManager status
efficiency,2:4,sample_cpu0_freq,1804,MHz
efficiency,2:4,sample_cpu1_freq,1804,MHz
efficiency,2:4,sample_cpu2_freq,1804,MHz
efficiency,2:4,sample_cpu3_freq,1804,MHz
efficiency,2:4,sample_cpu4_freq,2208,MHz
efficiency,2:4,sample_cpu5_freq,2208,MHz
efficiency,2:4,sample_cpu6_freq,2208,MHz
efficiency,2:4,sample_cpu7_freq,2304,MHz
efficiency,2:5,sample_elapsed,623,ms
efficiency,2:5,sample_power,0.890,W
efficiency,2:5,sample_process_cpu,404.545,% one core
efficiency,2:5,sample_free_ram,1.863,GiB
efficiency,2:5,sample_battery_temp,35.000,C
efficiency,2:5,sample_thermal_status,0,Android PowerManager status
efficiency,2:5,sample_cpu0_freq,1804,MHz
efficiency,2:5,sample_cpu1_freq,1804,MHz
efficiency,2:5,sample_cpu2_freq,1804,MHz
efficiency,2:5,sample_cpu3_freq,1804,MHz
efficiency,2:5,sample_cpu4_freq,2208,MHz
efficiency,2:5,sample_cpu5_freq,2208,MHz
efficiency,2:5,sample_cpu6_freq,2208,MHz
efficiency,2:5,sample_cpu7_freq,2304,MHz
efficiency,2:6,sample_elapsed,777,ms
efficiency,2:6,sample_power,0.890,W
efficiency,2:6,sample_process_cpu,398.052,% one core
efficiency,2:6,sample_free_ram,1.863,GiB
efficiency,2:6,sample_battery_temp,35.000,C
efficiency,2:6,sample_thermal_status,0,Android PowerManager status
efficiency,2:6,sample_cpu0_freq,1804,MHz
efficiency,2:6,sample_cpu1_freq,1804,MHz
efficiency,2:6,sample_cpu2_freq,1804,MHz
efficiency,2:6,sample_cpu3_freq,1804,MHz
efficiency,2:6,sample_cpu4_freq,2208,MHz
efficiency,2:6,sample_cpu5_freq,2208,MHz
efficiency,2:6,sample_cpu6_freq,2208,MHz
efficiency,2:6,sample_cpu7_freq,2304,MHz
efficiency,2:7,sample_elapsed,932,ms
efficiency,2:7,sample_power,0.890,W
efficiency,2:7,sample_process_cpu,391.613,% one core
efficiency,2:7,sample_free_ram,1.863,GiB
efficiency,2:7,sample_battery_temp,35.000,C
efficiency,2:7,sample_thermal_status,0,Android PowerManager status
efficiency,2:7,sample_cpu0_freq,1804,MHz
efficiency,2:7,sample_cpu1_freq,1804,MHz
efficiency,2:7,sample_cpu2_freq,1804,MHz
efficiency,2:7,sample_cpu3_freq,1804,MHz
efficiency,2:7,sample_cpu4_freq,2208,MHz
efficiency,2:7,sample_cpu5_freq,2208,MHz
efficiency,2:7,sample_cpu6_freq,2208,MHz
efficiency,2:7,sample_cpu7_freq,2304,MHz
efficiency,2:8,sample_elapsed,1085,ms
efficiency,2:8,sample_power,0.890,W
efficiency,2:8,sample_process_cpu,390.850,% one core
efficiency,2:8,sample_free_ram,1.863,GiB
efficiency,2:8,sample_battery_temp,35.000,C
efficiency,2:8,sample_thermal_status,0,Android PowerManager status
efficiency,2:8,sample_cpu0_freq,1804,MHz
efficiency,2:8,sample_cpu1_freq,1804,MHz
efficiency,2:8,sample_cpu2_freq,1804,MHz
efficiency,2:8,sample_cpu3_freq,1804,MHz
efficiency,2:8,sample_cpu4_freq,2208,MHz
efficiency,2:8,sample_cpu5_freq,2208,MHz
efficiency,2:8,sample_cpu6_freq,2208,MHz
efficiency,2:8,sample_cpu7_freq,2304,MHz
efficiency,2:9,sample_elapsed,1254,ms
efficiency,2:9,sample_power,0.890,W
efficiency,2:9,sample_process_cpu,413.609,% one core
efficiency,2:9,sample_free_ram,1.866,GiB
efficiency,2:9,sample_battery_temp,35.000,C
efficiency,2:9,sample_thermal_status,0,Android PowerManager status
efficiency,2:9,sample_cpu0_freq,1804,MHz
efficiency,2:9,sample_cpu1_freq,1804,MHz
efficiency,2:9,sample_cpu2_freq,1804,MHz
efficiency,2:9,sample_cpu3_freq,1804,MHz
efficiency,2:9,sample_cpu4_freq,2208,MHz
efficiency,2:9,sample_cpu5_freq,2208,MHz
efficiency,2:9,sample_cpu6_freq,2208,MHz
efficiency,2:9,sample_cpu7_freq,2304,MHz
efficiency,2:10,sample_elapsed,1410,ms
efficiency,2:10,sample_power,0.890,W
efficiency,2:10,sample_process_cpu,400.000,% one core
efficiency,2:10,sample_free_ram,1.866,GiB
efficiency,2:10,sample_battery_temp,35.000,C
efficiency,2:10,sample_thermal_status,0,Android PowerManager status
efficiency,2:10,sample_cpu0_freq,1804,MHz
efficiency,2:10,sample_cpu1_freq,1804,MHz
efficiency,2:10,sample_cpu2_freq,1804,MHz
efficiency,2:10,sample_cpu3_freq,1804,MHz
efficiency,2:10,sample_cpu4_freq,2208,MHz
efficiency,2:10,sample_cpu5_freq,2208,MHz
efficiency,2:10,sample_cpu6_freq,2208,MHz
efficiency,2:10,sample_cpu7_freq,2304,MHz
efficiency,2:11,sample_elapsed,1564,ms
efficiency,2:11,sample_power,0.890,W
efficiency,2:11,sample_process_cpu,392.857,% one core
efficiency,2:11,sample_free_ram,1.866,GiB
efficiency,2:11,sample_battery_temp,35.000,C
efficiency,2:11,sample_thermal_status,0,Android PowerManager status
efficiency,2:11,sample_cpu0_freq,1804,MHz
efficiency,2:11,sample_cpu1_freq,1804,MHz
efficiency,2:11,sample_cpu2_freq,1804,MHz
efficiency,2:11,sample_cpu3_freq,1804,MHz
efficiency,2:11,sample_cpu4_freq,2208,MHz
efficiency,2:11,sample_cpu5_freq,2208,MHz
efficiency,2:11,sample_cpu6_freq,2208,MHz
efficiency,2:11,sample_cpu7_freq,2304,MHz
efficiency,2:12,sample_elapsed,1717,ms
efficiency,2:12,sample_power,0.890,W
efficiency,2:12,sample_process_cpu,401.961,% one core
efficiency,2:12,sample_free_ram,1.866,GiB
efficiency,2:12,sample_battery_temp,35.000,C
efficiency,2:12,sample_thermal_status,0,Android PowerManager status
efficiency,2:12,sample_cpu0_freq,1804,MHz
efficiency,2:12,sample_cpu1_freq,1804,MHz
efficiency,2:12,sample_cpu2_freq,1804,MHz
efficiency,2:12,sample_cpu3_freq,1804,MHz
efficiency,2:12,sample_cpu4_freq,2208,MHz
efficiency,2:12,sample_cpu5_freq,2208,MHz
efficiency,2:12,sample_cpu6_freq,2208,MHz
efficiency,2:12,sample_cpu7_freq,2304,MHz
efficiency,2:13,sample_elapsed,1873,ms
efficiency,2:13,sample_power,0.890,W
efficiency,2:13,sample_process_cpu,396.795,% one core
efficiency,2:13,sample_free_ram,1.866,GiB
efficiency,2:13,sample_battery_temp,35.000,C
efficiency,2:13,sample_thermal_status,0,Android PowerManager status
efficiency,2:13,sample_cpu0_freq,1804,MHz
efficiency,2:13,sample_cpu1_freq,1804,MHz
efficiency,2:13,sample_cpu2_freq,1804,MHz
efficiency,2:13,sample_cpu3_freq,1804,MHz
efficiency,2:13,sample_cpu4_freq,2208,MHz
efficiency,2:13,sample_cpu5_freq,2208,MHz
efficiency,2:13,sample_cpu6_freq,2208,MHz
efficiency,2:13,sample_cpu7_freq,2304,MHz
efficiency,2:14,sample_elapsed,2027,ms
efficiency,2:14,sample_power,0.890,W
efficiency,2:14,sample_process_cpu,391.558,% one core
efficiency,2:14,sample_free_ram,1.866,GiB
efficiency,2:14,sample_battery_temp,35.000,C
efficiency,2:14,sample_thermal_status,0,Android PowerManager status
efficiency,2:14,sample_cpu0_freq,1804,MHz
efficiency,2:14,sample_cpu1_freq,1804,MHz
efficiency,2:14,sample_cpu2_freq,1804,MHz
efficiency,2:14,sample_cpu3_freq,1804,MHz
efficiency,2:14,sample_cpu4_freq,2208,MHz
efficiency,2:14,sample_cpu5_freq,2208,MHz
efficiency,2:14,sample_cpu6_freq,2208,MHz
efficiency,2:14,sample_cpu7_freq,2304,MHz
efficiency,2:15,sample_elapsed,2181,ms
efficiency,2:15,sample_power,0.890,W
efficiency,2:15,sample_process_cpu,400.649,% one core
efficiency,2:15,sample_free_ram,1.866,GiB
efficiency,2:15,sample_battery_temp,35.000,C
efficiency,2:15,sample_thermal_status,0,Android PowerManager status
efficiency,2:15,sample_cpu0_freq,1804,MHz
efficiency,2:15,sample_cpu1_freq,1804,MHz
efficiency,2:15,sample_cpu2_freq,1804,MHz
efficiency,2:15,sample_cpu3_freq,1804,MHz
efficiency,2:15,sample_cpu4_freq,2208,MHz
efficiency,2:15,sample_cpu5_freq,2208,MHz
efficiency,2:15,sample_cpu6_freq,2208,MHz
efficiency,2:15,sample_cpu7_freq,2304,MHz
efficiency,2:16,sample_elapsed,2335,ms
efficiency,2:16,sample_power,0.890,W
efficiency,2:16,sample_process_cpu,395.455,% one core
efficiency,2:16,sample_free_ram,1.866,GiB
efficiency,2:16,sample_battery_temp,35.000,C
efficiency,2:16,sample_thermal_status,0,Android PowerManager status
efficiency,2:16,sample_cpu0_freq,1804,MHz
efficiency,2:16,sample_cpu1_freq,1804,MHz
efficiency,2:16,sample_cpu2_freq,1804,MHz
efficiency,2:16,sample_cpu3_freq,1804,MHz
efficiency,2:16,sample_cpu4_freq,2208,MHz
efficiency,2:16,sample_cpu5_freq,2208,MHz
efficiency,2:16,sample_cpu6_freq,2208,MHz
efficiency,2:16,sample_cpu7_freq,2304,MHz
efficiency,2:17,sample_elapsed,2489,ms
efficiency,2:17,sample_power,0.890,W
efficiency,2:17,sample_process_cpu,388.961,% one core
efficiency,2:17,sample_free_ram,1.865,GiB
efficiency,2:17,sample_battery_temp,35.000,C
efficiency,2:17,sample_thermal_status,0,Android PowerManager status
efficiency,2:17,sample_cpu0_freq,1804,MHz
efficiency,2:17,sample_cpu1_freq,1804,MHz
efficiency,2:17,sample_cpu2_freq,1804,MHz
efficiency,2:17,sample_cpu3_freq,1804,MHz
efficiency,2:17,sample_cpu4_freq,2208,MHz
efficiency,2:17,sample_cpu5_freq,2208,MHz
efficiency,2:17,sample_cpu6_freq,2208,MHz
efficiency,2:17,sample_cpu7_freq,2304,MHz
efficiency,2:18,sample_elapsed,2643,ms
efficiency,2:18,sample_power,0.890,W
efficiency,2:18,sample_process_cpu,401.948,% one core
efficiency,2:18,sample_free_ram,1.865,GiB
efficiency,2:18,sample_battery_temp,35.000,C
efficiency,2:18,sample_thermal_status,0,Android PowerManager status
efficiency,2:18,sample_cpu0_freq,1804,MHz
efficiency,2:18,sample_cpu1_freq,1804,MHz
efficiency,2:18,sample_cpu2_freq,1804,MHz
efficiency,2:18,sample_cpu3_freq,1804,MHz
efficiency,2:18,sample_cpu4_freq,2208,MHz
efficiency,2:18,sample_cpu5_freq,2208,MHz
efficiency,2:18,sample_cpu6_freq,2208,MHz
efficiency,2:18,sample_cpu7_freq,2304,MHz
efficiency,2:19,sample_elapsed,2796,ms
efficiency,2:19,sample_power,0.890,W
efficiency,2:19,sample_process_cpu,393.464,% one core
efficiency,2:19,sample_free_ram,1.865,GiB
efficiency,2:19,sample_battery_temp,35.000,C
efficiency,2:19,sample_thermal_status,0,Android PowerManager status
efficiency,2:19,sample_cpu0_freq,1804,MHz
efficiency,2:19,sample_cpu1_freq,1804,MHz
efficiency,2:19,sample_cpu2_freq,1804,MHz
efficiency,2:19,sample_cpu3_freq,1804,MHz
efficiency,2:19,sample_cpu4_freq,2208,MHz
efficiency,2:19,sample_cpu5_freq,2208,MHz
efficiency,2:19,sample_cpu6_freq,2208,MHz
efficiency,2:19,sample_cpu7_freq,2304,MHz
efficiency,2:20,sample_elapsed,2950,ms
efficiency,2:20,sample_power,0.890,W
efficiency,2:20,sample_process_cpu,401.948,% one core
efficiency,2:20,sample_free_ram,1.865,GiB
efficiency,2:20,sample_battery_temp,35.000,C
efficiency,2:20,sample_thermal_status,0,Android PowerManager status
efficiency,2:20,sample_cpu0_freq,1804,MHz
efficiency,2:20,sample_cpu1_freq,1804,MHz
efficiency,2:20,sample_cpu2_freq,1804,MHz
efficiency,2:20,sample_cpu3_freq,1804,MHz
efficiency,2:20,sample_cpu4_freq,2208,MHz
efficiency,2:20,sample_cpu5_freq,2208,MHz
efficiency,2:20,sample_cpu6_freq,2208,MHz
efficiency,2:20,sample_cpu7_freq,2304,MHz
efficiency,2:21,sample_elapsed,3104,ms
efficiency,2:21,sample_power,0.890,W
efficiency,2:21,sample_process_cpu,390.909,% one core
efficiency,2:21,sample_free_ram,1.865,GiB
efficiency,2:21,sample_battery_temp,35.000,C
efficiency,2:21,sample_thermal_status,0,Android PowerManager status
efficiency,2:21,sample_cpu0_freq,1804,MHz
efficiency,2:21,sample_cpu1_freq,1804,MHz
efficiency,2:21,sample_cpu2_freq,1804,MHz
efficiency,2:21,sample_cpu3_freq,1804,MHz
efficiency,2:21,sample_cpu4_freq,2208,MHz
efficiency,2:21,sample_cpu5_freq,2208,MHz
efficiency,2:21,sample_cpu6_freq,2208,MHz
efficiency,2:21,sample_cpu7_freq,2304,MHz
efficiency,2:22,sample_elapsed,3258,ms
efficiency,2:22,sample_power,0.890,W
efficiency,2:22,sample_process_cpu,400.000,% one core
efficiency,2:22,sample_free_ram,1.864,GiB
efficiency,2:22,sample_battery_temp,35.000,C
efficiency,2:22,sample_thermal_status,0,Android PowerManager status
efficiency,2:22,sample_cpu0_freq,1804,MHz
efficiency,2:22,sample_cpu1_freq,1804,MHz
efficiency,2:22,sample_cpu2_freq,1804,MHz
efficiency,2:22,sample_cpu3_freq,1804,MHz
efficiency,2:22,sample_cpu4_freq,2208,MHz
efficiency,2:22,sample_cpu5_freq,2208,MHz
efficiency,2:22,sample_cpu6_freq,2208,MHz
efficiency,2:22,sample_cpu7_freq,2304,MHz
efficiency,2:23,sample_elapsed,3412,ms
efficiency,2:23,sample_power,0.890,W
efficiency,2:23,sample_process_cpu,396.104,% one core
efficiency,2:23,sample_free_ram,1.864,GiB
efficiency,2:23,sample_battery_temp,35.000,C
efficiency,2:23,sample_thermal_status,0,Android PowerManager status
efficiency,2:23,sample_cpu0_freq,1804,MHz
efficiency,2:23,sample_cpu1_freq,1804,MHz
efficiency,2:23,sample_cpu2_freq,1804,MHz
efficiency,2:23,sample_cpu3_freq,1804,MHz
efficiency,2:23,sample_cpu4_freq,2208,MHz
efficiency,2:23,sample_cpu5_freq,2208,MHz
efficiency,2:23,sample_cpu6_freq,2208,MHz
efficiency,2:23,sample_cpu7_freq,2304,MHz
efficiency,2:24,sample_elapsed,3565,ms
efficiency,2:24,sample_power,0.890,W
efficiency,2:24,sample_process_cpu,390.196,% one core
efficiency,2:24,sample_free_ram,1.864,GiB
efficiency,2:24,sample_battery_temp,35.000,C
efficiency,2:24,sample_thermal_status,0,Android PowerManager status
efficiency,2:24,sample_cpu0_freq,1804,MHz
efficiency,2:24,sample_cpu1_freq,1804,MHz
efficiency,2:24,sample_cpu2_freq,1804,MHz
efficiency,2:24,sample_cpu3_freq,1804,MHz
efficiency,2:24,sample_cpu4_freq,2208,MHz
efficiency,2:24,sample_cpu5_freq,2208,MHz
efficiency,2:24,sample_cpu6_freq,2208,MHz
efficiency,2:24,sample_cpu7_freq,2304,MHz
efficiency,2:25,sample_elapsed,3718,ms
efficiency,2:25,sample_power,0.890,W
efficiency,2:25,sample_process_cpu,406.536,% one core
efficiency,2:25,sample_free_ram,1.864,GiB
efficiency,2:25,sample_battery_temp,35.000,C
efficiency,2:25,sample_thermal_status,0,Android PowerManager status
efficiency,2:25,sample_cpu0_freq,1804,MHz
efficiency,2:25,sample_cpu1_freq,1804,MHz
efficiency,2:25,sample_cpu2_freq,1804,MHz
efficiency,2:25,sample_cpu3_freq,1804,MHz
efficiency,2:25,sample_cpu4_freq,2208,MHz
efficiency,2:25,sample_cpu5_freq,2208,MHz
efficiency,2:25,sample_cpu6_freq,2208,MHz
efficiency,2:25,sample_cpu7_freq,2304,MHz
efficiency,2:26,sample_elapsed,3872,ms
efficiency,2:26,sample_power,0.890,W
efficiency,2:26,sample_process_cpu,388.961,% one core
efficiency,2:26,sample_free_ram,1.864,GiB
efficiency,2:26,sample_battery_temp,35.000,C
efficiency,2:26,sample_thermal_status,0,Android PowerManager status
efficiency,2:26,sample_cpu0_freq,1804,MHz
efficiency,2:26,sample_cpu1_freq,1804,MHz
efficiency,2:26,sample_cpu2_freq,1804,MHz
efficiency,2:26,sample_cpu3_freq,1804,MHz
efficiency,2:26,sample_cpu4_freq,2208,MHz
efficiency,2:26,sample_cpu5_freq,2208,MHz
efficiency,2:26,sample_cpu6_freq,2208,MHz
efficiency,2:26,sample_cpu7_freq,2304,MHz
efficiency,2:27,sample_elapsed,4026,ms
efficiency,2:27,sample_power,0.890,W
efficiency,2:27,sample_process_cpu,401.299,% one core
efficiency,2:27,sample_free_ram,1.864,GiB
efficiency,2:27,sample_battery_temp,35.000,C
efficiency,2:27,sample_thermal_status,0,Android PowerManager status
efficiency,2:27,sample_cpu0_freq,1804,MHz
efficiency,2:27,sample_cpu1_freq,1804,MHz
efficiency,2:27,sample_cpu2_freq,1804,MHz
efficiency,2:27,sample_cpu3_freq,1804,MHz
efficiency,2:27,sample_cpu4_freq,2208,MHz
efficiency,2:27,sample_cpu5_freq,2208,MHz
efficiency,2:27,sample_cpu6_freq,2208,MHz
efficiency,2:27,sample_cpu7_freq,2304,MHz
efficiency,2:28,sample_elapsed,4180,ms
efficiency,2:28,sample_power,0.890,W
efficiency,2:28,sample_process_cpu,399.351,% one core
efficiency,2:28,sample_free_ram,1.864,GiB
efficiency,2:28,sample_battery_temp,35.000,C
efficiency,2:28,sample_thermal_status,0,Android PowerManager status
efficiency,2:28,sample_cpu0_freq,1804,MHz
efficiency,2:28,sample_cpu1_freq,1804,MHz
efficiency,2:28,sample_cpu2_freq,1804,MHz
efficiency,2:28,sample_cpu3_freq,1804,MHz
efficiency,2:28,sample_cpu4_freq,2208,MHz
efficiency,2:28,sample_cpu5_freq,2208,MHz
efficiency,2:28,sample_cpu6_freq,2208,MHz
efficiency,2:28,sample_cpu7_freq,2304,MHz
efficiency,2:29,sample_elapsed,4343,ms
efficiency,2:29,sample_power,0.890,W
efficiency,2:29,sample_process_cpu,398.773,% one core
efficiency,2:29,sample_free_ram,1.864,GiB
efficiency,2:29,sample_battery_temp,35.000,C
efficiency,2:29,sample_thermal_status,0,Android PowerManager status
efficiency,2:29,sample_cpu0_freq,1804,MHz
efficiency,2:29,sample_cpu1_freq,1804,MHz
efficiency,2:29,sample_cpu2_freq,1804,MHz
efficiency,2:29,sample_cpu3_freq,1804,MHz
efficiency,2:29,sample_cpu4_freq,2208,MHz
efficiency,2:29,sample_cpu5_freq,2208,MHz
efficiency,2:29,sample_cpu6_freq,2208,MHz
efficiency,2:29,sample_cpu7_freq,2304,MHz
efficiency,2:30,sample_elapsed,4504,ms
efficiency,2:30,sample_power,0.890,W
efficiency,2:30,sample_process_cpu,403.727,% one core
efficiency,2:30,sample_free_ram,1.864,GiB
efficiency,2:30,sample_battery_temp,35.000,C
efficiency,2:30,sample_thermal_status,0,Android PowerManager status
efficiency,2:30,sample_cpu0_freq,1804,MHz
efficiency,2:30,sample_cpu1_freq,1804,MHz
efficiency,2:30,sample_cpu2_freq,1804,MHz
efficiency,2:30,sample_cpu3_freq,1804,MHz
efficiency,2:30,sample_cpu4_freq,2208,MHz
efficiency,2:30,sample_cpu5_freq,2208,MHz
efficiency,2:30,sample_cpu6_freq,2208,MHz
efficiency,2:30,sample_cpu7_freq,2304,MHz
efficiency,2:31,sample_elapsed,4664,ms
efficiency,2:31,sample_power,0.890,W
efficiency,2:31,sample_process_cpu,394.375,% one core
efficiency,2:31,sample_free_ram,1.864,GiB
efficiency,2:31,sample_battery_temp,35.000,C
efficiency,2:31,sample_thermal_status,0,Android PowerManager status
efficiency,2:31,sample_cpu0_freq,1804,MHz
efficiency,2:31,sample_cpu1_freq,1804,MHz
efficiency,2:31,sample_cpu2_freq,1804,MHz
efficiency,2:31,sample_cpu3_freq,1804,MHz
efficiency,2:31,sample_cpu4_freq,2208,MHz
efficiency,2:31,sample_cpu5_freq,2208,MHz
efficiency,2:31,sample_cpu6_freq,2208,MHz
efficiency,2:31,sample_cpu7_freq,2304,MHz
efficiency,2:32,sample_elapsed,4823,ms
efficiency,2:32,sample_power,0.890,W
efficiency,2:32,sample_process_cpu,404.403,% one core
efficiency,2:32,sample_free_ram,1.864,GiB
efficiency,2:32,sample_battery_temp,35.000,C
efficiency,2:32,sample_thermal_status,0,Android PowerManager status
efficiency,2:32,sample_cpu0_freq,1804,MHz
efficiency,2:32,sample_cpu1_freq,1804,MHz
efficiency,2:32,sample_cpu2_freq,1804,MHz
efficiency,2:32,sample_cpu3_freq,1804,MHz
efficiency,2:32,sample_cpu4_freq,2208,MHz
efficiency,2:32,sample_cpu5_freq,2208,MHz
efficiency,2:32,sample_cpu6_freq,2208,MHz
efficiency,2:32,sample_cpu7_freq,2304,MHz
efficiency,2:33,sample_elapsed,4979,ms
efficiency,2:33,sample_power,0.890,W
efficiency,2:33,sample_process_cpu,398.718,% one core
efficiency,2:33,sample_free_ram,1.863,GiB
efficiency,2:33,sample_battery_temp,35.000,C
efficiency,2:33,sample_thermal_status,0,Android PowerManager status
efficiency,2:33,sample_cpu0_freq,1804,MHz
efficiency,2:33,sample_cpu1_freq,1804,MHz
efficiency,2:33,sample_cpu2_freq,1804,MHz
efficiency,2:33,sample_cpu3_freq,1804,MHz
efficiency,2:33,sample_cpu4_freq,2208,MHz
efficiency,2:33,sample_cpu5_freq,2208,MHz
efficiency,2:33,sample_cpu6_freq,2208,MHz
efficiency,2:33,sample_cpu7_freq,2304,MHz
efficiency,2:34,sample_elapsed,5139,ms
efficiency,2:34,sample_power,0.890,W
efficiency,2:34,sample_process_cpu,393.125,% one core
efficiency,2:34,sample_free_ram,1.863,GiB
efficiency,2:34,sample_battery_temp,35.000,C
efficiency,2:34,sample_thermal_status,0,Android PowerManager status
efficiency,2:34,sample_cpu0_freq,1804,MHz
efficiency,2:34,sample_cpu1_freq,1804,MHz
efficiency,2:34,sample_cpu2_freq,1804,MHz
efficiency,2:34,sample_cpu3_freq,1804,MHz
efficiency,2:34,sample_cpu4_freq,2208,MHz
efficiency,2:34,sample_cpu5_freq,2208,MHz
efficiency,2:34,sample_cpu6_freq,2208,MHz
efficiency,2:34,sample_cpu7_freq,2304,MHz
efficiency,2:35,sample_elapsed,5299,ms
efficiency,2:35,sample_power,0.890,W
efficiency,2:35,sample_process_cpu,398.125,% one core
efficiency,2:35,sample_free_ram,1.863,GiB
efficiency,2:35,sample_battery_temp,35.000,C
efficiency,2:35,sample_thermal_status,0,Android PowerManager status
efficiency,2:35,sample_cpu0_freq,1804,MHz
efficiency,2:35,sample_cpu1_freq,1804,MHz
efficiency,2:35,sample_cpu2_freq,1804,MHz
efficiency,2:35,sample_cpu3_freq,1804,MHz
efficiency,2:35,sample_cpu4_freq,2208,MHz
efficiency,2:35,sample_cpu5_freq,2208,MHz
efficiency,2:35,sample_cpu6_freq,2208,MHz
efficiency,2:35,sample_cpu7_freq,2304,MHz
efficiency,2:36,sample_elapsed,5456,ms
efficiency,2:36,sample_power,3.761,W
efficiency,2:36,sample_process_cpu,396.178,% one core
efficiency,2:36,sample_free_ram,1.863,GiB
efficiency,2:36,sample_battery_temp,35.000,C
efficiency,2:36,sample_thermal_status,0,Android PowerManager status
efficiency,2:36,sample_cpu0_freq,1804,MHz
efficiency,2:36,sample_cpu1_freq,1804,MHz
efficiency,2:36,sample_cpu2_freq,1804,MHz
efficiency,2:36,sample_cpu3_freq,1804,MHz
efficiency,2:36,sample_cpu4_freq,2208,MHz
efficiency,2:36,sample_cpu5_freq,2208,MHz
efficiency,2:36,sample_cpu6_freq,2208,MHz
efficiency,2:36,sample_cpu7_freq,2304,MHz
efficiency,2:37,sample_elapsed,5614,ms
efficiency,2:37,sample_power,3.761,W
efficiency,2:37,sample_process_cpu,402.532,% one core
efficiency,2:37,sample_free_ram,1.863,GiB
efficiency,2:37,sample_battery_temp,35.000,C
efficiency,2:37,sample_thermal_status,0,Android PowerManager status
efficiency,2:37,sample_cpu0_freq,1804,MHz
efficiency,2:37,sample_cpu1_freq,1804,MHz
efficiency,2:37,sample_cpu2_freq,1804,MHz
efficiency,2:37,sample_cpu3_freq,1804,MHz
efficiency,2:37,sample_cpu4_freq,2208,MHz
efficiency,2:37,sample_cpu5_freq,2208,MHz
efficiency,2:37,sample_cpu6_freq,2208,MHz
efficiency,2:37,sample_cpu7_freq,2304,MHz
efficiency,2:38,sample_elapsed,5771,ms
efficiency,2:38,sample_power,3.761,W
efficiency,2:38,sample_process_cpu,391.083,% one core
efficiency,2:38,sample_free_ram,1.862,GiB
efficiency,2:38,sample_battery_temp,35.000,C
efficiency,2:38,sample_thermal_status,0,Android PowerManager status
efficiency,2:38,sample_cpu0_freq,1804,MHz
efficiency,2:38,sample_cpu1_freq,1804,MHz
efficiency,2:38,sample_cpu2_freq,1804,MHz
efficiency,2:38,sample_cpu3_freq,1804,MHz
efficiency,2:38,sample_cpu4_freq,2208,MHz
efficiency,2:38,sample_cpu5_freq,2208,MHz
efficiency,2:38,sample_cpu6_freq,2208,MHz
efficiency,2:38,sample_cpu7_freq,2304,MHz
efficiency,2:39,sample_elapsed,5928,ms
efficiency,2:39,sample_power,3.761,W
efficiency,2:39,sample_process_cpu,395.541,% one core
efficiency,2:39,sample_free_ram,1.862,GiB
efficiency,2:39,sample_battery_temp,35.000,C
efficiency,2:39,sample_thermal_status,0,Android PowerManager status
efficiency,2:39,sample_cpu0_freq,1804,MHz
efficiency,2:39,sample_cpu1_freq,1804,MHz
efficiency,2:39,sample_cpu2_freq,1804,MHz
efficiency,2:39,sample_cpu3_freq,1804,MHz
efficiency,2:39,sample_cpu4_freq,2208,MHz
efficiency,2:39,sample_cpu5_freq,2208,MHz
efficiency,2:39,sample_cpu6_freq,2208,MHz
efficiency,2:39,sample_cpu7_freq,2304,MHz
efficiency,2:40,sample_elapsed,6085,ms
efficiency,2:40,sample_power,3.761,W
efficiency,2:40,sample_process_cpu,395.541,% one core
efficiency,2:40,sample_free_ram,1.862,GiB
efficiency,2:40,sample_battery_temp,35.000,C
efficiency,2:40,sample_thermal_status,0,Android PowerManager status
efficiency,2:40,sample_cpu0_freq,1804,MHz
efficiency,2:40,sample_cpu1_freq,1804,MHz
efficiency,2:40,sample_cpu2_freq,1804,MHz
efficiency,2:40,sample_cpu3_freq,1804,MHz
efficiency,2:40,sample_cpu4_freq,2208,MHz
efficiency,2:40,sample_cpu5_freq,2208,MHz
efficiency,2:40,sample_cpu6_freq,2208,MHz
efficiency,2:40,sample_cpu7_freq,2304,MHz
efficiency,2:41,sample_elapsed,6240,ms
efficiency,2:41,sample_power,3.761,W
efficiency,2:41,sample_process_cpu,399.355,% one core
efficiency,2:41,sample_free_ram,1.862,GiB
efficiency,2:41,sample_battery_temp,35.000,C
efficiency,2:41,sample_thermal_status,0,Android PowerManager status
efficiency,2:41,sample_cpu0_freq,1804,MHz
efficiency,2:41,sample_cpu1_freq,1804,MHz
efficiency,2:41,sample_cpu2_freq,1804,MHz
efficiency,2:41,sample_cpu3_freq,1804,MHz
efficiency,2:41,sample_cpu4_freq,2208,MHz
efficiency,2:41,sample_cpu5_freq,2208,MHz
efficiency,2:41,sample_cpu6_freq,2208,MHz
efficiency,2:41,sample_cpu7_freq,2304,MHz
efficiency,2:42,sample_elapsed,6400,ms
efficiency,2:42,sample_power,3.761,W
efficiency,2:42,sample_process_cpu,398.125,% one core
efficiency,2:42,sample_free_ram,1.862,GiB
efficiency,2:42,sample_battery_temp,35.000,C
efficiency,2:42,sample_thermal_status,0,Android PowerManager status
efficiency,2:42,sample_cpu0_freq,1804,MHz
efficiency,2:42,sample_cpu1_freq,1804,MHz
efficiency,2:42,sample_cpu2_freq,1804,MHz
efficiency,2:42,sample_cpu3_freq,1804,MHz
efficiency,2:42,sample_cpu4_freq,2208,MHz
efficiency,2:42,sample_cpu5_freq,2208,MHz
efficiency,2:42,sample_cpu6_freq,2208,MHz
efficiency,2:42,sample_cpu7_freq,2304,MHz
efficiency,2:43,sample_elapsed,6561,ms
efficiency,2:43,sample_power,3.761,W
efficiency,2:43,sample_process_cpu,394.410,% one core
efficiency,2:43,sample_free_ram,1.861,GiB
efficiency,2:43,sample_battery_temp,35.000,C
efficiency,2:43,sample_thermal_status,0,Android PowerManager status
efficiency,2:43,sample_cpu0_freq,1804,MHz
efficiency,2:43,sample_cpu1_freq,1804,MHz
efficiency,2:43,sample_cpu2_freq,1804,MHz
efficiency,2:43,sample_cpu3_freq,1804,MHz
efficiency,2:43,sample_cpu4_freq,2208,MHz
efficiency,2:43,sample_cpu5_freq,2208,MHz
efficiency,2:43,sample_cpu6_freq,2208,MHz
efficiency,2:43,sample_cpu7_freq,2304,MHz
efficiency,2:44,sample_elapsed,6719,ms
efficiency,2:44,sample_power,3.761,W
efficiency,2:44,sample_process_cpu,405.063,% one core
efficiency,2:44,sample_free_ram,1.861,GiB
efficiency,2:44,sample_battery_temp,35.000,C
efficiency,2:44,sample_thermal_status,0,Android PowerManager status
efficiency,2:44,sample_cpu0_freq,1804,MHz
efficiency,2:44,sample_cpu1_freq,1804,MHz
efficiency,2:44,sample_cpu2_freq,1804,MHz
efficiency,2:44,sample_cpu3_freq,1804,MHz
efficiency,2:44,sample_cpu4_freq,2208,MHz
efficiency,2:44,sample_cpu5_freq,2208,MHz
efficiency,2:44,sample_cpu6_freq,2208,MHz
efficiency,2:44,sample_cpu7_freq,2304,MHz
efficiency,2:45,sample_elapsed,6879,ms
efficiency,2:45,sample_power,3.761,W
efficiency,2:45,sample_process_cpu,390.000,% one core
efficiency,2:45,sample_free_ram,1.861,GiB
efficiency,2:45,sample_battery_temp,35.000,C
efficiency,2:45,sample_thermal_status,0,Android PowerManager status
efficiency,2:45,sample_cpu0_freq,1804,MHz
efficiency,2:45,sample_cpu1_freq,1804,MHz
efficiency,2:45,sample_cpu2_freq,1804,MHz
efficiency,2:45,sample_cpu3_freq,1804,MHz
efficiency,2:45,sample_cpu4_freq,2208,MHz
efficiency,2:45,sample_cpu5_freq,2208,MHz
efficiency,2:45,sample_cpu6_freq,2208,MHz
efficiency,2:45,sample_cpu7_freq,2304,MHz
efficiency,2:46,sample_elapsed,7035,ms
efficiency,2:46,sample_power,3.761,W
efficiency,2:46,sample_process_cpu,398.718,% one core
efficiency,2:46,sample_free_ram,1.861,GiB
efficiency,2:46,sample_battery_temp,35.000,C
efficiency,2:46,sample_thermal_status,0,Android PowerManager status
efficiency,2:46,sample_cpu0_freq,1804,MHz
efficiency,2:46,sample_cpu1_freq,1804,MHz
efficiency,2:46,sample_cpu2_freq,1804,MHz
efficiency,2:46,sample_cpu3_freq,1804,MHz
efficiency,2:46,sample_cpu4_freq,2208,MHz
efficiency,2:46,sample_cpu5_freq,2208,MHz
efficiency,2:46,sample_cpu6_freq,2208,MHz
efficiency,2:46,sample_cpu7_freq,2304,MHz
efficiency,2:47,sample_elapsed,7192,ms
efficiency,2:47,sample_power,3.761,W
efficiency,2:47,sample_process_cpu,394.904,% one core
efficiency,2:47,sample_free_ram,1.861,GiB
efficiency,2:47,sample_battery_temp,35.000,C
efficiency,2:47,sample_thermal_status,0,Android PowerManager status
efficiency,2:47,sample_cpu0_freq,1804,MHz
efficiency,2:47,sample_cpu1_freq,1804,MHz
efficiency,2:47,sample_cpu2_freq,1804,MHz
efficiency,2:47,sample_cpu3_freq,1804,MHz
efficiency,2:47,sample_cpu4_freq,2208,MHz
efficiency,2:47,sample_cpu5_freq,2208,MHz
efficiency,2:47,sample_cpu6_freq,2208,MHz
efficiency,2:47,sample_cpu7_freq,2304,MHz
efficiency,2:48,sample_elapsed,7348,ms
efficiency,2:48,sample_power,3.761,W
efficiency,2:48,sample_process_cpu,394.231,% one core
efficiency,2:48,sample_free_ram,1.861,GiB
efficiency,2:48,sample_battery_temp,35.000,C
efficiency,2:48,sample_thermal_status,0,Android PowerManager status
efficiency,2:48,sample_cpu0_freq,1804,MHz
efficiency,2:48,sample_cpu1_freq,1804,MHz
efficiency,2:48,sample_cpu2_freq,1804,MHz
efficiency,2:48,sample_cpu3_freq,1804,MHz
efficiency,2:48,sample_cpu4_freq,2208,MHz
efficiency,2:48,sample_cpu5_freq,2208,MHz
efficiency,2:48,sample_cpu6_freq,2208,MHz
efficiency,2:48,sample_cpu7_freq,2304,MHz
efficiency,2:49,sample_elapsed,7504,ms
efficiency,2:49,sample_power,3.761,W
efficiency,2:49,sample_process_cpu,387.179,% one core
efficiency,2:49,sample_free_ram,1.861,GiB
efficiency,2:49,sample_battery_temp,35.000,C
efficiency,2:49,sample_thermal_status,0,Android PowerManager status
efficiency,2:49,sample_cpu0_freq,1804,MHz
efficiency,2:49,sample_cpu1_freq,1804,MHz
efficiency,2:49,sample_cpu2_freq,1804,MHz
efficiency,2:49,sample_cpu3_freq,1804,MHz
efficiency,2:49,sample_cpu4_freq,2208,MHz
efficiency,2:49,sample_cpu5_freq,2208,MHz
efficiency,2:49,sample_cpu6_freq,2208,MHz
efficiency,2:49,sample_cpu7_freq,2304,MHz
efficiency,2:50,sample_elapsed,7663,ms
efficiency,2:50,sample_power,3.761,W
efficiency,2:50,sample_process_cpu,404.403,% one core
efficiency,2:50,sample_free_ram,1.861,GiB
efficiency,2:50,sample_battery_temp,35.000,C
efficiency,2:50,sample_thermal_status,0,Android PowerManager status
efficiency,2:50,sample_cpu0_freq,1804,MHz
efficiency,2:50,sample_cpu1_freq,1804,MHz
efficiency,2:50,sample_cpu2_freq,1804,MHz
efficiency,2:50,sample_cpu3_freq,1804,MHz
efficiency,2:50,sample_cpu4_freq,2208,MHz
efficiency,2:50,sample_cpu5_freq,2208,MHz
efficiency,2:50,sample_cpu6_freq,2208,MHz
efficiency,2:50,sample_cpu7_freq,2304,MHz
efficiency,2:51,sample_elapsed,7825,ms
efficiency,2:51,sample_power,3.761,W
efficiency,2:51,sample_process_cpu,402.469,% one core
efficiency,2:51,sample_free_ram,1.861,GiB
efficiency,2:51,sample_battery_temp,35.000,C
efficiency,2:51,sample_thermal_status,0,Android PowerManager status
efficiency,2:51,sample_cpu0_freq,1804,MHz
efficiency,2:51,sample_cpu1_freq,1804,MHz
efficiency,2:51,sample_cpu2_freq,1804,MHz
efficiency,2:51,sample_cpu3_freq,1804,MHz
efficiency,2:51,sample_cpu4_freq,2208,MHz
efficiency,2:51,sample_cpu5_freq,2208,MHz
efficiency,2:51,sample_cpu6_freq,2208,MHz
efficiency,2:51,sample_cpu7_freq,2304,MHz
efficiency,2:52,sample_elapsed,7982,ms
efficiency,2:52,sample_power,3.761,W
efficiency,2:52,sample_process_cpu,393.631,% one core
efficiency,2:52,sample_free_ram,1.861,GiB
efficiency,2:52,sample_battery_temp,35.000,C
efficiency,2:52,sample_thermal_status,0,Android PowerManager status
efficiency,2:52,sample_cpu0_freq,1804,MHz
efficiency,2:52,sample_cpu1_freq,1804,MHz
efficiency,2:52,sample_cpu2_freq,1804,MHz
efficiency,2:52,sample_cpu3_freq,1804,MHz
efficiency,2:52,sample_cpu4_freq,2208,MHz
efficiency,2:52,sample_cpu5_freq,2208,MHz
efficiency,2:52,sample_cpu6_freq,2208,MHz
efficiency,2:52,sample_cpu7_freq,2304,MHz
efficiency,2:53,sample_elapsed,8138,ms
efficiency,2:53,sample_power,3.761,W
efficiency,2:53,sample_process_cpu,392.949,% one core
efficiency,2:53,sample_free_ram,1.861,GiB
efficiency,2:53,sample_battery_temp,35.000,C
efficiency,2:53,sample_thermal_status,0,Android PowerManager status
efficiency,2:53,sample_cpu0_freq,1804,MHz
efficiency,2:53,sample_cpu1_freq,1804,MHz
efficiency,2:53,sample_cpu2_freq,1804,MHz
efficiency,2:53,sample_cpu3_freq,1804,MHz
efficiency,2:53,sample_cpu4_freq,2208,MHz
efficiency,2:53,sample_cpu5_freq,2208,MHz
efficiency,2:53,sample_cpu6_freq,2208,MHz
efficiency,2:53,sample_cpu7_freq,2304,MHz
efficiency,2:54,sample_elapsed,8291,ms
efficiency,2:54,sample_power,3.761,W
efficiency,2:54,sample_process_cpu,394.118,% one core
efficiency,2:54,sample_free_ram,1.861,GiB
efficiency,2:54,sample_battery_temp,35.000,C
efficiency,2:54,sample_thermal_status,0,Android PowerManager status
efficiency,2:54,sample_cpu0_freq,1804,MHz
efficiency,2:54,sample_cpu1_freq,1804,MHz
efficiency,2:54,sample_cpu2_freq,1804,MHz
efficiency,2:54,sample_cpu3_freq,1804,MHz
efficiency,2:54,sample_cpu4_freq,2208,MHz
efficiency,2:54,sample_cpu5_freq,2208,MHz
efficiency,2:54,sample_cpu6_freq,2208,MHz
efficiency,2:54,sample_cpu7_freq,2304,MHz
efficiency,2:55,sample_elapsed,8447,ms
efficiency,2:55,sample_power,3.761,W
efficiency,2:55,sample_process_cpu,392.949,% one core
efficiency,2:55,sample_free_ram,1.861,GiB
efficiency,2:55,sample_battery_temp,35.000,C
efficiency,2:55,sample_thermal_status,0,Android PowerManager status
efficiency,2:55,sample_cpu0_freq,1804,MHz
efficiency,2:55,sample_cpu1_freq,1804,MHz
efficiency,2:55,sample_cpu2_freq,1804,MHz
efficiency,2:55,sample_cpu3_freq,1804,MHz
efficiency,2:55,sample_cpu4_freq,2208,MHz
efficiency,2:55,sample_cpu5_freq,2208,MHz
efficiency,2:55,sample_cpu6_freq,2208,MHz
efficiency,2:55,sample_cpu7_freq,2304,MHz
efficiency,2:56,sample_elapsed,8613,ms
efficiency,2:56,sample_power,3.761,W
efficiency,2:56,sample_process_cpu,409.639,% one core
efficiency,2:56,sample_free_ram,1.862,GiB
efficiency,2:56,sample_battery_temp,35.000,C
efficiency,2:56,sample_thermal_status,0,Android PowerManager status
efficiency,2:56,sample_cpu0_freq,1804,MHz
efficiency,2:56,sample_cpu1_freq,1804,MHz
efficiency,2:56,sample_cpu2_freq,1804,MHz
efficiency,2:56,sample_cpu3_freq,1804,MHz
efficiency,2:56,sample_cpu4_freq,2208,MHz
efficiency,2:56,sample_cpu5_freq,2208,MHz
efficiency,2:56,sample_cpu6_freq,2208,MHz
efficiency,2:56,sample_cpu7_freq,2304,MHz
efficiency,2:57,sample_elapsed,8772,ms
efficiency,2:57,sample_power,3.761,W
efficiency,2:57,sample_process_cpu,395.597,% one core
efficiency,2:57,sample_free_ram,1.862,GiB
efficiency,2:57,sample_battery_temp,35.000,C
efficiency,2:57,sample_thermal_status,0,Android PowerManager status
efficiency,2:57,sample_cpu0_freq,1804,MHz
efficiency,2:57,sample_cpu1_freq,1804,MHz
efficiency,2:57,sample_cpu2_freq,1804,MHz
efficiency,2:57,sample_cpu3_freq,1804,MHz
efficiency,2:57,sample_cpu4_freq,2208,MHz
efficiency,2:57,sample_cpu5_freq,2208,MHz
efficiency,2:57,sample_cpu6_freq,2208,MHz
efficiency,2:57,sample_cpu7_freq,2304,MHz
efficiency,2:58,sample_elapsed,8932,ms
efficiency,2:58,sample_power,3.761,W
efficiency,2:58,sample_process_cpu,403.125,% one core
efficiency,2:58,sample_free_ram,1.862,GiB
efficiency,2:58,sample_battery_temp,35.000,C
efficiency,2:58,sample_thermal_status,0,Android PowerManager status
efficiency,2:58,sample_cpu0_freq,1804,MHz
efficiency,2:58,sample_cpu1_freq,1804,MHz
efficiency,2:58,sample_cpu2_freq,1804,MHz
efficiency,2:58,sample_cpu3_freq,1804,MHz
efficiency,2:58,sample_cpu4_freq,2208,MHz
efficiency,2:58,sample_cpu5_freq,2208,MHz
efficiency,2:58,sample_cpu6_freq,2208,MHz
efficiency,2:58,sample_cpu7_freq,2304,MHz
efficiency,2:59,sample_elapsed,9088,ms
efficiency,2:59,sample_power,3.761,W
efficiency,2:59,sample_process_cpu,395.513,% one core
efficiency,2:59,sample_free_ram,1.862,GiB
efficiency,2:59,sample_battery_temp,35.000,C
efficiency,2:59,sample_thermal_status,0,Android PowerManager status
efficiency,2:59,sample_cpu0_freq,1804,MHz
efficiency,2:59,sample_cpu1_freq,1804,MHz
efficiency,2:59,sample_cpu2_freq,1804,MHz
efficiency,2:59,sample_cpu3_freq,1804,MHz
efficiency,2:59,sample_cpu4_freq,2208,MHz
efficiency,2:59,sample_cpu5_freq,2208,MHz
efficiency,2:59,sample_cpu6_freq,2208,MHz
efficiency,2:59,sample_cpu7_freq,2304,MHz
efficiency,2:60,sample_elapsed,9245,ms
efficiency,2:60,sample_power,3.761,W
efficiency,2:60,sample_process_cpu,393.631,% one core
efficiency,2:60,sample_free_ram,1.862,GiB
efficiency,2:60,sample_battery_temp,35.000,C
efficiency,2:60,sample_thermal_status,0,Android PowerManager status
efficiency,2:60,sample_cpu0_freq,1804,MHz
efficiency,2:60,sample_cpu1_freq,1804,MHz
efficiency,2:60,sample_cpu2_freq,1804,MHz
efficiency,2:60,sample_cpu3_freq,1804,MHz
efficiency,2:60,sample_cpu4_freq,2208,MHz
efficiency,2:60,sample_cpu5_freq,2208,MHz
efficiency,2:60,sample_cpu6_freq,2208,MHz
efficiency,2:60,sample_cpu7_freq,2304,MHz
efficiency,2:61,sample_elapsed,9402,ms
efficiency,2:61,sample_power,3.761,W
efficiency,2:61,sample_process_cpu,396.815,% one core
efficiency,2:61,sample_free_ram,1.862,GiB
efficiency,2:61,sample_battery_temp,35.000,C
efficiency,2:61,sample_thermal_status,0,Android PowerManager status
efficiency,2:61,sample_cpu0_freq,1804,MHz
efficiency,2:61,sample_cpu1_freq,1804,MHz
efficiency,2:61,sample_cpu2_freq,1804,MHz
efficiency,2:61,sample_cpu3_freq,1804,MHz
efficiency,2:61,sample_cpu4_freq,2208,MHz
efficiency,2:61,sample_cpu5_freq,2208,MHz
efficiency,2:61,sample_cpu6_freq,2208,MHz
efficiency,2:61,sample_cpu7_freq,2304,MHz
efficiency,2:62,sample_elapsed,9558,ms
efficiency,2:62,sample_power,3.761,W
efficiency,2:62,sample_process_cpu,395.513,% one core
efficiency,2:62,sample_free_ram,1.862,GiB
efficiency,2:62,sample_battery_temp,35.000,C
efficiency,2:62,sample_thermal_status,0,Android PowerManager status
efficiency,2:62,sample_cpu0_freq,1804,MHz
efficiency,2:62,sample_cpu1_freq,1804,MHz
efficiency,2:62,sample_cpu2_freq,1804,MHz
efficiency,2:62,sample_cpu3_freq,1804,MHz
efficiency,2:62,sample_cpu4_freq,2208,MHz
efficiency,2:62,sample_cpu5_freq,2208,MHz
efficiency,2:62,sample_cpu6_freq,2208,MHz
efficiency,2:62,sample_cpu7_freq,2304,MHz
efficiency,2:63,sample_elapsed,9713,ms
efficiency,2:63,sample_power,3.761,W
efficiency,2:63,sample_process_cpu,394.194,% one core
efficiency,2:63,sample_free_ram,1.862,GiB
efficiency,2:63,sample_battery_temp,35.000,C
efficiency,2:63,sample_thermal_status,0,Android PowerManager status
efficiency,2:63,sample_cpu0_freq,1804,MHz
efficiency,2:63,sample_cpu1_freq,1804,MHz
efficiency,2:63,sample_cpu2_freq,1804,MHz
efficiency,2:63,sample_cpu3_freq,1804,MHz
efficiency,2:63,sample_cpu4_freq,2208,MHz
efficiency,2:63,sample_cpu5_freq,2208,MHz
efficiency,2:63,sample_cpu6_freq,2208,MHz
efficiency,2:63,sample_cpu7_freq,2304,MHz
efficiency,2:64,sample_elapsed,9869,ms
efficiency,2:64,sample_power,3.761,W
efficiency,2:64,sample_process_cpu,394.231,% one core
efficiency,2:64,sample_free_ram,1.861,GiB
efficiency,2:64,sample_battery_temp,35.000,C
efficiency,2:64,sample_thermal_status,0,Android PowerManager status
efficiency,2:64,sample_cpu0_freq,1804,MHz
efficiency,2:64,sample_cpu1_freq,1804,MHz
efficiency,2:64,sample_cpu2_freq,1804,MHz
efficiency,2:64,sample_cpu3_freq,1804,MHz
efficiency,2:64,sample_cpu4_freq,2208,MHz
efficiency,2:64,sample_cpu5_freq,2208,MHz
efficiency,2:64,sample_cpu6_freq,2208,MHz
efficiency,2:64,sample_cpu7_freq,2304,MHz
efficiency,2:65,sample_elapsed,10035,ms
efficiency,2:65,sample_power,3.761,W
efficiency,2:65,sample_process_cpu,401.807,% one core
efficiency,2:65,sample_free_ram,1.861,GiB
efficiency,2:65,sample_battery_temp,35.000,C
efficiency,2:65,sample_thermal_status,0,Android PowerManager status
efficiency,2:65,sample_cpu0_freq,1804,MHz
efficiency,2:65,sample_cpu1_freq,1804,MHz
efficiency,2:65,sample_cpu2_freq,1804,MHz
efficiency,2:65,sample_cpu3_freq,1804,MHz
efficiency,2:65,sample_cpu4_freq,2208,MHz
efficiency,2:65,sample_cpu5_freq,2208,MHz
efficiency,2:65,sample_cpu6_freq,2208,MHz
efficiency,2:65,sample_cpu7_freq,2304,MHz
efficiency,2:66,sample_elapsed,10191,ms
efficiency,2:66,sample_power,3.761,W
efficiency,2:66,sample_process_cpu,392.949,% one core
efficiency,2:66,sample_free_ram,1.861,GiB
efficiency,2:66,sample_battery_temp,35.000,C
efficiency,2:66,sample_thermal_status,0,Android PowerManager status
efficiency,2:66,sample_cpu0_freq,1804,MHz
efficiency,2:66,sample_cpu1_freq,1804,MHz
efficiency,2:66,sample_cpu2_freq,1804,MHz
efficiency,2:66,sample_cpu3_freq,1804,MHz
efficiency,2:66,sample_cpu4_freq,2208,MHz
efficiency,2:66,sample_cpu5_freq,2208,MHz
efficiency,2:66,sample_cpu6_freq,2208,MHz
efficiency,2:66,sample_cpu7_freq,2304,MHz
efficiency,2:67,sample_elapsed,10346,ms
efficiency,2:67,sample_power,3.761,W
efficiency,2:67,sample_process_cpu,401.935,% one core
efficiency,2:67,sample_free_ram,1.860,GiB
efficiency,2:67,sample_battery_temp,35.000,C
efficiency,2:67,sample_thermal_status,0,Android PowerManager status
efficiency,2:67,sample_cpu0_freq,1804,MHz
efficiency,2:67,sample_cpu1_freq,1804,MHz
efficiency,2:67,sample_cpu2_freq,1804,MHz
efficiency,2:67,sample_cpu3_freq,1804,MHz
efficiency,2:67,sample_cpu4_freq,2208,MHz
efficiency,2:67,sample_cpu5_freq,2208,MHz
efficiency,2:67,sample_cpu6_freq,2208,MHz
efficiency,2:67,sample_cpu7_freq,2304,MHz
efficiency,2:68,sample_elapsed,10504,ms
efficiency,2:68,sample_power,3.761,W
efficiency,2:68,sample_process_cpu,396.203,% one core
efficiency,2:68,sample_free_ram,1.860,GiB
efficiency,2:68,sample_battery_temp,35.000,C
efficiency,2:68,sample_thermal_status,0,Android PowerManager status
efficiency,2:68,sample_cpu0_freq,1804,MHz
efficiency,2:68,sample_cpu1_freq,1804,MHz
efficiency,2:68,sample_cpu2_freq,1804,MHz
efficiency,2:68,sample_cpu3_freq,1804,MHz
efficiency,2:68,sample_cpu4_freq,2208,MHz
efficiency,2:68,sample_cpu5_freq,2208,MHz
efficiency,2:68,sample_cpu6_freq,2208,MHz
efficiency,2:68,sample_cpu7_freq,2304,MHz
efficiency,2:69,sample_elapsed,10661,ms
efficiency,2:69,sample_power,3.761,W
efficiency,2:69,sample_process_cpu,391.720,% one core
efficiency,2:69,sample_free_ram,1.860,GiB
efficiency,2:69,sample_battery_temp,35.000,C
efficiency,2:69,sample_thermal_status,0,Android PowerManager status
efficiency,2:69,sample_cpu0_freq,1804,MHz
efficiency,2:69,sample_cpu1_freq,1804,MHz
efficiency,2:69,sample_cpu2_freq,1804,MHz
efficiency,2:69,sample_cpu3_freq,1804,MHz
efficiency,2:69,sample_cpu4_freq,2208,MHz
efficiency,2:69,sample_cpu5_freq,2208,MHz
efficiency,2:69,sample_cpu6_freq,2208,MHz
efficiency,2:69,sample_cpu7_freq,2304,MHz
efficiency,2:70,sample_elapsed,10816,ms
efficiency,2:70,sample_power,3.761,W
efficiency,2:70,sample_process_cpu,393.548,% one core
efficiency,2:70,sample_free_ram,1.860,GiB
efficiency,2:70,sample_battery_temp,35.000,C
efficiency,2:70,sample_thermal_status,0,Android PowerManager status
efficiency,2:70,sample_cpu0_freq,1804,MHz
efficiency,2:70,sample_cpu1_freq,1804,MHz
efficiency,2:70,sample_cpu2_freq,1804,MHz
efficiency,2:70,sample_cpu3_freq,1804,MHz
efficiency,2:70,sample_cpu4_freq,2208,MHz
efficiency,2:70,sample_cpu5_freq,2208,MHz
efficiency,2:70,sample_cpu6_freq,2208,MHz
efficiency,2:70,sample_cpu7_freq,2304,MHz
efficiency,2:71,sample_elapsed,10973,ms
efficiency,2:71,sample_power,3.761,W
efficiency,2:71,sample_process_cpu,392.994,% one core
efficiency,2:71,sample_free_ram,1.860,GiB
efficiency,2:71,sample_battery_temp,35.000,C
efficiency,2:71,sample_thermal_status,0,Android PowerManager status
efficiency,2:71,sample_cpu0_freq,1804,MHz
efficiency,2:71,sample_cpu1_freq,1804,MHz
efficiency,2:71,sample_cpu2_freq,1804,MHz
efficiency,2:71,sample_cpu3_freq,1804,MHz
efficiency,2:71,sample_cpu4_freq,2208,MHz
efficiency,2:71,sample_cpu5_freq,2208,MHz
efficiency,2:71,sample_cpu6_freq,2208,MHz
efficiency,2:71,sample_cpu7_freq,2304,MHz
efficiency,2:72,sample_elapsed,11138,ms
efficiency,2:72,sample_power,3.761,W
efficiency,2:72,sample_process_cpu,400.606,% one core
efficiency,2:72,sample_free_ram,1.860,GiB
efficiency,2:72,sample_battery_temp,35.000,C
efficiency,2:72,sample_thermal_status,0,Android PowerManager status
efficiency,2:72,sample_cpu0_freq,1804,MHz
efficiency,2:72,sample_cpu1_freq,1804,MHz
efficiency,2:72,sample_cpu2_freq,1804,MHz
efficiency,2:72,sample_cpu3_freq,1804,MHz
efficiency,2:72,sample_cpu4_freq,2208,MHz
efficiency,2:72,sample_cpu5_freq,2208,MHz
efficiency,2:72,sample_cpu6_freq,2208,MHz
efficiency,2:72,sample_cpu7_freq,2304,MHz
efficiency,2:73,sample_elapsed,11292,ms
efficiency,2:73,sample_power,3.761,W
efficiency,2:73,sample_process_cpu,396.753,% one core
efficiency,2:73,sample_free_ram,1.860,GiB
efficiency,2:73,sample_battery_temp,35.000,C
efficiency,2:73,sample_thermal_status,0,Android PowerManager status
efficiency,2:73,sample_cpu0_freq,1804,MHz
efficiency,2:73,sample_cpu1_freq,1804,MHz
efficiency,2:73,sample_cpu2_freq,1804,MHz
efficiency,2:73,sample_cpu3_freq,1804,MHz
efficiency,2:73,sample_cpu4_freq,2208,MHz
efficiency,2:73,sample_cpu5_freq,2208,MHz
efficiency,2:73,sample_cpu6_freq,2208,MHz
efficiency,2:73,sample_cpu7_freq,2304,MHz
efficiency,2:74,sample_elapsed,11448,ms
efficiency,2:74,sample_power,3.761,W
efficiency,2:74,sample_process_cpu,393.590,% one core
efficiency,2:74,sample_free_ram,1.860,GiB
efficiency,2:74,sample_battery_temp,35.000,C
efficiency,2:74,sample_thermal_status,0,Android PowerManager status
efficiency,2:74,sample_cpu0_freq,1804,MHz
efficiency,2:74,sample_cpu1_freq,1804,MHz
efficiency,2:74,sample_cpu2_freq,1804,MHz
efficiency,2:74,sample_cpu3_freq,1804,MHz
efficiency,2:74,sample_cpu4_freq,2208,MHz
efficiency,2:74,sample_cpu5_freq,2208,MHz
efficiency,2:74,sample_cpu6_freq,2208,MHz
efficiency,2:74,sample_cpu7_freq,2304,MHz
efficiency,2:75,sample_elapsed,11603,ms
efficiency,2:75,sample_power,3.761,W
efficiency,2:75,sample_process_cpu,396.774,% one core
efficiency,2:75,sample_free_ram,1.860,GiB
efficiency,2:75,sample_battery_temp,35.000,C
efficiency,2:75,sample_thermal_status,0,Android PowerManager status
efficiency,2:75,sample_cpu0_freq,1804,MHz
efficiency,2:75,sample_cpu1_freq,1804,MHz
efficiency,2:75,sample_cpu2_freq,1804,MHz
efficiency,2:75,sample_cpu3_freq,1804,MHz
efficiency,2:75,sample_cpu4_freq,2208,MHz
efficiency,2:75,sample_cpu5_freq,2208,MHz
efficiency,2:75,sample_cpu6_freq,2208,MHz
efficiency,2:75,sample_cpu7_freq,2304,MHz
efficiency,2:76,sample_elapsed,11759,ms
efficiency,2:76,sample_power,3.761,W
efficiency,2:76,sample_process_cpu,392.949,% one core
efficiency,2:76,sample_free_ram,1.860,GiB
efficiency,2:76,sample_battery_temp,35.000,C
efficiency,2:76,sample_thermal_status,0,Android PowerManager status
efficiency,2:76,sample_cpu0_freq,1804,MHz
efficiency,2:76,sample_cpu1_freq,1804,MHz
efficiency,2:76,sample_cpu2_freq,1804,MHz
efficiency,2:76,sample_cpu3_freq,1804,MHz
efficiency,2:76,sample_cpu4_freq,2208,MHz
efficiency,2:76,sample_cpu5_freq,2208,MHz
efficiency,2:76,sample_cpu6_freq,2208,MHz
efficiency,2:76,sample_cpu7_freq,2304,MHz
efficiency,2:77,sample_elapsed,11913,ms
efficiency,2:77,sample_power,3.761,W
efficiency,2:77,sample_process_cpu,400.649,% one core
efficiency,2:77,sample_free_ram,1.860,GiB
efficiency,2:77,sample_battery_temp,35.000,C
efficiency,2:77,sample_thermal_status,0,Android PowerManager status
efficiency,2:77,sample_cpu0_freq,1804,MHz
efficiency,2:77,sample_cpu1_freq,1804,MHz
efficiency,2:77,sample_cpu2_freq,1804,MHz
efficiency,2:77,sample_cpu3_freq,1804,MHz
efficiency,2:77,sample_cpu4_freq,2208,MHz
efficiency,2:77,sample_cpu5_freq,2208,MHz
efficiency,2:77,sample_cpu6_freq,2208,MHz
efficiency,2:77,sample_cpu7_freq,2304,MHz
efficiency,2:78,sample_elapsed,12074,ms
efficiency,2:78,sample_power,3.761,W
efficiency,2:78,sample_process_cpu,395.031,% one core
efficiency,2:78,sample_free_ram,1.860,GiB
efficiency,2:78,sample_battery_temp,35.000,C
efficiency,2:78,sample_thermal_status,0,Android PowerManager status
efficiency,2:78,sample_cpu0_freq,1804,MHz
efficiency,2:78,sample_cpu1_freq,1804,MHz
efficiency,2:78,sample_cpu2_freq,1804,MHz
efficiency,2:78,sample_cpu3_freq,1804,MHz
efficiency,2:78,sample_cpu4_freq,2208,MHz
efficiency,2:78,sample_cpu5_freq,2208,MHz
efficiency,2:78,sample_cpu6_freq,2208,MHz
efficiency,2:78,sample_cpu7_freq,2304,MHz
efficiency,2:79,sample_elapsed,12241,ms
efficiency,2:79,sample_power,3.761,W
efficiency,2:79,sample_process_cpu,414.970,% one core
efficiency,2:79,sample_free_ram,1.861,GiB
efficiency,2:79,sample_battery_temp,35.000,C
efficiency,2:79,sample_thermal_status,0,Android PowerManager status
efficiency,2:79,sample_cpu0_freq,1804,MHz
efficiency,2:79,sample_cpu1_freq,1804,MHz
efficiency,2:79,sample_cpu2_freq,1804,MHz
efficiency,2:79,sample_cpu3_freq,1804,MHz
efficiency,2:79,sample_cpu4_freq,2208,MHz
efficiency,2:79,sample_cpu5_freq,2208,MHz
efficiency,2:79,sample_cpu6_freq,2208,MHz
efficiency,2:79,sample_cpu7_freq,2304,MHz
efficiency,2:80,sample_elapsed,12397,ms
efficiency,2:80,sample_power,3.761,W
efficiency,2:80,sample_process_cpu,394.231,% one core
efficiency,2:80,sample_free_ram,1.861,GiB
efficiency,2:80,sample_battery_temp,35.000,C
efficiency,2:80,sample_thermal_status,0,Android PowerManager status
efficiency,2:80,sample_cpu0_freq,1804,MHz
efficiency,2:80,sample_cpu1_freq,1804,MHz
efficiency,2:80,sample_cpu2_freq,1804,MHz
efficiency,2:80,sample_cpu3_freq,1804,MHz
efficiency,2:80,sample_cpu4_freq,2208,MHz
efficiency,2:80,sample_cpu5_freq,2208,MHz
efficiency,2:80,sample_cpu6_freq,2208,MHz
efficiency,2:80,sample_cpu7_freq,2304,MHz
efficiency,2:81,sample_elapsed,12552,ms
efficiency,2:81,sample_power,3.761,W
efficiency,2:81,sample_process_cpu,395.484,% one core
efficiency,2:81,sample_free_ram,1.861,GiB
efficiency,2:81,sample_battery_temp,35.000,C
efficiency,2:81,sample_thermal_status,0,Android PowerManager status
efficiency,2:81,sample_cpu0_freq,1804,MHz
efficiency,2:81,sample_cpu1_freq,1804,MHz
efficiency,2:81,sample_cpu2_freq,1804,MHz
efficiency,2:81,sample_cpu3_freq,1804,MHz
efficiency,2:81,sample_cpu4_freq,2208,MHz
efficiency,2:81,sample_cpu5_freq,2208,MHz
efficiency,2:81,sample_cpu6_freq,2208,MHz
efficiency,2:81,sample_cpu7_freq,2304,MHz
efficiency,2:82,sample_elapsed,12708,ms
efficiency,2:82,sample_power,3.761,W
efficiency,2:82,sample_process_cpu,395.513,% one core
efficiency,2:82,sample_free_ram,1.861,GiB
efficiency,2:82,sample_battery_temp,35.000,C
efficiency,2:82,sample_thermal_status,0,Android PowerManager status
efficiency,2:82,sample_cpu0_freq,1804,MHz
efficiency,2:82,sample_cpu1_freq,1804,MHz
efficiency,2:82,sample_cpu2_freq,1804,MHz
efficiency,2:82,sample_cpu3_freq,1804,MHz
efficiency,2:82,sample_cpu4_freq,2208,MHz
efficiency,2:82,sample_cpu5_freq,2208,MHz
efficiency,2:82,sample_cpu6_freq,2208,MHz
efficiency,2:82,sample_cpu7_freq,2304,MHz
efficiency,2:83,sample_elapsed,12866,ms
efficiency,2:83,sample_power,3.761,W
efficiency,2:83,sample_process_cpu,401.899,% one core
efficiency,2:83,sample_free_ram,1.861,GiB
efficiency,2:83,sample_battery_temp,35.000,C
efficiency,2:83,sample_thermal_status,0,Android PowerManager status
efficiency,2:83,sample_cpu0_freq,1804,MHz
efficiency,2:83,sample_cpu1_freq,1804,MHz
efficiency,2:83,sample_cpu2_freq,1804,MHz
efficiency,2:83,sample_cpu3_freq,1804,MHz
efficiency,2:83,sample_cpu4_freq,2208,MHz
efficiency,2:83,sample_cpu5_freq,2208,MHz
efficiency,2:83,sample_cpu6_freq,2208,MHz
efficiency,2:83,sample_cpu7_freq,2304,MHz
efficiency,3,pp,127.000,tok/s
efficiency,3,tg,14.100,tok/s
efficiency,3,power,1.852,W
efficiency,3,tok_per_w,7.613,tok/W
efficiency,3,ttft_pp512_derived,4102.418,ms
efficiency,3,start_temp,34.800,C
efficiency,3,average_process_cpu,395.437,% one core
efficiency,3,minimum_free_ram,1.840,GiB
efficiency,3,peak_battery_temp,34.800,C
efficiency,3,peak_thermal_status,0,Android PowerManager status
efficiency,3:1,sample_elapsed,0,ms
efficiency,3:1,sample_power,0.725,W
efficiency,3:1,sample_process_cpu,0.000,% one core
efficiency,3:1,sample_free_ram,1.934,GiB
efficiency,3:1,sample_battery_temp,34.800,C
efficiency,3:1,sample_thermal_status,0,Android PowerManager status
efficiency,3:1,sample_cpu0_freq,595,MHz
efficiency,3:1,sample_cpu1_freq,595,MHz
efficiency,3:1,sample_cpu2_freq,595,MHz
efficiency,3:1,sample_cpu3_freq,595,MHz
efficiency,3:1,sample_cpu4_freq,2208,MHz
efficiency,3:1,sample_cpu5_freq,2208,MHz
efficiency,3:1,sample_cpu6_freq,2208,MHz
efficiency,3:1,sample_cpu7_freq,633,MHz
efficiency,3:2,sample_elapsed,159,ms
efficiency,3:2,sample_power,0.725,W
efficiency,3:2,sample_process_cpu,357.233,% one core
efficiency,3:2,sample_free_ram,1.896,GiB
efficiency,3:2,sample_battery_temp,34.800,C
efficiency,3:2,sample_thermal_status,0,Android PowerManager status
efficiency,3:2,sample_cpu0_freq,1804,MHz
efficiency,3:2,sample_cpu1_freq,1804,MHz
efficiency,3:2,sample_cpu2_freq,1804,MHz
efficiency,3:2,sample_cpu3_freq,1804,MHz
efficiency,3:2,sample_cpu4_freq,2208,MHz
efficiency,3:2,sample_cpu5_freq,2208,MHz
efficiency,3:2,sample_cpu6_freq,2208,MHz
efficiency,3:2,sample_cpu7_freq,2304,MHz
efficiency,3:3,sample_elapsed,311,ms
efficiency,3:3,sample_power,0.725,W
efficiency,3:3,sample_process_cpu,393.421,% one core
efficiency,3:3,sample_free_ram,1.861,GiB
efficiency,3:3,sample_battery_temp,34.800,C
efficiency,3:3,sample_thermal_status,0,Android PowerManager status
efficiency,3:3,sample_cpu0_freq,1804,MHz
efficiency,3:3,sample_cpu1_freq,1804,MHz
efficiency,3:3,sample_cpu2_freq,1804,MHz
efficiency,3:3,sample_cpu3_freq,1804,MHz
efficiency,3:3,sample_cpu4_freq,2208,MHz
efficiency,3:3,sample_cpu5_freq,2208,MHz
efficiency,3:3,sample_cpu6_freq,2208,MHz
efficiency,3:3,sample_cpu7_freq,2304,MHz
efficiency,3:4,sample_elapsed,463,ms
efficiency,3:4,sample_power,0.725,W
efficiency,3:4,sample_process_cpu,399.342,% one core
efficiency,3:4,sample_free_ram,1.861,GiB
efficiency,3:4,sample_battery_temp,34.800,C
efficiency,3:4,sample_thermal_status,0,Android PowerManager status
efficiency,3:4,sample_cpu0_freq,1804,MHz
efficiency,3:4,sample_cpu1_freq,1804,MHz
efficiency,3:4,sample_cpu2_freq,1804,MHz
efficiency,3:4,sample_cpu3_freq,1804,MHz
efficiency,3:4,sample_cpu4_freq,2208,MHz
efficiency,3:4,sample_cpu5_freq,2208,MHz
efficiency,3:4,sample_cpu6_freq,2208,MHz
efficiency,3:4,sample_cpu7_freq,2304,MHz
efficiency,3:5,sample_elapsed,616,ms
efficiency,3:5,sample_power,0.725,W
efficiency,3:5,sample_process_cpu,390.196,% one core
efficiency,3:5,sample_free_ram,1.861,GiB
efficiency,3:5,sample_battery_temp,34.800,C
efficiency,3:5,sample_thermal_status,0,Android PowerManager status
efficiency,3:5,sample_cpu0_freq,1804,MHz
efficiency,3:5,sample_cpu1_freq,1804,MHz
efficiency,3:5,sample_cpu2_freq,1804,MHz
efficiency,3:5,sample_cpu3_freq,1804,MHz
efficiency,3:5,sample_cpu4_freq,2208,MHz
efficiency,3:5,sample_cpu5_freq,2208,MHz
efficiency,3:5,sample_cpu6_freq,2208,MHz
efficiency,3:5,sample_cpu7_freq,2304,MHz
efficiency,3:6,sample_elapsed,768,ms
efficiency,3:6,sample_power,0.725,W
efficiency,3:6,sample_process_cpu,394.737,% one core
efficiency,3:6,sample_free_ram,1.861,GiB
efficiency,3:6,sample_battery_temp,34.800,C
efficiency,3:6,sample_thermal_status,0,Android PowerManager status
efficiency,3:6,sample_cpu0_freq,1804,MHz
efficiency,3:6,sample_cpu1_freq,1804,MHz
efficiency,3:6,sample_cpu2_freq,1804,MHz
efficiency,3:6,sample_cpu3_freq,1804,MHz
efficiency,3:6,sample_cpu4_freq,2208,MHz
efficiency,3:6,sample_cpu5_freq,2208,MHz
efficiency,3:6,sample_cpu6_freq,2208,MHz
efficiency,3:6,sample_cpu7_freq,2304,MHz
efficiency,3:7,sample_elapsed,921,ms
efficiency,3:7,sample_power,0.725,W
efficiency,3:7,sample_process_cpu,392.810,% one core
efficiency,3:7,sample_free_ram,1.860,GiB
efficiency,3:7,sample_battery_temp,34.800,C
efficiency,3:7,sample_thermal_status,0,Android PowerManager status
efficiency,3:7,sample_cpu0_freq,1804,MHz
efficiency,3:7,sample_cpu1_freq,1804,MHz
efficiency,3:7,sample_cpu2_freq,1804,MHz
efficiency,3:7,sample_cpu3_freq,1804,MHz
efficiency,3:7,sample_cpu4_freq,2208,MHz
efficiency,3:7,sample_cpu5_freq,2208,MHz
efficiency,3:7,sample_cpu6_freq,2208,MHz
efficiency,3:7,sample_cpu7_freq,2304,MHz
efficiency,3:8,sample_elapsed,1074,ms
efficiency,3:8,sample_power,0.725,W
efficiency,3:8,sample_process_cpu,402.614,% one core
efficiency,3:8,sample_free_ram,1.860,GiB
efficiency,3:8,sample_battery_temp,34.800,C
efficiency,3:8,sample_thermal_status,0,Android PowerManager status
efficiency,3:8,sample_cpu0_freq,1804,MHz
efficiency,3:8,sample_cpu1_freq,1804,MHz
efficiency,3:8,sample_cpu2_freq,1804,MHz
efficiency,3:8,sample_cpu3_freq,1804,MHz
efficiency,3:8,sample_cpu4_freq,2208,MHz
efficiency,3:8,sample_cpu5_freq,2208,MHz
efficiency,3:8,sample_cpu6_freq,2208,MHz
efficiency,3:8,sample_cpu7_freq,2304,MHz
efficiency,3:9,sample_elapsed,1228,ms
efficiency,3:9,sample_power,0.725,W
efficiency,3:9,sample_process_cpu,405.195,% one core
efficiency,3:9,sample_free_ram,1.859,GiB
efficiency,3:9,sample_battery_temp,34.800,C
efficiency,3:9,sample_thermal_status,0,Android PowerManager status
efficiency,3:9,sample_cpu0_freq,1804,MHz
efficiency,3:9,sample_cpu1_freq,1804,MHz
efficiency,3:9,sample_cpu2_freq,1804,MHz
efficiency,3:9,sample_cpu3_freq,1804,MHz
efficiency,3:9,sample_cpu4_freq,2208,MHz
efficiency,3:9,sample_cpu5_freq,2208,MHz
efficiency,3:9,sample_cpu6_freq,2208,MHz
efficiency,3:9,sample_cpu7_freq,2304,MHz
efficiency,3:10,sample_elapsed,1384,ms
efficiency,3:10,sample_power,0.725,W
efficiency,3:10,sample_process_cpu,388.462,% one core
efficiency,3:10,sample_free_ram,1.859,GiB
efficiency,3:10,sample_battery_temp,34.800,C
efficiency,3:10,sample_thermal_status,0,Android PowerManager status
efficiency,3:10,sample_cpu0_freq,1804,MHz
efficiency,3:10,sample_cpu1_freq,1804,MHz
efficiency,3:10,sample_cpu2_freq,1804,MHz
efficiency,3:10,sample_cpu3_freq,1804,MHz
efficiency,3:10,sample_cpu4_freq,2208,MHz
efficiency,3:10,sample_cpu5_freq,2208,MHz
efficiency,3:10,sample_cpu6_freq,2208,MHz
efficiency,3:10,sample_cpu7_freq,2304,MHz
efficiency,3:11,sample_elapsed,1537,ms
efficiency,3:11,sample_power,0.725,W
efficiency,3:11,sample_process_cpu,403.268,% one core
efficiency,3:11,sample_free_ram,1.858,GiB
efficiency,3:11,sample_battery_temp,34.800,C
efficiency,3:11,sample_thermal_status,0,Android PowerManager status
efficiency,3:11,sample_cpu0_freq,1804,MHz
efficiency,3:11,sample_cpu1_freq,1804,MHz
efficiency,3:11,sample_cpu2_freq,1804,MHz
efficiency,3:11,sample_cpu3_freq,1804,MHz
efficiency,3:11,sample_cpu4_freq,2208,MHz
efficiency,3:11,sample_cpu5_freq,2208,MHz
efficiency,3:11,sample_cpu6_freq,2208,MHz
efficiency,3:11,sample_cpu7_freq,2304,MHz
efficiency,3:12,sample_elapsed,1691,ms
efficiency,3:12,sample_power,0.725,W
efficiency,3:12,sample_process_cpu,393.506,% one core
efficiency,3:12,sample_free_ram,1.858,GiB
efficiency,3:12,sample_battery_temp,34.800,C
efficiency,3:12,sample_thermal_status,0,Android PowerManager status
efficiency,3:12,sample_cpu0_freq,1804,MHz
efficiency,3:12,sample_cpu1_freq,1804,MHz
efficiency,3:12,sample_cpu2_freq,1804,MHz
efficiency,3:12,sample_cpu3_freq,1804,MHz
efficiency,3:12,sample_cpu4_freq,2208,MHz
efficiency,3:12,sample_cpu5_freq,2208,MHz
efficiency,3:12,sample_cpu6_freq,2208,MHz
efficiency,3:12,sample_cpu7_freq,2304,MHz
efficiency,3:13,sample_elapsed,1856,ms
efficiency,3:13,sample_power,0.725,W
efficiency,3:13,sample_process_cpu,391.515,% one core
efficiency,3:13,sample_free_ram,1.856,GiB
efficiency,3:13,sample_battery_temp,34.800,C
efficiency,3:13,sample_thermal_status,0,Android PowerManager status
efficiency,3:13,sample_cpu0_freq,1804,MHz
efficiency,3:13,sample_cpu1_freq,1804,MHz
efficiency,3:13,sample_cpu2_freq,1804,MHz
efficiency,3:13,sample_cpu3_freq,1804,MHz
efficiency,3:13,sample_cpu4_freq,2208,MHz
efficiency,3:13,sample_cpu5_freq,2208,MHz
efficiency,3:13,sample_cpu6_freq,2208,MHz
efficiency,3:13,sample_cpu7_freq,2304,MHz
efficiency,3:14,sample_elapsed,2011,ms
efficiency,3:14,sample_power,0.725,W
efficiency,3:14,sample_process_cpu,400.645,% one core
efficiency,3:14,sample_free_ram,1.856,GiB
efficiency,3:14,sample_battery_temp,34.800,C
efficiency,3:14,sample_thermal_status,0,Android PowerManager status
efficiency,3:14,sample_cpu0_freq,1804,MHz
efficiency,3:14,sample_cpu1_freq,1804,MHz
efficiency,3:14,sample_cpu2_freq,1804,MHz
efficiency,3:14,sample_cpu3_freq,1804,MHz
efficiency,3:14,sample_cpu4_freq,2208,MHz
efficiency,3:14,sample_cpu5_freq,2208,MHz
efficiency,3:14,sample_cpu6_freq,2208,MHz
efficiency,3:14,sample_cpu7_freq,2304,MHz
efficiency,3:15,sample_elapsed,2164,ms
efficiency,3:15,sample_power,0.725,W
efficiency,3:15,sample_process_cpu,388.235,% one core
efficiency,3:15,sample_free_ram,1.854,GiB
efficiency,3:15,sample_battery_temp,34.800,C
efficiency,3:15,sample_thermal_status,0,Android PowerManager status
efficiency,3:15,sample_cpu0_freq,1804,MHz
efficiency,3:15,sample_cpu1_freq,1804,MHz
efficiency,3:15,sample_cpu2_freq,1804,MHz
efficiency,3:15,sample_cpu3_freq,1804,MHz
efficiency,3:15,sample_cpu4_freq,2208,MHz
efficiency,3:15,sample_cpu5_freq,2208,MHz
efficiency,3:15,sample_cpu6_freq,2208,MHz
efficiency,3:15,sample_cpu7_freq,2304,MHz
efficiency,3:16,sample_elapsed,2321,ms
efficiency,3:16,sample_power,0.725,W
efficiency,3:16,sample_process_cpu,373.885,% one core
efficiency,3:16,sample_free_ram,1.851,GiB
efficiency,3:16,sample_battery_temp,34.800,C
efficiency,3:16,sample_thermal_status,0,Android PowerManager status
efficiency,3:16,sample_cpu0_freq,1804,MHz
efficiency,3:16,sample_cpu1_freq,1804,MHz
efficiency,3:16,sample_cpu2_freq,1804,MHz
efficiency,3:16,sample_cpu3_freq,1804,MHz
efficiency,3:16,sample_cpu4_freq,2208,MHz
efficiency,3:16,sample_cpu5_freq,2208,MHz
efficiency,3:16,sample_cpu6_freq,2208,MHz
efficiency,3:16,sample_cpu7_freq,2304,MHz
efficiency,3:17,sample_elapsed,2474,ms
efficiency,3:17,sample_power,0.725,W
efficiency,3:17,sample_process_cpu,392.157,% one core
efficiency,3:17,sample_free_ram,1.851,GiB
efficiency,3:17,sample_battery_temp,34.800,C
efficiency,3:17,sample_thermal_status,0,Android PowerManager status
efficiency,3:17,sample_cpu0_freq,1804,MHz
efficiency,3:17,sample_cpu1_freq,1804,MHz
efficiency,3:17,sample_cpu2_freq,1804,MHz
efficiency,3:17,sample_cpu3_freq,1804,MHz
efficiency,3:17,sample_cpu4_freq,2208,MHz
efficiency,3:17,sample_cpu5_freq,2208,MHz
efficiency,3:17,sample_cpu6_freq,2208,MHz
efficiency,3:17,sample_cpu7_freq,2304,MHz
efficiency,3:18,sample_elapsed,2629,ms
efficiency,3:18,sample_power,0.725,W
efficiency,3:18,sample_process_cpu,396.774,% one core
efficiency,3:18,sample_free_ram,1.851,GiB
efficiency,3:18,sample_battery_temp,34.800,C
efficiency,3:18,sample_thermal_status,0,Android PowerManager status
efficiency,3:18,sample_cpu0_freq,1804,MHz
efficiency,3:18,sample_cpu1_freq,1804,MHz
efficiency,3:18,sample_cpu2_freq,1804,MHz
efficiency,3:18,sample_cpu3_freq,1804,MHz
efficiency,3:18,sample_cpu4_freq,2208,MHz
efficiency,3:18,sample_cpu5_freq,2208,MHz
efficiency,3:18,sample_cpu6_freq,2208,MHz
efficiency,3:18,sample_cpu7_freq,2304,MHz
efficiency,3:19,sample_elapsed,2783,ms
efficiency,3:19,sample_power,0.725,W
efficiency,3:19,sample_process_cpu,394.156,% one core
efficiency,3:19,sample_free_ram,1.851,GiB
efficiency,3:19,sample_battery_temp,34.800,C
efficiency,3:19,sample_thermal_status,0,Android PowerManager status
efficiency,3:19,sample_cpu0_freq,1804,MHz
efficiency,3:19,sample_cpu1_freq,1804,MHz
efficiency,3:19,sample_cpu2_freq,1804,MHz
efficiency,3:19,sample_cpu3_freq,1804,MHz
efficiency,3:19,sample_cpu4_freq,2208,MHz
efficiency,3:19,sample_cpu5_freq,2208,MHz
efficiency,3:19,sample_cpu6_freq,2208,MHz
efficiency,3:19,sample_cpu7_freq,2304,MHz
efficiency,3:20,sample_elapsed,2936,ms
efficiency,3:20,sample_power,0.725,W
efficiency,3:20,sample_process_cpu,400.000,% one core
efficiency,3:20,sample_free_ram,1.851,GiB
efficiency,3:20,sample_battery_temp,34.800,C
efficiency,3:20,sample_thermal_status,0,Android PowerManager status
efficiency,3:20,sample_cpu0_freq,1804,MHz
efficiency,3:20,sample_cpu1_freq,1804,MHz
efficiency,3:20,sample_cpu2_freq,1804,MHz
efficiency,3:20,sample_cpu3_freq,1804,MHz
efficiency,3:20,sample_cpu4_freq,2208,MHz
efficiency,3:20,sample_cpu5_freq,2208,MHz
efficiency,3:20,sample_cpu6_freq,2208,MHz
efficiency,3:20,sample_cpu7_freq,2304,MHz
efficiency,3:21,sample_elapsed,3092,ms
efficiency,3:21,sample_power,0.725,W
efficiency,3:21,sample_process_cpu,391.026,% one core
efficiency,3:21,sample_free_ram,1.851,GiB
efficiency,3:21,sample_battery_temp,34.800,C
efficiency,3:21,sample_thermal_status,0,Android PowerManager status
efficiency,3:21,sample_cpu0_freq,1804,MHz
efficiency,3:21,sample_cpu1_freq,1804,MHz
efficiency,3:21,sample_cpu2_freq,1804,MHz
efficiency,3:21,sample_cpu3_freq,1804,MHz
efficiency,3:21,sample_cpu4_freq,2208,MHz
efficiency,3:21,sample_cpu5_freq,2208,MHz
efficiency,3:21,sample_cpu6_freq,2208,MHz
efficiency,3:21,sample_cpu7_freq,2304,MHz
efficiency,3:22,sample_elapsed,3246,ms
efficiency,3:22,sample_power,0.725,W
efficiency,3:22,sample_process_cpu,404.545,% one core
efficiency,3:22,sample_free_ram,1.850,GiB
efficiency,3:22,sample_battery_temp,34.800,C
efficiency,3:22,sample_thermal_status,0,Android PowerManager status
efficiency,3:22,sample_cpu0_freq,1804,MHz
efficiency,3:22,sample_cpu1_freq,1804,MHz
efficiency,3:22,sample_cpu2_freq,1804,MHz
efficiency,3:22,sample_cpu3_freq,1804,MHz
efficiency,3:22,sample_cpu4_freq,2208,MHz
efficiency,3:22,sample_cpu5_freq,2208,MHz
efficiency,3:22,sample_cpu6_freq,2208,MHz
efficiency,3:22,sample_cpu7_freq,2304,MHz
efficiency,3:23,sample_elapsed,3401,ms
efficiency,3:23,sample_power,0.725,W
efficiency,3:23,sample_process_cpu,393.548,% one core
efficiency,3:23,sample_free_ram,1.850,GiB
efficiency,3:23,sample_battery_temp,34.800,C
efficiency,3:23,sample_thermal_status,0,Android PowerManager status
efficiency,3:23,sample_cpu0_freq,1804,MHz
efficiency,3:23,sample_cpu1_freq,1804,MHz
efficiency,3:23,sample_cpu2_freq,1804,MHz
efficiency,3:23,sample_cpu3_freq,1804,MHz
efficiency,3:23,sample_cpu4_freq,2208,MHz
efficiency,3:23,sample_cpu5_freq,2208,MHz
efficiency,3:23,sample_cpu6_freq,2208,MHz
efficiency,3:23,sample_cpu7_freq,2304,MHz
efficiency,3:24,sample_elapsed,3554,ms
efficiency,3:24,sample_power,0.725,W
efficiency,3:24,sample_process_cpu,401.307,% one core
efficiency,3:24,sample_free_ram,1.850,GiB
efficiency,3:24,sample_battery_temp,34.800,C
efficiency,3:24,sample_thermal_status,0,Android PowerManager status
efficiency,3:24,sample_cpu0_freq,1804,MHz
efficiency,3:24,sample_cpu1_freq,1804,MHz
efficiency,3:24,sample_cpu2_freq,1804,MHz
efficiency,3:24,sample_cpu3_freq,1804,MHz
efficiency,3:24,sample_cpu4_freq,2208,MHz
efficiency,3:24,sample_cpu5_freq,2208,MHz
efficiency,3:24,sample_cpu6_freq,2208,MHz
efficiency,3:24,sample_cpu7_freq,2304,MHz
efficiency,3:25,sample_elapsed,3708,ms
efficiency,3:25,sample_power,0.725,W
efficiency,3:25,sample_process_cpu,401.948,% one core
efficiency,3:25,sample_free_ram,1.850,GiB
efficiency,3:25,sample_battery_temp,34.800,C
efficiency,3:25,sample_thermal_status,0,Android PowerManager status
efficiency,3:25,sample_cpu0_freq,1804,MHz
efficiency,3:25,sample_cpu1_freq,1804,MHz
efficiency,3:25,sample_cpu2_freq,1804,MHz
efficiency,3:25,sample_cpu3_freq,1804,MHz
efficiency,3:25,sample_cpu4_freq,2208,MHz
efficiency,3:25,sample_cpu5_freq,2208,MHz
efficiency,3:25,sample_cpu6_freq,2208,MHz
efficiency,3:25,sample_cpu7_freq,2304,MHz
efficiency,3:26,sample_elapsed,3863,ms
efficiency,3:26,sample_power,0.725,W
efficiency,3:26,sample_process_cpu,394.839,% one core
efficiency,3:26,sample_free_ram,1.850,GiB
efficiency,3:26,sample_battery_temp,34.800,C
efficiency,3:26,sample_thermal_status,0,Android PowerManager status
efficiency,3:26,sample_cpu0_freq,1804,MHz
efficiency,3:26,sample_cpu1_freq,1804,MHz
efficiency,3:26,sample_cpu2_freq,1804,MHz
efficiency,3:26,sample_cpu3_freq,1804,MHz
efficiency,3:26,sample_cpu4_freq,2208,MHz
efficiency,3:26,sample_cpu5_freq,2208,MHz
efficiency,3:26,sample_cpu6_freq,2208,MHz
efficiency,3:26,sample_cpu7_freq,2304,MHz
efficiency,3:27,sample_elapsed,4017,ms
efficiency,3:27,sample_power,0.725,W
efficiency,3:27,sample_process_cpu,397.403,% one core
efficiency,3:27,sample_free_ram,1.850,GiB
efficiency,3:27,sample_battery_temp,34.800,C
efficiency,3:27,sample_thermal_status,0,Android PowerManager status
efficiency,3:27,sample_cpu0_freq,1804,MHz
efficiency,3:27,sample_cpu1_freq,1804,MHz
efficiency,3:27,sample_cpu2_freq,1804,MHz
efficiency,3:27,sample_cpu3_freq,1804,MHz
efficiency,3:27,sample_cpu4_freq,2208,MHz
efficiency,3:27,sample_cpu5_freq,2208,MHz
efficiency,3:27,sample_cpu6_freq,2208,MHz
efficiency,3:27,sample_cpu7_freq,2304,MHz
efficiency,3:28,sample_elapsed,4171,ms
efficiency,3:28,sample_power,0.725,W
efficiency,3:28,sample_process_cpu,398.052,% one core
efficiency,3:28,sample_free_ram,1.850,GiB
efficiency,3:28,sample_battery_temp,34.800,C
efficiency,3:28,sample_thermal_status,0,Android PowerManager status
efficiency,3:28,sample_cpu0_freq,1804,MHz
efficiency,3:28,sample_cpu1_freq,1804,MHz
efficiency,3:28,sample_cpu2_freq,1804,MHz
efficiency,3:28,sample_cpu3_freq,1804,MHz
efficiency,3:28,sample_cpu4_freq,2208,MHz
efficiency,3:28,sample_cpu5_freq,2208,MHz
efficiency,3:28,sample_cpu6_freq,2208,MHz
efficiency,3:28,sample_cpu7_freq,2304,MHz
efficiency,3:29,sample_elapsed,4331,ms
efficiency,3:29,sample_power,0.725,W
efficiency,3:29,sample_process_cpu,395.000,% one core
efficiency,3:29,sample_free_ram,1.850,GiB
efficiency,3:29,sample_battery_temp,34.800,C
efficiency,3:29,sample_thermal_status,0,Android PowerManager status
efficiency,3:29,sample_cpu0_freq,1804,MHz
efficiency,3:29,sample_cpu1_freq,1804,MHz
efficiency,3:29,sample_cpu2_freq,1804,MHz
efficiency,3:29,sample_cpu3_freq,1804,MHz
efficiency,3:29,sample_cpu4_freq,2208,MHz
efficiency,3:29,sample_cpu5_freq,2208,MHz
efficiency,3:29,sample_cpu6_freq,2208,MHz
efficiency,3:29,sample_cpu7_freq,2304,MHz
efficiency,3:30,sample_elapsed,4487,ms
efficiency,3:30,sample_power,0.725,W
efficiency,3:30,sample_process_cpu,403.205,% one core
efficiency,3:30,sample_free_ram,1.850,GiB
efficiency,3:30,sample_battery_temp,34.800,C
efficiency,3:30,sample_thermal_status,0,Android PowerManager status
efficiency,3:30,sample_cpu0_freq,1804,MHz
efficiency,3:30,sample_cpu1_freq,1804,MHz
efficiency,3:30,sample_cpu2_freq,1804,MHz
efficiency,3:30,sample_cpu3_freq,1804,MHz
efficiency,3:30,sample_cpu4_freq,2208,MHz
efficiency,3:30,sample_cpu5_freq,2208,MHz
efficiency,3:30,sample_cpu6_freq,2208,MHz
efficiency,3:30,sample_cpu7_freq,2304,MHz
efficiency,3:31,sample_elapsed,4642,ms
efficiency,3:31,sample_power,0.725,W
efficiency,3:31,sample_process_cpu,395.484,% one core
efficiency,3:31,sample_free_ram,1.849,GiB
efficiency,3:31,sample_battery_temp,34.800,C
efficiency,3:31,sample_thermal_status,0,Android PowerManager status
efficiency,3:31,sample_cpu0_freq,1804,MHz
efficiency,3:31,sample_cpu1_freq,1804,MHz
efficiency,3:31,sample_cpu2_freq,1804,MHz
efficiency,3:31,sample_cpu3_freq,1804,MHz
efficiency,3:31,sample_cpu4_freq,2208,MHz
efficiency,3:31,sample_cpu5_freq,2208,MHz
efficiency,3:31,sample_cpu6_freq,2208,MHz
efficiency,3:31,sample_cpu7_freq,2304,MHz
efficiency,3:32,sample_elapsed,4798,ms
efficiency,3:32,sample_power,0.725,W
efficiency,3:32,sample_process_cpu,393.590,% one core
efficiency,3:32,sample_free_ram,1.849,GiB
efficiency,3:32,sample_battery_temp,34.800,C
efficiency,3:32,sample_thermal_status,0,Android PowerManager status
efficiency,3:32,sample_cpu0_freq,1804,MHz
efficiency,3:32,sample_cpu1_freq,1804,MHz
efficiency,3:32,sample_cpu2_freq,1804,MHz
efficiency,3:32,sample_cpu3_freq,1804,MHz
efficiency,3:32,sample_cpu4_freq,2208,MHz
efficiency,3:32,sample_cpu5_freq,2208,MHz
efficiency,3:32,sample_cpu6_freq,2208,MHz
efficiency,3:32,sample_cpu7_freq,2304,MHz
efficiency,3:33,sample_elapsed,4954,ms
efficiency,3:33,sample_power,0.725,W
efficiency,3:33,sample_process_cpu,393.590,% one core
efficiency,3:33,sample_free_ram,1.849,GiB
efficiency,3:33,sample_battery_temp,34.800,C
efficiency,3:33,sample_thermal_status,0,Android PowerManager status
efficiency,3:33,sample_cpu0_freq,1804,MHz
efficiency,3:33,sample_cpu1_freq,1804,MHz
efficiency,3:33,sample_cpu2_freq,1804,MHz
efficiency,3:33,sample_cpu3_freq,1804,MHz
efficiency,3:33,sample_cpu4_freq,2208,MHz
efficiency,3:33,sample_cpu5_freq,2208,MHz
efficiency,3:33,sample_cpu6_freq,2208,MHz
efficiency,3:33,sample_cpu7_freq,2304,MHz
efficiency,3:34,sample_elapsed,5109,ms
efficiency,3:34,sample_power,0.725,W
efficiency,3:34,sample_process_cpu,398.065,% one core
efficiency,3:34,sample_free_ram,1.849,GiB
efficiency,3:34,sample_battery_temp,34.800,C
efficiency,3:34,sample_thermal_status,0,Android PowerManager status
efficiency,3:34,sample_cpu0_freq,1804,MHz
efficiency,3:34,sample_cpu1_freq,1804,MHz
efficiency,3:34,sample_cpu2_freq,1804,MHz
efficiency,3:34,sample_cpu3_freq,1804,MHz
efficiency,3:34,sample_cpu4_freq,2208,MHz
efficiency,3:34,sample_cpu5_freq,2208,MHz
efficiency,3:34,sample_cpu6_freq,2208,MHz
efficiency,3:34,sample_cpu7_freq,2304,MHz
efficiency,3:35,sample_elapsed,5266,ms
efficiency,3:35,sample_power,0.725,W
efficiency,3:35,sample_process_cpu,392.357,% one core
efficiency,3:35,sample_free_ram,1.849,GiB
efficiency,3:35,sample_battery_temp,34.800,C
efficiency,3:35,sample_thermal_status,0,Android PowerManager status
efficiency,3:35,sample_cpu0_freq,1804,MHz
efficiency,3:35,sample_cpu1_freq,1804,MHz
efficiency,3:35,sample_cpu2_freq,1804,MHz
efficiency,3:35,sample_cpu3_freq,1804,MHz
efficiency,3:35,sample_cpu4_freq,2208,MHz
efficiency,3:35,sample_cpu5_freq,2208,MHz
efficiency,3:35,sample_cpu6_freq,2208,MHz
efficiency,3:35,sample_cpu7_freq,2304,MHz
efficiency,3:36,sample_elapsed,5421,ms
efficiency,3:36,sample_power,0.725,W
efficiency,3:36,sample_process_cpu,399.355,% one core
efficiency,3:36,sample_free_ram,1.849,GiB
efficiency,3:36,sample_battery_temp,34.800,C
efficiency,3:36,sample_thermal_status,0,Android PowerManager status
efficiency,3:36,sample_cpu0_freq,1804,MHz
efficiency,3:36,sample_cpu1_freq,1804,MHz
efficiency,3:36,sample_cpu2_freq,1804,MHz
efficiency,3:36,sample_cpu3_freq,1804,MHz
efficiency,3:36,sample_cpu4_freq,2208,MHz
efficiency,3:36,sample_cpu5_freq,2208,MHz
efficiency,3:36,sample_cpu6_freq,2208,MHz
efficiency,3:36,sample_cpu7_freq,2304,MHz
efficiency,3:37,sample_elapsed,5578,ms
efficiency,3:37,sample_power,0.725,W
efficiency,3:37,sample_process_cpu,396.178,% one core
efficiency,3:37,sample_free_ram,1.849,GiB
efficiency,3:37,sample_battery_temp,34.800,C
efficiency,3:37,sample_thermal_status,0,Android PowerManager status
efficiency,3:37,sample_cpu0_freq,1804,MHz
efficiency,3:37,sample_cpu1_freq,1804,MHz
efficiency,3:37,sample_cpu2_freq,1804,MHz
efficiency,3:37,sample_cpu3_freq,1804,MHz
efficiency,3:37,sample_cpu4_freq,2208,MHz
efficiency,3:37,sample_cpu5_freq,2208,MHz
efficiency,3:37,sample_cpu6_freq,2208,MHz
efficiency,3:37,sample_cpu7_freq,2304,MHz
efficiency,3:38,sample_elapsed,5733,ms
efficiency,3:38,sample_power,0.725,W
efficiency,3:38,sample_process_cpu,396.129,% one core
efficiency,3:38,sample_free_ram,1.849,GiB
efficiency,3:38,sample_battery_temp,34.800,C
efficiency,3:38,sample_thermal_status,0,Android PowerManager status
efficiency,3:38,sample_cpu0_freq,1804,MHz
efficiency,3:38,sample_cpu1_freq,1804,MHz
efficiency,3:38,sample_cpu2_freq,1804,MHz
efficiency,3:38,sample_cpu3_freq,1804,MHz
efficiency,3:38,sample_cpu4_freq,2208,MHz
efficiency,3:38,sample_cpu5_freq,2208,MHz
efficiency,3:38,sample_cpu6_freq,2208,MHz
efficiency,3:38,sample_cpu7_freq,2304,MHz
efficiency,3:39,sample_elapsed,5888,ms
efficiency,3:39,sample_power,0.725,W
efficiency,3:39,sample_process_cpu,394.839,% one core
efficiency,3:39,sample_free_ram,1.849,GiB
efficiency,3:39,sample_battery_temp,34.800,C
efficiency,3:39,sample_thermal_status,0,Android PowerManager status
efficiency,3:39,sample_cpu0_freq,1804,MHz
efficiency,3:39,sample_cpu1_freq,1804,MHz
efficiency,3:39,sample_cpu2_freq,1804,MHz
efficiency,3:39,sample_cpu3_freq,1804,MHz
efficiency,3:39,sample_cpu4_freq,2208,MHz
efficiency,3:39,sample_cpu5_freq,2208,MHz
efficiency,3:39,sample_cpu6_freq,2208,MHz
efficiency,3:39,sample_cpu7_freq,2304,MHz
efficiency,3:40,sample_elapsed,6046,ms
efficiency,3:40,sample_power,0.725,W
efficiency,3:40,sample_process_cpu,393.038,% one core
efficiency,3:40,sample_free_ram,1.849,GiB
efficiency,3:40,sample_battery_temp,34.800,C
efficiency,3:40,sample_thermal_status,0,Android PowerManager status
efficiency,3:40,sample_cpu0_freq,1804,MHz
efficiency,3:40,sample_cpu1_freq,1804,MHz
efficiency,3:40,sample_cpu2_freq,1804,MHz
efficiency,3:40,sample_cpu3_freq,1804,MHz
efficiency,3:40,sample_cpu4_freq,2208,MHz
efficiency,3:40,sample_cpu5_freq,2208,MHz
efficiency,3:40,sample_cpu6_freq,2208,MHz
efficiency,3:40,sample_cpu7_freq,2304,MHz
efficiency,3:41,sample_elapsed,6205,ms
efficiency,3:41,sample_power,0.725,W
efficiency,3:41,sample_process_cpu,398.742,% one core
efficiency,3:41,sample_free_ram,1.849,GiB
efficiency,3:41,sample_battery_temp,34.800,C
efficiency,3:41,sample_thermal_status,0,Android PowerManager status
efficiency,3:41,sample_cpu0_freq,1804,MHz
efficiency,3:41,sample_cpu1_freq,1804,MHz
efficiency,3:41,sample_cpu2_freq,1804,MHz
efficiency,3:41,sample_cpu3_freq,1804,MHz
efficiency,3:41,sample_cpu4_freq,2208,MHz
efficiency,3:41,sample_cpu5_freq,2208,MHz
efficiency,3:41,sample_cpu6_freq,2208,MHz
efficiency,3:41,sample_cpu7_freq,2304,MHz
efficiency,3:42,sample_elapsed,6361,ms
efficiency,3:42,sample_power,0.725,W
efficiency,3:42,sample_process_cpu,396.154,% one core
efficiency,3:42,sample_free_ram,1.849,GiB
efficiency,3:42,sample_battery_temp,34.800,C
efficiency,3:42,sample_thermal_status,0,Android PowerManager status
efficiency,3:42,sample_cpu0_freq,1804,MHz
efficiency,3:42,sample_cpu1_freq,1804,MHz
efficiency,3:42,sample_cpu2_freq,1804,MHz
efficiency,3:42,sample_cpu3_freq,1804,MHz
efficiency,3:42,sample_cpu4_freq,2208,MHz
efficiency,3:42,sample_cpu5_freq,2208,MHz
efficiency,3:42,sample_cpu6_freq,2208,MHz
efficiency,3:42,sample_cpu7_freq,2304,MHz
efficiency,3:43,sample_elapsed,6517,ms
efficiency,3:43,sample_power,0.725,W
efficiency,3:43,sample_process_cpu,395.513,% one core
efficiency,3:43,sample_free_ram,1.849,GiB
efficiency,3:43,sample_battery_temp,34.800,C
efficiency,3:43,sample_thermal_status,0,Android PowerManager status
efficiency,3:43,sample_cpu0_freq,1804,MHz
efficiency,3:43,sample_cpu1_freq,1804,MHz
efficiency,3:43,sample_cpu2_freq,1804,MHz
efficiency,3:43,sample_cpu3_freq,1804,MHz
efficiency,3:43,sample_cpu4_freq,2208,MHz
efficiency,3:43,sample_cpu5_freq,2208,MHz
efficiency,3:43,sample_cpu6_freq,2208,MHz
efficiency,3:43,sample_cpu7_freq,2304,MHz
efficiency,3:44,sample_elapsed,6678,ms
efficiency,3:44,sample_power,0.725,W
efficiency,3:44,sample_process_cpu,402.484,% one core
efficiency,3:44,sample_free_ram,1.848,GiB
efficiency,3:44,sample_battery_temp,34.800,C
efficiency,3:44,sample_thermal_status,0,Android PowerManager status
efficiency,3:44,sample_cpu0_freq,1804,MHz
efficiency,3:44,sample_cpu1_freq,1804,MHz
efficiency,3:44,sample_cpu2_freq,1804,MHz
efficiency,3:44,sample_cpu3_freq,1804,MHz
efficiency,3:44,sample_cpu4_freq,2208,MHz
efficiency,3:44,sample_cpu5_freq,2208,MHz
efficiency,3:44,sample_cpu6_freq,2208,MHz
efficiency,3:44,sample_cpu7_freq,2304,MHz
efficiency,3:45,sample_elapsed,6835,ms
efficiency,3:45,sample_power,0.725,W
efficiency,3:45,sample_process_cpu,396.815,% one core
efficiency,3:45,sample_free_ram,1.848,GiB
efficiency,3:45,sample_battery_temp,34.800,C
efficiency,3:45,sample_thermal_status,0,Android PowerManager status
efficiency,3:45,sample_cpu0_freq,1804,MHz
efficiency,3:45,sample_cpu1_freq,1804,MHz
efficiency,3:45,sample_cpu2_freq,1804,MHz
efficiency,3:45,sample_cpu3_freq,1804,MHz
efficiency,3:45,sample_cpu4_freq,2208,MHz
efficiency,3:45,sample_cpu5_freq,2208,MHz
efficiency,3:45,sample_cpu6_freq,2208,MHz
efficiency,3:45,sample_cpu7_freq,2304,MHz
efficiency,3:46,sample_elapsed,6988,ms
efficiency,3:46,sample_power,0.725,W
efficiency,3:46,sample_process_cpu,398.693,% one core
efficiency,3:46,sample_free_ram,1.848,GiB
efficiency,3:46,sample_battery_temp,34.800,C
efficiency,3:46,sample_thermal_status,0,Android PowerManager status
efficiency,3:46,sample_cpu0_freq,1804,MHz
efficiency,3:46,sample_cpu1_freq,1804,MHz
efficiency,3:46,sample_cpu2_freq,1804,MHz
efficiency,3:46,sample_cpu3_freq,1804,MHz
efficiency,3:46,sample_cpu4_freq,2208,MHz
efficiency,3:46,sample_cpu5_freq,2208,MHz
efficiency,3:46,sample_cpu6_freq,2208,MHz
efficiency,3:46,sample_cpu7_freq,2304,MHz
efficiency,3:47,sample_elapsed,7146,ms
efficiency,3:47,sample_power,0.725,W
efficiency,3:47,sample_process_cpu,393.038,% one core
efficiency,3:47,sample_free_ram,1.847,GiB
efficiency,3:47,sample_battery_temp,34.800,C
efficiency,3:47,sample_thermal_status,0,Android PowerManager status
efficiency,3:47,sample_cpu0_freq,1804,MHz
efficiency,3:47,sample_cpu1_freq,1804,MHz
efficiency,3:47,sample_cpu2_freq,1804,MHz
efficiency,3:47,sample_cpu3_freq,1804,MHz
efficiency,3:47,sample_cpu4_freq,2208,MHz
efficiency,3:47,sample_cpu5_freq,2208,MHz
efficiency,3:47,sample_cpu6_freq,2208,MHz
efficiency,3:47,sample_cpu7_freq,2304,MHz
efficiency,3:48,sample_elapsed,7307,ms
efficiency,3:48,sample_power,0.725,W
efficiency,3:48,sample_process_cpu,395.652,% one core
efficiency,3:48,sample_free_ram,1.847,GiB
efficiency,3:48,sample_battery_temp,34.800,C
efficiency,3:48,sample_thermal_status,0,Android PowerManager status
efficiency,3:48,sample_cpu0_freq,1804,MHz
efficiency,3:48,sample_cpu1_freq,1804,MHz
efficiency,3:48,sample_cpu2_freq,1804,MHz
efficiency,3:48,sample_cpu3_freq,1804,MHz
efficiency,3:48,sample_cpu4_freq,2208,MHz
efficiency,3:48,sample_cpu5_freq,2208,MHz
efficiency,3:48,sample_cpu6_freq,2208,MHz
efficiency,3:48,sample_cpu7_freq,2304,MHz
efficiency,3:49,sample_elapsed,7472,ms
efficiency,3:49,sample_power,0.725,W
efficiency,3:49,sample_process_cpu,413.939,% one core
efficiency,3:49,sample_free_ram,1.849,GiB
efficiency,3:49,sample_battery_temp,34.800,C
efficiency,3:49,sample_thermal_status,0,Android PowerManager status
efficiency,3:49,sample_cpu0_freq,1804,MHz
efficiency,3:49,sample_cpu1_freq,1804,MHz
efficiency,3:49,sample_cpu2_freq,1804,MHz
efficiency,3:49,sample_cpu3_freq,1804,MHz
efficiency,3:49,sample_cpu4_freq,2208,MHz
efficiency,3:49,sample_cpu5_freq,2208,MHz
efficiency,3:49,sample_cpu6_freq,2208,MHz
efficiency,3:49,sample_cpu7_freq,2304,MHz
efficiency,3:50,sample_elapsed,7629,ms
efficiency,3:50,sample_power,0.725,W
efficiency,3:50,sample_process_cpu,394.904,% one core
efficiency,3:50,sample_free_ram,1.849,GiB
efficiency,3:50,sample_battery_temp,34.800,C
efficiency,3:50,sample_thermal_status,0,Android PowerManager status
efficiency,3:50,sample_cpu0_freq,1804,MHz
efficiency,3:50,sample_cpu1_freq,1804,MHz
efficiency,3:50,sample_cpu2_freq,1804,MHz
efficiency,3:50,sample_cpu3_freq,1804,MHz
efficiency,3:50,sample_cpu4_freq,2208,MHz
efficiency,3:50,sample_cpu5_freq,2208,MHz
efficiency,3:50,sample_cpu6_freq,2208,MHz
efficiency,3:50,sample_cpu7_freq,2304,MHz
efficiency,3:51,sample_elapsed,7794,ms
efficiency,3:51,sample_power,0.725,W
efficiency,3:51,sample_process_cpu,403.636,% one core
efficiency,3:51,sample_free_ram,1.849,GiB
efficiency,3:51,sample_battery_temp,34.800,C
efficiency,3:51,sample_thermal_status,0,Android PowerManager status
efficiency,3:51,sample_cpu0_freq,1804,MHz
efficiency,3:51,sample_cpu1_freq,1804,MHz
efficiency,3:51,sample_cpu2_freq,1804,MHz
efficiency,3:51,sample_cpu3_freq,1804,MHz
efficiency,3:51,sample_cpu4_freq,2208,MHz
efficiency,3:51,sample_cpu5_freq,2208,MHz
efficiency,3:51,sample_cpu6_freq,2208,MHz
efficiency,3:51,sample_cpu7_freq,2304,MHz
efficiency,3:52,sample_elapsed,7951,ms
efficiency,3:52,sample_power,0.725,W
efficiency,3:52,sample_process_cpu,390.446,% one core
efficiency,3:52,sample_free_ram,1.849,GiB
efficiency,3:52,sample_battery_temp,34.800,C
efficiency,3:52,sample_thermal_status,0,Android PowerManager status
efficiency,3:52,sample_cpu0_freq,1804,MHz
efficiency,3:52,sample_cpu1_freq,1804,MHz
efficiency,3:52,sample_cpu2_freq,1804,MHz
efficiency,3:52,sample_cpu3_freq,1804,MHz
efficiency,3:52,sample_cpu4_freq,2208,MHz
efficiency,3:52,sample_cpu5_freq,2208,MHz
efficiency,3:52,sample_cpu6_freq,2208,MHz
efficiency,3:52,sample_cpu7_freq,2304,MHz
efficiency,3:53,sample_elapsed,8109,ms
efficiency,3:53,sample_power,0.725,W
efficiency,3:53,sample_process_cpu,395.570,% one core
efficiency,3:53,sample_free_ram,1.849,GiB
efficiency,3:53,sample_battery_temp,34.800,C
efficiency,3:53,sample_thermal_status,0,Android PowerManager status
efficiency,3:53,sample_cpu0_freq,1804,MHz
efficiency,3:53,sample_cpu1_freq,1804,MHz
efficiency,3:53,sample_cpu2_freq,1804,MHz
efficiency,3:53,sample_cpu3_freq,1804,MHz
efficiency,3:53,sample_cpu4_freq,2208,MHz
efficiency,3:53,sample_cpu5_freq,2208,MHz
efficiency,3:53,sample_cpu6_freq,2208,MHz
efficiency,3:53,sample_cpu7_freq,2304,MHz
efficiency,3:54,sample_elapsed,8261,ms
efficiency,3:54,sample_power,3.778,W
efficiency,3:54,sample_process_cpu,400.658,% one core
efficiency,3:54,sample_free_ram,1.849,GiB
efficiency,3:54,sample_battery_temp,34.800,C
efficiency,3:54,sample_thermal_status,0,Android PowerManager status
efficiency,3:54,sample_cpu0_freq,1804,MHz
efficiency,3:54,sample_cpu1_freq,1804,MHz
efficiency,3:54,sample_cpu2_freq,1804,MHz
efficiency,3:54,sample_cpu3_freq,1804,MHz
efficiency,3:54,sample_cpu4_freq,2208,MHz
efficiency,3:54,sample_cpu5_freq,2208,MHz
efficiency,3:54,sample_cpu6_freq,2208,MHz
efficiency,3:54,sample_cpu7_freq,2304,MHz
efficiency,3:55,sample_elapsed,8417,ms
efficiency,3:55,sample_power,3.778,W
efficiency,3:55,sample_process_cpu,396.154,% one core
efficiency,3:55,sample_free_ram,1.849,GiB
efficiency,3:55,sample_battery_temp,34.800,C
efficiency,3:55,sample_thermal_status,0,Android PowerManager status
efficiency,3:55,sample_cpu0_freq,1804,MHz
efficiency,3:55,sample_cpu1_freq,1804,MHz
efficiency,3:55,sample_cpu2_freq,1804,MHz
efficiency,3:55,sample_cpu3_freq,1804,MHz
efficiency,3:55,sample_cpu4_freq,2208,MHz
efficiency,3:55,sample_cpu5_freq,2208,MHz
efficiency,3:55,sample_cpu6_freq,2208,MHz
efficiency,3:55,sample_cpu7_freq,2304,MHz
efficiency,3:56,sample_elapsed,8573,ms
efficiency,3:56,sample_power,3.778,W
efficiency,3:56,sample_process_cpu,396.154,% one core
efficiency,3:56,sample_free_ram,1.849,GiB
efficiency,3:56,sample_battery_temp,34.800,C
efficiency,3:56,sample_thermal_status,0,Android PowerManager status
efficiency,3:56,sample_cpu0_freq,1804,MHz
efficiency,3:56,sample_cpu1_freq,1804,MHz
efficiency,3:56,sample_cpu2_freq,1804,MHz
efficiency,3:56,sample_cpu3_freq,1804,MHz
efficiency,3:56,sample_cpu4_freq,2208,MHz
efficiency,3:56,sample_cpu5_freq,2208,MHz
efficiency,3:56,sample_cpu6_freq,2208,MHz
efficiency,3:56,sample_cpu7_freq,2304,MHz
efficiency,3:57,sample_elapsed,8731,ms
efficiency,3:57,sample_power,3.778,W
efficiency,3:57,sample_process_cpu,393.671,% one core
efficiency,3:57,sample_free_ram,1.848,GiB
efficiency,3:57,sample_battery_temp,34.800,C
efficiency,3:57,sample_thermal_status,0,Android PowerManager status
efficiency,3:57,sample_cpu0_freq,1804,MHz
efficiency,3:57,sample_cpu1_freq,1804,MHz
efficiency,3:57,sample_cpu2_freq,1804,MHz
efficiency,3:57,sample_cpu3_freq,1804,MHz
efficiency,3:57,sample_cpu4_freq,2208,MHz
efficiency,3:57,sample_cpu5_freq,2208,MHz
efficiency,3:57,sample_cpu6_freq,2208,MHz
efficiency,3:57,sample_cpu7_freq,2304,MHz
efficiency,3:58,sample_elapsed,8886,ms
efficiency,3:58,sample_power,3.778,W
efficiency,3:58,sample_process_cpu,406.452,% one core
efficiency,3:58,sample_free_ram,1.848,GiB
efficiency,3:58,sample_battery_temp,34.800,C
efficiency,3:58,sample_thermal_status,0,Android PowerManager status
efficiency,3:58,sample_cpu0_freq,1804,MHz
efficiency,3:58,sample_cpu1_freq,1804,MHz
efficiency,3:58,sample_cpu2_freq,1804,MHz
efficiency,3:58,sample_cpu3_freq,1804,MHz
efficiency,3:58,sample_cpu4_freq,2208,MHz
efficiency,3:58,sample_cpu5_freq,2208,MHz
efficiency,3:58,sample_cpu6_freq,2208,MHz
efficiency,3:58,sample_cpu7_freq,2304,MHz
efficiency,3:59,sample_elapsed,9044,ms
efficiency,3:59,sample_power,3.778,W
efficiency,3:59,sample_process_cpu,396.203,% one core
efficiency,3:59,sample_free_ram,1.848,GiB
efficiency,3:59,sample_battery_temp,34.800,C
efficiency,3:59,sample_thermal_status,0,Android PowerManager status
efficiency,3:59,sample_cpu0_freq,1804,MHz
efficiency,3:59,sample_cpu1_freq,1804,MHz
efficiency,3:59,sample_cpu2_freq,1804,MHz
efficiency,3:59,sample_cpu3_freq,1804,MHz
efficiency,3:59,sample_cpu4_freq,2208,MHz
efficiency,3:59,sample_cpu5_freq,2208,MHz
efficiency,3:59,sample_cpu6_freq,2208,MHz
efficiency,3:59,sample_cpu7_freq,2304,MHz
efficiency,3:60,sample_elapsed,9202,ms
efficiency,3:60,sample_power,3.778,W
efficiency,3:60,sample_process_cpu,394.304,% one core
efficiency,3:60,sample_free_ram,1.848,GiB
efficiency,3:60,sample_battery_temp,34.800,C
efficiency,3:60,sample_thermal_status,0,Android PowerManager status
efficiency,3:60,sample_cpu0_freq,1804,MHz
efficiency,3:60,sample_cpu1_freq,1804,MHz
efficiency,3:60,sample_cpu2_freq,1804,MHz
efficiency,3:60,sample_cpu3_freq,1804,MHz
efficiency,3:60,sample_cpu4_freq,2208,MHz
efficiency,3:60,sample_cpu5_freq,2208,MHz
efficiency,3:60,sample_cpu6_freq,2208,MHz
efficiency,3:60,sample_cpu7_freq,2304,MHz
efficiency,3:61,sample_elapsed,9364,ms
efficiency,3:61,sample_power,3.778,W
efficiency,3:61,sample_process_cpu,397.531,% one core
efficiency,3:61,sample_free_ram,1.848,GiB
efficiency,3:61,sample_battery_temp,34.800,C
efficiency,3:61,sample_thermal_status,0,Android PowerManager status
efficiency,3:61,sample_cpu0_freq,1804,MHz
efficiency,3:61,sample_cpu1_freq,1804,MHz
efficiency,3:61,sample_cpu2_freq,1804,MHz
efficiency,3:61,sample_cpu3_freq,1804,MHz
efficiency,3:61,sample_cpu4_freq,2208,MHz
efficiency,3:61,sample_cpu5_freq,2208,MHz
efficiency,3:61,sample_cpu6_freq,2208,MHz
efficiency,3:61,sample_cpu7_freq,2304,MHz
efficiency,3:62,sample_elapsed,9519,ms
efficiency,3:62,sample_power,3.778,W
efficiency,3:62,sample_process_cpu,396.774,% one core
efficiency,3:62,sample_free_ram,1.848,GiB
efficiency,3:62,sample_battery_temp,34.800,C
efficiency,3:62,sample_thermal_status,0,Android PowerManager status
efficiency,3:62,sample_cpu0_freq,1804,MHz
efficiency,3:62,sample_cpu1_freq,1804,MHz
efficiency,3:62,sample_cpu2_freq,1804,MHz
efficiency,3:62,sample_cpu3_freq,1804,MHz
efficiency,3:62,sample_cpu4_freq,2208,MHz
efficiency,3:62,sample_cpu5_freq,2208,MHz
efficiency,3:62,sample_cpu6_freq,2208,MHz
efficiency,3:62,sample_cpu7_freq,2304,MHz
efficiency,3:63,sample_elapsed,9675,ms
efficiency,3:63,sample_power,3.778,W
efficiency,3:63,sample_process_cpu,395.513,% one core
efficiency,3:63,sample_free_ram,1.848,GiB
efficiency,3:63,sample_battery_temp,34.800,C
efficiency,3:63,sample_thermal_status,0,Android PowerManager status
efficiency,3:63,sample_cpu0_freq,1804,MHz
efficiency,3:63,sample_cpu1_freq,1804,MHz
efficiency,3:63,sample_cpu2_freq,1804,MHz
efficiency,3:63,sample_cpu3_freq,1804,MHz
efficiency,3:63,sample_cpu4_freq,2208,MHz
efficiency,3:63,sample_cpu5_freq,2208,MHz
efficiency,3:63,sample_cpu6_freq,2208,MHz
efficiency,3:63,sample_cpu7_freq,2304,MHz
efficiency,3:64,sample_elapsed,9831,ms
efficiency,3:64,sample_power,3.778,W
efficiency,3:64,sample_process_cpu,394.872,% one core
efficiency,3:64,sample_free_ram,1.847,GiB
efficiency,3:64,sample_battery_temp,34.800,C
efficiency,3:64,sample_thermal_status,0,Android PowerManager status
efficiency,3:64,sample_cpu0_freq,1804,MHz
efficiency,3:64,sample_cpu1_freq,1804,MHz
efficiency,3:64,sample_cpu2_freq,1804,MHz
efficiency,3:64,sample_cpu3_freq,1804,MHz
efficiency,3:64,sample_cpu4_freq,2208,MHz
efficiency,3:64,sample_cpu5_freq,2208,MHz
efficiency,3:64,sample_cpu6_freq,2208,MHz
efficiency,3:64,sample_cpu7_freq,2304,MHz
efficiency,3:65,sample_elapsed,9992,ms
efficiency,3:65,sample_power,3.778,W
efficiency,3:65,sample_process_cpu,399.379,% one core
efficiency,3:65,sample_free_ram,1.847,GiB
efficiency,3:65,sample_battery_temp,34.800,C
efficiency,3:65,sample_thermal_status,0,Android PowerManager status
efficiency,3:65,sample_cpu0_freq,1804,MHz
efficiency,3:65,sample_cpu1_freq,1804,MHz
efficiency,3:65,sample_cpu2_freq,1804,MHz
efficiency,3:65,sample_cpu3_freq,1804,MHz
efficiency,3:65,sample_cpu4_freq,2208,MHz
efficiency,3:65,sample_cpu5_freq,2208,MHz
efficiency,3:65,sample_cpu6_freq,2208,MHz
efficiency,3:65,sample_cpu7_freq,2304,MHz
efficiency,3:66,sample_elapsed,10145,ms
efficiency,3:66,sample_power,3.778,W
efficiency,3:66,sample_process_cpu,399.346,% one core
efficiency,3:66,sample_free_ram,1.847,GiB
efficiency,3:66,sample_battery_temp,34.800,C
efficiency,3:66,sample_thermal_status,0,Android PowerManager status
efficiency,3:66,sample_cpu0_freq,1804,MHz
efficiency,3:66,sample_cpu1_freq,1804,MHz
efficiency,3:66,sample_cpu2_freq,1804,MHz
efficiency,3:66,sample_cpu3_freq,1804,MHz
efficiency,3:66,sample_cpu4_freq,2208,MHz
efficiency,3:66,sample_cpu5_freq,2208,MHz
efficiency,3:66,sample_cpu6_freq,2208,MHz
efficiency,3:66,sample_cpu7_freq,2304,MHz
efficiency,3:67,sample_elapsed,10301,ms
efficiency,3:67,sample_power,3.778,W
efficiency,3:67,sample_process_cpu,394.872,% one core
efficiency,3:67,sample_free_ram,1.847,GiB
efficiency,3:67,sample_battery_temp,34.800,C
efficiency,3:67,sample_thermal_status,0,Android PowerManager status
efficiency,3:67,sample_cpu0_freq,1804,MHz
efficiency,3:67,sample_cpu1_freq,1804,MHz
efficiency,3:67,sample_cpu2_freq,1804,MHz
efficiency,3:67,sample_cpu3_freq,1804,MHz
efficiency,3:67,sample_cpu4_freq,2208,MHz
efficiency,3:67,sample_cpu5_freq,2208,MHz
efficiency,3:67,sample_cpu6_freq,2208,MHz
efficiency,3:67,sample_cpu7_freq,2304,MHz
efficiency,3:68,sample_elapsed,10456,ms
efficiency,3:68,sample_power,3.778,W
efficiency,3:68,sample_process_cpu,398.065,% one core
efficiency,3:68,sample_free_ram,1.847,GiB
efficiency,3:68,sample_battery_temp,34.800,C
efficiency,3:68,sample_thermal_status,0,Android PowerManager status
efficiency,3:68,sample_cpu0_freq,1804,MHz
efficiency,3:68,sample_cpu1_freq,1804,MHz
efficiency,3:68,sample_cpu2_freq,1804,MHz
efficiency,3:68,sample_cpu3_freq,1804,MHz
efficiency,3:68,sample_cpu4_freq,2208,MHz
efficiency,3:68,sample_cpu5_freq,2208,MHz
efficiency,3:68,sample_cpu6_freq,2208,MHz
efficiency,3:68,sample_cpu7_freq,2304,MHz
efficiency,3:69,sample_elapsed,10613,ms
efficiency,3:69,sample_power,3.778,W
efficiency,3:69,sample_process_cpu,394.904,% one core
efficiency,3:69,sample_free_ram,1.847,GiB
efficiency,3:69,sample_battery_temp,34.800,C
efficiency,3:69,sample_thermal_status,0,Android PowerManager status
efficiency,3:69,sample_cpu0_freq,1804,MHz
efficiency,3:69,sample_cpu1_freq,1804,MHz
efficiency,3:69,sample_cpu2_freq,1804,MHz
efficiency,3:69,sample_cpu3_freq,1804,MHz
efficiency,3:69,sample_cpu4_freq,2208,MHz
efficiency,3:69,sample_cpu5_freq,2208,MHz
efficiency,3:69,sample_cpu6_freq,2208,MHz
efficiency,3:69,sample_cpu7_freq,2304,MHz
efficiency,3:70,sample_elapsed,10770,ms
efficiency,3:70,sample_power,3.778,W
efficiency,3:70,sample_process_cpu,394.268,% one core
efficiency,3:70,sample_free_ram,1.847,GiB
efficiency,3:70,sample_battery_temp,34.800,C
efficiency,3:70,sample_thermal_status,0,Android PowerManager status
efficiency,3:70,sample_cpu0_freq,1804,MHz
efficiency,3:70,sample_cpu1_freq,1804,MHz
efficiency,3:70,sample_cpu2_freq,1804,MHz
efficiency,3:70,sample_cpu3_freq,1804,MHz
efficiency,3:70,sample_cpu4_freq,2208,MHz
efficiency,3:70,sample_cpu5_freq,2208,MHz
efficiency,3:70,sample_cpu6_freq,2208,MHz
efficiency,3:70,sample_cpu7_freq,2304,MHz
efficiency,3:71,sample_elapsed,10925,ms
efficiency,3:71,sample_power,3.778,W
efficiency,3:71,sample_process_cpu,401.290,% one core
efficiency,3:71,sample_free_ram,1.847,GiB
efficiency,3:71,sample_battery_temp,34.800,C
efficiency,3:71,sample_thermal_status,0,Android PowerManager status
efficiency,3:71,sample_cpu0_freq,1804,MHz
efficiency,3:71,sample_cpu1_freq,1804,MHz
efficiency,3:71,sample_cpu2_freq,1804,MHz
efficiency,3:71,sample_cpu3_freq,1804,MHz
efficiency,3:71,sample_cpu4_freq,2208,MHz
efficiency,3:71,sample_cpu5_freq,2208,MHz
efficiency,3:71,sample_cpu6_freq,2208,MHz
efficiency,3:71,sample_cpu7_freq,2304,MHz
efficiency,3:72,sample_elapsed,11091,ms
efficiency,3:72,sample_power,3.778,W
efficiency,3:72,sample_process_cpu,415.060,% one core
efficiency,3:72,sample_free_ram,1.847,GiB
efficiency,3:72,sample_battery_temp,34.800,C
efficiency,3:72,sample_thermal_status,0,Android PowerManager status
efficiency,3:72,sample_cpu0_freq,1804,MHz
efficiency,3:72,sample_cpu1_freq,1804,MHz
efficiency,3:72,sample_cpu2_freq,1804,MHz
efficiency,3:72,sample_cpu3_freq,1804,MHz
efficiency,3:72,sample_cpu4_freq,2208,MHz
efficiency,3:72,sample_cpu5_freq,2208,MHz
efficiency,3:72,sample_cpu6_freq,2208,MHz
efficiency,3:72,sample_cpu7_freq,2304,MHz
efficiency,3:73,sample_elapsed,11255,ms
efficiency,3:73,sample_power,3.778,W
efficiency,3:73,sample_process_cpu,367.683,% one core
efficiency,3:73,sample_free_ram,1.845,GiB
efficiency,3:73,sample_battery_temp,34.800,C
efficiency,3:73,sample_thermal_status,0,Android PowerManager status
efficiency,3:73,sample_cpu0_freq,1804,MHz
efficiency,3:73,sample_cpu1_freq,1804,MHz
efficiency,3:73,sample_cpu2_freq,1804,MHz
efficiency,3:73,sample_cpu3_freq,1804,MHz
efficiency,3:73,sample_cpu4_freq,2208,MHz
efficiency,3:73,sample_cpu5_freq,2208,MHz
efficiency,3:73,sample_cpu6_freq,2208,MHz
efficiency,3:73,sample_cpu7_freq,2304,MHz
efficiency,3:74,sample_elapsed,11408,ms
efficiency,3:74,sample_power,3.778,W
efficiency,3:74,sample_process_cpu,395.425,% one core
efficiency,3:74,sample_free_ram,1.843,GiB
efficiency,3:74,sample_battery_temp,34.800,C
efficiency,3:74,sample_thermal_status,0,Android PowerManager status
efficiency,3:74,sample_cpu0_freq,1804,MHz
efficiency,3:74,sample_cpu1_freq,1804,MHz
efficiency,3:74,sample_cpu2_freq,1804,MHz
efficiency,3:74,sample_cpu3_freq,1804,MHz
efficiency,3:74,sample_cpu4_freq,2208,MHz
efficiency,3:74,sample_cpu5_freq,2208,MHz
efficiency,3:74,sample_cpu6_freq,2208,MHz
efficiency,3:74,sample_cpu7_freq,2304,MHz
efficiency,3:75,sample_elapsed,11568,ms
efficiency,3:75,sample_power,3.778,W
efficiency,3:75,sample_process_cpu,391.875,% one core
efficiency,3:75,sample_free_ram,1.843,GiB
efficiency,3:75,sample_battery_temp,34.800,C
efficiency,3:75,sample_thermal_status,0,Android PowerManager status
efficiency,3:75,sample_cpu0_freq,1804,MHz
efficiency,3:75,sample_cpu1_freq,1804,MHz
efficiency,3:75,sample_cpu2_freq,1804,MHz
efficiency,3:75,sample_cpu3_freq,1804,MHz
efficiency,3:75,sample_cpu4_freq,2208,MHz
efficiency,3:75,sample_cpu5_freq,2208,MHz
efficiency,3:75,sample_cpu6_freq,2208,MHz
efficiency,3:75,sample_cpu7_freq,2304,MHz
efficiency,3:76,sample_elapsed,11724,ms
efficiency,3:76,sample_power,3.778,W
efficiency,3:76,sample_process_cpu,394.231,% one core
efficiency,3:76,sample_free_ram,1.843,GiB
efficiency,3:76,sample_battery_temp,34.800,C
efficiency,3:76,sample_thermal_status,0,Android PowerManager status
efficiency,3:76,sample_cpu0_freq,1804,MHz
efficiency,3:76,sample_cpu1_freq,1804,MHz
efficiency,3:76,sample_cpu2_freq,1804,MHz
efficiency,3:76,sample_cpu3_freq,1804,MHz
efficiency,3:76,sample_cpu4_freq,2208,MHz
efficiency,3:76,sample_cpu5_freq,2208,MHz
efficiency,3:76,sample_cpu6_freq,2208,MHz
efficiency,3:76,sample_cpu7_freq,2304,MHz
efficiency,3:77,sample_elapsed,11899,ms
efficiency,3:77,sample_power,3.778,W
efficiency,3:77,sample_process_cpu,399.429,% one core
efficiency,3:77,sample_free_ram,1.842,GiB
efficiency,3:77,sample_battery_temp,34.800,C
efficiency,3:77,sample_thermal_status,0,Android PowerManager status
efficiency,3:77,sample_cpu0_freq,1804,MHz
efficiency,3:77,sample_cpu1_freq,1804,MHz
efficiency,3:77,sample_cpu2_freq,1804,MHz
efficiency,3:77,sample_cpu3_freq,1804,MHz
efficiency,3:77,sample_cpu4_freq,2208,MHz
efficiency,3:77,sample_cpu5_freq,2208,MHz
efficiency,3:77,sample_cpu6_freq,2208,MHz
efficiency,3:77,sample_cpu7_freq,2304,MHz
efficiency,3:78,sample_elapsed,12057,ms
efficiency,3:78,sample_power,3.778,W
efficiency,3:78,sample_process_cpu,396.203,% one core
efficiency,3:78,sample_free_ram,1.842,GiB
efficiency,3:78,sample_battery_temp,34.800,C
efficiency,3:78,sample_thermal_status,0,Android PowerManager status
efficiency,3:78,sample_cpu0_freq,1804,MHz
efficiency,3:78,sample_cpu1_freq,1804,MHz
efficiency,3:78,sample_cpu2_freq,1804,MHz
efficiency,3:78,sample_cpu3_freq,1804,MHz
efficiency,3:78,sample_cpu4_freq,2208,MHz
efficiency,3:78,sample_cpu5_freq,2208,MHz
efficiency,3:78,sample_cpu6_freq,2208,MHz
efficiency,3:78,sample_cpu7_freq,2304,MHz
efficiency,3:79,sample_elapsed,12219,ms
efficiency,3:79,sample_power,3.778,W
efficiency,3:79,sample_process_cpu,406.790,% one core
efficiency,3:79,sample_free_ram,1.841,GiB
efficiency,3:79,sample_battery_temp,34.800,C
efficiency,3:79,sample_thermal_status,0,Android PowerManager status
efficiency,3:79,sample_cpu0_freq,1804,MHz
efficiency,3:79,sample_cpu1_freq,1804,MHz
efficiency,3:79,sample_cpu2_freq,1804,MHz
efficiency,3:79,sample_cpu3_freq,1804,MHz
efficiency,3:79,sample_cpu4_freq,2208,MHz
efficiency,3:79,sample_cpu5_freq,2208,MHz
efficiency,3:79,sample_cpu6_freq,2208,MHz
efficiency,3:79,sample_cpu7_freq,2304,MHz
efficiency,3:80,sample_elapsed,12380,ms
efficiency,3:80,sample_power,3.778,W
efficiency,3:80,sample_process_cpu,399.379,% one core
efficiency,3:80,sample_free_ram,1.842,GiB
efficiency,3:80,sample_battery_temp,34.800,C
efficiency,3:80,sample_thermal_status,0,Android PowerManager status
efficiency,3:80,sample_cpu0_freq,1804,MHz
efficiency,3:80,sample_cpu1_freq,1804,MHz
efficiency,3:80,sample_cpu2_freq,1804,MHz
efficiency,3:80,sample_cpu3_freq,1804,MHz
efficiency,3:80,sample_cpu4_freq,2208,MHz
efficiency,3:80,sample_cpu5_freq,2208,MHz
efficiency,3:80,sample_cpu6_freq,2208,MHz
efficiency,3:80,sample_cpu7_freq,2304,MHz
efficiency,3:81,sample_elapsed,12539,ms
efficiency,3:81,sample_power,3.778,W
efficiency,3:81,sample_process_cpu,391.195,% one core
efficiency,3:81,sample_free_ram,1.842,GiB
efficiency,3:81,sample_battery_temp,34.800,C
efficiency,3:81,sample_thermal_status,0,Android PowerManager status
efficiency,3:81,sample_cpu0_freq,1804,MHz
efficiency,3:81,sample_cpu1_freq,1804,MHz
efficiency,3:81,sample_cpu2_freq,1804,MHz
efficiency,3:81,sample_cpu3_freq,1804,MHz
efficiency,3:81,sample_cpu4_freq,2208,MHz
efficiency,3:81,sample_cpu5_freq,2208,MHz
efficiency,3:81,sample_cpu6_freq,2208,MHz
efficiency,3:81,sample_cpu7_freq,2304,MHz
efficiency,3:82,sample_elapsed,12698,ms
efficiency,3:82,sample_power,3.778,W
efficiency,3:82,sample_process_cpu,389.308,% one core
efficiency,3:82,sample_free_ram,1.842,GiB
efficiency,3:82,sample_battery_temp,34.800,C
efficiency,3:82,sample_thermal_status,0,Android PowerManager status
efficiency,3:82,sample_cpu0_freq,1804,MHz
efficiency,3:82,sample_cpu1_freq,1804,MHz
efficiency,3:82,sample_cpu2_freq,1804,MHz
efficiency,3:82,sample_cpu3_freq,1804,MHz
efficiency,3:82,sample_cpu4_freq,2208,MHz
efficiency,3:82,sample_cpu5_freq,2208,MHz
efficiency,3:82,sample_cpu6_freq,2208,MHz
efficiency,3:82,sample_cpu7_freq,2304,MHz
efficiency,3:83,sample_elapsed,12863,ms
efficiency,3:83,sample_power,3.778,W
efficiency,3:83,sample_process_cpu,367.879,% one core
efficiency,3:83,sample_free_ram,1.840,GiB
efficiency,3:83,sample_battery_temp,34.800,C
efficiency,3:83,sample_thermal_status,0,Android PowerManager status
efficiency,3:83,sample_cpu0_freq,1804,MHz
efficiency,3:83,sample_cpu1_freq,1804,MHz
efficiency,3:83,sample_cpu2_freq,1804,MHz
efficiency,3:83,sample_cpu3_freq,1804,MHz
efficiency,3:83,sample_cpu4_freq,2208,MHz
efficiency,3:83,sample_cpu5_freq,2208,MHz
efficiency,3:83,sample_cpu6_freq,2208,MHz
efficiency,3:83,sample_cpu7_freq,2304,MHz
efficiency,3:84,sample_elapsed,13029,ms
efficiency,3:84,sample_power,3.778,W
efficiency,3:84,sample_process_cpu,389.157,% one core
efficiency,3:84,sample_free_ram,1.840,GiB
efficiency,3:84,sample_battery_temp,34.800,C
efficiency,3:84,sample_thermal_status,0,Android PowerManager status
efficiency,3:84,sample_cpu0_freq,1804,MHz
efficiency,3:84,sample_cpu1_freq,1804,MHz
efficiency,3:84,sample_cpu2_freq,1804,MHz
efficiency,3:84,sample_cpu3_freq,1804,MHz
efficiency,3:84,sample_cpu4_freq,2208,MHz
efficiency,3:84,sample_cpu5_freq,2208,MHz
efficiency,3:84,sample_cpu6_freq,2208,MHz
efficiency,3:84,sample_cpu7_freq,2304,MHz
efficiency,4,pp,128.000,tok/s
efficiency,4,tg,14.200,tok/s
efficiency,4,power,3.698,W
efficiency,4,tok_per_w,3.840,tok/W
efficiency,4,ttft_pp512_derived,4070.423,ms
efficiency,4,start_temp,34.800,C
efficiency,4,average_process_cpu,393.947,% one core
efficiency,4,minimum_free_ram,1.835,GiB
efficiency,4,peak_battery_temp,34.800,C
efficiency,4,peak_thermal_status,0,Android PowerManager status
efficiency,4:1,sample_elapsed,0,ms
efficiency,4:1,sample_power,0.816,W
efficiency,4:1,sample_process_cpu,0.000,% one core
efficiency,4:1,sample_free_ram,1.910,GiB
efficiency,4:1,sample_battery_temp,34.800,C
efficiency,4:1,sample_thermal_status,0,Android PowerManager status
efficiency,4:1,sample_cpu0_freq,595,MHz
efficiency,4:1,sample_cpu1_freq,595,MHz
efficiency,4:1,sample_cpu2_freq,595,MHz
efficiency,4:1,sample_cpu3_freq,595,MHz
efficiency,4:1,sample_cpu4_freq,787,MHz
efficiency,4:1,sample_cpu5_freq,787,MHz
efficiency,4:1,sample_cpu6_freq,787,MHz
efficiency,4:1,sample_cpu7_freq,633,MHz
efficiency,4:2,sample_elapsed,162,ms
efficiency,4:2,sample_power,0.816,W
efficiency,4:2,sample_process_cpu,344.444,% one core
efficiency,4:2,sample_free_ram,1.876,GiB
efficiency,4:2,sample_battery_temp,34.800,C
efficiency,4:2,sample_thermal_status,0,Android PowerManager status
efficiency,4:2,sample_cpu0_freq,1804,MHz
efficiency,4:2,sample_cpu1_freq,1804,MHz
efficiency,4:2,sample_cpu2_freq,1804,MHz
efficiency,4:2,sample_cpu3_freq,1804,MHz
efficiency,4:2,sample_cpu4_freq,2208,MHz
efficiency,4:2,sample_cpu5_freq,2208,MHz
efficiency,4:2,sample_cpu6_freq,2208,MHz
efficiency,4:2,sample_cpu7_freq,2304,MHz
efficiency,4:3,sample_elapsed,315,ms
efficiency,4:3,sample_power,0.816,W
efficiency,4:3,sample_process_cpu,394.118,% one core
efficiency,4:3,sample_free_ram,1.844,GiB
efficiency,4:3,sample_battery_temp,34.800,C
efficiency,4:3,sample_thermal_status,0,Android PowerManager status
efficiency,4:3,sample_cpu0_freq,1804,MHz
efficiency,4:3,sample_cpu1_freq,1804,MHz
efficiency,4:3,sample_cpu2_freq,1804,MHz
efficiency,4:3,sample_cpu3_freq,1804,MHz
efficiency,4:3,sample_cpu4_freq,2208,MHz
efficiency,4:3,sample_cpu5_freq,2208,MHz
efficiency,4:3,sample_cpu6_freq,2208,MHz
efficiency,4:3,sample_cpu7_freq,2304,MHz
efficiency,4:4,sample_elapsed,469,ms
efficiency,4:4,sample_power,0.816,W
efficiency,4:4,sample_process_cpu,396.104,% one core
efficiency,4:4,sample_free_ram,1.844,GiB
efficiency,4:4,sample_battery_temp,34.800,C
efficiency,4:4,sample_thermal_status,0,Android PowerManager status
efficiency,4:4,sample_cpu0_freq,1804,MHz
efficiency,4:4,sample_cpu1_freq,1804,MHz
efficiency,4:4,sample_cpu2_freq,1804,MHz
efficiency,4:4,sample_cpu3_freq,1804,MHz
efficiency,4:4,sample_cpu4_freq,2208,MHz
efficiency,4:4,sample_cpu5_freq,2208,MHz
efficiency,4:4,sample_cpu6_freq,2208,MHz
efficiency,4:4,sample_cpu7_freq,2304,MHz
efficiency,4:5,sample_elapsed,623,ms
efficiency,4:5,sample_power,3.787,W
efficiency,4:5,sample_process_cpu,397.403,% one core
efficiency,4:5,sample_free_ram,1.844,GiB
efficiency,4:5,sample_battery_temp,34.800,C
efficiency,4:5,sample_thermal_status,0,Android PowerManager status
efficiency,4:5,sample_cpu0_freq,1804,MHz
efficiency,4:5,sample_cpu1_freq,1804,MHz
efficiency,4:5,sample_cpu2_freq,1804,MHz
efficiency,4:5,sample_cpu3_freq,1804,MHz
efficiency,4:5,sample_cpu4_freq,2208,MHz
efficiency,4:5,sample_cpu5_freq,2208,MHz
efficiency,4:5,sample_cpu6_freq,2208,MHz
efficiency,4:5,sample_cpu7_freq,2304,MHz
efficiency,4:6,sample_elapsed,776,ms
efficiency,4:6,sample_power,3.787,W
efficiency,4:6,sample_process_cpu,393.464,% one core
efficiency,4:6,sample_free_ram,1.844,GiB
efficiency,4:6,sample_battery_temp,34.800,C
efficiency,4:6,sample_thermal_status,0,Android PowerManager status
efficiency,4:6,sample_cpu0_freq,1804,MHz
efficiency,4:6,sample_cpu1_freq,1804,MHz
efficiency,4:6,sample_cpu2_freq,1804,MHz
efficiency,4:6,sample_cpu3_freq,1804,MHz
efficiency,4:6,sample_cpu4_freq,2208,MHz
efficiency,4:6,sample_cpu5_freq,2208,MHz
efficiency,4:6,sample_cpu6_freq,2208,MHz
efficiency,4:6,sample_cpu7_freq,2304,MHz
efficiency,4:7,sample_elapsed,931,ms
efficiency,4:7,sample_power,3.787,W
efficiency,4:7,sample_process_cpu,399.355,% one core
efficiency,4:7,sample_free_ram,1.844,GiB
efficiency,4:7,sample_battery_temp,34.800,C
efficiency,4:7,sample_thermal_status,0,Android PowerManager status
efficiency,4:7,sample_cpu0_freq,1804,MHz
efficiency,4:7,sample_cpu1_freq,1804,MHz
efficiency,4:7,sample_cpu2_freq,1804,MHz
efficiency,4:7,sample_cpu3_freq,1804,MHz
efficiency,4:7,sample_cpu4_freq,2208,MHz
efficiency,4:7,sample_cpu5_freq,2208,MHz
efficiency,4:7,sample_cpu6_freq,2208,MHz
efficiency,4:7,sample_cpu7_freq,2304,MHz
efficiency,4:8,sample_elapsed,1084,ms
efficiency,4:8,sample_power,3.787,W
efficiency,4:8,sample_process_cpu,399.346,% one core
efficiency,4:8,sample_free_ram,1.844,GiB
efficiency,4:8,sample_battery_temp,34.800,C
efficiency,4:8,sample_thermal_status,0,Android PowerManager status
efficiency,4:8,sample_cpu0_freq,1804,MHz
efficiency,4:8,sample_cpu1_freq,1804,MHz
efficiency,4:8,sample_cpu2_freq,1804,MHz
efficiency,4:8,sample_cpu3_freq,1804,MHz
efficiency,4:8,sample_cpu4_freq,2208,MHz
efficiency,4:8,sample_cpu5_freq,2208,MHz
efficiency,4:8,sample_cpu6_freq,2208,MHz
efficiency,4:8,sample_cpu7_freq,2304,MHz
efficiency,4:9,sample_elapsed,1237,ms
efficiency,4:9,sample_power,3.787,W
efficiency,4:9,sample_process_cpu,401.307,% one core
efficiency,4:9,sample_free_ram,1.843,GiB
efficiency,4:9,sample_battery_temp,34.800,C
efficiency,4:9,sample_thermal_status,0,Android PowerManager status
efficiency,4:9,sample_cpu0_freq,1804,MHz
efficiency,4:9,sample_cpu1_freq,1804,MHz
efficiency,4:9,sample_cpu2_freq,1804,MHz
efficiency,4:9,sample_cpu3_freq,1804,MHz
efficiency,4:9,sample_cpu4_freq,2208,MHz
efficiency,4:9,sample_cpu5_freq,2208,MHz
efficiency,4:9,sample_cpu6_freq,2208,MHz
efficiency,4:9,sample_cpu7_freq,2304,MHz
efficiency,4:10,sample_elapsed,1392,ms
efficiency,4:10,sample_power,3.787,W
efficiency,4:10,sample_process_cpu,390.323,% one core
efficiency,4:10,sample_free_ram,1.843,GiB
efficiency,4:10,sample_battery_temp,34.800,C
efficiency,4:10,sample_thermal_status,0,Android PowerManager status
efficiency,4:10,sample_cpu0_freq,1804,MHz
efficiency,4:10,sample_cpu1_freq,1804,MHz
efficiency,4:10,sample_cpu2_freq,1804,MHz
efficiency,4:10,sample_cpu3_freq,1804,MHz
efficiency,4:10,sample_cpu4_freq,2208,MHz
efficiency,4:10,sample_cpu5_freq,2208,MHz
efficiency,4:10,sample_cpu6_freq,2208,MHz
efficiency,4:10,sample_cpu7_freq,2304,MHz
efficiency,4:11,sample_elapsed,1546,ms
efficiency,4:11,sample_power,3.787,W
efficiency,4:11,sample_process_cpu,400.000,% one core
efficiency,4:11,sample_free_ram,1.843,GiB
efficiency,4:11,sample_battery_temp,34.800,C
efficiency,4:11,sample_thermal_status,0,Android PowerManager status
efficiency,4:11,sample_cpu0_freq,1804,MHz
efficiency,4:11,sample_cpu1_freq,1804,MHz
efficiency,4:11,sample_cpu2_freq,1804,MHz
efficiency,4:11,sample_cpu3_freq,1804,MHz
efficiency,4:11,sample_cpu4_freq,2208,MHz
efficiency,4:11,sample_cpu5_freq,2208,MHz
efficiency,4:11,sample_cpu6_freq,2208,MHz
efficiency,4:11,sample_cpu7_freq,2304,MHz
efficiency,4:12,sample_elapsed,1699,ms
efficiency,4:12,sample_power,3.787,W
efficiency,4:12,sample_process_cpu,398.039,% one core
efficiency,4:12,sample_free_ram,1.843,GiB
efficiency,4:12,sample_battery_temp,34.800,C
efficiency,4:12,sample_thermal_status,0,Android PowerManager status
efficiency,4:12,sample_cpu0_freq,1804,MHz
efficiency,4:12,sample_cpu1_freq,1804,MHz
efficiency,4:12,sample_cpu2_freq,1804,MHz
efficiency,4:12,sample_cpu3_freq,1804,MHz
efficiency,4:12,sample_cpu4_freq,2208,MHz
efficiency,4:12,sample_cpu5_freq,2208,MHz
efficiency,4:12,sample_cpu6_freq,2208,MHz
efficiency,4:12,sample_cpu7_freq,2304,MHz
efficiency,4:13,sample_elapsed,1853,ms
efficiency,4:13,sample_power,3.787,W
efficiency,4:13,sample_process_cpu,387.662,% one core
efficiency,4:13,sample_free_ram,1.843,GiB
efficiency,4:13,sample_battery_temp,34.800,C
efficiency,4:13,sample_thermal_status,0,Android PowerManager status
efficiency,4:13,sample_cpu0_freq,1804,MHz
efficiency,4:13,sample_cpu1_freq,1804,MHz
efficiency,4:13,sample_cpu2_freq,1804,MHz
efficiency,4:13,sample_cpu3_freq,1804,MHz
efficiency,4:13,sample_cpu4_freq,2208,MHz
efficiency,4:13,sample_cpu5_freq,2208,MHz
efficiency,4:13,sample_cpu6_freq,2208,MHz
efficiency,4:13,sample_cpu7_freq,2304,MHz
efficiency,4:14,sample_elapsed,2006,ms
efficiency,4:14,sample_power,3.787,W
efficiency,4:14,sample_process_cpu,403.922,% one core
efficiency,4:14,sample_free_ram,1.843,GiB
efficiency,4:14,sample_battery_temp,34.800,C
efficiency,4:14,sample_thermal_status,0,Android PowerManager status
efficiency,4:14,sample_cpu0_freq,1804,MHz
efficiency,4:14,sample_cpu1_freq,1804,MHz
efficiency,4:14,sample_cpu2_freq,1804,MHz
efficiency,4:14,sample_cpu3_freq,1804,MHz
efficiency,4:14,sample_cpu4_freq,2208,MHz
efficiency,4:14,sample_cpu5_freq,2208,MHz
efficiency,4:14,sample_cpu6_freq,2208,MHz
efficiency,4:14,sample_cpu7_freq,2304,MHz
efficiency,4:15,sample_elapsed,2160,ms
efficiency,4:15,sample_power,3.787,W
efficiency,4:15,sample_process_cpu,392.208,% one core
efficiency,4:15,sample_free_ram,1.843,GiB
efficiency,4:15,sample_battery_temp,34.800,C
efficiency,4:15,sample_thermal_status,0,Android PowerManager status
efficiency,4:15,sample_cpu0_freq,1804,MHz
efficiency,4:15,sample_cpu1_freq,1804,MHz
efficiency,4:15,sample_cpu2_freq,1804,MHz
efficiency,4:15,sample_cpu3_freq,1804,MHz
efficiency,4:15,sample_cpu4_freq,2208,MHz
efficiency,4:15,sample_cpu5_freq,2208,MHz
efficiency,4:15,sample_cpu6_freq,2208,MHz
efficiency,4:15,sample_cpu7_freq,2304,MHz
efficiency,4:16,sample_elapsed,2314,ms
efficiency,4:16,sample_power,3.787,W
efficiency,4:16,sample_process_cpu,403.896,% one core
efficiency,4:16,sample_free_ram,1.842,GiB
efficiency,4:16,sample_battery_temp,34.800,C
efficiency,4:16,sample_thermal_status,0,Android PowerManager status
efficiency,4:16,sample_cpu0_freq,1804,MHz
efficiency,4:16,sample_cpu1_freq,1804,MHz
efficiency,4:16,sample_cpu2_freq,1804,MHz
efficiency,4:16,sample_cpu3_freq,1804,MHz
efficiency,4:16,sample_cpu4_freq,2208,MHz
efficiency,4:16,sample_cpu5_freq,2208,MHz
efficiency,4:16,sample_cpu6_freq,2208,MHz
efficiency,4:16,sample_cpu7_freq,2304,MHz
efficiency,4:17,sample_elapsed,2468,ms
efficiency,4:17,sample_power,3.787,W
efficiency,4:17,sample_process_cpu,393.506,% one core
efficiency,4:17,sample_free_ram,1.842,GiB
efficiency,4:17,sample_battery_temp,34.800,C
efficiency,4:17,sample_thermal_status,0,Android PowerManager status
efficiency,4:17,sample_cpu0_freq,1804,MHz
efficiency,4:17,sample_cpu1_freq,1804,MHz
efficiency,4:17,sample_cpu2_freq,1804,MHz
efficiency,4:17,sample_cpu3_freq,1804,MHz
efficiency,4:17,sample_cpu4_freq,2208,MHz
efficiency,4:17,sample_cpu5_freq,2208,MHz
efficiency,4:17,sample_cpu6_freq,2208,MHz
efficiency,4:17,sample_cpu7_freq,2304,MHz
efficiency,4:18,sample_elapsed,2623,ms
efficiency,4:18,sample_power,3.787,W
efficiency,4:18,sample_process_cpu,397.419,% one core
efficiency,4:18,sample_free_ram,1.842,GiB
efficiency,4:18,sample_battery_temp,34.800,C
efficiency,4:18,sample_thermal_status,0,Android PowerManager status
efficiency,4:18,sample_cpu0_freq,1804,MHz
efficiency,4:18,sample_cpu1_freq,1804,MHz
efficiency,4:18,sample_cpu2_freq,1804,MHz
efficiency,4:18,sample_cpu3_freq,1804,MHz
efficiency,4:18,sample_cpu4_freq,2208,MHz
efficiency,4:18,sample_cpu5_freq,2208,MHz
efficiency,4:18,sample_cpu6_freq,2208,MHz
efficiency,4:18,sample_cpu7_freq,2304,MHz
efficiency,4:19,sample_elapsed,2777,ms
efficiency,4:19,sample_power,3.787,W
efficiency,4:19,sample_process_cpu,398.052,% one core
efficiency,4:19,sample_free_ram,1.841,GiB
efficiency,4:19,sample_battery_temp,34.800,C
efficiency,4:19,sample_thermal_status,0,Android PowerManager status
efficiency,4:19,sample_cpu0_freq,1804,MHz
efficiency,4:19,sample_cpu1_freq,1804,MHz
efficiency,4:19,sample_cpu2_freq,1804,MHz
efficiency,4:19,sample_cpu3_freq,1804,MHz
efficiency,4:19,sample_cpu4_freq,2208,MHz
efficiency,4:19,sample_cpu5_freq,2208,MHz
efficiency,4:19,sample_cpu6_freq,2208,MHz
efficiency,4:19,sample_cpu7_freq,2304,MHz
efficiency,4:20,sample_elapsed,2931,ms
efficiency,4:20,sample_power,3.787,W
efficiency,4:20,sample_process_cpu,394.805,% one core
efficiency,4:20,sample_free_ram,1.841,GiB
efficiency,4:20,sample_battery_temp,34.800,C
efficiency,4:20,sample_thermal_status,0,Android PowerManager status
efficiency,4:20,sample_cpu0_freq,1804,MHz
efficiency,4:20,sample_cpu1_freq,1804,MHz
efficiency,4:20,sample_cpu2_freq,1804,MHz
efficiency,4:20,sample_cpu3_freq,1804,MHz
efficiency,4:20,sample_cpu4_freq,2208,MHz
efficiency,4:20,sample_cpu5_freq,2208,MHz
efficiency,4:20,sample_cpu6_freq,2208,MHz
efficiency,4:20,sample_cpu7_freq,2304,MHz
efficiency,4:21,sample_elapsed,3085,ms
efficiency,4:21,sample_power,3.787,W
efficiency,4:21,sample_process_cpu,399.351,% one core
efficiency,4:21,sample_free_ram,1.841,GiB
efficiency,4:21,sample_battery_temp,34.800,C
efficiency,4:21,sample_thermal_status,0,Android PowerManager status
efficiency,4:21,sample_cpu0_freq,1804,MHz
efficiency,4:21,sample_cpu1_freq,1804,MHz
efficiency,4:21,sample_cpu2_freq,1804,MHz
efficiency,4:21,sample_cpu3_freq,1804,MHz
efficiency,4:21,sample_cpu4_freq,2208,MHz
efficiency,4:21,sample_cpu5_freq,2208,MHz
efficiency,4:21,sample_cpu6_freq,2208,MHz
efficiency,4:21,sample_cpu7_freq,2304,MHz
efficiency,4:22,sample_elapsed,3238,ms
efficiency,4:22,sample_power,3.787,W
efficiency,4:22,sample_process_cpu,396.732,% one core
efficiency,4:22,sample_free_ram,1.841,GiB
efficiency,4:22,sample_battery_temp,34.800,C
efficiency,4:22,sample_thermal_status,0,Android PowerManager status
efficiency,4:22,sample_cpu0_freq,1804,MHz
efficiency,4:22,sample_cpu1_freq,1804,MHz
efficiency,4:22,sample_cpu2_freq,1804,MHz
efficiency,4:22,sample_cpu3_freq,1804,MHz
efficiency,4:22,sample_cpu4_freq,2208,MHz
efficiency,4:22,sample_cpu5_freq,2208,MHz
efficiency,4:22,sample_cpu6_freq,2208,MHz
efficiency,4:22,sample_cpu7_freq,2304,MHz
efficiency,4:23,sample_elapsed,3392,ms
efficiency,4:23,sample_power,3.787,W
efficiency,4:23,sample_process_cpu,396.753,% one core
efficiency,4:23,sample_free_ram,1.841,GiB
efficiency,4:23,sample_battery_temp,34.800,C
efficiency,4:23,sample_thermal_status,0,Android PowerManager status
efficiency,4:23,sample_cpu0_freq,1804,MHz
efficiency,4:23,sample_cpu1_freq,1804,MHz
efficiency,4:23,sample_cpu2_freq,1804,MHz
efficiency,4:23,sample_cpu3_freq,1804,MHz
efficiency,4:23,sample_cpu4_freq,2208,MHz
efficiency,4:23,sample_cpu5_freq,2208,MHz
efficiency,4:23,sample_cpu6_freq,2208,MHz
efficiency,4:23,sample_cpu7_freq,2304,MHz
efficiency,4:24,sample_elapsed,3549,ms
efficiency,4:24,sample_power,3.787,W
efficiency,4:24,sample_process_cpu,419.745,% one core
efficiency,4:24,sample_free_ram,1.839,GiB
efficiency,4:24,sample_battery_temp,34.800,C
efficiency,4:24,sample_thermal_status,0,Android PowerManager status
efficiency,4:24,sample_cpu0_freq,1804,MHz
efficiency,4:24,sample_cpu1_freq,1804,MHz
efficiency,4:24,sample_cpu2_freq,1804,MHz
efficiency,4:24,sample_cpu3_freq,1804,MHz
efficiency,4:24,sample_cpu4_freq,2208,MHz
efficiency,4:24,sample_cpu5_freq,2208,MHz
efficiency,4:24,sample_cpu6_freq,2208,MHz
efficiency,4:24,sample_cpu7_freq,2304,MHz
efficiency,4:25,sample_elapsed,3715,ms
efficiency,4:25,sample_power,3.787,W
efficiency,4:25,sample_process_cpu,370.482,% one core
efficiency,4:25,sample_free_ram,1.838,GiB
efficiency,4:25,sample_battery_temp,34.800,C
efficiency,4:25,sample_thermal_status,0,Android PowerManager status
efficiency,4:25,sample_cpu0_freq,1804,MHz
efficiency,4:25,sample_cpu1_freq,1804,MHz
efficiency,4:25,sample_cpu2_freq,1804,MHz
efficiency,4:25,sample_cpu3_freq,1804,MHz
efficiency,4:25,sample_cpu4_freq,2208,MHz
efficiency,4:25,sample_cpu5_freq,2208,MHz
efficiency,4:25,sample_cpu6_freq,2208,MHz
efficiency,4:25,sample_cpu7_freq,2304,MHz
efficiency,4:26,sample_elapsed,3871,ms
efficiency,4:26,sample_power,3.787,W
efficiency,4:26,sample_process_cpu,410.256,% one core
efficiency,4:26,sample_free_ram,1.836,GiB
efficiency,4:26,sample_battery_temp,34.800,C
efficiency,4:26,sample_thermal_status,0,Android PowerManager status
efficiency,4:26,sample_cpu0_freq,1804,MHz
efficiency,4:26,sample_cpu1_freq,1804,MHz
efficiency,4:26,sample_cpu2_freq,1804,MHz
efficiency,4:26,sample_cpu3_freq,1804,MHz
efficiency,4:26,sample_cpu4_freq,2208,MHz
efficiency,4:26,sample_cpu5_freq,2208,MHz
efficiency,4:26,sample_cpu6_freq,2208,MHz
efficiency,4:26,sample_cpu7_freq,2304,MHz
efficiency,4:27,sample_elapsed,4025,ms
efficiency,4:27,sample_power,3.787,W
efficiency,4:27,sample_process_cpu,394.156,% one core
efficiency,4:27,sample_free_ram,1.836,GiB
efficiency,4:27,sample_battery_temp,34.800,C
efficiency,4:27,sample_thermal_status,0,Android PowerManager status
efficiency,4:27,sample_cpu0_freq,1804,MHz
efficiency,4:27,sample_cpu1_freq,1804,MHz
efficiency,4:27,sample_cpu2_freq,1804,MHz
efficiency,4:27,sample_cpu3_freq,1804,MHz
efficiency,4:27,sample_cpu4_freq,2208,MHz
efficiency,4:27,sample_cpu5_freq,2208,MHz
efficiency,4:27,sample_cpu6_freq,2208,MHz
efficiency,4:27,sample_cpu7_freq,2304,MHz
efficiency,4:28,sample_elapsed,4180,ms
efficiency,4:28,sample_power,3.787,W
efficiency,4:28,sample_process_cpu,398.065,% one core
efficiency,4:28,sample_free_ram,1.835,GiB
efficiency,4:28,sample_battery_temp,34.800,C
efficiency,4:28,sample_thermal_status,0,Android PowerManager status
efficiency,4:28,sample_cpu0_freq,1804,MHz
efficiency,4:28,sample_cpu1_freq,1804,MHz
efficiency,4:28,sample_cpu2_freq,1804,MHz
efficiency,4:28,sample_cpu3_freq,1804,MHz
efficiency,4:28,sample_cpu4_freq,2208,MHz
efficiency,4:28,sample_cpu5_freq,2208,MHz
efficiency,4:28,sample_cpu6_freq,2208,MHz
efficiency,4:28,sample_cpu7_freq,2304,MHz
efficiency,4:29,sample_elapsed,4339,ms
efficiency,4:29,sample_power,3.787,W
efficiency,4:29,sample_process_cpu,401.887,% one core
efficiency,4:29,sample_free_ram,1.836,GiB
efficiency,4:29,sample_battery_temp,34.800,C
efficiency,4:29,sample_thermal_status,0,Android PowerManager status
efficiency,4:29,sample_cpu0_freq,1804,MHz
efficiency,4:29,sample_cpu1_freq,1804,MHz
efficiency,4:29,sample_cpu2_freq,1804,MHz
efficiency,4:29,sample_cpu3_freq,1804,MHz
efficiency,4:29,sample_cpu4_freq,2208,MHz
efficiency,4:29,sample_cpu5_freq,2208,MHz
efficiency,4:29,sample_cpu6_freq,2208,MHz
efficiency,4:29,sample_cpu7_freq,2304,MHz
efficiency,4:30,sample_elapsed,4503,ms
efficiency,4:30,sample_power,3.787,W
efficiency,4:30,sample_process_cpu,394.512,% one core
efficiency,4:30,sample_free_ram,1.836,GiB
efficiency,4:30,sample_battery_temp,34.800,C
efficiency,4:30,sample_thermal_status,0,Android PowerManager status
efficiency,4:30,sample_cpu0_freq,1804,MHz
efficiency,4:30,sample_cpu1_freq,1804,MHz
efficiency,4:30,sample_cpu2_freq,1804,MHz
efficiency,4:30,sample_cpu3_freq,1804,MHz
efficiency,4:30,sample_cpu4_freq,2208,MHz
efficiency,4:30,sample_cpu5_freq,2208,MHz
efficiency,4:30,sample_cpu6_freq,2208,MHz
efficiency,4:30,sample_cpu7_freq,2304,MHz
efficiency,4:31,sample_elapsed,4657,ms
efficiency,4:31,sample_power,3.787,W
efficiency,4:31,sample_process_cpu,400.000,% one core
efficiency,4:31,sample_free_ram,1.836,GiB
efficiency,4:31,sample_battery_temp,34.800,C
efficiency,4:31,sample_thermal_status,0,Android PowerManager status
efficiency,4:31,sample_cpu0_freq,1804,MHz
efficiency,4:31,sample_cpu1_freq,1804,MHz
efficiency,4:31,sample_cpu2_freq,1804,MHz
efficiency,4:31,sample_cpu3_freq,1804,MHz
efficiency,4:31,sample_cpu4_freq,2208,MHz
efficiency,4:31,sample_cpu5_freq,2208,MHz
efficiency,4:31,sample_cpu6_freq,2208,MHz
efficiency,4:31,sample_cpu7_freq,2304,MHz
efficiency,4:32,sample_elapsed,4816,ms
efficiency,4:32,sample_power,3.787,W
efficiency,4:32,sample_process_cpu,395.597,% one core
efficiency,4:32,sample_free_ram,1.836,GiB
efficiency,4:32,sample_battery_temp,34.800,C
efficiency,4:32,sample_thermal_status,0,Android PowerManager status
efficiency,4:32,sample_cpu0_freq,1804,MHz
efficiency,4:32,sample_cpu1_freq,1804,MHz
efficiency,4:32,sample_cpu2_freq,1804,MHz
efficiency,4:32,sample_cpu3_freq,1804,MHz
efficiency,4:32,sample_cpu4_freq,2208,MHz
efficiency,4:32,sample_cpu5_freq,2208,MHz
efficiency,4:32,sample_cpu6_freq,2208,MHz
efficiency,4:32,sample_cpu7_freq,2304,MHz
efficiency,4:33,sample_elapsed,4975,ms
efficiency,4:33,sample_power,3.787,W
efficiency,4:33,sample_process_cpu,400.000,% one core
efficiency,4:33,sample_free_ram,1.836,GiB
efficiency,4:33,sample_battery_temp,34.800,C
efficiency,4:33,sample_thermal_status,0,Android PowerManager status
efficiency,4:33,sample_cpu0_freq,1804,MHz
efficiency,4:33,sample_cpu1_freq,1804,MHz
efficiency,4:33,sample_cpu2_freq,1804,MHz
efficiency,4:33,sample_cpu3_freq,1804,MHz
efficiency,4:33,sample_cpu4_freq,2208,MHz
efficiency,4:33,sample_cpu5_freq,2208,MHz
efficiency,4:33,sample_cpu6_freq,2208,MHz
efficiency,4:33,sample_cpu7_freq,2304,MHz
efficiency,4:34,sample_elapsed,5138,ms
efficiency,4:34,sample_power,3.787,W
efficiency,4:34,sample_process_cpu,394.479,% one core
efficiency,4:34,sample_free_ram,1.836,GiB
efficiency,4:34,sample_battery_temp,34.800,C
efficiency,4:34,sample_thermal_status,0,Android PowerManager status
efficiency,4:34,sample_cpu0_freq,1804,MHz
efficiency,4:34,sample_cpu1_freq,1804,MHz
efficiency,4:34,sample_cpu2_freq,1804,MHz
efficiency,4:34,sample_cpu3_freq,1804,MHz
efficiency,4:34,sample_cpu4_freq,2208,MHz
efficiency,4:34,sample_cpu5_freq,2208,MHz
efficiency,4:34,sample_cpu6_freq,2208,MHz
efficiency,4:34,sample_cpu7_freq,2304,MHz
efficiency,4:35,sample_elapsed,5296,ms
efficiency,4:35,sample_power,3.787,W
efficiency,4:35,sample_process_cpu,398.101,% one core
efficiency,4:35,sample_free_ram,1.835,GiB
efficiency,4:35,sample_battery_temp,34.800,C
efficiency,4:35,sample_thermal_status,0,Android PowerManager status
efficiency,4:35,sample_cpu0_freq,1804,MHz
efficiency,4:35,sample_cpu1_freq,1804,MHz
efficiency,4:35,sample_cpu2_freq,1804,MHz
efficiency,4:35,sample_cpu3_freq,1804,MHz
efficiency,4:35,sample_cpu4_freq,2208,MHz
efficiency,4:35,sample_cpu5_freq,2208,MHz
efficiency,4:35,sample_cpu6_freq,2208,MHz
efficiency,4:35,sample_cpu7_freq,2304,MHz
efficiency,4:36,sample_elapsed,5459,ms
efficiency,4:36,sample_power,3.787,W
efficiency,4:36,sample_process_cpu,400.000,% one core
efficiency,4:36,sample_free_ram,1.835,GiB
efficiency,4:36,sample_battery_temp,34.800,C
efficiency,4:36,sample_thermal_status,0,Android PowerManager status
efficiency,4:36,sample_cpu0_freq,1804,MHz
efficiency,4:36,sample_cpu1_freq,1804,MHz
efficiency,4:36,sample_cpu2_freq,1804,MHz
efficiency,4:36,sample_cpu3_freq,1804,MHz
efficiency,4:36,sample_cpu4_freq,2208,MHz
efficiency,4:36,sample_cpu5_freq,2208,MHz
efficiency,4:36,sample_cpu6_freq,2208,MHz
efficiency,4:36,sample_cpu7_freq,2304,MHz
efficiency,4:37,sample_elapsed,5620,ms
efficiency,4:37,sample_power,3.787,W
efficiency,4:37,sample_process_cpu,395.031,% one core
efficiency,4:37,sample_free_ram,1.835,GiB
efficiency,4:37,sample_battery_temp,34.800,C
efficiency,4:37,sample_thermal_status,0,Android PowerManager status
efficiency,4:37,sample_cpu0_freq,1804,MHz
efficiency,4:37,sample_cpu1_freq,1804,MHz
efficiency,4:37,sample_cpu2_freq,1804,MHz
efficiency,4:37,sample_cpu3_freq,1804,MHz
efficiency,4:37,sample_cpu4_freq,2208,MHz
efficiency,4:37,sample_cpu5_freq,2208,MHz
efficiency,4:37,sample_cpu6_freq,2208,MHz
efficiency,4:37,sample_cpu7_freq,2304,MHz
efficiency,4:38,sample_elapsed,5777,ms
efficiency,4:38,sample_power,3.787,W
efficiency,4:38,sample_process_cpu,397.452,% one core
efficiency,4:38,sample_free_ram,1.835,GiB
efficiency,4:38,sample_battery_temp,34.800,C
efficiency,4:38,sample_thermal_status,0,Android PowerManager status
efficiency,4:38,sample_cpu0_freq,1804,MHz
efficiency,4:38,sample_cpu1_freq,1804,MHz
efficiency,4:38,sample_cpu2_freq,1804,MHz
efficiency,4:38,sample_cpu3_freq,1804,MHz
efficiency,4:38,sample_cpu4_freq,2208,MHz
efficiency,4:38,sample_cpu5_freq,2208,MHz
efficiency,4:38,sample_cpu6_freq,2208,MHz
efficiency,4:38,sample_cpu7_freq,2304,MHz
efficiency,4:39,sample_elapsed,5947,ms
efficiency,4:39,sample_power,3.787,W
efficiency,4:39,sample_process_cpu,317.059,% one core
efficiency,4:39,sample_free_ram,1.847,GiB
efficiency,4:39,sample_battery_temp,34.800,C
efficiency,4:39,sample_thermal_status,0,Android PowerManager status
efficiency,4:39,sample_cpu0_freq,1804,MHz
efficiency,4:39,sample_cpu1_freq,1804,MHz
efficiency,4:39,sample_cpu2_freq,1804,MHz
efficiency,4:39,sample_cpu3_freq,1804,MHz
efficiency,4:39,sample_cpu4_freq,2208,MHz
efficiency,4:39,sample_cpu5_freq,2208,MHz
efficiency,4:39,sample_cpu6_freq,2208,MHz
efficiency,4:39,sample_cpu7_freq,2304,MHz
efficiency,4:40,sample_elapsed,6101,ms
efficiency,4:40,sample_power,3.787,W
efficiency,4:40,sample_process_cpu,373.377,% one core
efficiency,4:40,sample_free_ram,1.859,GiB
efficiency,4:40,sample_battery_temp,34.800,C
efficiency,4:40,sample_thermal_status,0,Android PowerManager status
efficiency,4:40,sample_cpu0_freq,1804,MHz
efficiency,4:40,sample_cpu1_freq,1804,MHz
efficiency,4:40,sample_cpu2_freq,1804,MHz
efficiency,4:40,sample_cpu3_freq,1804,MHz
efficiency,4:40,sample_cpu4_freq,2208,MHz
efficiency,4:40,sample_cpu5_freq,2208,MHz
efficiency,4:40,sample_cpu6_freq,2208,MHz
efficiency,4:40,sample_cpu7_freq,2304,MHz
efficiency,4:41,sample_elapsed,6261,ms
efficiency,4:41,sample_power,3.787,W
efficiency,4:41,sample_process_cpu,351.250,% one core
efficiency,4:41,sample_free_ram,1.851,GiB
efficiency,4:41,sample_battery_temp,34.800,C
efficiency,4:41,sample_thermal_status,0,Android PowerManager status
efficiency,4:41,sample_cpu0_freq,1804,MHz
efficiency,4:41,sample_cpu1_freq,1804,MHz
efficiency,4:41,sample_cpu2_freq,1804,MHz
efficiency,4:41,sample_cpu3_freq,1804,MHz
efficiency,4:41,sample_cpu4_freq,2208,MHz
efficiency,4:41,sample_cpu5_freq,2208,MHz
efficiency,4:41,sample_cpu6_freq,2208,MHz
efficiency,4:41,sample_cpu7_freq,2304,MHz
efficiency,4:42,sample_elapsed,6415,ms
efficiency,4:42,sample_power,3.787,W
efficiency,4:42,sample_process_cpu,372.727,% one core
efficiency,4:42,sample_free_ram,1.854,GiB
efficiency,4:42,sample_battery_temp,34.800,C
efficiency,4:42,sample_thermal_status,0,Android PowerManager status
efficiency,4:42,sample_cpu0_freq,1804,MHz
efficiency,4:42,sample_cpu1_freq,1804,MHz
efficiency,4:42,sample_cpu2_freq,1804,MHz
efficiency,4:42,sample_cpu3_freq,1804,MHz
efficiency,4:42,sample_cpu4_freq,2208,MHz
efficiency,4:42,sample_cpu5_freq,2208,MHz
efficiency,4:42,sample_cpu6_freq,2208,MHz
efficiency,4:42,sample_cpu7_freq,2304,MHz
efficiency,4:43,sample_elapsed,6574,ms
efficiency,4:43,sample_power,3.787,W
efficiency,4:43,sample_process_cpu,381.761,% one core
efficiency,4:43,sample_free_ram,1.865,GiB
efficiency,4:43,sample_battery_temp,34.800,C
efficiency,4:43,sample_thermal_status,0,Android PowerManager status
efficiency,4:43,sample_cpu0_freq,1804,MHz
efficiency,4:43,sample_cpu1_freq,1804,MHz
efficiency,4:43,sample_cpu2_freq,1804,MHz
efficiency,4:43,sample_cpu3_freq,1804,MHz
efficiency,4:43,sample_cpu4_freq,2208,MHz
efficiency,4:43,sample_cpu5_freq,2208,MHz
efficiency,4:43,sample_cpu6_freq,2208,MHz
efficiency,4:43,sample_cpu7_freq,2304,MHz
efficiency,4:44,sample_elapsed,6747,ms
efficiency,4:44,sample_power,3.787,W
efficiency,4:44,sample_process_cpu,369.942,% one core
efficiency,4:44,sample_free_ram,1.862,GiB
efficiency,4:44,sample_battery_temp,34.800,C
efficiency,4:44,sample_thermal_status,0,Android PowerManager status
efficiency,4:44,sample_cpu0_freq,1804,MHz
efficiency,4:44,sample_cpu1_freq,1804,MHz
efficiency,4:44,sample_cpu2_freq,1804,MHz
efficiency,4:44,sample_cpu3_freq,1804,MHz
efficiency,4:44,sample_cpu4_freq,2208,MHz
efficiency,4:44,sample_cpu5_freq,2208,MHz
efficiency,4:44,sample_cpu6_freq,2208,MHz
efficiency,4:44,sample_cpu7_freq,2304,MHz
efficiency,4:45,sample_elapsed,6903,ms
efficiency,4:45,sample_power,3.787,W
efficiency,4:45,sample_process_cpu,387.821,% one core
efficiency,4:45,sample_free_ram,1.846,GiB
efficiency,4:45,sample_battery_temp,34.800,C
efficiency,4:45,sample_thermal_status,0,Android PowerManager status
efficiency,4:45,sample_cpu0_freq,1804,MHz
efficiency,4:45,sample_cpu1_freq,1804,MHz
efficiency,4:45,sample_cpu2_freq,1804,MHz
efficiency,4:45,sample_cpu3_freq,1804,MHz
efficiency,4:45,sample_cpu4_freq,2208,MHz
efficiency,4:45,sample_cpu5_freq,2208,MHz
efficiency,4:45,sample_cpu6_freq,2208,MHz
efficiency,4:45,sample_cpu7_freq,2304,MHz
efficiency,4:46,sample_elapsed,7066,ms
efficiency,4:46,sample_power,3.787,W
efficiency,4:46,sample_process_cpu,411.656,% one core
efficiency,4:46,sample_free_ram,1.858,GiB
efficiency,4:46,sample_battery_temp,34.800,C
efficiency,4:46,sample_thermal_status,0,Android PowerManager status
efficiency,4:46,sample_cpu0_freq,1804,MHz
efficiency,4:46,sample_cpu1_freq,1804,MHz
efficiency,4:46,sample_cpu2_freq,1804,MHz
efficiency,4:46,sample_cpu3_freq,1804,MHz
efficiency,4:46,sample_cpu4_freq,2208,MHz
efficiency,4:46,sample_cpu5_freq,2208,MHz
efficiency,4:46,sample_cpu6_freq,2208,MHz
efficiency,4:46,sample_cpu7_freq,2304,MHz
efficiency,4:47,sample_elapsed,7240,ms
efficiency,4:47,sample_power,3.787,W
efficiency,4:47,sample_process_cpu,416.667,% one core
efficiency,4:47,sample_free_ram,1.855,GiB
efficiency,4:47,sample_battery_temp,34.800,C
efficiency,4:47,sample_thermal_status,0,Android PowerManager status
efficiency,4:47,sample_cpu0_freq,1804,MHz
efficiency,4:47,sample_cpu1_freq,1804,MHz
efficiency,4:47,sample_cpu2_freq,1804,MHz
efficiency,4:47,sample_cpu3_freq,1804,MHz
efficiency,4:47,sample_cpu4_freq,2208,MHz
efficiency,4:47,sample_cpu5_freq,2208,MHz
efficiency,4:47,sample_cpu6_freq,2208,MHz
efficiency,4:47,sample_cpu7_freq,2304,MHz
efficiency,4:48,sample_elapsed,7433,ms
efficiency,4:48,sample_power,3.787,W
efficiency,4:48,sample_process_cpu,356.477,% one core
efficiency,4:48,sample_free_ram,1.857,GiB
efficiency,4:48,sample_battery_temp,34.800,C
efficiency,4:48,sample_thermal_status,0,Android PowerManager status
efficiency,4:48,sample_cpu0_freq,1804,MHz
efficiency,4:48,sample_cpu1_freq,1804,MHz
efficiency,4:48,sample_cpu2_freq,1804,MHz
efficiency,4:48,sample_cpu3_freq,1804,MHz
efficiency,4:48,sample_cpu4_freq,2208,MHz
efficiency,4:48,sample_cpu5_freq,2208,MHz
efficiency,4:48,sample_cpu6_freq,2208,MHz
efficiency,4:48,sample_cpu7_freq,2304,MHz
efficiency,4:49,sample_elapsed,7598,ms
efficiency,4:49,sample_power,3.787,W
efficiency,4:49,sample_process_cpu,390.909,% one core
efficiency,4:49,sample_free_ram,1.851,GiB
efficiency,4:49,sample_battery_temp,34.800,C
efficiency,4:49,sample_thermal_status,0,Android PowerManager status
efficiency,4:49,sample_cpu0_freq,1804,MHz
efficiency,4:49,sample_cpu1_freq,1804,MHz
efficiency,4:49,sample_cpu2_freq,1804,MHz
efficiency,4:49,sample_cpu3_freq,1804,MHz
efficiency,4:49,sample_cpu4_freq,2208,MHz
efficiency,4:49,sample_cpu5_freq,2208,MHz
efficiency,4:49,sample_cpu6_freq,2208,MHz
efficiency,4:49,sample_cpu7_freq,2304,MHz
efficiency,4:50,sample_elapsed,7762,ms
efficiency,4:50,sample_power,3.787,W
efficiency,4:50,sample_process_cpu,409.146,% one core
efficiency,4:50,sample_free_ram,1.851,GiB
efficiency,4:50,sample_battery_temp,34.800,C
efficiency,4:50,sample_thermal_status,0,Android PowerManager status
efficiency,4:50,sample_cpu0_freq,1804,MHz
efficiency,4:50,sample_cpu1_freq,1804,MHz
efficiency,4:50,sample_cpu2_freq,1804,MHz
efficiency,4:50,sample_cpu3_freq,1804,MHz
efficiency,4:50,sample_cpu4_freq,2208,MHz
efficiency,4:50,sample_cpu5_freq,2208,MHz
efficiency,4:50,sample_cpu6_freq,2208,MHz
efficiency,4:50,sample_cpu7_freq,2304,MHz
efficiency,4:51,sample_elapsed,7922,ms
efficiency,4:51,sample_power,3.787,W
efficiency,4:51,sample_process_cpu,393.750,% one core
efficiency,4:51,sample_free_ram,1.851,GiB
efficiency,4:51,sample_battery_temp,34.800,C
efficiency,4:51,sample_thermal_status,0,Android PowerManager status
efficiency,4:51,sample_cpu0_freq,1804,MHz
efficiency,4:51,sample_cpu1_freq,1804,MHz
efficiency,4:51,sample_cpu2_freq,1804,MHz
efficiency,4:51,sample_cpu3_freq,1804,MHz
efficiency,4:51,sample_cpu4_freq,2208,MHz
efficiency,4:51,sample_cpu5_freq,2208,MHz
efficiency,4:51,sample_cpu6_freq,2208,MHz
efficiency,4:51,sample_cpu7_freq,2304,MHz
efficiency,4:52,sample_elapsed,8086,ms
efficiency,4:52,sample_power,3.787,W
efficiency,4:52,sample_process_cpu,397.561,% one core
efficiency,4:52,sample_free_ram,1.851,GiB
efficiency,4:52,sample_battery_temp,34.800,C
efficiency,4:52,sample_thermal_status,0,Android PowerManager status
efficiency,4:52,sample_cpu0_freq,1804,MHz
efficiency,4:52,sample_cpu1_freq,1804,MHz
efficiency,4:52,sample_cpu2_freq,1804,MHz
efficiency,4:52,sample_cpu3_freq,1804,MHz
efficiency,4:52,sample_cpu4_freq,2208,MHz
efficiency,4:52,sample_cpu5_freq,2208,MHz
efficiency,4:52,sample_cpu6_freq,2208,MHz
efficiency,4:52,sample_cpu7_freq,2304,MHz
efficiency,4:53,sample_elapsed,8246,ms
efficiency,4:53,sample_power,3.787,W
efficiency,4:53,sample_process_cpu,387.500,% one core
efficiency,4:53,sample_free_ram,1.856,GiB
efficiency,4:53,sample_battery_temp,34.800,C
efficiency,4:53,sample_thermal_status,0,Android PowerManager status
efficiency,4:53,sample_cpu0_freq,1804,MHz
efficiency,4:53,sample_cpu1_freq,1804,MHz
efficiency,4:53,sample_cpu2_freq,1804,MHz
efficiency,4:53,sample_cpu3_freq,1804,MHz
efficiency,4:53,sample_cpu4_freq,2208,MHz
efficiency,4:53,sample_cpu5_freq,2208,MHz
efficiency,4:53,sample_cpu6_freq,2208,MHz
efficiency,4:53,sample_cpu7_freq,2304,MHz
efficiency,4:54,sample_elapsed,8407,ms
efficiency,4:54,sample_power,3.787,W
efficiency,4:54,sample_process_cpu,395.031,% one core
efficiency,4:54,sample_free_ram,1.856,GiB
efficiency,4:54,sample_battery_temp,34.800,C
efficiency,4:54,sample_thermal_status,0,Android PowerManager status
efficiency,4:54,sample_cpu0_freq,1804,MHz
efficiency,4:54,sample_cpu1_freq,1804,MHz
efficiency,4:54,sample_cpu2_freq,1804,MHz
efficiency,4:54,sample_cpu3_freq,1804,MHz
efficiency,4:54,sample_cpu4_freq,2208,MHz
efficiency,4:54,sample_cpu5_freq,2208,MHz
efficiency,4:54,sample_cpu6_freq,2208,MHz
efficiency,4:54,sample_cpu7_freq,2304,MHz
efficiency,4:55,sample_elapsed,8573,ms
efficiency,4:55,sample_power,3.787,W
efficiency,4:55,sample_process_cpu,400.602,% one core
efficiency,4:55,sample_free_ram,1.855,GiB
efficiency,4:55,sample_battery_temp,34.800,C
efficiency,4:55,sample_thermal_status,0,Android PowerManager status
efficiency,4:55,sample_cpu0_freq,1804,MHz
efficiency,4:55,sample_cpu1_freq,1804,MHz
efficiency,4:55,sample_cpu2_freq,1804,MHz
efficiency,4:55,sample_cpu3_freq,1804,MHz
efficiency,4:55,sample_cpu4_freq,2208,MHz
efficiency,4:55,sample_cpu5_freq,2208,MHz
efficiency,4:55,sample_cpu6_freq,2208,MHz
efficiency,4:55,sample_cpu7_freq,2304,MHz
efficiency,4:56,sample_elapsed,8737,ms
efficiency,4:56,sample_power,3.787,W
efficiency,4:56,sample_process_cpu,392.683,% one core
efficiency,4:56,sample_free_ram,1.855,GiB
efficiency,4:56,sample_battery_temp,34.800,C
efficiency,4:56,sample_thermal_status,0,Android PowerManager status
efficiency,4:56,sample_cpu0_freq,1804,MHz
efficiency,4:56,sample_cpu1_freq,1804,MHz
efficiency,4:56,sample_cpu2_freq,1804,MHz
efficiency,4:56,sample_cpu3_freq,1804,MHz
efficiency,4:56,sample_cpu4_freq,2208,MHz
efficiency,4:56,sample_cpu5_freq,2208,MHz
efficiency,4:56,sample_cpu6_freq,2208,MHz
efficiency,4:56,sample_cpu7_freq,2304,MHz
efficiency,4:57,sample_elapsed,8897,ms
efficiency,4:57,sample_power,3.787,W
efficiency,4:57,sample_process_cpu,408.125,% one core
efficiency,4:57,sample_free_ram,1.855,GiB
efficiency,4:57,sample_battery_temp,34.800,C
efficiency,4:57,sample_thermal_status,0,Android PowerManager status
efficiency,4:57,sample_cpu0_freq,1804,MHz
efficiency,4:57,sample_cpu1_freq,1804,MHz
efficiency,4:57,sample_cpu2_freq,1804,MHz
efficiency,4:57,sample_cpu3_freq,1804,MHz
efficiency,4:57,sample_cpu4_freq,2208,MHz
efficiency,4:57,sample_cpu5_freq,2208,MHz
efficiency,4:57,sample_cpu6_freq,2208,MHz
efficiency,4:57,sample_cpu7_freq,2304,MHz
efficiency,4:58,sample_elapsed,9056,ms
efficiency,4:58,sample_power,3.787,W
efficiency,4:58,sample_process_cpu,391.824,% one core
efficiency,4:58,sample_free_ram,1.857,GiB
efficiency,4:58,sample_battery_temp,34.800,C
efficiency,4:58,sample_thermal_status,0,Android PowerManager status
efficiency,4:58,sample_cpu0_freq,1804,MHz
efficiency,4:58,sample_cpu1_freq,1804,MHz
efficiency,4:58,sample_cpu2_freq,1804,MHz
efficiency,4:58,sample_cpu3_freq,1804,MHz
efficiency,4:58,sample_cpu4_freq,2208,MHz
efficiency,4:58,sample_cpu5_freq,2208,MHz
efficiency,4:58,sample_cpu6_freq,2208,MHz
efficiency,4:58,sample_cpu7_freq,2304,MHz
efficiency,4:59,sample_elapsed,9216,ms
efficiency,4:59,sample_power,3.787,W
efficiency,4:59,sample_process_cpu,408.750,% one core
efficiency,4:59,sample_free_ram,1.858,GiB
efficiency,4:59,sample_battery_temp,34.800,C
efficiency,4:59,sample_thermal_status,0,Android PowerManager status
efficiency,4:59,sample_cpu0_freq,1804,MHz
efficiency,4:59,sample_cpu1_freq,1804,MHz
efficiency,4:59,sample_cpu2_freq,1804,MHz
efficiency,4:59,sample_cpu3_freq,1804,MHz
efficiency,4:59,sample_cpu4_freq,2208,MHz
efficiency,4:59,sample_cpu5_freq,2208,MHz
efficiency,4:59,sample_cpu6_freq,2208,MHz
efficiency,4:59,sample_cpu7_freq,2304,MHz
efficiency,4:60,sample_elapsed,9385,ms
efficiency,4:60,sample_power,3.787,W
efficiency,4:60,sample_process_cpu,386.391,% one core
efficiency,4:60,sample_free_ram,1.858,GiB
efficiency,4:60,sample_battery_temp,34.800,C
efficiency,4:60,sample_thermal_status,0,Android PowerManager status
efficiency,4:60,sample_cpu0_freq,1804,MHz
efficiency,4:60,sample_cpu1_freq,1804,MHz
efficiency,4:60,sample_cpu2_freq,1804,MHz
efficiency,4:60,sample_cpu3_freq,1804,MHz
efficiency,4:60,sample_cpu4_freq,2208,MHz
efficiency,4:60,sample_cpu5_freq,2208,MHz
efficiency,4:60,sample_cpu6_freq,2208,MHz
efficiency,4:60,sample_cpu7_freq,2304,MHz
efficiency,4:61,sample_elapsed,9546,ms
efficiency,4:61,sample_power,3.787,W
efficiency,4:61,sample_process_cpu,391.925,% one core
efficiency,4:61,sample_free_ram,1.858,GiB
efficiency,4:61,sample_battery_temp,34.800,C
efficiency,4:61,sample_thermal_status,0,Android PowerManager status
efficiency,4:61,sample_cpu0_freq,1804,MHz
efficiency,4:61,sample_cpu1_freq,1804,MHz
efficiency,4:61,sample_cpu2_freq,1804,MHz
efficiency,4:61,sample_cpu3_freq,1804,MHz
efficiency,4:61,sample_cpu4_freq,2208,MHz
efficiency,4:61,sample_cpu5_freq,2208,MHz
efficiency,4:61,sample_cpu6_freq,2208,MHz
efficiency,4:61,sample_cpu7_freq,2304,MHz
efficiency,4:62,sample_elapsed,9711,ms
efficiency,4:62,sample_power,3.787,W
efficiency,4:62,sample_process_cpu,401.212,% one core
efficiency,4:62,sample_free_ram,1.858,GiB
efficiency,4:62,sample_battery_temp,34.800,C
efficiency,4:62,sample_thermal_status,0,Android PowerManager status
efficiency,4:62,sample_cpu0_freq,1804,MHz
efficiency,4:62,sample_cpu1_freq,1804,MHz
efficiency,4:62,sample_cpu2_freq,1804,MHz
efficiency,4:62,sample_cpu3_freq,1804,MHz
efficiency,4:62,sample_cpu4_freq,2208,MHz
efficiency,4:62,sample_cpu5_freq,2208,MHz
efficiency,4:62,sample_cpu6_freq,2208,MHz
efficiency,4:62,sample_cpu7_freq,2304,MHz
efficiency,4:63,sample_elapsed,9870,ms
efficiency,4:63,sample_power,3.787,W
efficiency,4:63,sample_process_cpu,396.855,% one core
efficiency,4:63,sample_free_ram,1.858,GiB
efficiency,4:63,sample_battery_temp,34.800,C
efficiency,4:63,sample_thermal_status,0,Android PowerManager status
efficiency,4:63,sample_cpu0_freq,1804,MHz
efficiency,4:63,sample_cpu1_freq,1804,MHz
efficiency,4:63,sample_cpu2_freq,1804,MHz
efficiency,4:63,sample_cpu3_freq,1804,MHz
efficiency,4:63,sample_cpu4_freq,2208,MHz
efficiency,4:63,sample_cpu5_freq,2208,MHz
efficiency,4:63,sample_cpu6_freq,2208,MHz
efficiency,4:63,sample_cpu7_freq,2304,MHz
efficiency,4:64,sample_elapsed,10029,ms
efficiency,4:64,sample_power,3.787,W
efficiency,4:64,sample_process_cpu,406.289,% one core
efficiency,4:64,sample_free_ram,1.858,GiB
efficiency,4:64,sample_battery_temp,34.800,C
efficiency,4:64,sample_thermal_status,0,Android PowerManager status
efficiency,4:64,sample_cpu0_freq,1804,MHz
efficiency,4:64,sample_cpu1_freq,1804,MHz
efficiency,4:64,sample_cpu2_freq,1804,MHz
efficiency,4:64,sample_cpu3_freq,1804,MHz
efficiency,4:64,sample_cpu4_freq,2208,MHz
efficiency,4:64,sample_cpu5_freq,2208,MHz
efficiency,4:64,sample_cpu6_freq,2208,MHz
efficiency,4:64,sample_cpu7_freq,2304,MHz
efficiency,4:65,sample_elapsed,10188,ms
efficiency,4:65,sample_power,3.787,W
efficiency,4:65,sample_process_cpu,395.597,% one core
efficiency,4:65,sample_free_ram,1.858,GiB
efficiency,4:65,sample_battery_temp,34.800,C
efficiency,4:65,sample_thermal_status,0,Android PowerManager status
efficiency,4:65,sample_cpu0_freq,1804,MHz
efficiency,4:65,sample_cpu1_freq,1804,MHz
efficiency,4:65,sample_cpu2_freq,1804,MHz
efficiency,4:65,sample_cpu3_freq,1804,MHz
efficiency,4:65,sample_cpu4_freq,2208,MHz
efficiency,4:65,sample_cpu5_freq,2208,MHz
efficiency,4:65,sample_cpu6_freq,2208,MHz
efficiency,4:65,sample_cpu7_freq,2304,MHz
efficiency,4:66,sample_elapsed,10348,ms
efficiency,4:66,sample_power,3.787,W
efficiency,4:66,sample_process_cpu,401.875,% one core
efficiency,4:66,sample_free_ram,1.858,GiB
efficiency,4:66,sample_battery_temp,34.800,C
efficiency,4:66,sample_thermal_status,0,Android PowerManager status
efficiency,4:66,sample_cpu0_freq,1804,MHz
efficiency,4:66,sample_cpu1_freq,1804,MHz
efficiency,4:66,sample_cpu2_freq,1804,MHz
efficiency,4:66,sample_cpu3_freq,1804,MHz
efficiency,4:66,sample_cpu4_freq,2208,MHz
efficiency,4:66,sample_cpu5_freq,2208,MHz
efficiency,4:66,sample_cpu6_freq,2208,MHz
efficiency,4:66,sample_cpu7_freq,2304,MHz
efficiency,4:67,sample_elapsed,10508,ms
efficiency,4:67,sample_power,3.787,W
efficiency,4:67,sample_process_cpu,398.125,% one core
efficiency,4:67,sample_free_ram,1.858,GiB
efficiency,4:67,sample_battery_temp,34.800,C
efficiency,4:67,sample_thermal_status,0,Android PowerManager status
efficiency,4:67,sample_cpu0_freq,1804,MHz
efficiency,4:67,sample_cpu1_freq,1804,MHz
efficiency,4:67,sample_cpu2_freq,1804,MHz
efficiency,4:67,sample_cpu3_freq,1804,MHz
efficiency,4:67,sample_cpu4_freq,2208,MHz
efficiency,4:67,sample_cpu5_freq,2208,MHz
efficiency,4:67,sample_cpu6_freq,2208,MHz
efficiency,4:67,sample_cpu7_freq,2304,MHz
efficiency,4:68,sample_elapsed,10667,ms
efficiency,4:68,sample_power,3.787,W
efficiency,4:68,sample_process_cpu,396.226,% one core
efficiency,4:68,sample_free_ram,1.858,GiB
efficiency,4:68,sample_battery_temp,34.800,C
efficiency,4:68,sample_thermal_status,0,Android PowerManager status
efficiency,4:68,sample_cpu0_freq,1804,MHz
efficiency,4:68,sample_cpu1_freq,1804,MHz
efficiency,4:68,sample_cpu2_freq,1804,MHz
efficiency,4:68,sample_cpu3_freq,1804,MHz
efficiency,4:68,sample_cpu4_freq,2208,MHz
efficiency,4:68,sample_cpu5_freq,2208,MHz
efficiency,4:68,sample_cpu6_freq,2208,MHz
efficiency,4:68,sample_cpu7_freq,2304,MHz
efficiency,4:69,sample_elapsed,10828,ms
efficiency,4:69,sample_power,4.118,W
efficiency,4:69,sample_process_cpu,414.286,% one core
efficiency,4:69,sample_free_ram,1.857,GiB
efficiency,4:69,sample_battery_temp,34.800,C
efficiency,4:69,sample_thermal_status,0,Android PowerManager status
efficiency,4:69,sample_cpu0_freq,1804,MHz
efficiency,4:69,sample_cpu1_freq,1804,MHz
efficiency,4:69,sample_cpu2_freq,1804,MHz
efficiency,4:69,sample_cpu3_freq,1804,MHz
efficiency,4:69,sample_cpu4_freq,2208,MHz
efficiency,4:69,sample_cpu5_freq,2208,MHz
efficiency,4:69,sample_cpu6_freq,2208,MHz
efficiency,4:69,sample_cpu7_freq,2304,MHz
efficiency,4:70,sample_elapsed,10996,ms
efficiency,4:70,sample_power,4.118,W
efficiency,4:70,sample_process_cpu,375.595,% one core
efficiency,4:70,sample_free_ram,1.857,GiB
efficiency,4:70,sample_battery_temp,34.800,C
efficiency,4:70,sample_thermal_status,0,Android PowerManager status
efficiency,4:70,sample_cpu0_freq,1804,MHz
efficiency,4:70,sample_cpu1_freq,1804,MHz
efficiency,4:70,sample_cpu2_freq,1804,MHz
efficiency,4:70,sample_cpu3_freq,1804,MHz
efficiency,4:70,sample_cpu4_freq,2208,MHz
efficiency,4:70,sample_cpu5_freq,2208,MHz
efficiency,4:70,sample_cpu6_freq,2208,MHz
efficiency,4:70,sample_cpu7_freq,2304,MHz
efficiency,4:71,sample_elapsed,11156,ms
efficiency,4:71,sample_power,4.118,W
efficiency,4:71,sample_process_cpu,417.500,% one core
efficiency,4:71,sample_free_ram,1.855,GiB
efficiency,4:71,sample_battery_temp,34.800,C
efficiency,4:71,sample_thermal_status,0,Android PowerManager status
efficiency,4:71,sample_cpu0_freq,1804,MHz
efficiency,4:71,sample_cpu1_freq,1804,MHz
efficiency,4:71,sample_cpu2_freq,1804,MHz
efficiency,4:71,sample_cpu3_freq,1804,MHz
efficiency,4:71,sample_cpu4_freq,2208,MHz
efficiency,4:71,sample_cpu5_freq,2208,MHz
efficiency,4:71,sample_cpu6_freq,2208,MHz
efficiency,4:71,sample_cpu7_freq,2304,MHz
efficiency,4:72,sample_elapsed,11320,ms
efficiency,4:72,sample_power,4.118,W
efficiency,4:72,sample_process_cpu,399.390,% one core
efficiency,4:72,sample_free_ram,1.855,GiB
efficiency,4:72,sample_battery_temp,34.800,C
efficiency,4:72,sample_thermal_status,0,Android PowerManager status
efficiency,4:72,sample_cpu0_freq,1804,MHz
efficiency,4:72,sample_cpu1_freq,1804,MHz
efficiency,4:72,sample_cpu2_freq,1804,MHz
efficiency,4:72,sample_cpu3_freq,1804,MHz
efficiency,4:72,sample_cpu4_freq,2208,MHz
efficiency,4:72,sample_cpu5_freq,2208,MHz
efficiency,4:72,sample_cpu6_freq,2208,MHz
efficiency,4:72,sample_cpu7_freq,2304,MHz
efficiency,4:73,sample_elapsed,11478,ms
efficiency,4:73,sample_power,4.118,W
efficiency,4:73,sample_process_cpu,394.937,% one core
efficiency,4:73,sample_free_ram,1.853,GiB
efficiency,4:73,sample_battery_temp,34.800,C
efficiency,4:73,sample_thermal_status,0,Android PowerManager status
efficiency,4:73,sample_cpu0_freq,1804,MHz
efficiency,4:73,sample_cpu1_freq,1804,MHz
efficiency,4:73,sample_cpu2_freq,1804,MHz
efficiency,4:73,sample_cpu3_freq,1804,MHz
efficiency,4:73,sample_cpu4_freq,2208,MHz
efficiency,4:73,sample_cpu5_freq,2208,MHz
efficiency,4:73,sample_cpu6_freq,2208,MHz
efficiency,4:73,sample_cpu7_freq,2304,MHz
efficiency,4:74,sample_elapsed,11638,ms
efficiency,4:74,sample_power,4.118,W
efficiency,4:74,sample_process_cpu,398.125,% one core
efficiency,4:74,sample_free_ram,1.853,GiB
efficiency,4:74,sample_battery_temp,34.800,C
efficiency,4:74,sample_thermal_status,0,Android PowerManager status
efficiency,4:74,sample_cpu0_freq,1804,MHz
efficiency,4:74,sample_cpu1_freq,1804,MHz
efficiency,4:74,sample_cpu2_freq,1804,MHz
efficiency,4:74,sample_cpu3_freq,1804,MHz
efficiency,4:74,sample_cpu4_freq,2208,MHz
efficiency,4:74,sample_cpu5_freq,2208,MHz
efficiency,4:74,sample_cpu6_freq,2208,MHz
efficiency,4:74,sample_cpu7_freq,2304,MHz
efficiency,4:75,sample_elapsed,11797,ms
efficiency,4:75,sample_power,4.118,W
efficiency,4:75,sample_process_cpu,398.742,% one core
efficiency,4:75,sample_free_ram,1.853,GiB
efficiency,4:75,sample_battery_temp,34.800,C
efficiency,4:75,sample_thermal_status,0,Android PowerManager status
efficiency,4:75,sample_cpu0_freq,1804,MHz
efficiency,4:75,sample_cpu1_freq,1804,MHz
efficiency,4:75,sample_cpu2_freq,1804,MHz
efficiency,4:75,sample_cpu3_freq,1804,MHz
efficiency,4:75,sample_cpu4_freq,2208,MHz
efficiency,4:75,sample_cpu5_freq,2208,MHz
efficiency,4:75,sample_cpu6_freq,2208,MHz
efficiency,4:75,sample_cpu7_freq,2304,MHz
efficiency,4:76,sample_elapsed,11957,ms
efficiency,4:76,sample_power,4.118,W
efficiency,4:76,sample_process_cpu,391.250,% one core
efficiency,4:76,sample_free_ram,1.852,GiB
efficiency,4:76,sample_battery_temp,34.800,C
efficiency,4:76,sample_thermal_status,0,Android PowerManager status
efficiency,4:76,sample_cpu0_freq,1804,MHz
efficiency,4:76,sample_cpu1_freq,1804,MHz
efficiency,4:76,sample_cpu2_freq,1804,MHz
efficiency,4:76,sample_cpu3_freq,1804,MHz
efficiency,4:76,sample_cpu4_freq,2208,MHz
efficiency,4:76,sample_cpu5_freq,2208,MHz
efficiency,4:76,sample_cpu6_freq,2208,MHz
efficiency,4:76,sample_cpu7_freq,2304,MHz
efficiency,4:77,sample_elapsed,12120,ms
efficiency,4:77,sample_power,4.118,W
efficiency,4:77,sample_process_cpu,396.933,% one core
efficiency,4:77,sample_free_ram,1.852,GiB
efficiency,4:77,sample_battery_temp,34.800,C
efficiency,4:77,sample_thermal_status,0,Android PowerManager status
efficiency,4:77,sample_cpu0_freq,1804,MHz
efficiency,4:77,sample_cpu1_freq,1804,MHz
efficiency,4:77,sample_cpu2_freq,1804,MHz
efficiency,4:77,sample_cpu3_freq,1804,MHz
efficiency,4:77,sample_cpu4_freq,2208,MHz
efficiency,4:77,sample_cpu5_freq,2208,MHz
efficiency,4:77,sample_cpu6_freq,2208,MHz
efficiency,4:77,sample_cpu7_freq,2304,MHz
efficiency,4:78,sample_elapsed,12288,ms
efficiency,4:78,sample_power,4.118,W
efficiency,4:78,sample_process_cpu,407.143,% one core
efficiency,4:78,sample_free_ram,1.852,GiB
efficiency,4:78,sample_battery_temp,34.800,C
efficiency,4:78,sample_thermal_status,0,Android PowerManager status
efficiency,4:78,sample_cpu0_freq,1804,MHz
efficiency,4:78,sample_cpu1_freq,1804,MHz
efficiency,4:78,sample_cpu2_freq,1804,MHz
efficiency,4:78,sample_cpu3_freq,1804,MHz
efficiency,4:78,sample_cpu4_freq,2208,MHz
efficiency,4:78,sample_cpu5_freq,2208,MHz
efficiency,4:78,sample_cpu6_freq,2208,MHz
efficiency,4:78,sample_cpu7_freq,2304,MHz
efficiency,4:79,sample_elapsed,12450,ms
efficiency,4:79,sample_power,4.118,W
efficiency,4:79,sample_process_cpu,394.444,% one core
efficiency,4:79,sample_free_ram,1.852,GiB
efficiency,4:79,sample_battery_temp,34.800,C
efficiency,4:79,sample_thermal_status,0,Android PowerManager status
efficiency,4:79,sample_cpu0_freq,1804,MHz
efficiency,4:79,sample_cpu1_freq,1804,MHz
efficiency,4:79,sample_cpu2_freq,1804,MHz
efficiency,4:79,sample_cpu3_freq,1804,MHz
efficiency,4:79,sample_cpu4_freq,2208,MHz
efficiency,4:79,sample_cpu5_freq,2208,MHz
efficiency,4:79,sample_cpu6_freq,2208,MHz
efficiency,4:79,sample_cpu7_freq,2304,MHz
efficiency,4:80,sample_elapsed,12609,ms
efficiency,4:80,sample_power,4.118,W
efficiency,4:80,sample_process_cpu,396.226,% one core
efficiency,4:80,sample_free_ram,1.852,GiB
efficiency,4:80,sample_battery_temp,34.800,C
efficiency,4:80,sample_thermal_status,0,Android PowerManager status
efficiency,4:80,sample_cpu0_freq,1804,MHz
efficiency,4:80,sample_cpu1_freq,1804,MHz
efficiency,4:80,sample_cpu2_freq,1804,MHz
efficiency,4:80,sample_cpu3_freq,1804,MHz
efficiency,4:80,sample_cpu4_freq,2208,MHz
efficiency,4:80,sample_cpu5_freq,2208,MHz
efficiency,4:80,sample_cpu6_freq,2208,MHz
efficiency,4:80,sample_cpu7_freq,2304,MHz
efficiency,4:81,sample_elapsed,12768,ms
efficiency,4:81,sample_power,4.118,W
efficiency,4:81,sample_process_cpu,395.597,% one core
efficiency,4:81,sample_free_ram,1.852,GiB
efficiency,4:81,sample_battery_temp,34.800,C
efficiency,4:81,sample_thermal_status,0,Android PowerManager status
efficiency,4:81,sample_cpu0_freq,1804,MHz
efficiency,4:81,sample_cpu1_freq,1804,MHz
efficiency,4:81,sample_cpu2_freq,1804,MHz
efficiency,4:81,sample_cpu3_freq,1804,MHz
efficiency,4:81,sample_cpu4_freq,2208,MHz
efficiency,4:81,sample_cpu5_freq,2208,MHz
efficiency,4:81,sample_cpu6_freq,2208,MHz
efficiency,4:81,sample_cpu7_freq,2304,MHz
efficiency,4:82,sample_elapsed,12927,ms
efficiency,4:82,sample_power,4.118,W
efficiency,4:82,sample_process_cpu,392.453,% one core
efficiency,4:82,sample_free_ram,1.852,GiB
efficiency,4:82,sample_battery_temp,34.800,C
efficiency,4:82,sample_thermal_status,0,Android PowerManager status
efficiency,4:82,sample_cpu0_freq,1804,MHz
efficiency,4:82,sample_cpu1_freq,1804,MHz
efficiency,4:82,sample_cpu2_freq,1804,MHz
efficiency,4:82,sample_cpu3_freq,1804,MHz
efficiency,4:82,sample_cpu4_freq,2208,MHz
efficiency,4:82,sample_cpu5_freq,2208,MHz
efficiency,4:82,sample_cpu6_freq,2208,MHz
efficiency,4:82,sample_cpu7_freq,2304,MHz
efficiency,5,pp,128.000,tok/s
efficiency,5,tg,14.500,tok/s
efficiency,5,power,3.060,W
efficiency,5,tok_per_w,4.739,tok/W
efficiency,5,ttft_pp512_derived,4068.966,ms
efficiency,5,start_temp,34.800,C
efficiency,5,average_process_cpu,396.701,% one core
efficiency,5,minimum_free_ram,1.842,GiB
efficiency,5,peak_battery_temp,34.800,C
efficiency,5,peak_thermal_status,0,Android PowerManager status
efficiency,5:1,sample_elapsed,1,ms
efficiency,5:1,sample_power,0.783,W
efficiency,5:1,sample_process_cpu,300.000,% one core
efficiency,5:1,sample_free_ram,1.910,GiB
efficiency,5:1,sample_battery_temp,34.800,C
efficiency,5:1,sample_thermal_status,0,Android PowerManager status
efficiency,5:1,sample_cpu0_freq,1593,MHz
efficiency,5:1,sample_cpu1_freq,1593,MHz
efficiency,5:1,sample_cpu2_freq,1593,MHz
efficiency,5:1,sample_cpu3_freq,1593,MHz
efficiency,5:1,sample_cpu4_freq,633,MHz
efficiency,5:1,sample_cpu5_freq,633,MHz
efficiency,5:1,sample_cpu6_freq,633,MHz
efficiency,5:1,sample_cpu7_freq,633,MHz
efficiency,5:2,sample_elapsed,158,ms
efficiency,5:2,sample_power,0.783,W
efficiency,5:2,sample_process_cpu,311.465,% one core
efficiency,5:2,sample_free_ram,1.886,GiB
efficiency,5:2,sample_battery_temp,34.800,C
efficiency,5:2,sample_thermal_status,0,Android PowerManager status
efficiency,5:2,sample_cpu0_freq,1804,MHz
efficiency,5:2,sample_cpu1_freq,1804,MHz
efficiency,5:2,sample_cpu2_freq,1804,MHz
efficiency,5:2,sample_cpu3_freq,1804,MHz
efficiency,5:2,sample_cpu4_freq,2208,MHz
efficiency,5:2,sample_cpu5_freq,2208,MHz
efficiency,5:2,sample_cpu6_freq,2208,MHz
efficiency,5:2,sample_cpu7_freq,2304,MHz
efficiency,5:3,sample_elapsed,312,ms
efficiency,5:3,sample_power,0.783,W
efficiency,5:3,sample_process_cpu,390.909,% one core
efficiency,5:3,sample_free_ram,1.852,GiB
efficiency,5:3,sample_battery_temp,34.800,C
efficiency,5:3,sample_thermal_status,0,Android PowerManager status
efficiency,5:3,sample_cpu0_freq,1804,MHz
efficiency,5:3,sample_cpu1_freq,1804,MHz
efficiency,5:3,sample_cpu2_freq,1804,MHz
efficiency,5:3,sample_cpu3_freq,1804,MHz
efficiency,5:3,sample_cpu4_freq,2208,MHz
efficiency,5:3,sample_cpu5_freq,2208,MHz
efficiency,5:3,sample_cpu6_freq,2208,MHz
efficiency,5:3,sample_cpu7_freq,2304,MHz
efficiency,5:4,sample_elapsed,466,ms
efficiency,5:4,sample_power,0.783,W
efficiency,5:4,sample_process_cpu,400.649,% one core
efficiency,5:4,sample_free_ram,1.852,GiB
efficiency,5:4,sample_battery_temp,34.800,C
efficiency,5:4,sample_thermal_status,0,Android PowerManager status
efficiency,5:4,sample_cpu0_freq,1804,MHz
efficiency,5:4,sample_cpu1_freq,1804,MHz
efficiency,5:4,sample_cpu2_freq,1804,MHz
efficiency,5:4,sample_cpu3_freq,1804,MHz
efficiency,5:4,sample_cpu4_freq,2208,MHz
efficiency,5:4,sample_cpu5_freq,2208,MHz
efficiency,5:4,sample_cpu6_freq,2208,MHz
efficiency,5:4,sample_cpu7_freq,2304,MHz
efficiency,5:5,sample_elapsed,619,ms
efficiency,5:5,sample_power,0.783,W
efficiency,5:5,sample_process_cpu,398.693,% one core
efficiency,5:5,sample_free_ram,1.851,GiB
efficiency,5:5,sample_battery_temp,34.800,C
efficiency,5:5,sample_thermal_status,0,Android PowerManager status
efficiency,5:5,sample_cpu0_freq,1804,MHz
efficiency,5:5,sample_cpu1_freq,1804,MHz
efficiency,5:5,sample_cpu2_freq,1804,MHz
efficiency,5:5,sample_cpu3_freq,1804,MHz
efficiency,5:5,sample_cpu4_freq,2208,MHz
efficiency,5:5,sample_cpu5_freq,2208,MHz
efficiency,5:5,sample_cpu6_freq,2208,MHz
efficiency,5:5,sample_cpu7_freq,2304,MHz
efficiency,5:6,sample_elapsed,773,ms
efficiency,5:6,sample_power,0.783,W
efficiency,5:6,sample_process_cpu,396.753,% one core
efficiency,5:6,sample_free_ram,1.851,GiB
efficiency,5:6,sample_battery_temp,34.800,C
efficiency,5:6,sample_thermal_status,0,Android PowerManager status
efficiency,5:6,sample_cpu0_freq,1804,MHz
efficiency,5:6,sample_cpu1_freq,1804,MHz
efficiency,5:6,sample_cpu2_freq,1804,MHz
efficiency,5:6,sample_cpu3_freq,1804,MHz
efficiency,5:6,sample_cpu4_freq,2208,MHz
efficiency,5:6,sample_cpu5_freq,2208,MHz
efficiency,5:6,sample_cpu6_freq,2208,MHz
efficiency,5:6,sample_cpu7_freq,2304,MHz
efficiency,5:7,sample_elapsed,936,ms
efficiency,5:7,sample_power,0.783,W
efficiency,5:7,sample_process_cpu,396.319,% one core
efficiency,5:7,sample_free_ram,1.850,GiB
efficiency,5:7,sample_battery_temp,34.800,C
efficiency,5:7,sample_thermal_status,0,Android PowerManager status
efficiency,5:7,sample_cpu0_freq,1804,MHz
efficiency,5:7,sample_cpu1_freq,1804,MHz
efficiency,5:7,sample_cpu2_freq,1804,MHz
efficiency,5:7,sample_cpu3_freq,1804,MHz
efficiency,5:7,sample_cpu4_freq,2208,MHz
efficiency,5:7,sample_cpu5_freq,2208,MHz
efficiency,5:7,sample_cpu6_freq,2208,MHz
efficiency,5:7,sample_cpu7_freq,2304,MHz
efficiency,5:8,sample_elapsed,1090,ms
efficiency,5:8,sample_power,0.783,W
efficiency,5:8,sample_process_cpu,402.597,% one core
efficiency,5:8,sample_free_ram,1.849,GiB
efficiency,5:8,sample_battery_temp,34.800,C
efficiency,5:8,sample_thermal_status,0,Android PowerManager status
efficiency,5:8,sample_cpu0_freq,1804,MHz
efficiency,5:8,sample_cpu1_freq,1804,MHz
efficiency,5:8,sample_cpu2_freq,1804,MHz
efficiency,5:8,sample_cpu3_freq,1804,MHz
efficiency,5:8,sample_cpu4_freq,2208,MHz
efficiency,5:8,sample_cpu5_freq,2208,MHz
efficiency,5:8,sample_cpu6_freq,2208,MHz
efficiency,5:8,sample_cpu7_freq,2304,MHz
efficiency,5:9,sample_elapsed,1244,ms
efficiency,5:9,sample_power,0.783,W
efficiency,5:9,sample_process_cpu,393.506,% one core
efficiency,5:9,sample_free_ram,1.849,GiB
efficiency,5:9,sample_battery_temp,34.800,C
efficiency,5:9,sample_thermal_status,0,Android PowerManager status
efficiency,5:9,sample_cpu0_freq,1804,MHz
efficiency,5:9,sample_cpu1_freq,1804,MHz
efficiency,5:9,sample_cpu2_freq,1804,MHz
efficiency,5:9,sample_cpu3_freq,1804,MHz
efficiency,5:9,sample_cpu4_freq,2208,MHz
efficiency,5:9,sample_cpu5_freq,2208,MHz
efficiency,5:9,sample_cpu6_freq,2208,MHz
efficiency,5:9,sample_cpu7_freq,2304,MHz
efficiency,5:10,sample_elapsed,1398,ms
efficiency,5:10,sample_power,0.783,W
efficiency,5:10,sample_process_cpu,401.299,% one core
efficiency,5:10,sample_free_ram,1.849,GiB
efficiency,5:10,sample_battery_temp,34.800,C
efficiency,5:10,sample_thermal_status,0,Android PowerManager status
efficiency,5:10,sample_cpu0_freq,1804,MHz
efficiency,5:10,sample_cpu1_freq,1804,MHz
efficiency,5:10,sample_cpu2_freq,1804,MHz
efficiency,5:10,sample_cpu3_freq,1804,MHz
efficiency,5:10,sample_cpu4_freq,2208,MHz
efficiency,5:10,sample_cpu5_freq,2208,MHz
efficiency,5:10,sample_cpu6_freq,2208,MHz
efficiency,5:10,sample_cpu7_freq,2304,MHz
efficiency,5:11,sample_elapsed,1553,ms
efficiency,5:11,sample_power,0.783,W
efficiency,5:11,sample_process_cpu,399.355,% one core
efficiency,5:11,sample_free_ram,1.849,GiB
efficiency,5:11,sample_battery_temp,34.800,C
efficiency,5:11,sample_thermal_status,0,Android PowerManager status
efficiency,5:11,sample_cpu0_freq,1804,MHz
efficiency,5:11,sample_cpu1_freq,1804,MHz
efficiency,5:11,sample_cpu2_freq,1804,MHz
efficiency,5:11,sample_cpu3_freq,1804,MHz
efficiency,5:11,sample_cpu4_freq,2208,MHz
efficiency,5:11,sample_cpu5_freq,2208,MHz
efficiency,5:11,sample_cpu6_freq,2208,MHz
efficiency,5:11,sample_cpu7_freq,2304,MHz
efficiency,5:12,sample_elapsed,1706,ms
efficiency,5:12,sample_power,0.783,W
efficiency,5:12,sample_process_cpu,400.654,% one core
efficiency,5:12,sample_free_ram,1.849,GiB
efficiency,5:12,sample_battery_temp,34.800,C
efficiency,5:12,sample_thermal_status,0,Android PowerManager status
efficiency,5:12,sample_cpu0_freq,1804,MHz
efficiency,5:12,sample_cpu1_freq,1804,MHz
efficiency,5:12,sample_cpu2_freq,1804,MHz
efficiency,5:12,sample_cpu3_freq,1804,MHz
efficiency,5:12,sample_cpu4_freq,2208,MHz
efficiency,5:12,sample_cpu5_freq,2208,MHz
efficiency,5:12,sample_cpu6_freq,2208,MHz
efficiency,5:12,sample_cpu7_freq,2304,MHz
efficiency,5:13,sample_elapsed,1862,ms
efficiency,5:13,sample_power,0.783,W
efficiency,5:13,sample_process_cpu,389.744,% one core
efficiency,5:13,sample_free_ram,1.849,GiB
efficiency,5:13,sample_battery_temp,34.800,C
efficiency,5:13,sample_thermal_status,0,Android PowerManager status
efficiency,5:13,sample_cpu0_freq,1804,MHz
efficiency,5:13,sample_cpu1_freq,1804,MHz
efficiency,5:13,sample_cpu2_freq,1804,MHz
efficiency,5:13,sample_cpu3_freq,1804,MHz
efficiency,5:13,sample_cpu4_freq,2208,MHz
efficiency,5:13,sample_cpu5_freq,2208,MHz
efficiency,5:13,sample_cpu6_freq,2208,MHz
efficiency,5:13,sample_cpu7_freq,2304,MHz
efficiency,5:14,sample_elapsed,2015,ms
efficiency,5:14,sample_power,0.783,W
efficiency,5:14,sample_process_cpu,393.464,% one core
efficiency,5:14,sample_free_ram,1.849,GiB
efficiency,5:14,sample_battery_temp,34.800,C
efficiency,5:14,sample_thermal_status,0,Android PowerManager status
efficiency,5:14,sample_cpu0_freq,1804,MHz
efficiency,5:14,sample_cpu1_freq,1804,MHz
efficiency,5:14,sample_cpu2_freq,1804,MHz
efficiency,5:14,sample_cpu3_freq,1804,MHz
efficiency,5:14,sample_cpu4_freq,2208,MHz
efficiency,5:14,sample_cpu5_freq,2208,MHz
efficiency,5:14,sample_cpu6_freq,2208,MHz
efficiency,5:14,sample_cpu7_freq,2304,MHz
efficiency,5:15,sample_elapsed,2169,ms
efficiency,5:15,sample_power,0.783,W
efficiency,5:15,sample_process_cpu,402.597,% one core
efficiency,5:15,sample_free_ram,1.849,GiB
efficiency,5:15,sample_battery_temp,34.800,C
efficiency,5:15,sample_thermal_status,0,Android PowerManager status
efficiency,5:15,sample_cpu0_freq,1804,MHz
efficiency,5:15,sample_cpu1_freq,1804,MHz
efficiency,5:15,sample_cpu2_freq,1804,MHz
efficiency,5:15,sample_cpu3_freq,1804,MHz
efficiency,5:15,sample_cpu4_freq,2208,MHz
efficiency,5:15,sample_cpu5_freq,2208,MHz
efficiency,5:15,sample_cpu6_freq,2208,MHz
efficiency,5:15,sample_cpu7_freq,2304,MHz
efficiency,5:16,sample_elapsed,2323,ms
efficiency,5:16,sample_power,0.783,W
efficiency,5:16,sample_process_cpu,395.455,% one core
efficiency,5:16,sample_free_ram,1.849,GiB
efficiency,5:16,sample_battery_temp,34.800,C
efficiency,5:16,sample_thermal_status,0,Android PowerManager status
efficiency,5:16,sample_cpu0_freq,1804,MHz
efficiency,5:16,sample_cpu1_freq,1804,MHz
efficiency,5:16,sample_cpu2_freq,1804,MHz
efficiency,5:16,sample_cpu3_freq,1804,MHz
efficiency,5:16,sample_cpu4_freq,2208,MHz
efficiency,5:16,sample_cpu5_freq,2208,MHz
efficiency,5:16,sample_cpu6_freq,2208,MHz
efficiency,5:16,sample_cpu7_freq,2304,MHz
efficiency,5:17,sample_elapsed,2477,ms
efficiency,5:17,sample_power,0.783,W
efficiency,5:17,sample_process_cpu,399.351,% one core
efficiency,5:17,sample_free_ram,1.849,GiB
efficiency,5:17,sample_battery_temp,34.800,C
efficiency,5:17,sample_thermal_status,0,Android PowerManager status
efficiency,5:17,sample_cpu0_freq,1804,MHz
efficiency,5:17,sample_cpu1_freq,1804,MHz
efficiency,5:17,sample_cpu2_freq,1804,MHz
efficiency,5:17,sample_cpu3_freq,1804,MHz
efficiency,5:17,sample_cpu4_freq,2208,MHz
efficiency,5:17,sample_cpu5_freq,2208,MHz
efficiency,5:17,sample_cpu6_freq,2208,MHz
efficiency,5:17,sample_cpu7_freq,2304,MHz
efficiency,5:18,sample_elapsed,2632,ms
efficiency,5:18,sample_power,0.783,W
efficiency,5:18,sample_process_cpu,389.032,% one core
efficiency,5:18,sample_free_ram,1.849,GiB
efficiency,5:18,sample_battery_temp,34.800,C
efficiency,5:18,sample_thermal_status,0,Android PowerManager status
efficiency,5:18,sample_cpu0_freq,1804,MHz
efficiency,5:18,sample_cpu1_freq,1804,MHz
efficiency,5:18,sample_cpu2_freq,1804,MHz
efficiency,5:18,sample_cpu3_freq,1804,MHz
efficiency,5:18,sample_cpu4_freq,2208,MHz
efficiency,5:18,sample_cpu5_freq,2208,MHz
efficiency,5:18,sample_cpu6_freq,2208,MHz
efficiency,5:18,sample_cpu7_freq,2304,MHz
efficiency,5:19,sample_elapsed,2785,ms
efficiency,5:19,sample_power,0.783,W
efficiency,5:19,sample_process_cpu,405.229,% one core
efficiency,5:19,sample_free_ram,1.849,GiB
efficiency,5:19,sample_battery_temp,34.800,C
efficiency,5:19,sample_thermal_status,0,Android PowerManager status
efficiency,5:19,sample_cpu0_freq,1804,MHz
efficiency,5:19,sample_cpu1_freq,1804,MHz
efficiency,5:19,sample_cpu2_freq,1804,MHz
efficiency,5:19,sample_cpu3_freq,1804,MHz
efficiency,5:19,sample_cpu4_freq,2208,MHz
efficiency,5:19,sample_cpu5_freq,2208,MHz
efficiency,5:19,sample_cpu6_freq,2208,MHz
efficiency,5:19,sample_cpu7_freq,2304,MHz
efficiency,5:20,sample_elapsed,2938,ms
efficiency,5:20,sample_power,0.783,W
efficiency,5:20,sample_process_cpu,392.157,% one core
efficiency,5:20,sample_free_ram,1.849,GiB
efficiency,5:20,sample_battery_temp,34.800,C
efficiency,5:20,sample_thermal_status,0,Android PowerManager status
efficiency,5:20,sample_cpu0_freq,1804,MHz
efficiency,5:20,sample_cpu1_freq,1804,MHz
efficiency,5:20,sample_cpu2_freq,1804,MHz
efficiency,5:20,sample_cpu3_freq,1804,MHz
efficiency,5:20,sample_cpu4_freq,2208,MHz
efficiency,5:20,sample_cpu5_freq,2208,MHz
efficiency,5:20,sample_cpu6_freq,2208,MHz
efficiency,5:20,sample_cpu7_freq,2304,MHz
efficiency,5:21,sample_elapsed,3093,ms
efficiency,5:21,sample_power,0.783,W
efficiency,5:21,sample_process_cpu,400.000,% one core
efficiency,5:21,sample_free_ram,1.849,GiB
efficiency,5:21,sample_battery_temp,34.800,C
efficiency,5:21,sample_thermal_status,0,Android PowerManager status
efficiency,5:21,sample_cpu0_freq,1804,MHz
efficiency,5:21,sample_cpu1_freq,1804,MHz
efficiency,5:21,sample_cpu2_freq,1804,MHz
efficiency,5:21,sample_cpu3_freq,1804,MHz
efficiency,5:21,sample_cpu4_freq,2208,MHz
efficiency,5:21,sample_cpu5_freq,2208,MHz
efficiency,5:21,sample_cpu6_freq,2208,MHz
efficiency,5:21,sample_cpu7_freq,2304,MHz
efficiency,5:22,sample_elapsed,3247,ms
efficiency,5:22,sample_power,3.844,W
efficiency,5:22,sample_process_cpu,391.558,% one core
efficiency,5:22,sample_free_ram,1.848,GiB
efficiency,5:22,sample_battery_temp,34.800,C
efficiency,5:22,sample_thermal_status,0,Android PowerManager status
efficiency,5:22,sample_cpu0_freq,1804,MHz
efficiency,5:22,sample_cpu1_freq,1804,MHz
efficiency,5:22,sample_cpu2_freq,1804,MHz
efficiency,5:22,sample_cpu3_freq,1804,MHz
efficiency,5:22,sample_cpu4_freq,2208,MHz
efficiency,5:22,sample_cpu5_freq,2208,MHz
efficiency,5:22,sample_cpu6_freq,2208,MHz
efficiency,5:22,sample_cpu7_freq,2304,MHz
efficiency,5:23,sample_elapsed,3402,ms
efficiency,5:23,sample_power,3.844,W
efficiency,5:23,sample_process_cpu,407.097,% one core
efficiency,5:23,sample_free_ram,1.848,GiB
efficiency,5:23,sample_battery_temp,34.800,C
efficiency,5:23,sample_thermal_status,0,Android PowerManager status
efficiency,5:23,sample_cpu0_freq,1804,MHz
efficiency,5:23,sample_cpu1_freq,1804,MHz
efficiency,5:23,sample_cpu2_freq,1804,MHz
efficiency,5:23,sample_cpu3_freq,1804,MHz
efficiency,5:23,sample_cpu4_freq,2208,MHz
efficiency,5:23,sample_cpu5_freq,2208,MHz
efficiency,5:23,sample_cpu6_freq,2208,MHz
efficiency,5:23,sample_cpu7_freq,2304,MHz
efficiency,5:24,sample_elapsed,3557,ms
efficiency,5:24,sample_power,3.844,W
efficiency,5:24,sample_process_cpu,394.194,% one core
efficiency,5:24,sample_free_ram,1.848,GiB
efficiency,5:24,sample_battery_temp,34.800,C
efficiency,5:24,sample_thermal_status,0,Android PowerManager status
efficiency,5:24,sample_cpu0_freq,1804,MHz
efficiency,5:24,sample_cpu1_freq,1804,MHz
efficiency,5:24,sample_cpu2_freq,1804,MHz
efficiency,5:24,sample_cpu3_freq,1804,MHz
efficiency,5:24,sample_cpu4_freq,2208,MHz
efficiency,5:24,sample_cpu5_freq,2208,MHz
efficiency,5:24,sample_cpu6_freq,2208,MHz
efficiency,5:24,sample_cpu7_freq,2304,MHz
efficiency,5:25,sample_elapsed,3711,ms
efficiency,5:25,sample_power,3.844,W
efficiency,5:25,sample_process_cpu,390.909,% one core
efficiency,5:25,sample_free_ram,1.848,GiB
efficiency,5:25,sample_battery_temp,34.800,C
efficiency,5:25,sample_thermal_status,0,Android PowerManager status
efficiency,5:25,sample_cpu0_freq,1804,MHz
efficiency,5:25,sample_cpu1_freq,1804,MHz
efficiency,5:25,sample_cpu2_freq,1804,MHz
efficiency,5:25,sample_cpu3_freq,1804,MHz
efficiency,5:25,sample_cpu4_freq,2208,MHz
efficiency,5:25,sample_cpu5_freq,2208,MHz
efficiency,5:25,sample_cpu6_freq,2208,MHz
efficiency,5:25,sample_cpu7_freq,2304,MHz
efficiency,5:26,sample_elapsed,3864,ms
efficiency,5:26,sample_power,3.844,W
efficiency,5:26,sample_process_cpu,396.078,% one core
efficiency,5:26,sample_free_ram,1.848,GiB
efficiency,5:26,sample_battery_temp,34.800,C
efficiency,5:26,sample_thermal_status,0,Android PowerManager status
efficiency,5:26,sample_cpu0_freq,1804,MHz
efficiency,5:26,sample_cpu1_freq,1804,MHz
efficiency,5:26,sample_cpu2_freq,1804,MHz
efficiency,5:26,sample_cpu3_freq,1804,MHz
efficiency,5:26,sample_cpu4_freq,2208,MHz
efficiency,5:26,sample_cpu5_freq,2208,MHz
efficiency,5:26,sample_cpu6_freq,2208,MHz
efficiency,5:26,sample_cpu7_freq,2304,MHz
efficiency,5:27,sample_elapsed,4018,ms
efficiency,5:27,sample_power,3.844,W
efficiency,5:27,sample_process_cpu,402.597,% one core
efficiency,5:27,sample_free_ram,1.848,GiB
efficiency,5:27,sample_battery_temp,34.800,C
efficiency,5:27,sample_thermal_status,0,Android PowerManager status
efficiency,5:27,sample_cpu0_freq,1804,MHz
efficiency,5:27,sample_cpu1_freq,1804,MHz
efficiency,5:27,sample_cpu2_freq,1804,MHz
efficiency,5:27,sample_cpu3_freq,1804,MHz
efficiency,5:27,sample_cpu4_freq,2208,MHz
efficiency,5:27,sample_cpu5_freq,2208,MHz
efficiency,5:27,sample_cpu6_freq,2208,MHz
efficiency,5:27,sample_cpu7_freq,2304,MHz
efficiency,5:28,sample_elapsed,4173,ms
efficiency,5:28,sample_power,3.844,W
efficiency,5:28,sample_process_cpu,398.065,% one core
efficiency,5:28,sample_free_ram,1.848,GiB
efficiency,5:28,sample_battery_temp,34.800,C
efficiency,5:28,sample_thermal_status,0,Android PowerManager status
efficiency,5:28,sample_cpu0_freq,1804,MHz
efficiency,5:28,sample_cpu1_freq,1804,MHz
efficiency,5:28,sample_cpu2_freq,1804,MHz
efficiency,5:28,sample_cpu3_freq,1804,MHz
efficiency,5:28,sample_cpu4_freq,2208,MHz
efficiency,5:28,sample_cpu5_freq,2208,MHz
efficiency,5:28,sample_cpu6_freq,2208,MHz
efficiency,5:28,sample_cpu7_freq,2304,MHz
efficiency,5:29,sample_elapsed,4328,ms
efficiency,5:29,sample_power,3.844,W
efficiency,5:29,sample_process_cpu,398.065,% one core
efficiency,5:29,sample_free_ram,1.847,GiB
efficiency,5:29,sample_battery_temp,34.800,C
efficiency,5:29,sample_thermal_status,0,Android PowerManager status
efficiency,5:29,sample_cpu0_freq,1804,MHz
efficiency,5:29,sample_cpu1_freq,1804,MHz
efficiency,5:29,sample_cpu2_freq,1804,MHz
efficiency,5:29,sample_cpu3_freq,1804,MHz
efficiency,5:29,sample_cpu4_freq,2208,MHz
efficiency,5:29,sample_cpu5_freq,2208,MHz
efficiency,5:29,sample_cpu6_freq,2208,MHz
efficiency,5:29,sample_cpu7_freq,2304,MHz
efficiency,5:30,sample_elapsed,4490,ms
efficiency,5:30,sample_power,3.844,W
efficiency,5:30,sample_process_cpu,412.346,% one core
efficiency,5:30,sample_free_ram,1.845,GiB
efficiency,5:30,sample_battery_temp,34.800,C
efficiency,5:30,sample_thermal_status,0,Android PowerManager status
efficiency,5:30,sample_cpu0_freq,1804,MHz
efficiency,5:30,sample_cpu1_freq,1804,MHz
efficiency,5:30,sample_cpu2_freq,1804,MHz
efficiency,5:30,sample_cpu3_freq,1804,MHz
efficiency,5:30,sample_cpu4_freq,2208,MHz
efficiency,5:30,sample_cpu5_freq,2208,MHz
efficiency,5:30,sample_cpu6_freq,2208,MHz
efficiency,5:30,sample_cpu7_freq,2304,MHz
efficiency,5:31,sample_elapsed,4650,ms
efficiency,5:31,sample_power,3.844,W
efficiency,5:31,sample_process_cpu,401.250,% one core
efficiency,5:31,sample_free_ram,1.845,GiB
efficiency,5:31,sample_battery_temp,34.800,C
efficiency,5:31,sample_thermal_status,0,Android PowerManager status
efficiency,5:31,sample_cpu0_freq,1804,MHz
efficiency,5:31,sample_cpu1_freq,1804,MHz
efficiency,5:31,sample_cpu2_freq,1804,MHz
efficiency,5:31,sample_cpu3_freq,1804,MHz
efficiency,5:31,sample_cpu4_freq,2208,MHz
efficiency,5:31,sample_cpu5_freq,2208,MHz
efficiency,5:31,sample_cpu6_freq,2208,MHz
efficiency,5:31,sample_cpu7_freq,2304,MHz
efficiency,5:32,sample_elapsed,4814,ms
efficiency,5:32,sample_power,3.844,W
efficiency,5:32,sample_process_cpu,392.683,% one core
efficiency,5:32,sample_free_ram,1.845,GiB
efficiency,5:32,sample_battery_temp,34.800,C
efficiency,5:32,sample_thermal_status,0,Android PowerManager status
efficiency,5:32,sample_cpu0_freq,1804,MHz
efficiency,5:32,sample_cpu1_freq,1804,MHz
efficiency,5:32,sample_cpu2_freq,1804,MHz
efficiency,5:32,sample_cpu3_freq,1804,MHz
efficiency,5:32,sample_cpu4_freq,2208,MHz
efficiency,5:32,sample_cpu5_freq,2208,MHz
efficiency,5:32,sample_cpu6_freq,2208,MHz
efficiency,5:32,sample_cpu7_freq,2304,MHz
efficiency,5:33,sample_elapsed,4973,ms
efficiency,5:33,sample_power,3.844,W
efficiency,5:33,sample_process_cpu,395.597,% one core
efficiency,5:33,sample_free_ram,1.845,GiB
efficiency,5:33,sample_battery_temp,34.800,C
efficiency,5:33,sample_thermal_status,0,Android PowerManager status
efficiency,5:33,sample_cpu0_freq,1804,MHz
efficiency,5:33,sample_cpu1_freq,1804,MHz
efficiency,5:33,sample_cpu2_freq,1804,MHz
efficiency,5:33,sample_cpu3_freq,1804,MHz
efficiency,5:33,sample_cpu4_freq,2208,MHz
efficiency,5:33,sample_cpu5_freq,2208,MHz
efficiency,5:33,sample_cpu6_freq,2208,MHz
efficiency,5:33,sample_cpu7_freq,2304,MHz
efficiency,5:34,sample_elapsed,5132,ms
efficiency,5:34,sample_power,3.844,W
efficiency,5:34,sample_process_cpu,395.597,% one core
efficiency,5:34,sample_free_ram,1.844,GiB
efficiency,5:34,sample_battery_temp,34.800,C
efficiency,5:34,sample_thermal_status,0,Android PowerManager status
efficiency,5:34,sample_cpu0_freq,1804,MHz
efficiency,5:34,sample_cpu1_freq,1804,MHz
efficiency,5:34,sample_cpu2_freq,1804,MHz
efficiency,5:34,sample_cpu3_freq,1804,MHz
efficiency,5:34,sample_cpu4_freq,2208,MHz
efficiency,5:34,sample_cpu5_freq,2208,MHz
efficiency,5:34,sample_cpu6_freq,2208,MHz
efficiency,5:34,sample_cpu7_freq,2304,MHz
efficiency,5:35,sample_elapsed,5290,ms
efficiency,5:35,sample_power,3.844,W
efficiency,5:35,sample_process_cpu,399.367,% one core
efficiency,5:35,sample_free_ram,1.844,GiB
efficiency,5:35,sample_battery_temp,34.800,C
efficiency,5:35,sample_thermal_status,0,Android PowerManager status
efficiency,5:35,sample_cpu0_freq,1804,MHz
efficiency,5:35,sample_cpu1_freq,1804,MHz
efficiency,5:35,sample_cpu2_freq,1804,MHz
efficiency,5:35,sample_cpu3_freq,1804,MHz
efficiency,5:35,sample_cpu4_freq,2208,MHz
efficiency,5:35,sample_cpu5_freq,2208,MHz
efficiency,5:35,sample_cpu6_freq,2208,MHz
efficiency,5:35,sample_cpu7_freq,2304,MHz
efficiency,5:36,sample_elapsed,5449,ms
efficiency,5:36,sample_power,3.844,W
efficiency,5:36,sample_process_cpu,393.082,% one core
efficiency,5:36,sample_free_ram,1.844,GiB
efficiency,5:36,sample_battery_temp,34.800,C
efficiency,5:36,sample_thermal_status,0,Android PowerManager status
efficiency,5:36,sample_cpu0_freq,1804,MHz
efficiency,5:36,sample_cpu1_freq,1804,MHz
efficiency,5:36,sample_cpu2_freq,1804,MHz
efficiency,5:36,sample_cpu3_freq,1804,MHz
efficiency,5:36,sample_cpu4_freq,2208,MHz
efficiency,5:36,sample_cpu5_freq,2208,MHz
efficiency,5:36,sample_cpu6_freq,2208,MHz
efficiency,5:36,sample_cpu7_freq,2304,MHz
efficiency,5:37,sample_elapsed,5609,ms
efficiency,5:37,sample_power,3.844,W
efficiency,5:37,sample_process_cpu,413.125,% one core
efficiency,5:37,sample_free_ram,1.842,GiB
efficiency,5:37,sample_battery_temp,34.800,C
efficiency,5:37,sample_thermal_status,0,Android PowerManager status
efficiency,5:37,sample_cpu0_freq,1804,MHz
efficiency,5:37,sample_cpu1_freq,1804,MHz
efficiency,5:37,sample_cpu2_freq,1804,MHz
efficiency,5:37,sample_cpu3_freq,1804,MHz
efficiency,5:37,sample_cpu4_freq,2208,MHz
efficiency,5:37,sample_cpu5_freq,2208,MHz
efficiency,5:37,sample_cpu6_freq,2208,MHz
efficiency,5:37,sample_cpu7_freq,2304,MHz
efficiency,5:38,sample_elapsed,5770,ms
efficiency,5:38,sample_power,3.844,W
efficiency,5:38,sample_process_cpu,388.820,% one core
efficiency,5:38,sample_free_ram,1.842,GiB
efficiency,5:38,sample_battery_temp,34.800,C
efficiency,5:38,sample_thermal_status,0,Android PowerManager status
efficiency,5:38,sample_cpu0_freq,1804,MHz
efficiency,5:38,sample_cpu1_freq,1804,MHz
efficiency,5:38,sample_cpu2_freq,1804,MHz
efficiency,5:38,sample_cpu3_freq,1804,MHz
efficiency,5:38,sample_cpu4_freq,2208,MHz
efficiency,5:38,sample_cpu5_freq,2208,MHz
efficiency,5:38,sample_cpu6_freq,2208,MHz
efficiency,5:38,sample_cpu7_freq,2304,MHz
efficiency,5:39,sample_elapsed,5928,ms
efficiency,5:39,sample_power,3.844,W
efficiency,5:39,sample_process_cpu,397.468,% one core
efficiency,5:39,sample_free_ram,1.842,GiB
efficiency,5:39,sample_battery_temp,34.800,C
efficiency,5:39,sample_thermal_status,0,Android PowerManager status
efficiency,5:39,sample_cpu0_freq,1804,MHz
efficiency,5:39,sample_cpu1_freq,1804,MHz
efficiency,5:39,sample_cpu2_freq,1804,MHz
efficiency,5:39,sample_cpu3_freq,1804,MHz
efficiency,5:39,sample_cpu4_freq,2208,MHz
efficiency,5:39,sample_cpu5_freq,2208,MHz
efficiency,5:39,sample_cpu6_freq,2208,MHz
efficiency,5:39,sample_cpu7_freq,2304,MHz
efficiency,5:40,sample_elapsed,6092,ms
efficiency,5:40,sample_power,3.844,W
efficiency,5:40,sample_process_cpu,398.171,% one core
efficiency,5:40,sample_free_ram,1.842,GiB
efficiency,5:40,sample_battery_temp,34.800,C
efficiency,5:40,sample_thermal_status,0,Android PowerManager status
efficiency,5:40,sample_cpu0_freq,1804,MHz
efficiency,5:40,sample_cpu1_freq,1804,MHz
efficiency,5:40,sample_cpu2_freq,1804,MHz
efficiency,5:40,sample_cpu3_freq,1804,MHz
efficiency,5:40,sample_cpu4_freq,2208,MHz
efficiency,5:40,sample_cpu5_freq,2208,MHz
efficiency,5:40,sample_cpu6_freq,2208,MHz
efficiency,5:40,sample_cpu7_freq,2304,MHz
efficiency,5:41,sample_elapsed,6249,ms
efficiency,5:41,sample_power,3.844,W
efficiency,5:41,sample_process_cpu,396.178,% one core
efficiency,5:41,sample_free_ram,1.842,GiB
efficiency,5:41,sample_battery_temp,34.800,C
efficiency,5:41,sample_thermal_status,0,Android PowerManager status
efficiency,5:41,sample_cpu0_freq,1804,MHz
efficiency,5:41,sample_cpu1_freq,1804,MHz
efficiency,5:41,sample_cpu2_freq,1804,MHz
efficiency,5:41,sample_cpu3_freq,1804,MHz
efficiency,5:41,sample_cpu4_freq,2208,MHz
efficiency,5:41,sample_cpu5_freq,2208,MHz
efficiency,5:41,sample_cpu6_freq,2208,MHz
efficiency,5:41,sample_cpu7_freq,2304,MHz
efficiency,5:42,sample_elapsed,6409,ms
efficiency,5:42,sample_power,3.844,W
efficiency,5:42,sample_process_cpu,394.375,% one core
efficiency,5:42,sample_free_ram,1.842,GiB
efficiency,5:42,sample_battery_temp,34.800,C
efficiency,5:42,sample_thermal_status,0,Android PowerManager status
efficiency,5:42,sample_cpu0_freq,1804,MHz
efficiency,5:42,sample_cpu1_freq,1804,MHz
efficiency,5:42,sample_cpu2_freq,1804,MHz
efficiency,5:42,sample_cpu3_freq,1804,MHz
efficiency,5:42,sample_cpu4_freq,2208,MHz
efficiency,5:42,sample_cpu5_freq,2208,MHz
efficiency,5:42,sample_cpu6_freq,2208,MHz
efficiency,5:42,sample_cpu7_freq,2304,MHz
efficiency,5:43,sample_elapsed,6568,ms
efficiency,5:43,sample_power,3.844,W
efficiency,5:43,sample_process_cpu,403.774,% one core
efficiency,5:43,sample_free_ram,1.843,GiB
efficiency,5:43,sample_battery_temp,34.800,C
efficiency,5:43,sample_thermal_status,0,Android PowerManager status
efficiency,5:43,sample_cpu0_freq,1804,MHz
efficiency,5:43,sample_cpu1_freq,1804,MHz
efficiency,5:43,sample_cpu2_freq,1804,MHz
efficiency,5:43,sample_cpu3_freq,1804,MHz
efficiency,5:43,sample_cpu4_freq,2208,MHz
efficiency,5:43,sample_cpu5_freq,2208,MHz
efficiency,5:43,sample_cpu6_freq,2208,MHz
efficiency,5:43,sample_cpu7_freq,2304,MHz
efficiency,5:44,sample_elapsed,6734,ms
efficiency,5:44,sample_power,3.844,W
efficiency,5:44,sample_process_cpu,390.964,% one core
efficiency,5:44,sample_free_ram,1.843,GiB
efficiency,5:44,sample_battery_temp,34.800,C
efficiency,5:44,sample_thermal_status,0,Android PowerManager status
efficiency,5:44,sample_cpu0_freq,1804,MHz
efficiency,5:44,sample_cpu1_freq,1804,MHz
efficiency,5:44,sample_cpu2_freq,1804,MHz
efficiency,5:44,sample_cpu3_freq,1804,MHz
efficiency,5:44,sample_cpu4_freq,2208,MHz
efficiency,5:44,sample_cpu5_freq,2208,MHz
efficiency,5:44,sample_cpu6_freq,2208,MHz
efficiency,5:44,sample_cpu7_freq,2304,MHz
efficiency,5:45,sample_elapsed,6892,ms
efficiency,5:45,sample_power,3.844,W
efficiency,5:45,sample_process_cpu,396.835,% one core
efficiency,5:45,sample_free_ram,1.843,GiB
efficiency,5:45,sample_battery_temp,34.800,C
efficiency,5:45,sample_thermal_status,0,Android PowerManager status
efficiency,5:45,sample_cpu0_freq,1804,MHz
efficiency,5:45,sample_cpu1_freq,1804,MHz
efficiency,5:45,sample_cpu2_freq,1804,MHz
efficiency,5:45,sample_cpu3_freq,1804,MHz
efficiency,5:45,sample_cpu4_freq,2208,MHz
efficiency,5:45,sample_cpu5_freq,2208,MHz
efficiency,5:45,sample_cpu6_freq,2208,MHz
efficiency,5:45,sample_cpu7_freq,2304,MHz
efficiency,5:46,sample_elapsed,7052,ms
efficiency,5:46,sample_power,3.844,W
efficiency,5:46,sample_process_cpu,395.000,% one core
efficiency,5:46,sample_free_ram,1.843,GiB
efficiency,5:46,sample_battery_temp,34.800,C
efficiency,5:46,sample_thermal_status,0,Android PowerManager status
efficiency,5:46,sample_cpu0_freq,1804,MHz
efficiency,5:46,sample_cpu1_freq,1804,MHz
efficiency,5:46,sample_cpu2_freq,1804,MHz
efficiency,5:46,sample_cpu3_freq,1804,MHz
efficiency,5:46,sample_cpu4_freq,2208,MHz
efficiency,5:46,sample_cpu5_freq,2208,MHz
efficiency,5:46,sample_cpu6_freq,2208,MHz
efficiency,5:46,sample_cpu7_freq,2304,MHz
efficiency,5:47,sample_elapsed,7212,ms
efficiency,5:47,sample_power,3.844,W
efficiency,5:47,sample_process_cpu,400.625,% one core
efficiency,5:47,sample_free_ram,1.843,GiB
efficiency,5:47,sample_battery_temp,34.800,C
efficiency,5:47,sample_thermal_status,0,Android PowerManager status
efficiency,5:47,sample_cpu0_freq,1804,MHz
efficiency,5:47,sample_cpu1_freq,1804,MHz
efficiency,5:47,sample_cpu2_freq,1804,MHz
efficiency,5:47,sample_cpu3_freq,1804,MHz
efficiency,5:47,sample_cpu4_freq,2208,MHz
efficiency,5:47,sample_cpu5_freq,2208,MHz
efficiency,5:47,sample_cpu6_freq,2208,MHz
efficiency,5:47,sample_cpu7_freq,2304,MHz
efficiency,5:48,sample_elapsed,7371,ms
efficiency,5:48,sample_power,3.844,W
efficiency,5:48,sample_process_cpu,394.969,% one core
efficiency,5:48,sample_free_ram,1.843,GiB
efficiency,5:48,sample_battery_temp,34.800,C
efficiency,5:48,sample_thermal_status,0,Android PowerManager status
efficiency,5:48,sample_cpu0_freq,1804,MHz
efficiency,5:48,sample_cpu1_freq,1804,MHz
efficiency,5:48,sample_cpu2_freq,1804,MHz
efficiency,5:48,sample_cpu3_freq,1804,MHz
efficiency,5:48,sample_cpu4_freq,2208,MHz
efficiency,5:48,sample_cpu5_freq,2208,MHz
efficiency,5:48,sample_cpu6_freq,2208,MHz
efficiency,5:48,sample_cpu7_freq,2304,MHz
efficiency,5:49,sample_elapsed,7530,ms
efficiency,5:49,sample_power,3.844,W
efficiency,5:49,sample_process_cpu,401.258,% one core
efficiency,5:49,sample_free_ram,1.842,GiB
efficiency,5:49,sample_battery_temp,34.800,C
efficiency,5:49,sample_thermal_status,0,Android PowerManager status
efficiency,5:49,sample_cpu0_freq,1804,MHz
efficiency,5:49,sample_cpu1_freq,1804,MHz
efficiency,5:49,sample_cpu2_freq,1804,MHz
efficiency,5:49,sample_cpu3_freq,1804,MHz
efficiency,5:49,sample_cpu4_freq,2208,MHz
efficiency,5:49,sample_cpu5_freq,2208,MHz
efficiency,5:49,sample_cpu6_freq,2208,MHz
efficiency,5:49,sample_cpu7_freq,2304,MHz
efficiency,5:50,sample_elapsed,7690,ms
efficiency,5:50,sample_power,3.844,W
efficiency,5:50,sample_process_cpu,391.875,% one core
efficiency,5:50,sample_free_ram,1.842,GiB
efficiency,5:50,sample_battery_temp,34.800,C
efficiency,5:50,sample_thermal_status,0,Android PowerManager status
efficiency,5:50,sample_cpu0_freq,1804,MHz
efficiency,5:50,sample_cpu1_freq,1804,MHz
efficiency,5:50,sample_cpu2_freq,1804,MHz
efficiency,5:50,sample_cpu3_freq,1804,MHz
efficiency,5:50,sample_cpu4_freq,2208,MHz
efficiency,5:50,sample_cpu5_freq,2208,MHz
efficiency,5:50,sample_cpu6_freq,2208,MHz
efficiency,5:50,sample_cpu7_freq,2304,MHz
efficiency,5:51,sample_elapsed,7850,ms
efficiency,5:51,sample_power,3.844,W
efficiency,5:51,sample_process_cpu,406.875,% one core
efficiency,5:51,sample_free_ram,1.842,GiB
efficiency,5:51,sample_battery_temp,34.800,C
efficiency,5:51,sample_thermal_status,0,Android PowerManager status
efficiency,5:51,sample_cpu0_freq,1804,MHz
efficiency,5:51,sample_cpu1_freq,1804,MHz
efficiency,5:51,sample_cpu2_freq,1804,MHz
efficiency,5:51,sample_cpu3_freq,1804,MHz
efficiency,5:51,sample_cpu4_freq,2208,MHz
efficiency,5:51,sample_cpu5_freq,2208,MHz
efficiency,5:51,sample_cpu6_freq,2208,MHz
efficiency,5:51,sample_cpu7_freq,2304,MHz
efficiency,5:52,sample_elapsed,8013,ms
efficiency,5:52,sample_power,3.844,W
efficiency,5:52,sample_process_cpu,395.706,% one core
efficiency,5:52,sample_free_ram,1.842,GiB
efficiency,5:52,sample_battery_temp,34.800,C
efficiency,5:52,sample_thermal_status,0,Android PowerManager status
efficiency,5:52,sample_cpu0_freq,1804,MHz
efficiency,5:52,sample_cpu1_freq,1804,MHz
efficiency,5:52,sample_cpu2_freq,1804,MHz
efficiency,5:52,sample_cpu3_freq,1804,MHz
efficiency,5:52,sample_cpu4_freq,2208,MHz
efficiency,5:52,sample_cpu5_freq,2208,MHz
efficiency,5:52,sample_cpu6_freq,2208,MHz
efficiency,5:52,sample_cpu7_freq,2304,MHz
efficiency,5:53,sample_elapsed,8168,ms
efficiency,5:53,sample_power,3.844,W
efficiency,5:53,sample_process_cpu,397.419,% one core
efficiency,5:53,sample_free_ram,1.842,GiB
efficiency,5:53,sample_battery_temp,34.800,C
efficiency,5:53,sample_thermal_status,0,Android PowerManager status
efficiency,5:53,sample_cpu0_freq,1804,MHz
efficiency,5:53,sample_cpu1_freq,1804,MHz
efficiency,5:53,sample_cpu2_freq,1804,MHz
efficiency,5:53,sample_cpu3_freq,1804,MHz
efficiency,5:53,sample_cpu4_freq,2208,MHz
efficiency,5:53,sample_cpu5_freq,2208,MHz
efficiency,5:53,sample_cpu6_freq,2208,MHz
efficiency,5:53,sample_cpu7_freq,960,MHz
efficiency,5:54,sample_elapsed,8329,ms
efficiency,5:54,sample_power,3.844,W
efficiency,5:54,sample_process_cpu,411.180,% one core
efficiency,5:54,sample_free_ram,1.843,GiB
efficiency,5:54,sample_battery_temp,34.800,C
efficiency,5:54,sample_thermal_status,0,Android PowerManager status
efficiency,5:54,sample_cpu0_freq,1804,MHz
efficiency,5:54,sample_cpu1_freq,1804,MHz
efficiency,5:54,sample_cpu2_freq,1804,MHz
efficiency,5:54,sample_cpu3_freq,1804,MHz
efficiency,5:54,sample_cpu4_freq,2208,MHz
efficiency,5:54,sample_cpu5_freq,2208,MHz
efficiency,5:54,sample_cpu6_freq,2208,MHz
efficiency,5:54,sample_cpu7_freq,2304,MHz
efficiency,5:55,sample_elapsed,8491,ms
efficiency,5:55,sample_power,3.844,W
efficiency,5:55,sample_process_cpu,400.000,% one core
efficiency,5:55,sample_free_ram,1.843,GiB
efficiency,5:55,sample_battery_temp,34.800,C
efficiency,5:55,sample_thermal_status,0,Android PowerManager status
efficiency,5:55,sample_cpu0_freq,1804,MHz
efficiency,5:55,sample_cpu1_freq,1804,MHz
efficiency,5:55,sample_cpu2_freq,1804,MHz
efficiency,5:55,sample_cpu3_freq,1804,MHz
efficiency,5:55,sample_cpu4_freq,2208,MHz
efficiency,5:55,sample_cpu5_freq,2208,MHz
efficiency,5:55,sample_cpu6_freq,2208,MHz
efficiency,5:55,sample_cpu7_freq,2304,MHz
efficiency,5:56,sample_elapsed,8654,ms
efficiency,5:56,sample_power,3.844,W
efficiency,5:56,sample_process_cpu,396.933,% one core
efficiency,5:56,sample_free_ram,1.843,GiB
efficiency,5:56,sample_battery_temp,34.800,C
efficiency,5:56,sample_thermal_status,0,Android PowerManager status
efficiency,5:56,sample_cpu0_freq,1804,MHz
efficiency,5:56,sample_cpu1_freq,1804,MHz
efficiency,5:56,sample_cpu2_freq,1804,MHz
efficiency,5:56,sample_cpu3_freq,1804,MHz
efficiency,5:56,sample_cpu4_freq,2208,MHz
efficiency,5:56,sample_cpu5_freq,2208,MHz
efficiency,5:56,sample_cpu6_freq,2208,MHz
efficiency,5:56,sample_cpu7_freq,2304,MHz
efficiency,5:57,sample_elapsed,8814,ms
efficiency,5:57,sample_power,3.844,W
efficiency,5:57,sample_process_cpu,394.375,% one core
efficiency,5:57,sample_free_ram,1.843,GiB
efficiency,5:57,sample_battery_temp,34.800,C
efficiency,5:57,sample_thermal_status,0,Android PowerManager status
efficiency,5:57,sample_cpu0_freq,1804,MHz
efficiency,5:57,sample_cpu1_freq,1804,MHz
efficiency,5:57,sample_cpu2_freq,1804,MHz
efficiency,5:57,sample_cpu3_freq,1804,MHz
efficiency,5:57,sample_cpu4_freq,2208,MHz
efficiency,5:57,sample_cpu5_freq,2208,MHz
efficiency,5:57,sample_cpu6_freq,2208,MHz
efficiency,5:57,sample_cpu7_freq,2304,MHz
efficiency,5:58,sample_elapsed,8975,ms
efficiency,5:58,sample_power,3.844,W
efficiency,5:58,sample_process_cpu,400.621,% one core
efficiency,5:58,sample_free_ram,1.853,GiB
efficiency,5:58,sample_battery_temp,34.800,C
efficiency,5:58,sample_thermal_status,0,Android PowerManager status
efficiency,5:58,sample_cpu0_freq,1804,MHz
efficiency,5:58,sample_cpu1_freq,1804,MHz
efficiency,5:58,sample_cpu2_freq,1804,MHz
efficiency,5:58,sample_cpu3_freq,1804,MHz
efficiency,5:58,sample_cpu4_freq,2208,MHz
efficiency,5:58,sample_cpu5_freq,2208,MHz
efficiency,5:58,sample_cpu6_freq,2208,MHz
efficiency,5:58,sample_cpu7_freq,2304,MHz
efficiency,5:59,sample_elapsed,9134,ms
efficiency,5:59,sample_power,3.844,W
efficiency,5:59,sample_process_cpu,394.340,% one core
efficiency,5:59,sample_free_ram,1.853,GiB
efficiency,5:59,sample_battery_temp,34.800,C
efficiency,5:59,sample_thermal_status,0,Android PowerManager status
efficiency,5:59,sample_cpu0_freq,1804,MHz
efficiency,5:59,sample_cpu1_freq,1804,MHz
efficiency,5:59,sample_cpu2_freq,1804,MHz
efficiency,5:59,sample_cpu3_freq,1804,MHz
efficiency,5:59,sample_cpu4_freq,2208,MHz
efficiency,5:59,sample_cpu5_freq,2208,MHz
efficiency,5:59,sample_cpu6_freq,2208,MHz
efficiency,5:59,sample_cpu7_freq,2304,MHz
efficiency,5:60,sample_elapsed,9288,ms
efficiency,5:60,sample_power,3.844,W
efficiency,5:60,sample_process_cpu,400.649,% one core
efficiency,5:60,sample_free_ram,1.853,GiB
efficiency,5:60,sample_battery_temp,34.800,C
efficiency,5:60,sample_thermal_status,0,Android PowerManager status
efficiency,5:60,sample_cpu0_freq,1804,MHz
efficiency,5:60,sample_cpu1_freq,1804,MHz
efficiency,5:60,sample_cpu2_freq,1804,MHz
efficiency,5:60,sample_cpu3_freq,1804,MHz
efficiency,5:60,sample_cpu4_freq,2208,MHz
efficiency,5:60,sample_cpu5_freq,2208,MHz
efficiency,5:60,sample_cpu6_freq,2208,MHz
efficiency,5:60,sample_cpu7_freq,2304,MHz
efficiency,5:61,sample_elapsed,9447,ms
efficiency,5:61,sample_power,3.844,W
efficiency,5:61,sample_process_cpu,396.226,% one core
efficiency,5:61,sample_free_ram,1.853,GiB
efficiency,5:61,sample_battery_temp,34.800,C
efficiency,5:61,sample_thermal_status,0,Android PowerManager status
efficiency,5:61,sample_cpu0_freq,1804,MHz
efficiency,5:61,sample_cpu1_freq,1804,MHz
efficiency,5:61,sample_cpu2_freq,1804,MHz
efficiency,5:61,sample_cpu3_freq,1804,MHz
efficiency,5:61,sample_cpu4_freq,2208,MHz
efficiency,5:61,sample_cpu5_freq,2208,MHz
efficiency,5:61,sample_cpu6_freq,2208,MHz
efficiency,5:61,sample_cpu7_freq,2304,MHz
efficiency,5:62,sample_elapsed,9605,ms
efficiency,5:62,sample_power,3.844,W
efficiency,5:62,sample_process_cpu,391.772,% one core
efficiency,5:62,sample_free_ram,1.853,GiB
efficiency,5:62,sample_battery_temp,34.800,C
efficiency,5:62,sample_thermal_status,0,Android PowerManager status
efficiency,5:62,sample_cpu0_freq,1804,MHz
efficiency,5:62,sample_cpu1_freq,1804,MHz
efficiency,5:62,sample_cpu2_freq,1804,MHz
efficiency,5:62,sample_cpu3_freq,1804,MHz
efficiency,5:62,sample_cpu4_freq,2208,MHz
efficiency,5:62,sample_cpu5_freq,2208,MHz
efficiency,5:62,sample_cpu6_freq,2208,MHz
efficiency,5:62,sample_cpu7_freq,2304,MHz
efficiency,5:63,sample_elapsed,9759,ms
efficiency,5:63,sample_power,3.844,W
efficiency,5:63,sample_process_cpu,398.052,% one core
efficiency,5:63,sample_free_ram,1.853,GiB
efficiency,5:63,sample_battery_temp,34.800,C
efficiency,5:63,sample_thermal_status,0,Android PowerManager status
efficiency,5:63,sample_cpu0_freq,1804,MHz
efficiency,5:63,sample_cpu1_freq,1804,MHz
efficiency,5:63,sample_cpu2_freq,1804,MHz
efficiency,5:63,sample_cpu3_freq,1804,MHz
efficiency,5:63,sample_cpu4_freq,2208,MHz
efficiency,5:63,sample_cpu5_freq,2208,MHz
efficiency,5:63,sample_cpu6_freq,2208,MHz
efficiency,5:63,sample_cpu7_freq,2304,MHz
efficiency,5:64,sample_elapsed,9918,ms
efficiency,5:64,sample_power,3.844,W
efficiency,5:64,sample_process_cpu,396.226,% one core
efficiency,5:64,sample_free_ram,1.852,GiB
efficiency,5:64,sample_battery_temp,34.800,C
efficiency,5:64,sample_thermal_status,0,Android PowerManager status
efficiency,5:64,sample_cpu0_freq,1804,MHz
efficiency,5:64,sample_cpu1_freq,1804,MHz
efficiency,5:64,sample_cpu2_freq,1804,MHz
efficiency,5:64,sample_cpu3_freq,1804,MHz
efficiency,5:64,sample_cpu4_freq,2208,MHz
efficiency,5:64,sample_cpu5_freq,2208,MHz
efficiency,5:64,sample_cpu6_freq,2208,MHz
efficiency,5:64,sample_cpu7_freq,2304,MHz
efficiency,5:65,sample_elapsed,10077,ms
efficiency,5:65,sample_power,3.844,W
efficiency,5:65,sample_process_cpu,399.371,% one core
efficiency,5:65,sample_free_ram,1.852,GiB
efficiency,5:65,sample_battery_temp,34.800,C
efficiency,5:65,sample_thermal_status,0,Android PowerManager status
efficiency,5:65,sample_cpu0_freq,1804,MHz
efficiency,5:65,sample_cpu1_freq,1804,MHz
efficiency,5:65,sample_cpu2_freq,1804,MHz
efficiency,5:65,sample_cpu3_freq,1804,MHz
efficiency,5:65,sample_cpu4_freq,2208,MHz
efficiency,5:65,sample_cpu5_freq,2208,MHz
efficiency,5:65,sample_cpu6_freq,2208,MHz
efficiency,5:65,sample_cpu7_freq,2304,MHz
efficiency,5:66,sample_elapsed,10240,ms
efficiency,5:66,sample_power,3.844,W
efficiency,5:66,sample_process_cpu,401.840,% one core
efficiency,5:66,sample_free_ram,1.852,GiB
efficiency,5:66,sample_battery_temp,34.800,C
efficiency,5:66,sample_thermal_status,0,Android PowerManager status
efficiency,5:66,sample_cpu0_freq,1804,MHz
efficiency,5:66,sample_cpu1_freq,1804,MHz
efficiency,5:66,sample_cpu2_freq,1804,MHz
efficiency,5:66,sample_cpu3_freq,1804,MHz
efficiency,5:66,sample_cpu4_freq,2208,MHz
efficiency,5:66,sample_cpu5_freq,2208,MHz
efficiency,5:66,sample_cpu6_freq,2208,MHz
efficiency,5:66,sample_cpu7_freq,2304,MHz
efficiency,5:67,sample_elapsed,10398,ms
efficiency,5:67,sample_power,3.844,W
efficiency,5:67,sample_process_cpu,394.937,% one core
efficiency,5:67,sample_free_ram,1.852,GiB
efficiency,5:67,sample_battery_temp,34.800,C
efficiency,5:67,sample_thermal_status,0,Android PowerManager status
efficiency,5:67,sample_cpu0_freq,1804,MHz
efficiency,5:67,sample_cpu1_freq,1804,MHz
efficiency,5:67,sample_cpu2_freq,1804,MHz
efficiency,5:67,sample_cpu3_freq,1804,MHz
efficiency,5:67,sample_cpu4_freq,2208,MHz
efficiency,5:67,sample_cpu5_freq,2208,MHz
efficiency,5:67,sample_cpu6_freq,2208,MHz
efficiency,5:67,sample_cpu7_freq,2304,MHz
efficiency,5:68,sample_elapsed,10555,ms
efficiency,5:68,sample_power,3.844,W
efficiency,5:68,sample_process_cpu,396.815,% one core
efficiency,5:68,sample_free_ram,1.852,GiB
efficiency,5:68,sample_battery_temp,34.800,C
efficiency,5:68,sample_thermal_status,0,Android PowerManager status
efficiency,5:68,sample_cpu0_freq,1804,MHz
efficiency,5:68,sample_cpu1_freq,1804,MHz
efficiency,5:68,sample_cpu2_freq,1804,MHz
efficiency,5:68,sample_cpu3_freq,1804,MHz
efficiency,5:68,sample_cpu4_freq,2208,MHz
efficiency,5:68,sample_cpu5_freq,2208,MHz
efficiency,5:68,sample_cpu6_freq,2208,MHz
efficiency,5:68,sample_cpu7_freq,2304,MHz
efficiency,5:69,sample_elapsed,10713,ms
efficiency,5:69,sample_power,3.844,W
efficiency,5:69,sample_process_cpu,395.570,% one core
efficiency,5:69,sample_free_ram,1.853,GiB
efficiency,5:69,sample_battery_temp,34.800,C
efficiency,5:69,sample_thermal_status,0,Android PowerManager status
efficiency,5:69,sample_cpu0_freq,1804,MHz
efficiency,5:69,sample_cpu1_freq,1804,MHz
efficiency,5:69,sample_cpu2_freq,1804,MHz
efficiency,5:69,sample_cpu3_freq,1804,MHz
efficiency,5:69,sample_cpu4_freq,2208,MHz
efficiency,5:69,sample_cpu5_freq,2208,MHz
efficiency,5:69,sample_cpu6_freq,2208,MHz
efficiency,5:69,sample_cpu7_freq,2304,MHz
efficiency,5:70,sample_elapsed,10871,ms
efficiency,5:70,sample_power,3.844,W
efficiency,5:70,sample_process_cpu,399.367,% one core
efficiency,5:70,sample_free_ram,1.852,GiB
efficiency,5:70,sample_battery_temp,34.800,C
efficiency,5:70,sample_thermal_status,0,Android PowerManager status
efficiency,5:70,sample_cpu0_freq,1804,MHz
efficiency,5:70,sample_cpu1_freq,1804,MHz
efficiency,5:70,sample_cpu2_freq,1804,MHz
efficiency,5:70,sample_cpu3_freq,1804,MHz
efficiency,5:70,sample_cpu4_freq,2208,MHz
efficiency,5:70,sample_cpu5_freq,2208,MHz
efficiency,5:70,sample_cpu6_freq,2208,MHz
efficiency,5:70,sample_cpu7_freq,2304,MHz
efficiency,5:71,sample_elapsed,11030,ms
efficiency,5:71,sample_power,3.844,W
efficiency,5:71,sample_process_cpu,394.340,% one core
efficiency,5:71,sample_free_ram,1.852,GiB
efficiency,5:71,sample_battery_temp,34.800,C
efficiency,5:71,sample_thermal_status,0,Android PowerManager status
efficiency,5:71,sample_cpu0_freq,1804,MHz
efficiency,5:71,sample_cpu1_freq,1804,MHz
efficiency,5:71,sample_cpu2_freq,1804,MHz
efficiency,5:71,sample_cpu3_freq,1804,MHz
efficiency,5:71,sample_cpu4_freq,2208,MHz
efficiency,5:71,sample_cpu5_freq,2208,MHz
efficiency,5:71,sample_cpu6_freq,2208,MHz
efficiency,5:71,sample_cpu7_freq,2304,MHz
efficiency,5:72,sample_elapsed,11190,ms
efficiency,5:72,sample_power,3.844,W
efficiency,5:72,sample_process_cpu,401.875,% one core
efficiency,5:72,sample_free_ram,1.852,GiB
efficiency,5:72,sample_battery_temp,34.800,C
efficiency,5:72,sample_thermal_status,0,Android PowerManager status
efficiency,5:72,sample_cpu0_freq,1804,MHz
efficiency,5:72,sample_cpu1_freq,1804,MHz
efficiency,5:72,sample_cpu2_freq,1804,MHz
efficiency,5:72,sample_cpu3_freq,1804,MHz
efficiency,5:72,sample_cpu4_freq,2208,MHz
efficiency,5:72,sample_cpu5_freq,2208,MHz
efficiency,5:72,sample_cpu6_freq,2208,MHz
efficiency,5:72,sample_cpu7_freq,2304,MHz
efficiency,5:73,sample_elapsed,11346,ms
efficiency,5:73,sample_power,3.844,W
efficiency,5:73,sample_process_cpu,394.231,% one core
efficiency,5:73,sample_free_ram,1.852,GiB
efficiency,5:73,sample_battery_temp,34.800,C
efficiency,5:73,sample_thermal_status,0,Android PowerManager status
efficiency,5:73,sample_cpu0_freq,1804,MHz
efficiency,5:73,sample_cpu1_freq,1804,MHz
efficiency,5:73,sample_cpu2_freq,1804,MHz
efficiency,5:73,sample_cpu3_freq,1804,MHz
efficiency,5:73,sample_cpu4_freq,2208,MHz
efficiency,5:73,sample_cpu5_freq,2208,MHz
efficiency,5:73,sample_cpu6_freq,2208,MHz
efficiency,5:73,sample_cpu7_freq,2304,MHz
efficiency,5:74,sample_elapsed,11504,ms
efficiency,5:74,sample_power,3.844,W
efficiency,5:74,sample_process_cpu,398.101,% one core
efficiency,5:74,sample_free_ram,1.852,GiB
efficiency,5:74,sample_battery_temp,34.800,C
efficiency,5:74,sample_thermal_status,0,Android PowerManager status
efficiency,5:74,sample_cpu0_freq,1804,MHz
efficiency,5:74,sample_cpu1_freq,1804,MHz
efficiency,5:74,sample_cpu2_freq,1804,MHz
efficiency,5:74,sample_cpu3_freq,1804,MHz
efficiency,5:74,sample_cpu4_freq,2208,MHz
efficiency,5:74,sample_cpu5_freq,2208,MHz
efficiency,5:74,sample_cpu6_freq,2208,MHz
efficiency,5:74,sample_cpu7_freq,2304,MHz
efficiency,5:75,sample_elapsed,11662,ms
efficiency,5:75,sample_power,3.844,W
efficiency,5:75,sample_process_cpu,394.304,% one core
efficiency,5:75,sample_free_ram,1.852,GiB
efficiency,5:75,sample_battery_temp,34.800,C
efficiency,5:75,sample_thermal_status,0,Android PowerManager status
efficiency,5:75,sample_cpu0_freq,1804,MHz
efficiency,5:75,sample_cpu1_freq,1804,MHz
efficiency,5:75,sample_cpu2_freq,1804,MHz
efficiency,5:75,sample_cpu3_freq,1804,MHz
efficiency,5:75,sample_cpu4_freq,2208,MHz
efficiency,5:75,sample_cpu5_freq,2208,MHz
efficiency,5:75,sample_cpu6_freq,2208,MHz
efficiency,5:75,sample_cpu7_freq,2304,MHz
efficiency,5:76,sample_elapsed,11822,ms
efficiency,5:76,sample_power,3.844,W
efficiency,5:76,sample_process_cpu,395.625,% one core
efficiency,5:76,sample_free_ram,1.852,GiB
efficiency,5:76,sample_battery_temp,34.800,C
efficiency,5:76,sample_thermal_status,0,Android PowerManager status
efficiency,5:76,sample_cpu0_freq,1804,MHz
efficiency,5:76,sample_cpu1_freq,1804,MHz
efficiency,5:76,sample_cpu2_freq,1804,MHz
efficiency,5:76,sample_cpu3_freq,1804,MHz
efficiency,5:76,sample_cpu4_freq,2208,MHz
efficiency,5:76,sample_cpu5_freq,2208,MHz
efficiency,5:76,sample_cpu6_freq,2208,MHz
efficiency,5:76,sample_cpu7_freq,2304,MHz
efficiency,5:77,sample_elapsed,11976,ms
efficiency,5:77,sample_power,3.844,W
efficiency,5:77,sample_process_cpu,400.000,% one core
efficiency,5:77,sample_free_ram,1.852,GiB
efficiency,5:77,sample_battery_temp,34.800,C
efficiency,5:77,sample_thermal_status,0,Android PowerManager status
efficiency,5:77,sample_cpu0_freq,1804,MHz
efficiency,5:77,sample_cpu1_freq,1804,MHz
efficiency,5:77,sample_cpu2_freq,1804,MHz
efficiency,5:77,sample_cpu3_freq,1804,MHz
efficiency,5:77,sample_cpu4_freq,2208,MHz
efficiency,5:77,sample_cpu5_freq,2208,MHz
efficiency,5:77,sample_cpu6_freq,2208,MHz
efficiency,5:77,sample_cpu7_freq,2304,MHz
efficiency,5:78,sample_elapsed,12136,ms
efficiency,5:78,sample_power,3.844,W
efficiency,5:78,sample_process_cpu,401.875,% one core
efficiency,5:78,sample_free_ram,1.849,GiB
efficiency,5:78,sample_battery_temp,34.800,C
efficiency,5:78,sample_thermal_status,0,Android PowerManager status
efficiency,5:78,sample_cpu0_freq,1804,MHz
efficiency,5:78,sample_cpu1_freq,1804,MHz
efficiency,5:78,sample_cpu2_freq,1804,MHz
efficiency,5:78,sample_cpu3_freq,1804,MHz
efficiency,5:78,sample_cpu4_freq,2208,MHz
efficiency,5:78,sample_cpu5_freq,2208,MHz
efficiency,5:78,sample_cpu6_freq,2208,MHz
efficiency,5:78,sample_cpu7_freq,2304,MHz
efficiency,5:79,sample_elapsed,12294,ms
efficiency,5:79,sample_power,3.844,W
efficiency,5:79,sample_process_cpu,403.797,% one core
efficiency,5:79,sample_free_ram,1.849,GiB
efficiency,5:79,sample_battery_temp,34.800,C
efficiency,5:79,sample_thermal_status,0,Android PowerManager status
efficiency,5:79,sample_cpu0_freq,1804,MHz
efficiency,5:79,sample_cpu1_freq,1804,MHz
efficiency,5:79,sample_cpu2_freq,1804,MHz
efficiency,5:79,sample_cpu3_freq,1804,MHz
efficiency,5:79,sample_cpu4_freq,2208,MHz
efficiency,5:79,sample_cpu5_freq,2208,MHz
efficiency,5:79,sample_cpu6_freq,2208,MHz
efficiency,5:79,sample_cpu7_freq,2304,MHz
efficiency,5:80,sample_elapsed,12454,ms
efficiency,5:80,sample_power,3.844,W
efficiency,5:80,sample_process_cpu,401.875,% one core
efficiency,5:80,sample_free_ram,1.849,GiB
efficiency,5:80,sample_battery_temp,34.800,C
efficiency,5:80,sample_thermal_status,0,Android PowerManager status
efficiency,5:80,sample_cpu0_freq,1804,MHz
efficiency,5:80,sample_cpu1_freq,1804,MHz
efficiency,5:80,sample_cpu2_freq,1804,MHz
efficiency,5:80,sample_cpu3_freq,1804,MHz
efficiency,5:80,sample_cpu4_freq,2208,MHz
efficiency,5:80,sample_cpu5_freq,2208,MHz
efficiency,5:80,sample_cpu6_freq,2208,MHz
efficiency,5:80,sample_cpu7_freq,2304,MHz
efficiency,5:81,sample_elapsed,12611,ms
efficiency,5:81,sample_power,3.844,W
efficiency,5:81,sample_process_cpu,391.083,% one core
efficiency,5:81,sample_free_ram,1.849,GiB
efficiency,5:81,sample_battery_temp,34.800,C
efficiency,5:81,sample_thermal_status,0,Android PowerManager status
efficiency,5:81,sample_cpu0_freq,1804,MHz
efficiency,5:81,sample_cpu1_freq,1804,MHz
efficiency,5:81,sample_cpu2_freq,1804,MHz
efficiency,5:81,sample_cpu3_freq,1804,MHz
efficiency,5:81,sample_cpu4_freq,2208,MHz
efficiency,5:81,sample_cpu5_freq,2208,MHz
efficiency,5:81,sample_cpu6_freq,2208,MHz
efficiency,5:81,sample_cpu7_freq,2304,MHz
efficiency,5:82,sample_elapsed,12770,ms
efficiency,5:82,sample_power,3.844,W
efficiency,5:82,sample_process_cpu,396.226,% one core
efficiency,5:82,sample_free_ram,1.849,GiB
efficiency,5:82,sample_battery_temp,34.800,C
efficiency,5:82,sample_thermal_status,0,Android PowerManager status
efficiency,5:82,sample_cpu0_freq,1804,MHz
efficiency,5:82,sample_cpu1_freq,1804,MHz
efficiency,5:82,sample_cpu2_freq,1804,MHz
efficiency,5:82,sample_cpu3_freq,1804,MHz
efficiency,5:82,sample_cpu4_freq,2208,MHz
efficiency,5:82,sample_cpu5_freq,2208,MHz
efficiency,5:82,sample_cpu6_freq,2208,MHz
efficiency,5:82,sample_cpu7_freq,2304,MHz
efficiency,median,pp,127.000,tok/s
efficiency,stddev,pp,1.855,tok/s
efficiency,median,tg,14.300,tok/s
efficiency,stddev,tg,0.141,tok/s
efficiency,median,power,3.060,W
efficiency,stddev,power,0.960,W
efficiency,median,tok_per_w,4.739,tok/W
efficiency,stddev,tok_per_w,1.573,tok/W
efficiency,median,ttft_pp512_derived,4100.941,ms
efficiency,stddev,ttft_pp512_derived,60.458,ms
efficiency,median,start_temp,34.800,C
efficiency,stddev,start_temp,0.080,C
efficiency,median,average_process_cpu,395.437,% one core
efficiency,stddev,average_process_cpu,0.980,% one core
efficiency,median,minimum_free_ram,1.840,GiB
efficiency,stddev,minimum_free_ram,0.048,GiB
efficiency,median,peak_battery_temp,34.800,C
efficiency,stddev,peak_battery_temp,0.098,C
efficiency,median,mean_perf_core_clock,2232.000,MHz
efficiency,stddev,mean_perf_core_clock,1.659,MHz
efficiency,median,mean_little_core_clock,1804.000,MHz
efficiency,stddev,mean_little_core_clock,0.000,MHz
