config,run_index,metric,value,unit
meta,,app,ENTITY,
meta,,app_version,2.2.0,
meta,,app_version_code,6,
meta,,exported_at_epoch_ms,1784102204293,ms
meta,,model,Llama-3.2-1B-Instruct-Q4_0,
meta,,device,Nothing A015,
meta,,device_manufacturer,Nothing,
meta,,device_model,A015,
meta,,device_fingerprint,Nothing/TetrisIND/Tetris:16/BP2A.250605.031.A3/2606151652:user/release-keys,
meta,,android,16,
meta,,android_sdk,36,
meta,,supported_abis,arm64-v8a,
meta,,charging,false,
meta,,benchmark_start_temp,38.000,C
meta,,benchmark_start_thermal_status,1,Android PowerManager status
meta,,pp,512,tokens
meta,,tg,128,tokens
meta,,runs_per_config,3,
meta,,warmup,PP 64 / TG 16 / discarded,
meta,,configuration_order,naive_then_threads_only_then_optimized,
meta,,threads_naive,8,
meta,,threads_threads_only,4,
meta,,threads_optimized,4,
meta,,affinity_naive,pinned_fast_cores,
meta,,affinity_threads_only,none_scheduler_placed,
meta,,affinity_optimized,pinned_fast_cores,
meta,,cooldown_minimum,15,s
meta,,cooldown_maximum,90,s
meta,,cooldown_target_margin,0.500,C above benchmark-start temperature
meta,,perf_cores,4 5 6 7,cpu index
meta,,little_cores,0 1 2 3,cpu index
meta,,cpu_max_clocks,2000 2000 2000 2000 2500 2500 2500 2500,MHz per cpu index
naive,1,pp,73.200,tok/s
naive,1,tg,6.440,tok/s
naive,1,power,4.417,W
naive,1,tok_per_w,1.458,tok/W
naive,1,ttft_pp512_derived,7149.815,ms
naive,1,start_temp,38.000,C
naive,1,average_process_cpu,619.026,% one core
naive,1,minimum_free_ram,1.071,GiB
naive,1,peak_battery_temp,38.000,C
naive,1,peak_thermal_status,1,Android PowerManager status
naive,1:1,sample_elapsed,0,ms
naive,1:1,sample_power,2.835,W
naive,1:1,sample_process_cpu,0.000,% one core
naive,1:1,sample_free_ram,1.174,GiB
naive,1:1,sample_battery_temp,38.000,C
naive,1:1,sample_thermal_status,1,Android PowerManager status
naive,1:1,sample_cpu0_freq,1600,MHz
naive,1:1,sample_cpu1_freq,1300,MHz
naive,1:1,sample_cpu2_freq,1300,MHz
naive,1:1,sample_cpu3_freq,1300,MHz
naive,1:1,sample_cpu4_freq,2300,MHz
naive,1:1,sample_cpu5_freq,2300,MHz
naive,1:1,sample_cpu6_freq,2300,MHz
naive,1:1,sample_cpu7_freq,2300,MHz
naive,1:2,sample_elapsed,163,ms
naive,1:2,sample_power,2.835,W
naive,1:2,sample_process_cpu,520.859,% one core
naive,1:2,sample_free_ram,1.196,GiB
naive,1:2,sample_battery_temp,38.000,C
naive,1:2,sample_thermal_status,1,Android PowerManager status
naive,1:2,sample_cpu0_freq,1800,MHz
naive,1:2,sample_cpu1_freq,1800,MHz
naive,1:2,sample_cpu2_freq,1800,MHz
naive,1:2,sample_cpu3_freq,1800,MHz
naive,1:2,sample_cpu4_freq,2300,MHz
naive,1:2,sample_cpu5_freq,2300,MHz
naive,1:2,sample_cpu6_freq,2300,MHz
naive,1:2,sample_cpu7_freq,2300,MHz
naive,1:3,sample_elapsed,316,ms
naive,1:3,sample_power,2.835,W
naive,1:3,sample_process_cpu,569.935,% one core
naive,1:3,sample_free_ram,1.155,GiB
naive,1:3,sample_battery_temp,38.000,C
naive,1:3,sample_thermal_status,1,Android PowerManager status
naive,1:3,sample_cpu0_freq,1800,MHz
naive,1:3,sample_cpu1_freq,1800,MHz
naive,1:3,sample_cpu2_freq,1800,MHz
naive,1:3,sample_cpu3_freq,1800,MHz
naive,1:3,sample_cpu4_freq,2300,MHz
naive,1:3,sample_cpu5_freq,2300,MHz
naive,1:3,sample_cpu6_freq,2300,MHz
naive,1:3,sample_cpu7_freq,2300,MHz
naive,1:4,sample_elapsed,468,ms
naive,1:4,sample_power,2.835,W
naive,1:4,sample_process_cpu,596.053,% one core
naive,1:4,sample_free_ram,1.153,GiB
naive,1:4,sample_battery_temp,38.000,C
naive,1:4,sample_thermal_status,1,Android PowerManager status
naive,1:4,sample_cpu0_freq,1800,MHz
naive,1:4,sample_cpu1_freq,1800,MHz
naive,1:4,sample_cpu2_freq,1800,MHz
naive,1:4,sample_cpu3_freq,1800,MHz
naive,1:4,sample_cpu4_freq,2300,MHz
naive,1:4,sample_cpu5_freq,2300,MHz
naive,1:4,sample_cpu6_freq,2300,MHz
naive,1:4,sample_cpu7_freq,2300,MHz
naive,1:5,sample_elapsed,622,ms
naive,1:5,sample_power,4.897,W
naive,1:5,sample_process_cpu,604.545,% one core
naive,1:5,sample_free_ram,1.151,GiB
naive,1:5,sample_battery_temp,38.000,C
naive,1:5,sample_thermal_status,1,Android PowerManager status
naive,1:5,sample_cpu0_freq,1800,MHz
naive,1:5,sample_cpu1_freq,1800,MHz
naive,1:5,sample_cpu2_freq,1800,MHz
naive,1:5,sample_cpu3_freq,1800,MHz
naive,1:5,sample_cpu4_freq,2300,MHz
naive,1:5,sample_cpu5_freq,2300,MHz
naive,1:5,sample_cpu6_freq,2300,MHz
naive,1:5,sample_cpu7_freq,2300,MHz
naive,1:6,sample_elapsed,776,ms
naive,1:6,sample_power,4.494,W
naive,1:6,sample_process_cpu,569.481,% one core
naive,1:6,sample_free_ram,1.148,GiB
naive,1:6,sample_battery_temp,38.000,C
naive,1:6,sample_thermal_status,1,Android PowerManager status
naive,1:6,sample_cpu0_freq,1800,MHz
naive,1:6,sample_cpu1_freq,1800,MHz
naive,1:6,sample_cpu2_freq,1800,MHz
naive,1:6,sample_cpu3_freq,1800,MHz
naive,1:6,sample_cpu4_freq,2300,MHz
naive,1:6,sample_cpu5_freq,2300,MHz
naive,1:6,sample_cpu6_freq,2300,MHz
naive,1:6,sample_cpu7_freq,2300,MHz
naive,1:7,sample_elapsed,929,ms
naive,1:7,sample_power,4.494,W
naive,1:7,sample_process_cpu,587.582,% one core
naive,1:7,sample_free_ram,1.144,GiB
naive,1:7,sample_battery_temp,38.000,C
naive,1:7,sample_thermal_status,1,Android PowerManager status
naive,1:7,sample_cpu0_freq,1800,MHz
naive,1:7,sample_cpu1_freq,1800,MHz
naive,1:7,sample_cpu2_freq,1800,MHz
naive,1:7,sample_cpu3_freq,1800,MHz
naive,1:7,sample_cpu4_freq,2300,MHz
naive,1:7,sample_cpu5_freq,2300,MHz
naive,1:7,sample_cpu6_freq,2300,MHz
naive,1:7,sample_cpu7_freq,2300,MHz
naive,1:8,sample_elapsed,1081,ms
naive,1:8,sample_power,4.494,W
naive,1:8,sample_process_cpu,650.000,% one core
naive,1:8,sample_free_ram,1.145,GiB
naive,1:8,sample_battery_temp,38.000,C
naive,1:8,sample_thermal_status,1,Android PowerManager status
naive,1:8,sample_cpu0_freq,1800,MHz
naive,1:8,sample_cpu1_freq,1800,MHz
naive,1:8,sample_cpu2_freq,1800,MHz
naive,1:8,sample_cpu3_freq,1800,MHz
naive,1:8,sample_cpu4_freq,2300,MHz
naive,1:8,sample_cpu5_freq,2300,MHz
naive,1:8,sample_cpu6_freq,2300,MHz
naive,1:8,sample_cpu7_freq,2300,MHz
naive,1:9,sample_elapsed,1233,ms
naive,1:9,sample_power,4.987,W
naive,1:9,sample_process_cpu,646.711,% one core
naive,1:9,sample_free_ram,1.143,GiB
naive,1:9,sample_battery_temp,38.000,C
naive,1:9,sample_thermal_status,1,Android PowerManager status
naive,1:9,sample_cpu0_freq,1800,MHz
naive,1:9,sample_cpu1_freq,1800,MHz
naive,1:9,sample_cpu2_freq,1800,MHz
naive,1:9,sample_cpu3_freq,1800,MHz
naive,1:9,sample_cpu4_freq,2300,MHz
naive,1:9,sample_cpu5_freq,2300,MHz
naive,1:9,sample_cpu6_freq,2300,MHz
naive,1:9,sample_cpu7_freq,2300,MHz
naive,1:10,sample_elapsed,1387,ms
naive,1:10,sample_power,4.987,W
naive,1:10,sample_process_cpu,659.740,% one core
naive,1:10,sample_free_ram,1.156,GiB
naive,1:10,sample_battery_temp,38.000,C
naive,1:10,sample_thermal_status,1,Android PowerManager status
naive,1:10,sample_cpu0_freq,1800,MHz
naive,1:10,sample_cpu1_freq,1800,MHz
naive,1:10,sample_cpu2_freq,1800,MHz
naive,1:10,sample_cpu3_freq,1800,MHz
naive,1:10,sample_cpu4_freq,2300,MHz
naive,1:10,sample_cpu5_freq,2300,MHz
naive,1:10,sample_cpu6_freq,2300,MHz
naive,1:10,sample_cpu7_freq,2300,MHz
naive,1:11,sample_elapsed,1539,ms
naive,1:11,sample_power,4.987,W
naive,1:11,sample_process_cpu,646.711,% one core
naive,1:11,sample_free_ram,1.155,GiB
naive,1:11,sample_battery_temp,38.000,C
naive,1:11,sample_thermal_status,1,Android PowerManager status
naive,1:11,sample_cpu0_freq,1800,MHz
naive,1:11,sample_cpu1_freq,1800,MHz
naive,1:11,sample_cpu2_freq,1800,MHz
naive,1:11,sample_cpu3_freq,1800,MHz
naive,1:11,sample_cpu4_freq,2300,MHz
naive,1:11,sample_cpu5_freq,2300,MHz
naive,1:11,sample_cpu6_freq,2300,MHz
naive,1:11,sample_cpu7_freq,2300,MHz
naive,1:12,sample_elapsed,1691,ms
naive,1:12,sample_power,4.987,W
naive,1:12,sample_process_cpu,655.921,% one core
naive,1:12,sample_free_ram,1.154,GiB
naive,1:12,sample_battery_temp,38.000,C
naive,1:12,sample_thermal_status,1,Android PowerManager status
naive,1:12,sample_cpu0_freq,1800,MHz
naive,1:12,sample_cpu1_freq,1800,MHz
naive,1:12,sample_cpu2_freq,1800,MHz
naive,1:12,sample_cpu3_freq,1800,MHz
naive,1:12,sample_cpu4_freq,2300,MHz
naive,1:12,sample_cpu5_freq,2300,MHz
naive,1:12,sample_cpu6_freq,2300,MHz
naive,1:12,sample_cpu7_freq,2300,MHz
naive,1:13,sample_elapsed,1843,ms
naive,1:13,sample_power,5.846,W
naive,1:13,sample_process_cpu,640.789,% one core
naive,1:13,sample_free_ram,1.153,GiB
naive,1:13,sample_battery_temp,38.000,C
naive,1:13,sample_thermal_status,1,Android PowerManager status
naive,1:13,sample_cpu0_freq,1800,MHz
naive,1:13,sample_cpu1_freq,1800,MHz
naive,1:13,sample_cpu2_freq,1800,MHz
naive,1:13,sample_cpu3_freq,1800,MHz
naive,1:13,sample_cpu4_freq,2300,MHz
naive,1:13,sample_cpu5_freq,2300,MHz
naive,1:13,sample_cpu6_freq,2300,MHz
naive,1:13,sample_cpu7_freq,2300,MHz
naive,1:14,sample_elapsed,1996,ms
naive,1:14,sample_power,5.846,W
naive,1:14,sample_process_cpu,637.908,% one core
naive,1:14,sample_free_ram,1.154,GiB
naive,1:14,sample_battery_temp,38.000,C
naive,1:14,sample_thermal_status,1,Android PowerManager status
naive,1:14,sample_cpu0_freq,1800,MHz
naive,1:14,sample_cpu1_freq,1800,MHz
naive,1:14,sample_cpu2_freq,1800,MHz
naive,1:14,sample_cpu3_freq,1800,MHz
naive,1:14,sample_cpu4_freq,2300,MHz
naive,1:14,sample_cpu5_freq,2300,MHz
naive,1:14,sample_cpu6_freq,2300,MHz
naive,1:14,sample_cpu7_freq,2300,MHz
naive,1:15,sample_elapsed,2148,ms
naive,1:15,sample_power,5.846,W
naive,1:15,sample_process_cpu,595.395,% one core
naive,1:15,sample_free_ram,1.151,GiB
naive,1:15,sample_battery_temp,38.000,C
naive,1:15,sample_thermal_status,1,Android PowerManager status
naive,1:15,sample_cpu0_freq,1800,MHz
naive,1:15,sample_cpu1_freq,1800,MHz
naive,1:15,sample_cpu2_freq,1800,MHz
naive,1:15,sample_cpu3_freq,1800,MHz
naive,1:15,sample_cpu4_freq,2300,MHz
naive,1:15,sample_cpu5_freq,2300,MHz
naive,1:15,sample_cpu6_freq,2300,MHz
naive,1:15,sample_cpu7_freq,2300,MHz
naive,1:16,sample_elapsed,2300,ms
naive,1:16,sample_power,5.846,W
naive,1:16,sample_process_cpu,608.553,% one core
naive,1:16,sample_free_ram,1.145,GiB
naive,1:16,sample_battery_temp,38.000,C
naive,1:16,sample_thermal_status,1,Android PowerManager status
naive,1:16,sample_cpu0_freq,1800,MHz
naive,1:16,sample_cpu1_freq,1800,MHz
naive,1:16,sample_cpu2_freq,1800,MHz
naive,1:16,sample_cpu3_freq,1800,MHz
naive,1:16,sample_cpu4_freq,2300,MHz
naive,1:16,sample_cpu5_freq,2300,MHz
naive,1:16,sample_cpu6_freq,2300,MHz
naive,1:16,sample_cpu7_freq,2300,MHz
naive,1:17,sample_elapsed,2452,ms
naive,1:17,sample_power,5.283,W
naive,1:17,sample_process_cpu,615.789,% one core
naive,1:17,sample_free_ram,1.143,GiB
naive,1:17,sample_battery_temp,38.000,C
naive,1:17,sample_thermal_status,1,Android PowerManager status
naive,1:17,sample_cpu0_freq,1800,MHz
naive,1:17,sample_cpu1_freq,1800,MHz
naive,1:17,sample_cpu2_freq,1800,MHz
naive,1:17,sample_cpu3_freq,1800,MHz
naive,1:17,sample_cpu4_freq,2300,MHz
naive,1:17,sample_cpu5_freq,2300,MHz
naive,1:17,sample_cpu6_freq,2300,MHz
naive,1:17,sample_cpu7_freq,2300,MHz
naive,1:18,sample_elapsed,2607,ms
naive,1:18,sample_power,5.283,W
naive,1:18,sample_process_cpu,602.581,% one core
naive,1:18,sample_free_ram,1.141,GiB
naive,1:18,sample_battery_temp,38.000,C
naive,1:18,sample_thermal_status,1,Android PowerManager status
naive,1:18,sample_cpu0_freq,1800,MHz
naive,1:18,sample_cpu1_freq,1800,MHz
naive,1:18,sample_cpu2_freq,1800,MHz
naive,1:18,sample_cpu3_freq,1800,MHz
naive,1:18,sample_cpu4_freq,2300,MHz
naive,1:18,sample_cpu5_freq,2300,MHz
naive,1:18,sample_cpu6_freq,2300,MHz
naive,1:18,sample_cpu7_freq,2300,MHz
naive,1:19,sample_elapsed,2763,ms
naive,1:19,sample_power,5.283,W
naive,1:19,sample_process_cpu,621.154,% one core
naive,1:19,sample_free_ram,1.141,GiB
naive,1:19,sample_battery_temp,38.000,C
naive,1:19,sample_thermal_status,1,Android PowerManager status
naive,1:19,sample_cpu0_freq,1800,MHz
naive,1:19,sample_cpu1_freq,1800,MHz
naive,1:19,sample_cpu2_freq,1800,MHz
naive,1:19,sample_cpu3_freq,1800,MHz
naive,1:19,sample_cpu4_freq,2300,MHz
naive,1:19,sample_cpu5_freq,2300,MHz
naive,1:19,sample_cpu6_freq,2300,MHz
naive,1:19,sample_cpu7_freq,2300,MHz
naive,1:20,sample_elapsed,2915,ms
naive,1:20,sample_power,5.283,W
naive,1:20,sample_process_cpu,613.816,% one core
naive,1:20,sample_free_ram,1.138,GiB
naive,1:20,sample_battery_temp,38.000,C
naive,1:20,sample_thermal_status,1,Android PowerManager status
naive,1:20,sample_cpu0_freq,1800,MHz
naive,1:20,sample_cpu1_freq,1800,MHz
naive,1:20,sample_cpu2_freq,1800,MHz
naive,1:20,sample_cpu3_freq,1800,MHz
naive,1:20,sample_cpu4_freq,2300,MHz
naive,1:20,sample_cpu5_freq,2300,MHz
naive,1:20,sample_cpu6_freq,2300,MHz
naive,1:20,sample_cpu7_freq,2300,MHz
naive,1:21,sample_elapsed,3067,ms
naive,1:21,sample_power,4.494,W
naive,1:21,sample_process_cpu,609.868,% one core
naive,1:21,sample_free_ram,1.137,GiB
naive,1:21,sample_battery_temp,38.000,C
naive,1:21,sample_thermal_status,1,Android PowerManager status
naive,1:21,sample_cpu0_freq,1800,MHz
naive,1:21,sample_cpu1_freq,1800,MHz
naive,1:21,sample_cpu2_freq,1800,MHz
naive,1:21,sample_cpu3_freq,1800,MHz
naive,1:21,sample_cpu4_freq,2300,MHz
naive,1:21,sample_cpu5_freq,2300,MHz
naive,1:21,sample_cpu6_freq,2300,MHz
naive,1:21,sample_cpu7_freq,2300,MHz
naive,1:22,sample_elapsed,3221,ms
naive,1:22,sample_power,4.494,W
naive,1:22,sample_process_cpu,573.377,% one core
naive,1:22,sample_free_ram,1.137,GiB
naive,1:22,sample_battery_temp,38.000,C
naive,1:22,sample_thermal_status,1,Android PowerManager status
naive,1:22,sample_cpu0_freq,1800,MHz
naive,1:22,sample_cpu1_freq,1800,MHz
naive,1:22,sample_cpu2_freq,1800,MHz
naive,1:22,sample_cpu3_freq,1800,MHz
naive,1:22,sample_cpu4_freq,2300,MHz
naive,1:22,sample_cpu5_freq,2300,MHz
naive,1:22,sample_cpu6_freq,2300,MHz
naive,1:22,sample_cpu7_freq,2300,MHz
naive,1:23,sample_elapsed,3373,ms
naive,1:23,sample_power,4.494,W
naive,1:23,sample_process_cpu,619.079,% one core
naive,1:23,sample_free_ram,1.135,GiB
naive,1:23,sample_battery_temp,38.000,C
naive,1:23,sample_thermal_status,1,Android PowerManager status
naive,1:23,sample_cpu0_freq,1800,MHz
naive,1:23,sample_cpu1_freq,1800,MHz
naive,1:23,sample_cpu2_freq,1800,MHz
naive,1:23,sample_cpu3_freq,1800,MHz
naive,1:23,sample_cpu4_freq,2300,MHz
naive,1:23,sample_cpu5_freq,2300,MHz
naive,1:23,sample_cpu6_freq,2300,MHz
naive,1:23,sample_cpu7_freq,2300,MHz
naive,1:24,sample_elapsed,3524,ms
naive,1:24,sample_power,4.494,W
naive,1:24,sample_process_cpu,639.073,% one core
naive,1:24,sample_free_ram,1.134,GiB
naive,1:24,sample_battery_temp,38.000,C
naive,1:24,sample_thermal_status,1,Android PowerManager status
naive,1:24,sample_cpu0_freq,1800,MHz
naive,1:24,sample_cpu1_freq,1800,MHz
naive,1:24,sample_cpu2_freq,1800,MHz
naive,1:24,sample_cpu3_freq,1800,MHz
naive,1:24,sample_cpu4_freq,2300,MHz
naive,1:24,sample_cpu5_freq,2300,MHz
naive,1:24,sample_cpu6_freq,2300,MHz
naive,1:24,sample_cpu7_freq,2300,MHz
naive,1:25,sample_elapsed,3676,ms
naive,1:25,sample_power,4.154,W
naive,1:25,sample_process_cpu,613.816,% one core
naive,1:25,sample_free_ram,1.130,GiB
naive,1:25,sample_battery_temp,38.000,C
naive,1:25,sample_thermal_status,1,Android PowerManager status
naive,1:25,sample_cpu0_freq,1800,MHz
naive,1:25,sample_cpu1_freq,1800,MHz
naive,1:25,sample_cpu2_freq,1800,MHz
naive,1:25,sample_cpu3_freq,1800,MHz
naive,1:25,sample_cpu4_freq,2300,MHz
naive,1:25,sample_cpu5_freq,2300,MHz
naive,1:25,sample_cpu6_freq,2300,MHz
naive,1:25,sample_cpu7_freq,2300,MHz
naive,1:26,sample_elapsed,3830,ms
naive,1:26,sample_power,4.154,W
naive,1:26,sample_process_cpu,644.805,% one core
naive,1:26,sample_free_ram,1.125,GiB
naive,1:26,sample_battery_temp,38.000,C
naive,1:26,sample_thermal_status,1,Android PowerManager status
naive,1:26,sample_cpu0_freq,1800,MHz
naive,1:26,sample_cpu1_freq,1800,MHz
naive,1:26,sample_cpu2_freq,1800,MHz
naive,1:26,sample_cpu3_freq,1800,MHz
naive,1:26,sample_cpu4_freq,2300,MHz
naive,1:26,sample_cpu5_freq,2300,MHz
naive,1:26,sample_cpu6_freq,2300,MHz
naive,1:26,sample_cpu7_freq,2300,MHz
naive,1:27,sample_elapsed,3992,ms
naive,1:27,sample_power,4.154,W
naive,1:27,sample_process_cpu,605.556,% one core
naive,1:27,sample_free_ram,1.125,GiB
naive,1:27,sample_battery_temp,38.000,C
naive,1:27,sample_thermal_status,1,Android PowerManager status
naive,1:27,sample_cpu0_freq,1800,MHz
naive,1:27,sample_cpu1_freq,1800,MHz
naive,1:27,sample_cpu2_freq,1800,MHz
naive,1:27,sample_cpu3_freq,1800,MHz
naive,1:27,sample_cpu4_freq,2300,MHz
naive,1:27,sample_cpu5_freq,2300,MHz
naive,1:27,sample_cpu6_freq,2300,MHz
naive,1:27,sample_cpu7_freq,2300,MHz
naive,1:28,sample_elapsed,4144,ms
naive,1:28,sample_power,4.154,W
naive,1:28,sample_process_cpu,600.000,% one core
naive,1:28,sample_free_ram,1.150,GiB
naive,1:28,sample_battery_temp,38.000,C
naive,1:28,sample_thermal_status,1,Android PowerManager status
naive,1:28,sample_cpu0_freq,1800,MHz
naive,1:28,sample_cpu1_freq,1800,MHz
naive,1:28,sample_cpu2_freq,1800,MHz
naive,1:28,sample_cpu3_freq,1800,MHz
naive,1:28,sample_cpu4_freq,2300,MHz
naive,1:28,sample_cpu5_freq,2300,MHz
naive,1:28,sample_cpu6_freq,2300,MHz
naive,1:28,sample_cpu7_freq,2300,MHz
naive,1:29,sample_elapsed,4301,ms
naive,1:29,sample_power,4.211,W
naive,1:29,sample_process_cpu,535.669,% one core
naive,1:29,sample_free_ram,1.195,GiB
naive,1:29,sample_battery_temp,38.000,C
naive,1:29,sample_thermal_status,1,Android PowerManager status
naive,1:29,sample_cpu0_freq,1800,MHz
naive,1:29,sample_cpu1_freq,1800,MHz
naive,1:29,sample_cpu2_freq,1800,MHz
naive,1:29,sample_cpu3_freq,1800,MHz
naive,1:29,sample_cpu4_freq,2300,MHz
naive,1:29,sample_cpu5_freq,2300,MHz
naive,1:29,sample_cpu6_freq,2300,MHz
naive,1:29,sample_cpu7_freq,2300,MHz
naive,1:30,sample_elapsed,4454,ms
naive,1:30,sample_power,4.211,W
naive,1:30,sample_process_cpu,551.634,% one core
naive,1:30,sample_free_ram,1.198,GiB
naive,1:30,sample_battery_temp,38.000,C
naive,1:30,sample_thermal_status,1,Android PowerManager status
naive,1:30,sample_cpu0_freq,1800,MHz
naive,1:30,sample_cpu1_freq,1800,MHz
naive,1:30,sample_cpu2_freq,1800,MHz
naive,1:30,sample_cpu3_freq,1800,MHz
naive,1:30,sample_cpu4_freq,2300,MHz
naive,1:30,sample_cpu5_freq,2300,MHz
naive,1:30,sample_cpu6_freq,2300,MHz
naive,1:30,sample_cpu7_freq,2300,MHz
naive,1:31,sample_elapsed,4607,ms
naive,1:31,sample_power,4.211,W
naive,1:31,sample_process_cpu,609.150,% one core
naive,1:31,sample_free_ram,1.176,GiB
naive,1:31,sample_battery_temp,38.000,C
naive,1:31,sample_thermal_status,1,Android PowerManager status
naive,1:31,sample_cpu0_freq,1800,MHz
naive,1:31,sample_cpu1_freq,1800,MHz
naive,1:31,sample_cpu2_freq,1800,MHz
naive,1:31,sample_cpu3_freq,1800,MHz
naive,1:31,sample_cpu4_freq,2300,MHz
naive,1:31,sample_cpu5_freq,2300,MHz
naive,1:31,sample_cpu6_freq,2300,MHz
naive,1:31,sample_cpu7_freq,2300,MHz
naive,1:32,sample_elapsed,4761,ms
naive,1:32,sample_power,4.211,W
naive,1:32,sample_process_cpu,548.052,% one core
naive,1:32,sample_free_ram,1.176,GiB
naive,1:32,sample_battery_temp,38.000,C
naive,1:32,sample_thermal_status,1,Android PowerManager status
naive,1:32,sample_cpu0_freq,1800,MHz
naive,1:32,sample_cpu1_freq,1800,MHz
naive,1:32,sample_cpu2_freq,1800,MHz
naive,1:32,sample_cpu3_freq,1800,MHz
naive,1:32,sample_cpu4_freq,2300,MHz
naive,1:32,sample_cpu5_freq,2300,MHz
naive,1:32,sample_cpu6_freq,2300,MHz
naive,1:32,sample_cpu7_freq,2300,MHz
naive,1:33,sample_elapsed,4923,ms
naive,1:33,sample_power,5.320,W
naive,1:33,sample_process_cpu,531.481,% one core
naive,1:33,sample_free_ram,1.169,GiB
naive,1:33,sample_battery_temp,38.000,C
naive,1:33,sample_thermal_status,1,Android PowerManager status
naive,1:33,sample_cpu0_freq,1800,MHz
naive,1:33,sample_cpu1_freq,1800,MHz
naive,1:33,sample_cpu2_freq,1800,MHz
naive,1:33,sample_cpu3_freq,1800,MHz
naive,1:33,sample_cpu4_freq,2300,MHz
naive,1:33,sample_cpu5_freq,2300,MHz
naive,1:33,sample_cpu6_freq,2300,MHz
naive,1:33,sample_cpu7_freq,2300,MHz
naive,1:34,sample_elapsed,5076,ms
naive,1:34,sample_power,4.388,W
naive,1:34,sample_process_cpu,499.346,% one core
naive,1:34,sample_free_ram,1.164,GiB
naive,1:34,sample_battery_temp,38.000,C
naive,1:34,sample_thermal_status,1,Android PowerManager status
naive,1:34,sample_cpu0_freq,1800,MHz
naive,1:34,sample_cpu1_freq,1800,MHz
naive,1:34,sample_cpu2_freq,1800,MHz
naive,1:34,sample_cpu3_freq,1800,MHz
naive,1:34,sample_cpu4_freq,2300,MHz
naive,1:34,sample_cpu5_freq,2300,MHz
naive,1:34,sample_cpu6_freq,2300,MHz
naive,1:34,sample_cpu7_freq,2300,MHz
naive,1:35,sample_elapsed,5229,ms
naive,1:35,sample_power,4.388,W
naive,1:35,sample_process_cpu,465.359,% one core
naive,1:35,sample_free_ram,1.154,GiB
naive,1:35,sample_battery_temp,38.000,C
naive,1:35,sample_thermal_status,1,Android PowerManager status
naive,1:35,sample_cpu0_freq,1800,MHz
naive,1:35,sample_cpu1_freq,1800,MHz
naive,1:35,sample_cpu2_freq,1800,MHz
naive,1:35,sample_cpu3_freq,1800,MHz
naive,1:35,sample_cpu4_freq,2300,MHz
naive,1:35,sample_cpu5_freq,2300,MHz
naive,1:35,sample_cpu6_freq,2300,MHz
naive,1:35,sample_cpu7_freq,2300,MHz
naive,1:36,sample_elapsed,5385,ms
naive,1:36,sample_power,4.388,W
naive,1:36,sample_process_cpu,485.897,% one core
naive,1:36,sample_free_ram,1.139,GiB
naive,1:36,sample_battery_temp,38.000,C
naive,1:36,sample_thermal_status,1,Android PowerManager status
naive,1:36,sample_cpu0_freq,1800,MHz
naive,1:36,sample_cpu1_freq,1800,MHz
naive,1:36,sample_cpu2_freq,1800,MHz
naive,1:36,sample_cpu3_freq,1800,MHz
naive,1:36,sample_cpu4_freq,2300,MHz
naive,1:36,sample_cpu5_freq,2300,MHz
naive,1:36,sample_cpu6_freq,2300,MHz
naive,1:36,sample_cpu7_freq,2300,MHz
naive,1:37,sample_elapsed,5537,ms
naive,1:37,sample_power,5.493,W
naive,1:37,sample_process_cpu,543.421,% one core
naive,1:37,sample_free_ram,1.128,GiB
naive,1:37,sample_battery_temp,38.000,C
naive,1:37,sample_thermal_status,1,Android PowerManager status
naive,1:37,sample_cpu0_freq,1800,MHz
naive,1:37,sample_cpu1_freq,1800,MHz
naive,1:37,sample_cpu2_freq,1800,MHz
naive,1:37,sample_cpu3_freq,1800,MHz
naive,1:37,sample_cpu4_freq,2300,MHz
naive,1:37,sample_cpu5_freq,2300,MHz
naive,1:37,sample_cpu6_freq,2300,MHz
naive,1:37,sample_cpu7_freq,2300,MHz
naive,1:38,sample_elapsed,5695,ms
naive,1:38,sample_power,5.493,W
naive,1:38,sample_process_cpu,508.861,% one core
naive,1:38,sample_free_ram,1.123,GiB
naive,1:38,sample_battery_temp,38.000,C
naive,1:38,sample_thermal_status,1,Android PowerManager status
naive,1:38,sample_cpu0_freq,1800,MHz
naive,1:38,sample_cpu1_freq,1800,MHz
naive,1:38,sample_cpu2_freq,1800,MHz
naive,1:38,sample_cpu3_freq,1800,MHz
naive,1:38,sample_cpu4_freq,2300,MHz
naive,1:38,sample_cpu5_freq,2300,MHz
naive,1:38,sample_cpu6_freq,2300,MHz
naive,1:38,sample_cpu7_freq,2300,MHz
naive,1:39,sample_elapsed,5847,ms
naive,1:39,sample_power,5.493,W
naive,1:39,sample_process_cpu,605.921,% one core
naive,1:39,sample_free_ram,1.119,GiB
naive,1:39,sample_battery_temp,38.000,C
naive,1:39,sample_thermal_status,1,Android PowerManager status
naive,1:39,sample_cpu0_freq,1800,MHz
naive,1:39,sample_cpu1_freq,1800,MHz
naive,1:39,sample_cpu2_freq,1800,MHz
naive,1:39,sample_cpu3_freq,1800,MHz
naive,1:39,sample_cpu4_freq,2300,MHz
naive,1:39,sample_cpu5_freq,2300,MHz
naive,1:39,sample_cpu6_freq,2300,MHz
naive,1:39,sample_cpu7_freq,2300,MHz
naive,1:40,sample_elapsed,6006,ms
naive,1:40,sample_power,5.493,W
naive,1:40,sample_process_cpu,578.616,% one core
naive,1:40,sample_free_ram,1.116,GiB
naive,1:40,sample_battery_temp,38.000,C
naive,1:40,sample_thermal_status,1,Android PowerManager status
naive,1:40,sample_cpu0_freq,1800,MHz
naive,1:40,sample_cpu1_freq,1800,MHz
naive,1:40,sample_cpu2_freq,1800,MHz
naive,1:40,sample_cpu3_freq,1800,MHz
naive,1:40,sample_cpu4_freq,2300,MHz
naive,1:40,sample_cpu5_freq,2300,MHz
naive,1:40,sample_cpu6_freq,2300,MHz
naive,1:40,sample_cpu7_freq,2300,MHz
naive,1:41,sample_elapsed,6162,ms
naive,1:41,sample_power,4.573,W
naive,1:41,sample_process_cpu,544.872,% one core
naive,1:41,sample_free_ram,1.111,GiB
naive,1:41,sample_battery_temp,38.000,C
naive,1:41,sample_thermal_status,1,Android PowerManager status
naive,1:41,sample_cpu0_freq,1800,MHz
naive,1:41,sample_cpu1_freq,1800,MHz
naive,1:41,sample_cpu2_freq,1800,MHz
naive,1:41,sample_cpu3_freq,1800,MHz
naive,1:41,sample_cpu4_freq,2300,MHz
naive,1:41,sample_cpu5_freq,2300,MHz
naive,1:41,sample_cpu6_freq,2300,MHz
naive,1:41,sample_cpu7_freq,2300,MHz
naive,1:42,sample_elapsed,6317,ms
naive,1:42,sample_power,4.573,W
naive,1:42,sample_process_cpu,561.290,% one core
naive,1:42,sample_free_ram,1.108,GiB
naive,1:42,sample_battery_temp,38.000,C
naive,1:42,sample_thermal_status,1,Android PowerManager status
naive,1:42,sample_cpu0_freq,1800,MHz
naive,1:42,sample_cpu1_freq,1800,MHz
naive,1:42,sample_cpu2_freq,1800,MHz
naive,1:42,sample_cpu3_freq,1800,MHz
naive,1:42,sample_cpu4_freq,2300,MHz
naive,1:42,sample_cpu5_freq,2300,MHz
naive,1:42,sample_cpu6_freq,2300,MHz
naive,1:42,sample_cpu7_freq,2300,MHz
naive,1:43,sample_elapsed,6471,ms
naive,1:43,sample_power,4.573,W
naive,1:43,sample_process_cpu,463.636,% one core
naive,1:43,sample_free_ram,1.099,GiB
naive,1:43,sample_battery_temp,38.000,C
naive,1:43,sample_thermal_status,1,Android PowerManager status
naive,1:43,sample_cpu0_freq,1800,MHz
naive,1:43,sample_cpu1_freq,1800,MHz
naive,1:43,sample_cpu2_freq,1800,MHz
naive,1:43,sample_cpu3_freq,1800,MHz
naive,1:43,sample_cpu4_freq,2300,MHz
naive,1:43,sample_cpu5_freq,2300,MHz
naive,1:43,sample_cpu6_freq,2300,MHz
naive,1:43,sample_cpu7_freq,2300,MHz
naive,1:44,sample_elapsed,6627,ms
naive,1:44,sample_power,4.573,W
naive,1:44,sample_process_cpu,520.513,% one core
naive,1:44,sample_free_ram,1.102,GiB
naive,1:44,sample_battery_temp,38.000,C
naive,1:44,sample_thermal_status,1,Android PowerManager status
naive,1:44,sample_cpu0_freq,1800,MHz
naive,1:44,sample_cpu1_freq,1800,MHz
naive,1:44,sample_cpu2_freq,1800,MHz
naive,1:44,sample_cpu3_freq,1800,MHz
naive,1:44,sample_cpu4_freq,2300,MHz
naive,1:44,sample_cpu5_freq,2300,MHz
naive,1:44,sample_cpu6_freq,2300,MHz
naive,1:44,sample_cpu7_freq,2300,MHz
naive,1:45,sample_elapsed,6780,ms
naive,1:45,sample_power,4.917,W
naive,1:45,sample_process_cpu,475.817,% one core
naive,1:45,sample_free_ram,1.103,GiB
naive,1:45,sample_battery_temp,38.000,C
naive,1:45,sample_thermal_status,1,Android PowerManager status
naive,1:45,sample_cpu0_freq,1800,MHz
naive,1:45,sample_cpu1_freq,1800,MHz
naive,1:45,sample_cpu2_freq,1800,MHz
naive,1:45,sample_cpu3_freq,1800,MHz
naive,1:45,sample_cpu4_freq,2300,MHz
naive,1:45,sample_cpu5_freq,2300,MHz
naive,1:45,sample_cpu6_freq,2300,MHz
naive,1:45,sample_cpu7_freq,2300,MHz
naive,1:46,sample_elapsed,6933,ms
naive,1:46,sample_power,4.917,W
naive,1:46,sample_process_cpu,484.314,% one core
naive,1:46,sample_free_ram,1.101,GiB
naive,1:46,sample_battery_temp,38.000,C
naive,1:46,sample_thermal_status,1,Android PowerManager status
naive,1:46,sample_cpu0_freq,1800,MHz
naive,1:46,sample_cpu1_freq,1800,MHz
naive,1:46,sample_cpu2_freq,1800,MHz
naive,1:46,sample_cpu3_freq,1800,MHz
naive,1:46,sample_cpu4_freq,2300,MHz
naive,1:46,sample_cpu5_freq,2300,MHz
naive,1:46,sample_cpu6_freq,2300,MHz
naive,1:46,sample_cpu7_freq,2300,MHz
naive,1:47,sample_elapsed,7085,ms
naive,1:47,sample_power,4.917,W
naive,1:47,sample_process_cpu,523.684,% one core
naive,1:47,sample_free_ram,1.097,GiB
naive,1:47,sample_battery_temp,38.000,C
naive,1:47,sample_thermal_status,1,Android PowerManager status
naive,1:47,sample_cpu0_freq,1800,MHz
naive,1:47,sample_cpu1_freq,1800,MHz
naive,1:47,sample_cpu2_freq,1800,MHz
naive,1:47,sample_cpu3_freq,1800,MHz
naive,1:47,sample_cpu4_freq,2300,MHz
naive,1:47,sample_cpu5_freq,2300,MHz
naive,1:47,sample_cpu6_freq,2300,MHz
naive,1:47,sample_cpu7_freq,2300,MHz
naive,1:48,sample_elapsed,7237,ms
naive,1:48,sample_power,4.917,W
naive,1:48,sample_process_cpu,573.684,% one core
naive,1:48,sample_free_ram,1.097,GiB
naive,1:48,sample_battery_temp,38.000,C
naive,1:48,sample_thermal_status,1,Android PowerManager status
naive,1:48,sample_cpu0_freq,1800,MHz
naive,1:48,sample_cpu1_freq,1800,MHz
naive,1:48,sample_cpu2_freq,1800,MHz
naive,1:48,sample_cpu3_freq,1800,MHz
naive,1:48,sample_cpu4_freq,2300,MHz
naive,1:48,sample_cpu5_freq,2300,MHz
naive,1:48,sample_cpu6_freq,2300,MHz
naive,1:48,sample_cpu7_freq,2300,MHz
naive,1:49,sample_elapsed,7389,ms
naive,1:49,sample_power,4.346,W
naive,1:49,sample_process_cpu,596.053,% one core
naive,1:49,sample_free_ram,1.095,GiB
naive,1:49,sample_battery_temp,38.000,C
naive,1:49,sample_thermal_status,1,Android PowerManager status
naive,1:49,sample_cpu0_freq,1800,MHz
naive,1:49,sample_cpu1_freq,1800,MHz
naive,1:49,sample_cpu2_freq,1800,MHz
naive,1:49,sample_cpu3_freq,1800,MHz
naive,1:49,sample_cpu4_freq,2300,MHz
naive,1:49,sample_cpu5_freq,2300,MHz
naive,1:49,sample_cpu6_freq,2300,MHz
naive,1:49,sample_cpu7_freq,2300,MHz
naive,1:50,sample_elapsed,7545,ms
naive,1:50,sample_power,4.346,W
naive,1:50,sample_process_cpu,552.564,% one core
naive,1:50,sample_free_ram,1.095,GiB
naive,1:50,sample_battery_temp,38.000,C
naive,1:50,sample_thermal_status,1,Android PowerManager status
naive,1:50,sample_cpu0_freq,1800,MHz
naive,1:50,sample_cpu1_freq,1800,MHz
naive,1:50,sample_cpu2_freq,1800,MHz
naive,1:50,sample_cpu3_freq,1800,MHz
naive,1:50,sample_cpu4_freq,2300,MHz
naive,1:50,sample_cpu5_freq,2300,MHz
naive,1:50,sample_cpu6_freq,2300,MHz
naive,1:50,sample_cpu7_freq,2300,MHz
naive,1:51,sample_elapsed,7698,ms
naive,1:51,sample_power,4.346,W
naive,1:51,sample_process_cpu,530.719,% one core
naive,1:51,sample_free_ram,1.091,GiB
naive,1:51,sample_battery_temp,38.000,C
naive,1:51,sample_thermal_status,1,Android PowerManager status
naive,1:51,sample_cpu0_freq,1800,MHz
naive,1:51,sample_cpu1_freq,1800,MHz
naive,1:51,sample_cpu2_freq,1800,MHz
naive,1:51,sample_cpu3_freq,1800,MHz
naive,1:51,sample_cpu4_freq,2300,MHz
naive,1:51,sample_cpu5_freq,2300,MHz
naive,1:51,sample_cpu6_freq,2300,MHz
naive,1:51,sample_cpu7_freq,2300,MHz
naive,1:52,sample_elapsed,7851,ms
naive,1:52,sample_power,4.346,W
naive,1:52,sample_process_cpu,554.902,% one core
naive,1:52,sample_free_ram,1.090,GiB
naive,1:52,sample_battery_temp,38.000,C
naive,1:52,sample_thermal_status,1,Android PowerManager status
naive,1:52,sample_cpu0_freq,1800,MHz
naive,1:52,sample_cpu1_freq,1800,MHz
naive,1:52,sample_cpu2_freq,1800,MHz
naive,1:52,sample_cpu3_freq,1800,MHz
naive,1:52,sample_cpu4_freq,2300,MHz
naive,1:52,sample_cpu5_freq,2300,MHz
naive,1:52,sample_cpu6_freq,2300,MHz
naive,1:52,sample_cpu7_freq,2300,MHz
naive,1:53,sample_elapsed,8003,ms
naive,1:53,sample_power,4.708,W
naive,1:53,sample_process_cpu,522.368,% one core
naive,1:53,sample_free_ram,1.089,GiB
naive,1:53,sample_battery_temp,38.000,C
naive,1:53,sample_thermal_status,1,Android PowerManager status
naive,1:53,sample_cpu0_freq,1800,MHz
naive,1:53,sample_cpu1_freq,1800,MHz
naive,1:53,sample_cpu2_freq,1800,MHz
naive,1:53,sample_cpu3_freq,1800,MHz
naive,1:53,sample_cpu4_freq,2300,MHz
naive,1:53,sample_cpu5_freq,2300,MHz
naive,1:53,sample_cpu6_freq,2300,MHz
naive,1:53,sample_cpu7_freq,2300,MHz
naive,1:54,sample_elapsed,8168,ms
naive,1:54,sample_power,4.708,W
naive,1:54,sample_process_cpu,539.394,% one core
naive,1:54,sample_free_ram,1.088,GiB
naive,1:54,sample_battery_temp,38.000,C
naive,1:54,sample_thermal_status,1,Android PowerManager status
naive,1:54,sample_cpu0_freq,1800,MHz
naive,1:54,sample_cpu1_freq,1800,MHz
naive,1:54,sample_cpu2_freq,1800,MHz
naive,1:54,sample_cpu3_freq,1800,MHz
naive,1:54,sample_cpu4_freq,2300,MHz
naive,1:54,sample_cpu5_freq,2300,MHz
naive,1:54,sample_cpu6_freq,2300,MHz
naive,1:54,sample_cpu7_freq,2300,MHz
naive,1:55,sample_elapsed,8321,ms
naive,1:55,sample_power,4.708,W
naive,1:55,sample_process_cpu,513.072,% one core
naive,1:55,sample_free_ram,1.081,GiB
naive,1:55,sample_battery_temp,38.000,C
naive,1:55,sample_thermal_status,1,Android PowerManager status
naive,1:55,sample_cpu0_freq,1800,MHz
naive,1:55,sample_cpu1_freq,1800,MHz
naive,1:55,sample_cpu2_freq,1800,MHz
naive,1:55,sample_cpu3_freq,1800,MHz
naive,1:55,sample_cpu4_freq,2300,MHz
naive,1:55,sample_cpu5_freq,2300,MHz
naive,1:55,sample_cpu6_freq,2300,MHz
naive,1:55,sample_cpu7_freq,2300,MHz
naive,1:56,sample_elapsed,8486,ms
naive,1:56,sample_power,4.708,W
naive,1:56,sample_process_cpu,505.455,% one core
naive,1:56,sample_free_ram,1.076,GiB
naive,1:56,sample_battery_temp,38.000,C
naive,1:56,sample_thermal_status,1,Android PowerManager status
naive,1:56,sample_cpu0_freq,1800,MHz
naive,1:56,sample_cpu1_freq,1800,MHz
naive,1:56,sample_cpu2_freq,1800,MHz
naive,1:56,sample_cpu3_freq,1800,MHz
naive,1:56,sample_cpu4_freq,2300,MHz
naive,1:56,sample_cpu5_freq,2300,MHz
naive,1:56,sample_cpu6_freq,2300,MHz
naive,1:56,sample_cpu7_freq,2300,MHz
naive,1:57,sample_elapsed,8638,ms
naive,1:57,sample_power,5.196,W
naive,1:57,sample_process_cpu,580.921,% one core
naive,1:57,sample_free_ram,1.071,GiB
naive,1:57,sample_battery_temp,38.000,C
naive,1:57,sample_thermal_status,1,Android PowerManager status
naive,1:57,sample_cpu0_freq,1800,MHz
naive,1:57,sample_cpu1_freq,1800,MHz
naive,1:57,sample_cpu2_freq,1800,MHz
naive,1:57,sample_cpu3_freq,1800,MHz
naive,1:57,sample_cpu4_freq,2300,MHz
naive,1:57,sample_cpu5_freq,2300,MHz
naive,1:57,sample_cpu6_freq,2300,MHz
naive,1:57,sample_cpu7_freq,2300,MHz
naive,1:58,sample_elapsed,8800,ms
naive,1:58,sample_power,5.196,W
naive,1:58,sample_process_cpu,450.000,% one core
naive,1:58,sample_free_ram,1.071,GiB
naive,1:58,sample_battery_temp,38.000,C
naive,1:58,sample_thermal_status,1,Android PowerManager status
naive,1:58,sample_cpu0_freq,1800,MHz
naive,1:58,sample_cpu1_freq,1800,MHz
naive,1:58,sample_cpu2_freq,1800,MHz
naive,1:58,sample_cpu3_freq,1800,MHz
naive,1:58,sample_cpu4_freq,2300,MHz
naive,1:58,sample_cpu5_freq,2300,MHz
naive,1:58,sample_cpu6_freq,2300,MHz
naive,1:58,sample_cpu7_freq,2300,MHz
naive,1:59,sample_elapsed,8966,ms
naive,1:59,sample_power,5.196,W
naive,1:59,sample_process_cpu,523.494,% one core
naive,1:59,sample_free_ram,1.083,GiB
naive,1:59,sample_battery_temp,38.000,C
naive,1:59,sample_thermal_status,1,Android PowerManager status
naive,1:59,sample_cpu0_freq,1800,MHz
naive,1:59,sample_cpu1_freq,1800,MHz
naive,1:59,sample_cpu2_freq,1800,MHz
naive,1:59,sample_cpu3_freq,1800,MHz
naive,1:59,sample_cpu4_freq,2300,MHz
naive,1:59,sample_cpu5_freq,2300,MHz
naive,1:59,sample_cpu6_freq,2300,MHz
naive,1:59,sample_cpu7_freq,2300,MHz
naive,1:60,sample_elapsed,9119,ms
naive,1:60,sample_power,5.196,W
naive,1:60,sample_process_cpu,494.771,% one core
naive,1:60,sample_free_ram,1.087,GiB
naive,1:60,sample_battery_temp,38.000,C
naive,1:60,sample_thermal_status,1,Android PowerManager status
naive,1:60,sample_cpu0_freq,1800,MHz
naive,1:60,sample_cpu1_freq,1800,MHz
naive,1:60,sample_cpu2_freq,1800,MHz
naive,1:60,sample_cpu3_freq,1800,MHz
naive,1:60,sample_cpu4_freq,2300,MHz
naive,1:60,sample_cpu5_freq,2300,MHz
naive,1:60,sample_cpu6_freq,2300,MHz
naive,1:60,sample_cpu7_freq,2300,MHz
naive,1:61,sample_elapsed,9280,ms
naive,1:61,sample_power,4.806,W
naive,1:61,sample_process_cpu,539.752,% one core
naive,1:61,sample_free_ram,1.106,GiB
naive,1:61,sample_battery_temp,38.000,C
naive,1:61,sample_thermal_status,1,Android PowerManager status
naive,1:61,sample_cpu0_freq,1800,MHz
naive,1:61,sample_cpu1_freq,1800,MHz
naive,1:61,sample_cpu2_freq,1800,MHz
naive,1:61,sample_cpu3_freq,1800,MHz
naive,1:61,sample_cpu4_freq,2300,MHz
naive,1:61,sample_cpu5_freq,2300,MHz
naive,1:61,sample_cpu6_freq,2300,MHz
naive,1:61,sample_cpu7_freq,2300,MHz
naive,1:62,sample_elapsed,9440,ms
naive,1:62,sample_power,4.806,W
naive,1:62,sample_process_cpu,410.625,% one core
naive,1:62,sample_free_ram,1.106,GiB
naive,1:62,sample_battery_temp,38.000,C
naive,1:62,sample_thermal_status,1,Android PowerManager status
naive,1:62,sample_cpu0_freq,1800,MHz
naive,1:62,sample_cpu1_freq,1800,MHz
naive,1:62,sample_cpu2_freq,1800,MHz
naive,1:62,sample_cpu3_freq,1800,MHz
naive,1:62,sample_cpu4_freq,2300,MHz
naive,1:62,sample_cpu5_freq,2300,MHz
naive,1:62,sample_cpu6_freq,2300,MHz
naive,1:62,sample_cpu7_freq,2300,MHz
naive,1:63,sample_elapsed,9595,ms
naive,1:63,sample_power,4.806,W
naive,1:63,sample_process_cpu,429.677,% one core
naive,1:63,sample_free_ram,1.117,GiB
naive,1:63,sample_battery_temp,38.000,C
naive,1:63,sample_thermal_status,1,Android PowerManager status
naive,1:63,sample_cpu0_freq,1800,MHz
naive,1:63,sample_cpu1_freq,1800,MHz
naive,1:63,sample_cpu2_freq,1800,MHz
naive,1:63,sample_cpu3_freq,1800,MHz
naive,1:63,sample_cpu4_freq,2300,MHz
naive,1:63,sample_cpu5_freq,2300,MHz
naive,1:63,sample_cpu6_freq,2300,MHz
naive,1:63,sample_cpu7_freq,2300,MHz
naive,1:64,sample_elapsed,9768,ms
naive,1:64,sample_power,4.806,W
naive,1:64,sample_process_cpu,488.439,% one core
naive,1:64,sample_free_ram,1.123,GiB
naive,1:64,sample_battery_temp,38.000,C
naive,1:64,sample_thermal_status,1,Android PowerManager status
naive,1:64,sample_cpu0_freq,1800,MHz
naive,1:64,sample_cpu1_freq,1800,MHz
naive,1:64,sample_cpu2_freq,1800,MHz
naive,1:64,sample_cpu3_freq,1800,MHz
naive,1:64,sample_cpu4_freq,2300,MHz
naive,1:64,sample_cpu5_freq,2300,MHz
naive,1:64,sample_cpu6_freq,2300,MHz
naive,1:64,sample_cpu7_freq,2300,MHz
naive,1:65,sample_elapsed,9921,ms
naive,1:65,sample_power,4.980,W
naive,1:65,sample_process_cpu,480.392,% one core
naive,1:65,sample_free_ram,1.128,GiB
naive,1:65,sample_battery_temp,38.000,C
naive,1:65,sample_thermal_status,1,Android PowerManager status
naive,1:65,sample_cpu0_freq,1800,MHz
naive,1:65,sample_cpu1_freq,1800,MHz
naive,1:65,sample_cpu2_freq,1800,MHz
naive,1:65,sample_cpu3_freq,1800,MHz
naive,1:65,sample_cpu4_freq,2300,MHz
naive,1:65,sample_cpu5_freq,2300,MHz
naive,1:65,sample_cpu6_freq,2300,MHz
naive,1:65,sample_cpu7_freq,2300,MHz
naive,1:66,sample_elapsed,10075,ms
naive,1:66,sample_power,4.980,W
naive,1:66,sample_process_cpu,525.325,% one core
naive,1:66,sample_free_ram,1.136,GiB
naive,1:66,sample_battery_temp,38.000,C
naive,1:66,sample_thermal_status,1,Android PowerManager status
naive,1:66,sample_cpu0_freq,1800,MHz
naive,1:66,sample_cpu1_freq,1800,MHz
naive,1:66,sample_cpu2_freq,1800,MHz
naive,1:66,sample_cpu3_freq,1800,MHz
naive,1:66,sample_cpu4_freq,2300,MHz
naive,1:66,sample_cpu5_freq,2300,MHz
naive,1:66,sample_cpu6_freq,2300,MHz
naive,1:66,sample_cpu7_freq,2300,MHz
naive,1:67,sample_elapsed,10227,ms
naive,1:67,sample_power,4.980,W
naive,1:67,sample_process_cpu,586.842,% one core
naive,1:67,sample_free_ram,1.146,GiB
naive,1:67,sample_battery_temp,38.000,C
naive,1:67,sample_thermal_status,1,Android PowerManager status
naive,1:67,sample_cpu0_freq,1800,MHz
naive,1:67,sample_cpu1_freq,1800,MHz
naive,1:67,sample_cpu2_freq,1800,MHz
naive,1:67,sample_cpu3_freq,1800,MHz
naive,1:67,sample_cpu4_freq,2300,MHz
naive,1:67,sample_cpu5_freq,2300,MHz
naive,1:67,sample_cpu6_freq,2300,MHz
naive,1:67,sample_cpu7_freq,2300,MHz
naive,1:68,sample_elapsed,10379,ms
naive,1:68,sample_power,4.980,W
naive,1:68,sample_process_cpu,575.000,% one core
naive,1:68,sample_free_ram,1.170,GiB
naive,1:68,sample_battery_temp,38.000,C
naive,1:68,sample_thermal_status,1,Android PowerManager status
naive,1:68,sample_cpu0_freq,1800,MHz
naive,1:68,sample_cpu1_freq,1800,MHz
naive,1:68,sample_cpu2_freq,1800,MHz
naive,1:68,sample_cpu3_freq,1800,MHz
naive,1:68,sample_cpu4_freq,2300,MHz
naive,1:68,sample_cpu5_freq,2300,MHz
naive,1:68,sample_cpu6_freq,2300,MHz
naive,1:68,sample_cpu7_freq,2300,MHz
naive,1:69,sample_elapsed,10531,ms
naive,1:69,sample_power,4.163,W
naive,1:69,sample_process_cpu,583.553,% one core
naive,1:69,sample_free_ram,1.179,GiB
naive,1:69,sample_battery_temp,38.000,C
naive,1:69,sample_thermal_status,1,Android PowerManager status
naive,1:69,sample_cpu0_freq,1800,MHz
naive,1:69,sample_cpu1_freq,1800,MHz
naive,1:69,sample_cpu2_freq,1800,MHz
naive,1:69,sample_cpu3_freq,1800,MHz
naive,1:69,sample_cpu4_freq,2300,MHz
naive,1:69,sample_cpu5_freq,2300,MHz
naive,1:69,sample_cpu6_freq,2300,MHz
naive,1:69,sample_cpu7_freq,2300,MHz
naive,1:70,sample_elapsed,10684,ms
naive,1:70,sample_power,4.163,W
naive,1:70,sample_process_cpu,550.980,% one core
naive,1:70,sample_free_ram,1.180,GiB
naive,1:70,sample_battery_temp,38.000,C
naive,1:70,sample_thermal_status,1,Android PowerManager status
naive,1:70,sample_cpu0_freq,1800,MHz
naive,1:70,sample_cpu1_freq,1800,MHz
naive,1:70,sample_cpu2_freq,1800,MHz
naive,1:70,sample_cpu3_freq,1800,MHz
naive,1:70,sample_cpu4_freq,2300,MHz
naive,1:70,sample_cpu5_freq,2300,MHz
naive,1:70,sample_cpu6_freq,2300,MHz
naive,1:70,sample_cpu7_freq,2300,MHz
naive,1:71,sample_elapsed,10836,ms
naive,1:71,sample_power,4.163,W
naive,1:71,sample_process_cpu,594.737,% one core
naive,1:71,sample_free_ram,1.183,GiB
naive,1:71,sample_battery_temp,38.000,C
naive,1:71,sample_thermal_status,1,Android PowerManager status
naive,1:71,sample_cpu0_freq,1800,MHz
naive,1:71,sample_cpu1_freq,1800,MHz
naive,1:71,sample_cpu2_freq,1800,MHz
naive,1:71,sample_cpu3_freq,1800,MHz
naive,1:71,sample_cpu4_freq,2300,MHz
naive,1:71,sample_cpu5_freq,2300,MHz
naive,1:71,sample_cpu6_freq,2300,MHz
naive,1:71,sample_cpu7_freq,2300,MHz
naive,1:72,sample_elapsed,10991,ms
naive,1:72,sample_power,4.060,W
naive,1:72,sample_process_cpu,620.000,% one core
naive,1:72,sample_free_ram,1.186,GiB
naive,1:72,sample_battery_temp,38.000,C
naive,1:72,sample_thermal_status,1,Android PowerManager status
naive,1:72,sample_cpu0_freq,1800,MHz
naive,1:72,sample_cpu1_freq,1800,MHz
naive,1:72,sample_cpu2_freq,1800,MHz
naive,1:72,sample_cpu3_freq,1800,MHz
naive,1:72,sample_cpu4_freq,2300,MHz
naive,1:72,sample_cpu5_freq,2300,MHz
naive,1:72,sample_cpu6_freq,2300,MHz
naive,1:72,sample_cpu7_freq,2300,MHz
naive,1:73,sample_elapsed,11143,ms
naive,1:73,sample_power,4.060,W
naive,1:73,sample_process_cpu,624.342,% one core
naive,1:73,sample_free_ram,1.183,GiB
naive,1:73,sample_battery_temp,38.000,C
naive,1:73,sample_thermal_status,1,Android PowerManager status
naive,1:73,sample_cpu0_freq,1800,MHz
naive,1:73,sample_cpu1_freq,1800,MHz
naive,1:73,sample_cpu2_freq,1800,MHz
naive,1:73,sample_cpu3_freq,1800,MHz
naive,1:73,sample_cpu4_freq,2300,MHz
naive,1:73,sample_cpu5_freq,2300,MHz
naive,1:73,sample_cpu6_freq,2300,MHz
naive,1:73,sample_cpu7_freq,2300,MHz
naive,1:74,sample_elapsed,11295,ms
naive,1:74,sample_power,4.060,W
naive,1:74,sample_process_cpu,632.237,% one core
naive,1:74,sample_free_ram,1.180,GiB
naive,1:74,sample_battery_temp,38.000,C
naive,1:74,sample_thermal_status,1,Android PowerManager status
naive,1:74,sample_cpu0_freq,1800,MHz
naive,1:74,sample_cpu1_freq,1800,MHz
naive,1:74,sample_cpu2_freq,1800,MHz
naive,1:74,sample_cpu3_freq,1800,MHz
naive,1:74,sample_cpu4_freq,2300,MHz
naive,1:74,sample_cpu5_freq,2300,MHz
naive,1:74,sample_cpu6_freq,2300,MHz
naive,1:74,sample_cpu7_freq,2300,MHz
naive,1:75,sample_elapsed,11447,ms
naive,1:75,sample_power,4.376,W
naive,1:75,sample_process_cpu,643.421,% one core
naive,1:75,sample_free_ram,1.179,GiB
naive,1:75,sample_battery_temp,38.000,C
naive,1:75,sample_thermal_status,1,Android PowerManager status
naive,1:75,sample_cpu0_freq,1800,MHz
naive,1:75,sample_cpu1_freq,1800,MHz
naive,1:75,sample_cpu2_freq,1800,MHz
naive,1:75,sample_cpu3_freq,1800,MHz
naive,1:75,sample_cpu4_freq,2300,MHz
naive,1:75,sample_cpu5_freq,2300,MHz
naive,1:75,sample_cpu6_freq,2300,MHz
naive,1:75,sample_cpu7_freq,2300,MHz
naive,1:76,sample_elapsed,11600,ms
naive,1:76,sample_power,4.376,W
naive,1:76,sample_process_cpu,601.307,% one core
naive,1:76,sample_free_ram,1.179,GiB
naive,1:76,sample_battery_temp,38.000,C
naive,1:76,sample_thermal_status,1,Android PowerManager status
naive,1:76,sample_cpu0_freq,1800,MHz
naive,1:76,sample_cpu1_freq,1800,MHz
naive,1:76,sample_cpu2_freq,1800,MHz
naive,1:76,sample_cpu3_freq,1800,MHz
naive,1:76,sample_cpu4_freq,2300,MHz
naive,1:76,sample_cpu5_freq,2300,MHz
naive,1:76,sample_cpu6_freq,2300,MHz
naive,1:76,sample_cpu7_freq,2300,MHz
naive,1:77,sample_elapsed,11753,ms
naive,1:77,sample_power,4.376,W
naive,1:77,sample_process_cpu,621.569,% one core
naive,1:77,sample_free_ram,1.180,GiB
naive,1:77,sample_battery_temp,38.000,C
naive,1:77,sample_thermal_status,1,Android PowerManager status
naive,1:77,sample_cpu0_freq,1800,MHz
naive,1:77,sample_cpu1_freq,1800,MHz
naive,1:77,sample_cpu2_freq,1800,MHz
naive,1:77,sample_cpu3_freq,1800,MHz
naive,1:77,sample_cpu4_freq,2300,MHz
naive,1:77,sample_cpu5_freq,2300,MHz
naive,1:77,sample_cpu6_freq,2300,MHz
naive,1:77,sample_cpu7_freq,2300,MHz
naive,1:78,sample_elapsed,11905,ms
naive,1:78,sample_power,4.376,W
naive,1:78,sample_process_cpu,616.447,% one core
naive,1:78,sample_free_ram,1.176,GiB
naive,1:78,sample_battery_temp,38.000,C
naive,1:78,sample_thermal_status,1,Android PowerManager status
naive,1:78,sample_cpu0_freq,1800,MHz
naive,1:78,sample_cpu1_freq,1800,MHz
naive,1:78,sample_cpu2_freq,1800,MHz
naive,1:78,sample_cpu3_freq,1800,MHz
naive,1:78,sample_cpu4_freq,2300,MHz
naive,1:78,sample_cpu5_freq,2300,MHz
naive,1:78,sample_cpu6_freq,2300,MHz
naive,1:78,sample_cpu7_freq,2300,MHz
naive,1:79,sample_elapsed,12057,ms
naive,1:79,sample_power,4.917,W
naive,1:79,sample_process_cpu,642.105,% one core
naive,1:79,sample_free_ram,1.176,GiB
naive,1:79,sample_battery_temp,38.000,C
naive,1:79,sample_thermal_status,1,Android PowerManager status
naive,1:79,sample_cpu0_freq,1800,MHz
naive,1:79,sample_cpu1_freq,1800,MHz
naive,1:79,sample_cpu2_freq,1800,MHz
naive,1:79,sample_cpu3_freq,1800,MHz
naive,1:79,sample_cpu4_freq,2300,MHz
naive,1:79,sample_cpu5_freq,2300,MHz
naive,1:79,sample_cpu6_freq,2300,MHz
naive,1:79,sample_cpu7_freq,2300,MHz
naive,1:80,sample_elapsed,12210,ms
naive,1:80,sample_power,4.917,W
naive,1:80,sample_process_cpu,614.379,% one core
naive,1:80,sample_free_ram,1.174,GiB
naive,1:80,sample_battery_temp,38.000,C
naive,1:80,sample_thermal_status,1,Android PowerManager status
naive,1:80,sample_cpu0_freq,1800,MHz
naive,1:80,sample_cpu1_freq,1800,MHz
naive,1:80,sample_cpu2_freq,1800,MHz
naive,1:80,sample_cpu3_freq,1800,MHz
naive,1:80,sample_cpu4_freq,2300,MHz
naive,1:80,sample_cpu5_freq,2300,MHz
naive,1:80,sample_cpu6_freq,2300,MHz
naive,1:80,sample_cpu7_freq,2300,MHz
naive,1:81,sample_elapsed,12363,ms
naive,1:81,sample_power,4.917,W
naive,1:81,sample_process_cpu,620.261,% one core
naive,1:81,sample_free_ram,1.171,GiB
naive,1:81,sample_battery_temp,38.000,C
naive,1:81,sample_thermal_status,1,Android PowerManager status
naive,1:81,sample_cpu0_freq,1800,MHz
naive,1:81,sample_cpu1_freq,1800,MHz
naive,1:81,sample_cpu2_freq,1800,MHz
naive,1:81,sample_cpu3_freq,1800,MHz
naive,1:81,sample_cpu4_freq,2300,MHz
naive,1:81,sample_cpu5_freq,2300,MHz
naive,1:81,sample_cpu6_freq,2300,MHz
naive,1:81,sample_cpu7_freq,2300,MHz
naive,1:82,sample_elapsed,12515,ms
naive,1:82,sample_power,4.917,W
naive,1:82,sample_process_cpu,631.579,% one core
naive,1:82,sample_free_ram,1.168,GiB
naive,1:82,sample_battery_temp,38.000,C
naive,1:82,sample_thermal_status,1,Android PowerManager status
naive,1:82,sample_cpu0_freq,1800,MHz
naive,1:82,sample_cpu1_freq,1800,MHz
naive,1:82,sample_cpu2_freq,1800,MHz
naive,1:82,sample_cpu3_freq,1800,MHz
naive,1:82,sample_cpu4_freq,2300,MHz
naive,1:82,sample_cpu5_freq,2300,MHz
naive,1:82,sample_cpu6_freq,2300,MHz
naive,1:82,sample_cpu7_freq,2300,MHz
naive,1:83,sample_elapsed,12671,ms
naive,1:83,sample_power,4.446,W
naive,1:83,sample_process_cpu,628.205,% one core
naive,1:83,sample_free_ram,1.166,GiB
naive,1:83,sample_battery_temp,38.000,C
naive,1:83,sample_thermal_status,1,Android PowerManager status
naive,1:83,sample_cpu0_freq,1800,MHz
naive,1:83,sample_cpu1_freq,1800,MHz
naive,1:83,sample_cpu2_freq,1800,MHz
naive,1:83,sample_cpu3_freq,1800,MHz
naive,1:83,sample_cpu4_freq,2300,MHz
naive,1:83,sample_cpu5_freq,2300,MHz
naive,1:83,sample_cpu6_freq,2300,MHz
naive,1:83,sample_cpu7_freq,2300,MHz
naive,1:84,sample_elapsed,12824,ms
naive,1:84,sample_power,4.446,W
naive,1:84,sample_process_cpu,621.569,% one core
naive,1:84,sample_free_ram,1.165,GiB
naive,1:84,sample_battery_temp,38.000,C
naive,1:84,sample_thermal_status,1,Android PowerManager status
naive,1:84,sample_cpu0_freq,1800,MHz
naive,1:84,sample_cpu1_freq,1800,MHz
naive,1:84,sample_cpu2_freq,1800,MHz
naive,1:84,sample_cpu3_freq,1800,MHz
naive,1:84,sample_cpu4_freq,2300,MHz
naive,1:84,sample_cpu5_freq,2300,MHz
naive,1:84,sample_cpu6_freq,2300,MHz
naive,1:84,sample_cpu7_freq,2300,MHz
naive,1:85,sample_elapsed,12975,ms
naive,1:85,sample_power,4.446,W
naive,1:85,sample_process_cpu,613.245,% one core
naive,1:85,sample_free_ram,1.163,GiB
naive,1:85,sample_battery_temp,38.000,C
naive,1:85,sample_thermal_status,1,Android PowerManager status
naive,1:85,sample_cpu0_freq,1800,MHz
naive,1:85,sample_cpu1_freq,1800,MHz
naive,1:85,sample_cpu2_freq,1800,MHz
naive,1:85,sample_cpu3_freq,1800,MHz
naive,1:85,sample_cpu4_freq,2300,MHz
naive,1:85,sample_cpu5_freq,2300,MHz
naive,1:85,sample_cpu6_freq,2300,MHz
naive,1:85,sample_cpu7_freq,2300,MHz
naive,1:86,sample_elapsed,13128,ms
naive,1:86,sample_power,4.446,W
naive,1:86,sample_process_cpu,611.765,% one core
naive,1:86,sample_free_ram,1.159,GiB
naive,1:86,sample_battery_temp,38.000,C
naive,1:86,sample_thermal_status,1,Android PowerManager status
naive,1:86,sample_cpu0_freq,1800,MHz
naive,1:86,sample_cpu1_freq,1800,MHz
naive,1:86,sample_cpu2_freq,1800,MHz
naive,1:86,sample_cpu3_freq,1800,MHz
naive,1:86,sample_cpu4_freq,2300,MHz
naive,1:86,sample_cpu5_freq,2300,MHz
naive,1:86,sample_cpu6_freq,2300,MHz
naive,1:86,sample_cpu7_freq,2300,MHz
naive,1:87,sample_elapsed,13284,ms
naive,1:87,sample_power,4.178,W
naive,1:87,sample_process_cpu,666.026,% one core
naive,1:87,sample_free_ram,1.159,GiB
naive,1:87,sample_battery_temp,38.000,C
naive,1:87,sample_thermal_status,1,Android PowerManager status
naive,1:87,sample_cpu0_freq,1800,MHz
naive,1:87,sample_cpu1_freq,1800,MHz
naive,1:87,sample_cpu2_freq,1800,MHz
naive,1:87,sample_cpu3_freq,1800,MHz
naive,1:87,sample_cpu4_freq,2300,MHz
naive,1:87,sample_cpu5_freq,2300,MHz
naive,1:87,sample_cpu6_freq,2300,MHz
naive,1:87,sample_cpu7_freq,2300,MHz
naive,1:88,sample_elapsed,13441,ms
naive,1:88,sample_power,4.178,W
naive,1:88,sample_process_cpu,628.025,% one core
naive,1:88,sample_free_ram,1.157,GiB
naive,1:88,sample_battery_temp,38.000,C
naive,1:88,sample_thermal_status,1,Android PowerManager status
naive,1:88,sample_cpu0_freq,1800,MHz
naive,1:88,sample_cpu1_freq,1800,MHz
naive,1:88,sample_cpu2_freq,1800,MHz
naive,1:88,sample_cpu3_freq,1800,MHz
naive,1:88,sample_cpu4_freq,2300,MHz
naive,1:88,sample_cpu5_freq,2300,MHz
naive,1:88,sample_cpu6_freq,2300,MHz
naive,1:88,sample_cpu7_freq,2300,MHz
naive,1:89,sample_elapsed,13593,ms
naive,1:89,sample_power,4.178,W
naive,1:89,sample_process_cpu,651.316,% one core
naive,1:89,sample_free_ram,1.158,GiB
naive,1:89,sample_battery_temp,38.000,C
naive,1:89,sample_thermal_status,1,Android PowerManager status
naive,1:89,sample_cpu0_freq,1800,MHz
naive,1:89,sample_cpu1_freq,1800,MHz
naive,1:89,sample_cpu2_freq,1800,MHz
naive,1:89,sample_cpu3_freq,1800,MHz
naive,1:89,sample_cpu4_freq,2300,MHz
naive,1:89,sample_cpu5_freq,2300,MHz
naive,1:89,sample_cpu6_freq,2300,MHz
naive,1:89,sample_cpu7_freq,2300,MHz
naive,1:90,sample_elapsed,13745,ms
naive,1:90,sample_power,4.178,W
naive,1:90,sample_process_cpu,665.789,% one core
naive,1:90,sample_free_ram,1.158,GiB
naive,1:90,sample_battery_temp,38.000,C
naive,1:90,sample_thermal_status,1,Android PowerManager status
naive,1:90,sample_cpu0_freq,1800,MHz
naive,1:90,sample_cpu1_freq,1800,MHz
naive,1:90,sample_cpu2_freq,1800,MHz
naive,1:90,sample_cpu3_freq,1800,MHz
naive,1:90,sample_cpu4_freq,2300,MHz
naive,1:90,sample_cpu5_freq,2300,MHz
naive,1:90,sample_cpu6_freq,2300,MHz
naive,1:90,sample_cpu7_freq,2300,MHz
naive,1:91,sample_elapsed,13897,ms
naive,1:91,sample_power,4.405,W
naive,1:91,sample_process_cpu,671.053,% one core
naive,1:91,sample_free_ram,1.156,GiB
naive,1:91,sample_battery_temp,38.000,C
naive,1:91,sample_thermal_status,1,Android PowerManager status
naive,1:91,sample_cpu0_freq,1800,MHz
naive,1:91,sample_cpu1_freq,1800,MHz
naive,1:91,sample_cpu2_freq,1800,MHz
naive,1:91,sample_cpu3_freq,1800,MHz
naive,1:91,sample_cpu4_freq,2300,MHz
naive,1:91,sample_cpu5_freq,2300,MHz
naive,1:91,sample_cpu6_freq,2300,MHz
naive,1:91,sample_cpu7_freq,2300,MHz
naive,1:92,sample_elapsed,14056,ms
naive,1:92,sample_power,4.405,W
naive,1:92,sample_process_cpu,660.377,% one core
naive,1:92,sample_free_ram,1.155,GiB
naive,1:92,sample_battery_temp,38.000,C
naive,1:92,sample_thermal_status,1,Android PowerManager status
naive,1:92,sample_cpu0_freq,1800,MHz
naive,1:92,sample_cpu1_freq,1800,MHz
naive,1:92,sample_cpu2_freq,1800,MHz
naive,1:92,sample_cpu3_freq,1800,MHz
naive,1:92,sample_cpu4_freq,2300,MHz
naive,1:92,sample_cpu5_freq,2300,MHz
naive,1:92,sample_cpu6_freq,2300,MHz
naive,1:92,sample_cpu7_freq,2300,MHz
naive,1:93,sample_elapsed,14209,ms
naive,1:93,sample_power,4.405,W
naive,1:93,sample_process_cpu,674.510,% one core
naive,1:93,sample_free_ram,1.155,GiB
naive,1:93,sample_battery_temp,38.000,C
naive,1:93,sample_thermal_status,1,Android PowerManager status
naive,1:93,sample_cpu0_freq,1800,MHz
naive,1:93,sample_cpu1_freq,1800,MHz
naive,1:93,sample_cpu2_freq,1800,MHz
naive,1:93,sample_cpu3_freq,1800,MHz
naive,1:93,sample_cpu4_freq,2300,MHz
naive,1:93,sample_cpu5_freq,2300,MHz
naive,1:93,sample_cpu6_freq,2300,MHz
naive,1:93,sample_cpu7_freq,2300,MHz
naive,1:94,sample_elapsed,14362,ms
naive,1:94,sample_power,4.405,W
naive,1:94,sample_process_cpu,656.863,% one core
naive,1:94,sample_free_ram,1.154,GiB
naive,1:94,sample_battery_temp,38.000,C
naive,1:94,sample_thermal_status,1,Android PowerManager status
naive,1:94,sample_cpu0_freq,1800,MHz
naive,1:94,sample_cpu1_freq,1800,MHz
naive,1:94,sample_cpu2_freq,1800,MHz
naive,1:94,sample_cpu3_freq,1800,MHz
naive,1:94,sample_cpu4_freq,2300,MHz
naive,1:94,sample_cpu5_freq,2300,MHz
naive,1:94,sample_cpu6_freq,2300,MHz
naive,1:94,sample_cpu7_freq,2300,MHz
naive,1:95,sample_elapsed,14533,ms
naive,1:95,sample_power,4.080,W
naive,1:95,sample_process_cpu,712.281,% one core
naive,1:95,sample_free_ram,1.154,GiB
naive,1:95,sample_battery_temp,38.000,C
naive,1:95,sample_thermal_status,1,Android PowerManager status
naive,1:95,sample_cpu0_freq,1800,MHz
naive,1:95,sample_cpu1_freq,1800,MHz
naive,1:95,sample_cpu2_freq,1800,MHz
naive,1:95,sample_cpu3_freq,1800,MHz
naive,1:95,sample_cpu4_freq,2300,MHz
naive,1:95,sample_cpu5_freq,2300,MHz
naive,1:95,sample_cpu6_freq,2300,MHz
naive,1:95,sample_cpu7_freq,2300,MHz
naive,1:96,sample_elapsed,14693,ms
naive,1:96,sample_power,4.080,W
naive,1:96,sample_process_cpu,669.375,% one core
naive,1:96,sample_free_ram,1.154,GiB
naive,1:96,sample_battery_temp,38.000,C
naive,1:96,sample_thermal_status,1,Android PowerManager status
naive,1:96,sample_cpu0_freq,1800,MHz
naive,1:96,sample_cpu1_freq,1800,MHz
naive,1:96,sample_cpu2_freq,1800,MHz
naive,1:96,sample_cpu3_freq,1800,MHz
naive,1:96,sample_cpu4_freq,2300,MHz
naive,1:96,sample_cpu5_freq,2300,MHz
naive,1:96,sample_cpu6_freq,2300,MHz
naive,1:96,sample_cpu7_freq,2300,MHz
naive,1:97,sample_elapsed,14847,ms
naive,1:97,sample_power,4.080,W
naive,1:97,sample_process_cpu,686.364,% one core
naive,1:97,sample_free_ram,1.154,GiB
naive,1:97,sample_battery_temp,38.000,C
naive,1:97,sample_thermal_status,1,Android PowerManager status
naive,1:97,sample_cpu0_freq,1800,MHz
naive,1:97,sample_cpu1_freq,1800,MHz
naive,1:97,sample_cpu2_freq,1800,MHz
naive,1:97,sample_cpu3_freq,1800,MHz
naive,1:97,sample_cpu4_freq,2300,MHz
naive,1:97,sample_cpu5_freq,2300,MHz
naive,1:97,sample_cpu6_freq,2300,MHz
naive,1:97,sample_cpu7_freq,2300,MHz
naive,1:98,sample_elapsed,15002,ms
naive,1:98,sample_power,4.080,W
naive,1:98,sample_process_cpu,658.710,% one core
naive,1:98,sample_free_ram,1.154,GiB
naive,1:98,sample_battery_temp,38.000,C
naive,1:98,sample_thermal_status,1,Android PowerManager status
naive,1:98,sample_cpu0_freq,1800,MHz
naive,1:98,sample_cpu1_freq,1800,MHz
naive,1:98,sample_cpu2_freq,1800,MHz
naive,1:98,sample_cpu3_freq,1800,MHz
naive,1:98,sample_cpu4_freq,2300,MHz
naive,1:98,sample_cpu5_freq,2300,MHz
naive,1:98,sample_cpu6_freq,2300,MHz
naive,1:98,sample_cpu7_freq,2300,MHz
naive,1:99,sample_elapsed,15160,ms
naive,1:99,sample_power,4.067,W
naive,1:99,sample_process_cpu,686.076,% one core
naive,1:99,sample_free_ram,1.153,GiB
naive,1:99,sample_battery_temp,38.000,C
naive,1:99,sample_thermal_status,1,Android PowerManager status
naive,1:99,sample_cpu0_freq,1800,MHz
naive,1:99,sample_cpu1_freq,1800,MHz
naive,1:99,sample_cpu2_freq,1800,MHz
naive,1:99,sample_cpu3_freq,1800,MHz
naive,1:99,sample_cpu4_freq,2300,MHz
naive,1:99,sample_cpu5_freq,2300,MHz
naive,1:99,sample_cpu6_freq,2300,MHz
naive,1:99,sample_cpu7_freq,2300,MHz
naive,1:100,sample_elapsed,15320,ms
naive,1:100,sample_power,4.067,W
naive,1:100,sample_process_cpu,646.250,% one core
naive,1:100,sample_free_ram,1.153,GiB
naive,1:100,sample_battery_temp,38.000,C
naive,1:100,sample_thermal_status,1,Android PowerManager status
naive,1:100,sample_cpu0_freq,1800,MHz
naive,1:100,sample_cpu1_freq,1800,MHz
naive,1:100,sample_cpu2_freq,1800,MHz
naive,1:100,sample_cpu3_freq,1800,MHz
naive,1:100,sample_cpu4_freq,2300,MHz
naive,1:100,sample_cpu5_freq,2300,MHz
naive,1:100,sample_cpu6_freq,2300,MHz
naive,1:100,sample_cpu7_freq,2300,MHz
naive,1:101,sample_elapsed,15475,ms
naive,1:101,sample_power,4.067,W
naive,1:101,sample_process_cpu,653.548,% one core
naive,1:101,sample_free_ram,1.153,GiB
naive,1:101,sample_battery_temp,38.000,C
naive,1:101,sample_thermal_status,1,Android PowerManager status
naive,1:101,sample_cpu0_freq,1800,MHz
naive,1:101,sample_cpu1_freq,1800,MHz
naive,1:101,sample_cpu2_freq,1800,MHz
naive,1:101,sample_cpu3_freq,1800,MHz
naive,1:101,sample_cpu4_freq,2300,MHz
naive,1:101,sample_cpu5_freq,2300,MHz
naive,1:101,sample_cpu6_freq,2300,MHz
naive,1:101,sample_cpu7_freq,2300,MHz
naive,1:102,sample_elapsed,15627,ms
naive,1:102,sample_power,4.067,W
naive,1:102,sample_process_cpu,655.921,% one core
naive,1:102,sample_free_ram,1.152,GiB
naive,1:102,sample_battery_temp,38.000,C
naive,1:102,sample_thermal_status,1,Android PowerManager status
naive,1:102,sample_cpu0_freq,1800,MHz
naive,1:102,sample_cpu1_freq,1800,MHz
naive,1:102,sample_cpu2_freq,1800,MHz
naive,1:102,sample_cpu3_freq,1800,MHz
naive,1:102,sample_cpu4_freq,2300,MHz
naive,1:102,sample_cpu5_freq,2300,MHz
naive,1:102,sample_cpu6_freq,2300,MHz
naive,1:102,sample_cpu7_freq,2300,MHz
naive,1:103,sample_elapsed,15780,ms
naive,1:103,sample_power,4.067,W
naive,1:103,sample_process_cpu,686.275,% one core
naive,1:103,sample_free_ram,1.152,GiB
naive,1:103,sample_battery_temp,38.000,C
naive,1:103,sample_thermal_status,1,Android PowerManager status
naive,1:103,sample_cpu0_freq,1800,MHz
naive,1:103,sample_cpu1_freq,1800,MHz
naive,1:103,sample_cpu2_freq,1800,MHz
naive,1:103,sample_cpu3_freq,1800,MHz
naive,1:103,sample_cpu4_freq,2300,MHz
naive,1:103,sample_cpu5_freq,2300,MHz
naive,1:103,sample_cpu6_freq,2300,MHz
naive,1:103,sample_cpu7_freq,2300,MHz
naive,1:104,sample_elapsed,15943,ms
naive,1:104,sample_power,4.067,W
naive,1:104,sample_process_cpu,632.515,% one core
naive,1:104,sample_free_ram,1.152,GiB
naive,1:104,sample_battery_temp,38.000,C
naive,1:104,sample_thermal_status,1,Android PowerManager status
naive,1:104,sample_cpu0_freq,1800,MHz
naive,1:104,sample_cpu1_freq,1800,MHz
naive,1:104,sample_cpu2_freq,1800,MHz
naive,1:104,sample_cpu3_freq,1800,MHz
naive,1:104,sample_cpu4_freq,2300,MHz
naive,1:104,sample_cpu5_freq,2300,MHz
naive,1:104,sample_cpu6_freq,2300,MHz
naive,1:104,sample_cpu7_freq,2300,MHz
naive,1:105,sample_elapsed,16098,ms
naive,1:105,sample_power,4.067,W
naive,1:105,sample_process_cpu,612.258,% one core
naive,1:105,sample_free_ram,1.152,GiB
naive,1:105,sample_battery_temp,38.000,C
naive,1:105,sample_thermal_status,1,Android PowerManager status
naive,1:105,sample_cpu0_freq,1800,MHz
naive,1:105,sample_cpu1_freq,1800,MHz
naive,1:105,sample_cpu2_freq,1800,MHz
naive,1:105,sample_cpu3_freq,1800,MHz
naive,1:105,sample_cpu4_freq,2300,MHz
naive,1:105,sample_cpu5_freq,2300,MHz
naive,1:105,sample_cpu6_freq,2300,MHz
naive,1:105,sample_cpu7_freq,2300,MHz
naive,1:106,sample_elapsed,16253,ms
naive,1:106,sample_power,4.067,W
naive,1:106,sample_process_cpu,653.548,% one core
naive,1:106,sample_free_ram,1.152,GiB
naive,1:106,sample_battery_temp,38.000,C
naive,1:106,sample_thermal_status,1,Android PowerManager status
naive,1:106,sample_cpu0_freq,1800,MHz
naive,1:106,sample_cpu1_freq,1800,MHz
naive,1:106,sample_cpu2_freq,1800,MHz
naive,1:106,sample_cpu3_freq,1800,MHz
naive,1:106,sample_cpu4_freq,2300,MHz
naive,1:106,sample_cpu5_freq,2300,MHz
naive,1:106,sample_cpu6_freq,2300,MHz
naive,1:106,sample_cpu7_freq,2300,MHz
naive,1:107,sample_elapsed,16405,ms
naive,1:107,sample_power,4.769,W
naive,1:107,sample_process_cpu,642.763,% one core
naive,1:107,sample_free_ram,1.150,GiB
naive,1:107,sample_battery_temp,38.000,C
naive,1:107,sample_thermal_status,1,Android PowerManager status
naive,1:107,sample_cpu0_freq,1800,MHz
naive,1:107,sample_cpu1_freq,1800,MHz
naive,1:107,sample_cpu2_freq,1800,MHz
naive,1:107,sample_cpu3_freq,1800,MHz
naive,1:107,sample_cpu4_freq,2300,MHz
naive,1:107,sample_cpu5_freq,2300,MHz
naive,1:107,sample_cpu6_freq,2300,MHz
naive,1:107,sample_cpu7_freq,2300,MHz
naive,1:108,sample_elapsed,16558,ms
naive,1:108,sample_power,4.769,W
naive,1:108,sample_process_cpu,610.458,% one core
naive,1:108,sample_free_ram,1.148,GiB
naive,1:108,sample_battery_temp,38.000,C
naive,1:108,sample_thermal_status,1,Android PowerManager status
naive,1:108,sample_cpu0_freq,1800,MHz
naive,1:108,sample_cpu1_freq,1800,MHz
naive,1:108,sample_cpu2_freq,1800,MHz
naive,1:108,sample_cpu3_freq,1800,MHz
naive,1:108,sample_cpu4_freq,2300,MHz
naive,1:108,sample_cpu5_freq,2300,MHz
naive,1:108,sample_cpu6_freq,2300,MHz
naive,1:108,sample_cpu7_freq,2300,MHz
naive,1:109,sample_elapsed,16713,ms
naive,1:109,sample_power,4.769,W
naive,1:109,sample_process_cpu,643.871,% one core
naive,1:109,sample_free_ram,1.146,GiB
naive,1:109,sample_battery_temp,38.000,C
naive,1:109,sample_thermal_status,1,Android PowerManager status
naive,1:109,sample_cpu0_freq,1800,MHz
naive,1:109,sample_cpu1_freq,1800,MHz
naive,1:109,sample_cpu2_freq,1800,MHz
naive,1:109,sample_cpu3_freq,1800,MHz
naive,1:109,sample_cpu4_freq,2300,MHz
naive,1:109,sample_cpu5_freq,2300,MHz
naive,1:109,sample_cpu6_freq,2300,MHz
naive,1:109,sample_cpu7_freq,2300,MHz
naive,1:110,sample_elapsed,16865,ms
naive,1:110,sample_power,4.769,W
naive,1:110,sample_process_cpu,679.605,% one core
naive,1:110,sample_free_ram,1.147,GiB
naive,1:110,sample_battery_temp,38.000,C
naive,1:110,sample_thermal_status,1,Android PowerManager status
naive,1:110,sample_cpu0_freq,1800,MHz
naive,1:110,sample_cpu1_freq,1800,MHz
naive,1:110,sample_cpu2_freq,1800,MHz
naive,1:110,sample_cpu3_freq,1800,MHz
naive,1:110,sample_cpu4_freq,2300,MHz
naive,1:110,sample_cpu5_freq,2300,MHz
naive,1:110,sample_cpu6_freq,2300,MHz
naive,1:110,sample_cpu7_freq,2300,MHz
naive,1:111,sample_elapsed,17021,ms
naive,1:111,sample_power,4.150,W
naive,1:111,sample_process_cpu,683.974,% one core
naive,1:111,sample_free_ram,1.147,GiB
naive,1:111,sample_battery_temp,38.000,C
naive,1:111,sample_thermal_status,1,Android PowerManager status
naive,1:111,sample_cpu0_freq,1800,MHz
naive,1:111,sample_cpu1_freq,1800,MHz
naive,1:111,sample_cpu2_freq,1800,MHz
naive,1:111,sample_cpu3_freq,1800,MHz
naive,1:111,sample_cpu4_freq,2300,MHz
naive,1:111,sample_cpu5_freq,2300,MHz
naive,1:111,sample_cpu6_freq,2300,MHz
naive,1:111,sample_cpu7_freq,2300,MHz
naive,1:112,sample_elapsed,17174,ms
naive,1:112,sample_power,4.150,W
naive,1:112,sample_process_cpu,680.392,% one core
naive,1:112,sample_free_ram,1.147,GiB
naive,1:112,sample_battery_temp,38.000,C
naive,1:112,sample_thermal_status,1,Android PowerManager status
naive,1:112,sample_cpu0_freq,1800,MHz
naive,1:112,sample_cpu1_freq,1800,MHz
naive,1:112,sample_cpu2_freq,1800,MHz
naive,1:112,sample_cpu3_freq,1800,MHz
naive,1:112,sample_cpu4_freq,2300,MHz
naive,1:112,sample_cpu5_freq,2300,MHz
naive,1:112,sample_cpu6_freq,2300,MHz
naive,1:112,sample_cpu7_freq,2300,MHz
naive,1:113,sample_elapsed,17327,ms
naive,1:113,sample_power,4.150,W
naive,1:113,sample_process_cpu,661.438,% one core
naive,1:113,sample_free_ram,1.147,GiB
naive,1:113,sample_battery_temp,38.000,C
naive,1:113,sample_thermal_status,1,Android PowerManager status
naive,1:113,sample_cpu0_freq,1800,MHz
naive,1:113,sample_cpu1_freq,1800,MHz
naive,1:113,sample_cpu2_freq,1800,MHz
naive,1:113,sample_cpu3_freq,1800,MHz
naive,1:113,sample_cpu4_freq,2300,MHz
naive,1:113,sample_cpu5_freq,2300,MHz
naive,1:113,sample_cpu6_freq,2300,MHz
naive,1:113,sample_cpu7_freq,2300,MHz
naive,1:114,sample_elapsed,17479,ms
naive,1:114,sample_power,4.150,W
naive,1:114,sample_process_cpu,684.868,% one core
naive,1:114,sample_free_ram,1.147,GiB
naive,1:114,sample_battery_temp,38.000,C
naive,1:114,sample_thermal_status,1,Android PowerManager status
naive,1:114,sample_cpu0_freq,1800,MHz
naive,1:114,sample_cpu1_freq,1800,MHz
naive,1:114,sample_cpu2_freq,1800,MHz
naive,1:114,sample_cpu3_freq,1800,MHz
naive,1:114,sample_cpu4_freq,2300,MHz
naive,1:114,sample_cpu5_freq,2300,MHz
naive,1:114,sample_cpu6_freq,2300,MHz
naive,1:114,sample_cpu7_freq,2300,MHz
naive,1:115,sample_elapsed,17631,ms
naive,1:115,sample_power,3.884,W
naive,1:115,sample_process_cpu,699.342,% one core
naive,1:115,sample_free_ram,1.145,GiB
naive,1:115,sample_battery_temp,38.000,C
naive,1:115,sample_thermal_status,1,Android PowerManager status
naive,1:115,sample_cpu0_freq,1800,MHz
naive,1:115,sample_cpu1_freq,1800,MHz
naive,1:115,sample_cpu2_freq,1800,MHz
naive,1:115,sample_cpu3_freq,1800,MHz
naive,1:115,sample_cpu4_freq,2300,MHz
naive,1:115,sample_cpu5_freq,2300,MHz
naive,1:115,sample_cpu6_freq,2300,MHz
naive,1:115,sample_cpu7_freq,2300,MHz
naive,1:116,sample_elapsed,17798,ms
naive,1:116,sample_power,3.884,W
naive,1:116,sample_process_cpu,585.030,% one core
naive,1:116,sample_free_ram,1.142,GiB
naive,1:116,sample_battery_temp,38.000,C
naive,1:116,sample_thermal_status,1,Android PowerManager status
naive,1:116,sample_cpu0_freq,1800,MHz
naive,1:116,sample_cpu1_freq,1800,MHz
naive,1:116,sample_cpu2_freq,1800,MHz
naive,1:116,sample_cpu3_freq,1800,MHz
naive,1:116,sample_cpu4_freq,2300,MHz
naive,1:116,sample_cpu5_freq,2300,MHz
naive,1:116,sample_cpu6_freq,2300,MHz
naive,1:116,sample_cpu7_freq,2300,MHz
naive,1:117,sample_elapsed,17950,ms
naive,1:117,sample_power,3.884,W
naive,1:117,sample_process_cpu,680.921,% one core
naive,1:117,sample_free_ram,1.142,GiB
naive,1:117,sample_battery_temp,38.000,C
naive,1:117,sample_thermal_status,1,Android PowerManager status
naive,1:117,sample_cpu0_freq,1800,MHz
naive,1:117,sample_cpu1_freq,1800,MHz
naive,1:117,sample_cpu2_freq,1800,MHz
naive,1:117,sample_cpu3_freq,1800,MHz
naive,1:117,sample_cpu4_freq,2300,MHz
naive,1:117,sample_cpu5_freq,2300,MHz
naive,1:117,sample_cpu6_freq,2300,MHz
naive,1:117,sample_cpu7_freq,2300,MHz
naive,1:118,sample_elapsed,18102,ms
naive,1:118,sample_power,4.228,W
naive,1:118,sample_process_cpu,690.789,% one core
naive,1:118,sample_free_ram,1.142,GiB
naive,1:118,sample_battery_temp,38.000,C
naive,1:118,sample_thermal_status,1,Android PowerManager status
naive,1:118,sample_cpu0_freq,1800,MHz
naive,1:118,sample_cpu1_freq,1800,MHz
naive,1:118,sample_cpu2_freq,1800,MHz
naive,1:118,sample_cpu3_freq,1800,MHz
naive,1:118,sample_cpu4_freq,2300,MHz
naive,1:118,sample_cpu5_freq,2300,MHz
naive,1:118,sample_cpu6_freq,2300,MHz
naive,1:118,sample_cpu7_freq,2300,MHz
naive,1:119,sample_elapsed,18255,ms
naive,1:119,sample_power,4.228,W
naive,1:119,sample_process_cpu,675.817,% one core
naive,1:119,sample_free_ram,1.142,GiB
naive,1:119,sample_battery_temp,38.000,C
naive,1:119,sample_thermal_status,1,Android PowerManager status
naive,1:119,sample_cpu0_freq,1800,MHz
naive,1:119,sample_cpu1_freq,1800,MHz
naive,1:119,sample_cpu2_freq,1800,MHz
naive,1:119,sample_cpu3_freq,1800,MHz
naive,1:119,sample_cpu4_freq,2300,MHz
naive,1:119,sample_cpu5_freq,2300,MHz
naive,1:119,sample_cpu6_freq,2300,MHz
naive,1:119,sample_cpu7_freq,2300,MHz
naive,1:120,sample_elapsed,18407,ms
naive,1:120,sample_power,4.228,W
naive,1:120,sample_process_cpu,692.763,% one core
naive,1:120,sample_free_ram,1.142,GiB
naive,1:120,sample_battery_temp,38.000,C
naive,1:120,sample_thermal_status,1,Android PowerManager status
naive,1:120,sample_cpu0_freq,1800,MHz
naive,1:120,sample_cpu1_freq,1800,MHz
naive,1:120,sample_cpu2_freq,1800,MHz
naive,1:120,sample_cpu3_freq,1800,MHz
naive,1:120,sample_cpu4_freq,2300,MHz
naive,1:120,sample_cpu5_freq,2300,MHz
naive,1:120,sample_cpu6_freq,2300,MHz
naive,1:120,sample_cpu7_freq,2300,MHz
naive,1:121,sample_elapsed,18562,ms
naive,1:121,sample_power,4.228,W
naive,1:121,sample_process_cpu,691.613,% one core
naive,1:121,sample_free_ram,1.142,GiB
naive,1:121,sample_battery_temp,38.000,C
naive,1:121,sample_thermal_status,1,Android PowerManager status
naive,1:121,sample_cpu0_freq,1800,MHz
naive,1:121,sample_cpu1_freq,1800,MHz
naive,1:121,sample_cpu2_freq,1800,MHz
naive,1:121,sample_cpu3_freq,1800,MHz
naive,1:121,sample_cpu4_freq,2300,MHz
naive,1:121,sample_cpu5_freq,2300,MHz
naive,1:121,sample_cpu6_freq,2300,MHz
naive,1:121,sample_cpu7_freq,2300,MHz
naive,1:122,sample_elapsed,18715,ms
naive,1:122,sample_power,4.154,W
naive,1:122,sample_process_cpu,666.013,% one core
naive,1:122,sample_free_ram,1.141,GiB
naive,1:122,sample_battery_temp,38.000,C
naive,1:122,sample_thermal_status,1,Android PowerManager status
naive,1:122,sample_cpu0_freq,1800,MHz
naive,1:122,sample_cpu1_freq,1800,MHz
naive,1:122,sample_cpu2_freq,1800,MHz
naive,1:122,sample_cpu3_freq,1800,MHz
naive,1:122,sample_cpu4_freq,2300,MHz
naive,1:122,sample_cpu5_freq,2300,MHz
naive,1:122,sample_cpu6_freq,2300,MHz
naive,1:122,sample_cpu7_freq,2300,MHz
naive,1:123,sample_elapsed,18877,ms
naive,1:123,sample_power,4.154,W
naive,1:123,sample_process_cpu,673.457,% one core
naive,1:123,sample_free_ram,1.141,GiB
naive,1:123,sample_battery_temp,38.000,C
naive,1:123,sample_thermal_status,1,Android PowerManager status
naive,1:123,sample_cpu0_freq,1800,MHz
naive,1:123,sample_cpu1_freq,1800,MHz
naive,1:123,sample_cpu2_freq,1800,MHz
naive,1:123,sample_cpu3_freq,1800,MHz
naive,1:123,sample_cpu4_freq,2300,MHz
naive,1:123,sample_cpu5_freq,2300,MHz
naive,1:123,sample_cpu6_freq,2300,MHz
naive,1:123,sample_cpu7_freq,2300,MHz
naive,1:124,sample_elapsed,19030,ms
naive,1:124,sample_power,4.154,W
naive,1:124,sample_process_cpu,684.314,% one core
naive,1:124,sample_free_ram,1.141,GiB
naive,1:124,sample_battery_temp,38.000,C
naive,1:124,sample_thermal_status,1,Android PowerManager status
naive,1:124,sample_cpu0_freq,1800,MHz
naive,1:124,sample_cpu1_freq,1800,MHz
naive,1:124,sample_cpu2_freq,1800,MHz
naive,1:124,sample_cpu3_freq,1800,MHz
naive,1:124,sample_cpu4_freq,2300,MHz
naive,1:124,sample_cpu5_freq,2300,MHz
naive,1:124,sample_cpu6_freq,2300,MHz
naive,1:124,sample_cpu7_freq,2300,MHz
naive,1:125,sample_elapsed,19182,ms
naive,1:125,sample_power,4.154,W
naive,1:125,sample_process_cpu,663.158,% one core
naive,1:125,sample_free_ram,1.140,GiB
naive,1:125,sample_battery_temp,38.000,C
naive,1:125,sample_thermal_status,1,Android PowerManager status
naive,1:125,sample_cpu0_freq,1800,MHz
naive,1:125,sample_cpu1_freq,1800,MHz
naive,1:125,sample_cpu2_freq,1800,MHz
naive,1:125,sample_cpu3_freq,1800,MHz
naive,1:125,sample_cpu4_freq,2300,MHz
naive,1:125,sample_cpu5_freq,2300,MHz
naive,1:125,sample_cpu6_freq,2300,MHz
naive,1:125,sample_cpu7_freq,2300,MHz
naive,1:126,sample_elapsed,19336,ms
naive,1:126,sample_power,4.002,W
naive,1:126,sample_process_cpu,697.403,% one core
naive,1:126,sample_free_ram,1.140,GiB
naive,1:126,sample_battery_temp,38.000,C
naive,1:126,sample_thermal_status,1,Android PowerManager status
naive,1:126,sample_cpu0_freq,1800,MHz
naive,1:126,sample_cpu1_freq,1800,MHz
naive,1:126,sample_cpu2_freq,1800,MHz
naive,1:126,sample_cpu3_freq,1800,MHz
naive,1:126,sample_cpu4_freq,2300,MHz
naive,1:126,sample_cpu5_freq,2300,MHz
naive,1:126,sample_cpu6_freq,2300,MHz
naive,1:126,sample_cpu7_freq,2300,MHz
naive,1:127,sample_elapsed,19496,ms
naive,1:127,sample_power,4.002,W
naive,1:127,sample_process_cpu,678.750,% one core
naive,1:127,sample_free_ram,1.139,GiB
naive,1:127,sample_battery_temp,38.000,C
naive,1:127,sample_thermal_status,1,Android PowerManager status
naive,1:127,sample_cpu0_freq,1800,MHz
naive,1:127,sample_cpu1_freq,1800,MHz
naive,1:127,sample_cpu2_freq,1800,MHz
naive,1:127,sample_cpu3_freq,1800,MHz
naive,1:127,sample_cpu4_freq,2300,MHz
naive,1:127,sample_cpu5_freq,2300,MHz
naive,1:127,sample_cpu6_freq,2300,MHz
naive,1:127,sample_cpu7_freq,2300,MHz
naive,1:128,sample_elapsed,19655,ms
naive,1:128,sample_power,4.002,W
naive,1:128,sample_process_cpu,643.396,% one core
naive,1:128,sample_free_ram,1.139,GiB
naive,1:128,sample_battery_temp,38.000,C
naive,1:128,sample_thermal_status,1,Android PowerManager status
naive,1:128,sample_cpu0_freq,1800,MHz
naive,1:128,sample_cpu1_freq,1800,MHz
naive,1:128,sample_cpu2_freq,1800,MHz
naive,1:128,sample_cpu3_freq,1800,MHz
naive,1:128,sample_cpu4_freq,2300,MHz
naive,1:128,sample_cpu5_freq,2300,MHz
naive,1:128,sample_cpu6_freq,2300,MHz
naive,1:128,sample_cpu7_freq,2300,MHz
naive,1:129,sample_elapsed,19807,ms
naive,1:129,sample_power,4.002,W
naive,1:129,sample_process_cpu,647.368,% one core
naive,1:129,sample_free_ram,1.139,GiB
naive,1:129,sample_battery_temp,38.000,C
naive,1:129,sample_thermal_status,1,Android PowerManager status
naive,1:129,sample_cpu0_freq,1800,MHz
naive,1:129,sample_cpu1_freq,1800,MHz
naive,1:129,sample_cpu2_freq,1800,MHz
naive,1:129,sample_cpu3_freq,1800,MHz
naive,1:129,sample_cpu4_freq,2300,MHz
naive,1:129,sample_cpu5_freq,2300,MHz
naive,1:129,sample_cpu6_freq,2300,MHz
naive,1:129,sample_cpu7_freq,2300,MHz
naive,1:130,sample_elapsed,19960,ms
naive,1:130,sample_power,4.182,W
naive,1:130,sample_process_cpu,666.013,% one core
naive,1:130,sample_free_ram,1.138,GiB
naive,1:130,sample_battery_temp,38.000,C
naive,1:130,sample_thermal_status,1,Android PowerManager status
naive,1:130,sample_cpu0_freq,1800,MHz
naive,1:130,sample_cpu1_freq,1800,MHz
naive,1:130,sample_cpu2_freq,1800,MHz
naive,1:130,sample_cpu3_freq,1800,MHz
naive,1:130,sample_cpu4_freq,2300,MHz
naive,1:130,sample_cpu5_freq,2300,MHz
naive,1:130,sample_cpu6_freq,2300,MHz
naive,1:130,sample_cpu7_freq,2300,MHz
naive,1:131,sample_elapsed,20114,ms
naive,1:131,sample_power,4.182,W
naive,1:131,sample_process_cpu,638.312,% one core
naive,1:131,sample_free_ram,1.138,GiB
naive,1:131,sample_battery_temp,38.000,C
naive,1:131,sample_thermal_status,1,Android PowerManager status
naive,1:131,sample_cpu0_freq,1800,MHz
naive,1:131,sample_cpu1_freq,1800,MHz
naive,1:131,sample_cpu2_freq,1800,MHz
naive,1:131,sample_cpu3_freq,1800,MHz
naive,1:131,sample_cpu4_freq,2300,MHz
naive,1:131,sample_cpu5_freq,2300,MHz
naive,1:131,sample_cpu6_freq,2300,MHz
naive,1:131,sample_cpu7_freq,2300,MHz
naive,1:132,sample_elapsed,20266,ms
naive,1:132,sample_power,4.182,W
naive,1:132,sample_process_cpu,653.289,% one core
naive,1:132,sample_free_ram,1.138,GiB
naive,1:132,sample_battery_temp,38.000,C
naive,1:132,sample_thermal_status,1,Android PowerManager status
naive,1:132,sample_cpu0_freq,1800,MHz
naive,1:132,sample_cpu1_freq,1800,MHz
naive,1:132,sample_cpu2_freq,1800,MHz
naive,1:132,sample_cpu3_freq,1800,MHz
naive,1:132,sample_cpu4_freq,2300,MHz
naive,1:132,sample_cpu5_freq,2300,MHz
naive,1:132,sample_cpu6_freq,2300,MHz
naive,1:132,sample_cpu7_freq,2300,MHz
naive,1:133,sample_elapsed,20418,ms
naive,1:133,sample_power,4.182,W
naive,1:133,sample_process_cpu,662.500,% one core
naive,1:133,sample_free_ram,1.138,GiB
naive,1:133,sample_battery_temp,38.000,C
naive,1:133,sample_thermal_status,1,Android PowerManager status
naive,1:133,sample_cpu0_freq,1800,MHz
naive,1:133,sample_cpu1_freq,1800,MHz
naive,1:133,sample_cpu2_freq,1800,MHz
naive,1:133,sample_cpu3_freq,1800,MHz
naive,1:133,sample_cpu4_freq,2300,MHz
naive,1:133,sample_cpu5_freq,2300,MHz
naive,1:133,sample_cpu6_freq,2300,MHz
naive,1:133,sample_cpu7_freq,2300,MHz
naive,1:134,sample_elapsed,20570,ms
naive,1:134,sample_power,4.274,W
naive,1:134,sample_process_cpu,667.763,% one core
naive,1:134,sample_free_ram,1.138,GiB
naive,1:134,sample_battery_temp,38.000,C
naive,1:134,sample_thermal_status,1,Android PowerManager status
naive,1:134,sample_cpu0_freq,1800,MHz
naive,1:134,sample_cpu1_freq,1800,MHz
naive,1:134,sample_cpu2_freq,1800,MHz
naive,1:134,sample_cpu3_freq,1800,MHz
naive,1:134,sample_cpu4_freq,2300,MHz
naive,1:134,sample_cpu5_freq,2300,MHz
naive,1:134,sample_cpu6_freq,2300,MHz
naive,1:134,sample_cpu7_freq,2300,MHz
naive,1:135,sample_elapsed,20726,ms
naive,1:135,sample_power,4.274,W
naive,1:135,sample_process_cpu,650.641,% one core
naive,1:135,sample_free_ram,1.137,GiB
naive,1:135,sample_battery_temp,38.000,C
naive,1:135,sample_thermal_status,1,Android PowerManager status
naive,1:135,sample_cpu0_freq,1800,MHz
naive,1:135,sample_cpu1_freq,1800,MHz
naive,1:135,sample_cpu2_freq,1800,MHz
naive,1:135,sample_cpu3_freq,1800,MHz
naive,1:135,sample_cpu4_freq,2300,MHz
naive,1:135,sample_cpu5_freq,2300,MHz
naive,1:135,sample_cpu6_freq,2300,MHz
naive,1:135,sample_cpu7_freq,2300,MHz
naive,1:136,sample_elapsed,20881,ms
naive,1:136,sample_power,4.274,W
naive,1:136,sample_process_cpu,661.290,% one core
naive,1:136,sample_free_ram,1.137,GiB
naive,1:136,sample_battery_temp,38.000,C
naive,1:136,sample_thermal_status,1,Android PowerManager status
naive,1:136,sample_cpu0_freq,1800,MHz
naive,1:136,sample_cpu1_freq,1800,MHz
naive,1:136,sample_cpu2_freq,1800,MHz
naive,1:136,sample_cpu3_freq,1800,MHz
naive,1:136,sample_cpu4_freq,2300,MHz
naive,1:136,sample_cpu5_freq,2300,MHz
naive,1:136,sample_cpu6_freq,2300,MHz
naive,1:136,sample_cpu7_freq,2300,MHz
naive,1:137,sample_elapsed,21039,ms
naive,1:137,sample_power,4.274,W
naive,1:137,sample_process_cpu,662.025,% one core
naive,1:137,sample_free_ram,1.137,GiB
naive,1:137,sample_battery_temp,38.000,C
naive,1:137,sample_thermal_status,1,Android PowerManager status
naive,1:137,sample_cpu0_freq,1800,MHz
naive,1:137,sample_cpu1_freq,1800,MHz
naive,1:137,sample_cpu2_freq,1800,MHz
naive,1:137,sample_cpu3_freq,1800,MHz
naive,1:137,sample_cpu4_freq,2300,MHz
naive,1:137,sample_cpu5_freq,2300,MHz
naive,1:137,sample_cpu6_freq,2300,MHz
naive,1:137,sample_cpu7_freq,2300,MHz
naive,1:138,sample_elapsed,21197,ms
naive,1:138,sample_power,4.060,W
naive,1:138,sample_process_cpu,638.608,% one core
naive,1:138,sample_free_ram,1.136,GiB
naive,1:138,sample_battery_temp,38.000,C
naive,1:138,sample_thermal_status,1,Android PowerManager status
naive,1:138,sample_cpu0_freq,1800,MHz
naive,1:138,sample_cpu1_freq,1800,MHz
naive,1:138,sample_cpu2_freq,1800,MHz
naive,1:138,sample_cpu3_freq,1800,MHz
naive,1:138,sample_cpu4_freq,2300,MHz
naive,1:138,sample_cpu5_freq,2300,MHz
naive,1:138,sample_cpu6_freq,2300,MHz
naive,1:138,sample_cpu7_freq,2300,MHz
naive,1:139,sample_elapsed,21350,ms
naive,1:139,sample_power,4.060,W
naive,1:139,sample_process_cpu,649.673,% one core
naive,1:139,sample_free_ram,1.135,GiB
naive,1:139,sample_battery_temp,38.000,C
naive,1:139,sample_thermal_status,1,Android PowerManager status
naive,1:139,sample_cpu0_freq,1800,MHz
naive,1:139,sample_cpu1_freq,1800,MHz
naive,1:139,sample_cpu2_freq,1800,MHz
naive,1:139,sample_cpu3_freq,1800,MHz
naive,1:139,sample_cpu4_freq,2300,MHz
naive,1:139,sample_cpu5_freq,2300,MHz
naive,1:139,sample_cpu6_freq,2300,MHz
naive,1:139,sample_cpu7_freq,2300,MHz
naive,1:140,sample_elapsed,21502,ms
naive,1:140,sample_power,4.060,W
naive,1:140,sample_process_cpu,692.105,% one core
naive,1:140,sample_free_ram,1.135,GiB
naive,1:140,sample_battery_temp,38.000,C
naive,1:140,sample_thermal_status,1,Android PowerManager status
naive,1:140,sample_cpu0_freq,1800,MHz
naive,1:140,sample_cpu1_freq,1800,MHz
naive,1:140,sample_cpu2_freq,1800,MHz
naive,1:140,sample_cpu3_freq,1800,MHz
naive,1:140,sample_cpu4_freq,2300,MHz
naive,1:140,sample_cpu5_freq,2300,MHz
naive,1:140,sample_cpu6_freq,2300,MHz
naive,1:140,sample_cpu7_freq,2300,MHz
naive,1:141,sample_elapsed,21654,ms
naive,1:141,sample_power,4.289,W
naive,1:141,sample_process_cpu,692.763,% one core
naive,1:141,sample_free_ram,1.135,GiB
naive,1:141,sample_battery_temp,38.000,C
naive,1:141,sample_thermal_status,1,Android PowerManager status
naive,1:141,sample_cpu0_freq,1800,MHz
naive,1:141,sample_cpu1_freq,1800,MHz
naive,1:141,sample_cpu2_freq,1800,MHz
naive,1:141,sample_cpu3_freq,1800,MHz
naive,1:141,sample_cpu4_freq,2300,MHz
naive,1:141,sample_cpu5_freq,2300,MHz
naive,1:141,sample_cpu6_freq,2300,MHz
naive,1:141,sample_cpu7_freq,2300,MHz
naive,1:142,sample_elapsed,21808,ms
naive,1:142,sample_power,4.289,W
naive,1:142,sample_process_cpu,679.870,% one core
naive,1:142,sample_free_ram,1.135,GiB
naive,1:142,sample_battery_temp,38.000,C
naive,1:142,sample_thermal_status,1,Android PowerManager status
naive,1:142,sample_cpu0_freq,1800,MHz
naive,1:142,sample_cpu1_freq,1800,MHz
naive,1:142,sample_cpu2_freq,1800,MHz
naive,1:142,sample_cpu3_freq,1800,MHz
naive,1:142,sample_cpu4_freq,2300,MHz
naive,1:142,sample_cpu5_freq,2300,MHz
naive,1:142,sample_cpu6_freq,2300,MHz
naive,1:142,sample_cpu7_freq,2300,MHz
naive,1:143,sample_elapsed,21960,ms
naive,1:143,sample_power,4.289,W
naive,1:143,sample_process_cpu,694.079,% one core
naive,1:143,sample_free_ram,1.135,GiB
naive,1:143,sample_battery_temp,38.000,C
naive,1:143,sample_thermal_status,1,Android PowerManager status
naive,1:143,sample_cpu0_freq,1800,MHz
naive,1:143,sample_cpu1_freq,1800,MHz
naive,1:143,sample_cpu2_freq,1800,MHz
naive,1:143,sample_cpu3_freq,1800,MHz
naive,1:143,sample_cpu4_freq,2300,MHz
naive,1:143,sample_cpu5_freq,2300,MHz
naive,1:143,sample_cpu6_freq,2300,MHz
naive,1:143,sample_cpu7_freq,2300,MHz
naive,1:144,sample_elapsed,22112,ms
naive,1:144,sample_power,4.289,W
naive,1:144,sample_process_cpu,690.132,% one core
naive,1:144,sample_free_ram,1.135,GiB
naive,1:144,sample_battery_temp,38.000,C
naive,1:144,sample_thermal_status,1,Android PowerManager status
naive,1:144,sample_cpu0_freq,1800,MHz
naive,1:144,sample_cpu1_freq,1800,MHz
naive,1:144,sample_cpu2_freq,1800,MHz
naive,1:144,sample_cpu3_freq,1800,MHz
naive,1:144,sample_cpu4_freq,2300,MHz
naive,1:144,sample_cpu5_freq,2300,MHz
naive,1:144,sample_cpu6_freq,2300,MHz
naive,1:144,sample_cpu7_freq,2300,MHz
naive,1:145,sample_elapsed,22264,ms
naive,1:145,sample_power,4.034,W
naive,1:145,sample_process_cpu,669.079,% one core
naive,1:145,sample_free_ram,1.135,GiB
naive,1:145,sample_battery_temp,38.000,C
naive,1:145,sample_thermal_status,1,Android PowerManager status
naive,1:145,sample_cpu0_freq,1800,MHz
naive,1:145,sample_cpu1_freq,1800,MHz
naive,1:145,sample_cpu2_freq,1800,MHz
naive,1:145,sample_cpu3_freq,1800,MHz
naive,1:145,sample_cpu4_freq,2300,MHz
naive,1:145,sample_cpu5_freq,2300,MHz
naive,1:145,sample_cpu6_freq,2300,MHz
naive,1:145,sample_cpu7_freq,2300,MHz
naive,1:146,sample_elapsed,22418,ms
naive,1:146,sample_power,4.034,W
naive,1:146,sample_process_cpu,647.403,% one core
naive,1:146,sample_free_ram,1.135,GiB
naive,1:146,sample_battery_temp,38.000,C
naive,1:146,sample_thermal_status,1,Android PowerManager status
naive,1:146,sample_cpu0_freq,1800,MHz
naive,1:146,sample_cpu1_freq,1800,MHz
naive,1:146,sample_cpu2_freq,1800,MHz
naive,1:146,sample_cpu3_freq,1800,MHz
naive,1:146,sample_cpu4_freq,2300,MHz
naive,1:146,sample_cpu5_freq,2300,MHz
naive,1:146,sample_cpu6_freq,2300,MHz
naive,1:146,sample_cpu7_freq,2300,MHz
naive,1:147,sample_elapsed,22571,ms
naive,1:147,sample_power,4.034,W
naive,1:147,sample_process_cpu,665.359,% one core
naive,1:147,sample_free_ram,1.134,GiB
naive,1:147,sample_battery_temp,38.000,C
naive,1:147,sample_thermal_status,1,Android PowerManager status
naive,1:147,sample_cpu0_freq,1800,MHz
naive,1:147,sample_cpu1_freq,1800,MHz
naive,1:147,sample_cpu2_freq,1800,MHz
naive,1:147,sample_cpu3_freq,1800,MHz
naive,1:147,sample_cpu4_freq,2300,MHz
naive,1:147,sample_cpu5_freq,2300,MHz
naive,1:147,sample_cpu6_freq,2300,MHz
naive,1:147,sample_cpu7_freq,2300,MHz
naive,1:148,sample_elapsed,22732,ms
naive,1:148,sample_power,4.034,W
naive,1:148,sample_process_cpu,667.702,% one core
naive,1:148,sample_free_ram,1.134,GiB
naive,1:148,sample_battery_temp,38.000,C
naive,1:148,sample_thermal_status,1,Android PowerManager status
naive,1:148,sample_cpu0_freq,1800,MHz
naive,1:148,sample_cpu1_freq,1800,MHz
naive,1:148,sample_cpu2_freq,1800,MHz
naive,1:148,sample_cpu3_freq,1800,MHz
naive,1:148,sample_cpu4_freq,2300,MHz
naive,1:148,sample_cpu5_freq,2300,MHz
naive,1:148,sample_cpu6_freq,2300,MHz
naive,1:148,sample_cpu7_freq,2300,MHz
naive,1:149,sample_elapsed,22884,ms
naive,1:149,sample_power,4.174,W
naive,1:149,sample_process_cpu,692.105,% one core
naive,1:149,sample_free_ram,1.134,GiB
naive,1:149,sample_battery_temp,38.000,C
naive,1:149,sample_thermal_status,1,Android PowerManager status
naive,1:149,sample_cpu0_freq,1800,MHz
naive,1:149,sample_cpu1_freq,1800,MHz
naive,1:149,sample_cpu2_freq,1800,MHz
naive,1:149,sample_cpu3_freq,1800,MHz
naive,1:149,sample_cpu4_freq,2300,MHz
naive,1:149,sample_cpu5_freq,2300,MHz
naive,1:149,sample_cpu6_freq,2300,MHz
naive,1:149,sample_cpu7_freq,2300,MHz
naive,1:150,sample_elapsed,23038,ms
naive,1:150,sample_power,4.174,W
naive,1:150,sample_process_cpu,659.740,% one core
naive,1:150,sample_free_ram,1.134,GiB
naive,1:150,sample_battery_temp,38.000,C
naive,1:150,sample_thermal_status,1,Android PowerManager status
naive,1:150,sample_cpu0_freq,1800,MHz
naive,1:150,sample_cpu1_freq,1800,MHz
naive,1:150,sample_cpu2_freq,1800,MHz
naive,1:150,sample_cpu3_freq,1800,MHz
naive,1:150,sample_cpu4_freq,2300,MHz
naive,1:150,sample_cpu5_freq,2300,MHz
naive,1:150,sample_cpu6_freq,2300,MHz
naive,1:150,sample_cpu7_freq,2300,MHz
naive,1:151,sample_elapsed,23190,ms
naive,1:151,sample_power,4.174,W
naive,1:151,sample_process_cpu,683.553,% one core
naive,1:151,sample_free_ram,1.134,GiB
naive,1:151,sample_battery_temp,38.000,C
naive,1:151,sample_thermal_status,1,Android PowerManager status
naive,1:151,sample_cpu0_freq,1800,MHz
naive,1:151,sample_cpu1_freq,1800,MHz
naive,1:151,sample_cpu2_freq,1800,MHz
naive,1:151,sample_cpu3_freq,1800,MHz
naive,1:151,sample_cpu4_freq,2300,MHz
naive,1:151,sample_cpu5_freq,2300,MHz
naive,1:151,sample_cpu6_freq,2300,MHz
naive,1:151,sample_cpu7_freq,2300,MHz
naive,1:152,sample_elapsed,23357,ms
naive,1:152,sample_power,4.174,W
naive,1:152,sample_process_cpu,650.898,% one core
naive,1:152,sample_free_ram,1.133,GiB
naive,1:152,sample_battery_temp,38.000,C
naive,1:152,sample_thermal_status,1,Android PowerManager status
naive,1:152,sample_cpu0_freq,1800,MHz
naive,1:152,sample_cpu1_freq,1800,MHz
naive,1:152,sample_cpu2_freq,1800,MHz
naive,1:152,sample_cpu3_freq,1800,MHz
naive,1:152,sample_cpu4_freq,2300,MHz
naive,1:152,sample_cpu5_freq,2300,MHz
naive,1:152,sample_cpu6_freq,2300,MHz
naive,1:152,sample_cpu7_freq,2300,MHz
naive,1:153,sample_elapsed,23510,ms
naive,1:153,sample_power,4.237,W
naive,1:153,sample_process_cpu,658.170,% one core
naive,1:153,sample_free_ram,1.133,GiB
naive,1:153,sample_battery_temp,38.000,C
naive,1:153,sample_thermal_status,1,Android PowerManager status
naive,1:153,sample_cpu0_freq,1800,MHz
naive,1:153,sample_cpu1_freq,1800,MHz
naive,1:153,sample_cpu2_freq,1800,MHz
naive,1:153,sample_cpu3_freq,1800,MHz
naive,1:153,sample_cpu4_freq,2300,MHz
naive,1:153,sample_cpu5_freq,2300,MHz
naive,1:153,sample_cpu6_freq,2300,MHz
naive,1:153,sample_cpu7_freq,2300,MHz
naive,1:154,sample_elapsed,23663,ms
naive,1:154,sample_power,4.237,W
naive,1:154,sample_process_cpu,660.131,% one core
naive,1:154,sample_free_ram,1.133,GiB
naive,1:154,sample_battery_temp,38.000,C
naive,1:154,sample_thermal_status,1,Android PowerManager status
naive,1:154,sample_cpu0_freq,1800,MHz
naive,1:154,sample_cpu1_freq,1800,MHz
naive,1:154,sample_cpu2_freq,1800,MHz
naive,1:154,sample_cpu3_freq,1800,MHz
naive,1:154,sample_cpu4_freq,2300,MHz
naive,1:154,sample_cpu5_freq,2300,MHz
naive,1:154,sample_cpu6_freq,2300,MHz
naive,1:154,sample_cpu7_freq,2300,MHz
naive,1:155,sample_elapsed,23822,ms
naive,1:155,sample_power,4.237,W
naive,1:155,sample_process_cpu,681.761,% one core
naive,1:155,sample_free_ram,1.133,GiB
naive,1:155,sample_battery_temp,38.000,C
naive,1:155,sample_thermal_status,1,Android PowerManager status
naive,1:155,sample_cpu0_freq,1800,MHz
naive,1:155,sample_cpu1_freq,1800,MHz
naive,1:155,sample_cpu2_freq,1800,MHz
naive,1:155,sample_cpu3_freq,1800,MHz
naive,1:155,sample_cpu4_freq,2300,MHz
naive,1:155,sample_cpu5_freq,2300,MHz
naive,1:155,sample_cpu6_freq,2300,MHz
naive,1:155,sample_cpu7_freq,2300,MHz
naive,1:156,sample_elapsed,23974,ms
naive,1:156,sample_power,4.237,W
naive,1:156,sample_process_cpu,654.605,% one core
naive,1:156,sample_free_ram,1.133,GiB
naive,1:156,sample_battery_temp,38.000,C
naive,1:156,sample_thermal_status,1,Android PowerManager status
naive,1:156,sample_cpu0_freq,1800,MHz
naive,1:156,sample_cpu1_freq,1800,MHz
naive,1:156,sample_cpu2_freq,1800,MHz
naive,1:156,sample_cpu3_freq,1800,MHz
naive,1:156,sample_cpu4_freq,2300,MHz
naive,1:156,sample_cpu5_freq,2300,MHz
naive,1:156,sample_cpu6_freq,2300,MHz
naive,1:156,sample_cpu7_freq,2300,MHz
naive,1:157,sample_elapsed,24126,ms
naive,1:157,sample_power,4.067,W
naive,1:157,sample_process_cpu,683.553,% one core
naive,1:157,sample_free_ram,1.132,GiB
naive,1:157,sample_battery_temp,38.000,C
naive,1:157,sample_thermal_status,1,Android PowerManager status
naive,1:157,sample_cpu0_freq,1800,MHz
naive,1:157,sample_cpu1_freq,1800,MHz
naive,1:157,sample_cpu2_freq,1800,MHz
naive,1:157,sample_cpu3_freq,1800,MHz
naive,1:157,sample_cpu4_freq,2300,MHz
naive,1:157,sample_cpu5_freq,2300,MHz
naive,1:157,sample_cpu6_freq,2300,MHz
naive,1:157,sample_cpu7_freq,2300,MHz
naive,1:158,sample_elapsed,24291,ms
naive,1:158,sample_power,4.067,W
naive,1:158,sample_process_cpu,663.030,% one core
naive,1:158,sample_free_ram,1.132,GiB
naive,1:158,sample_battery_temp,38.000,C
naive,1:158,sample_thermal_status,1,Android PowerManager status
naive,1:158,sample_cpu0_freq,1800,MHz
naive,1:158,sample_cpu1_freq,1800,MHz
naive,1:158,sample_cpu2_freq,1800,MHz
naive,1:158,sample_cpu3_freq,1800,MHz
naive,1:158,sample_cpu4_freq,2300,MHz
naive,1:158,sample_cpu5_freq,2300,MHz
naive,1:158,sample_cpu6_freq,2300,MHz
naive,1:158,sample_cpu7_freq,2300,MHz
naive,1:159,sample_elapsed,24444,ms
naive,1:159,sample_power,4.067,W
naive,1:159,sample_process_cpu,667.320,% one core
naive,1:159,sample_free_ram,1.132,GiB
naive,1:159,sample_battery_temp,38.000,C
naive,1:159,sample_thermal_status,1,Android PowerManager status
naive,1:159,sample_cpu0_freq,1800,MHz
naive,1:159,sample_cpu1_freq,1800,MHz
naive,1:159,sample_cpu2_freq,1800,MHz
naive,1:159,sample_cpu3_freq,1800,MHz
naive,1:159,sample_cpu4_freq,2300,MHz
naive,1:159,sample_cpu5_freq,2300,MHz
naive,1:159,sample_cpu6_freq,2300,MHz
naive,1:159,sample_cpu7_freq,2300,MHz
naive,1:160,sample_elapsed,24600,ms
naive,1:160,sample_power,4.067,W
naive,1:160,sample_process_cpu,687.179,% one core
naive,1:160,sample_free_ram,1.132,GiB
naive,1:160,sample_battery_temp,38.000,C
naive,1:160,sample_thermal_status,1,Android PowerManager status
naive,1:160,sample_cpu0_freq,1800,MHz
naive,1:160,sample_cpu1_freq,1800,MHz
naive,1:160,sample_cpu2_freq,1800,MHz
naive,1:160,sample_cpu3_freq,1800,MHz
naive,1:160,sample_cpu4_freq,2300,MHz
naive,1:160,sample_cpu5_freq,2300,MHz
naive,1:160,sample_cpu6_freq,2300,MHz
naive,1:160,sample_cpu7_freq,2300,MHz
naive,1:161,sample_elapsed,24752,ms
naive,1:161,sample_power,4.174,W
naive,1:161,sample_process_cpu,673.684,% one core
naive,1:161,sample_free_ram,1.130,GiB
naive,1:161,sample_battery_temp,38.000,C
naive,1:161,sample_thermal_status,1,Android PowerManager status
naive,1:161,sample_cpu0_freq,1800,MHz
naive,1:161,sample_cpu1_freq,1800,MHz
naive,1:161,sample_cpu2_freq,1800,MHz
naive,1:161,sample_cpu3_freq,1800,MHz
naive,1:161,sample_cpu4_freq,2300,MHz
naive,1:161,sample_cpu5_freq,2300,MHz
naive,1:161,sample_cpu6_freq,2300,MHz
naive,1:161,sample_cpu7_freq,2300,MHz
naive,1:162,sample_elapsed,24930,ms
naive,1:162,sample_power,4.174,W
naive,1:162,sample_process_cpu,675.843,% one core
naive,1:162,sample_free_ram,1.129,GiB
naive,1:162,sample_battery_temp,38.000,C
naive,1:162,sample_thermal_status,1,Android PowerManager status
naive,1:162,sample_cpu0_freq,1800,MHz
naive,1:162,sample_cpu1_freq,1800,MHz
naive,1:162,sample_cpu2_freq,1800,MHz
naive,1:162,sample_cpu3_freq,1800,MHz
naive,1:162,sample_cpu4_freq,2300,MHz
naive,1:162,sample_cpu5_freq,2300,MHz
naive,1:162,sample_cpu6_freq,2300,MHz
naive,1:162,sample_cpu7_freq,2300,MHz
naive,1:163,sample_elapsed,25082,ms
naive,1:163,sample_power,4.174,W
naive,1:163,sample_process_cpu,665.132,% one core
naive,1:163,sample_free_ram,1.128,GiB
naive,1:163,sample_battery_temp,38.000,C
naive,1:163,sample_thermal_status,1,Android PowerManager status
naive,1:163,sample_cpu0_freq,1800,MHz
naive,1:163,sample_cpu1_freq,1800,MHz
naive,1:163,sample_cpu2_freq,1800,MHz
naive,1:163,sample_cpu3_freq,1800,MHz
naive,1:163,sample_cpu4_freq,2300,MHz
naive,1:163,sample_cpu5_freq,2300,MHz
naive,1:163,sample_cpu6_freq,2300,MHz
naive,1:163,sample_cpu7_freq,2300,MHz
naive,1:164,sample_elapsed,25235,ms
naive,1:164,sample_power,4.174,W
naive,1:164,sample_process_cpu,638.562,% one core
naive,1:164,sample_free_ram,1.127,GiB
naive,1:164,sample_battery_temp,38.000,C
naive,1:164,sample_thermal_status,1,Android PowerManager status
naive,1:164,sample_cpu0_freq,1800,MHz
naive,1:164,sample_cpu1_freq,1800,MHz
naive,1:164,sample_cpu2_freq,1800,MHz
naive,1:164,sample_cpu3_freq,1800,MHz
naive,1:164,sample_cpu4_freq,2300,MHz
naive,1:164,sample_cpu5_freq,2300,MHz
naive,1:164,sample_cpu6_freq,2300,MHz
naive,1:164,sample_cpu7_freq,2300,MHz
naive,1:165,sample_elapsed,25388,ms
naive,1:165,sample_power,4.553,W
naive,1:165,sample_process_cpu,643.791,% one core
naive,1:165,sample_free_ram,1.127,GiB
naive,1:165,sample_battery_temp,38.000,C
naive,1:165,sample_thermal_status,1,Android PowerManager status
naive,1:165,sample_cpu0_freq,1800,MHz
naive,1:165,sample_cpu1_freq,1800,MHz
naive,1:165,sample_cpu2_freq,1800,MHz
naive,1:165,sample_cpu3_freq,1800,MHz
naive,1:165,sample_cpu4_freq,2300,MHz
naive,1:165,sample_cpu5_freq,2300,MHz
naive,1:165,sample_cpu6_freq,2300,MHz
naive,1:165,sample_cpu7_freq,2300,MHz
naive,1:166,sample_elapsed,25560,ms
naive,1:166,sample_power,4.553,W
naive,1:166,sample_process_cpu,626.163,% one core
naive,1:166,sample_free_ram,1.127,GiB
naive,1:166,sample_battery_temp,38.000,C
naive,1:166,sample_thermal_status,1,Android PowerManager status
naive,1:166,sample_cpu0_freq,1800,MHz
naive,1:166,sample_cpu1_freq,1800,MHz
naive,1:166,sample_cpu2_freq,1800,MHz
naive,1:166,sample_cpu3_freq,1800,MHz
naive,1:166,sample_cpu4_freq,2300,MHz
naive,1:166,sample_cpu5_freq,2300,MHz
naive,1:166,sample_cpu6_freq,2300,MHz
naive,1:166,sample_cpu7_freq,2300,MHz
naive,1:167,sample_elapsed,25712,ms
naive,1:167,sample_power,4.553,W
naive,1:167,sample_process_cpu,692.105,% one core
naive,1:167,sample_free_ram,1.127,GiB
naive,1:167,sample_battery_temp,38.000,C
naive,1:167,sample_thermal_status,1,Android PowerManager status
naive,1:167,sample_cpu0_freq,1800,MHz
naive,1:167,sample_cpu1_freq,1800,MHz
naive,1:167,sample_cpu2_freq,1800,MHz
naive,1:167,sample_cpu3_freq,1800,MHz
naive,1:167,sample_cpu4_freq,2300,MHz
naive,1:167,sample_cpu5_freq,2300,MHz
naive,1:167,sample_cpu6_freq,2300,MHz
naive,1:167,sample_cpu7_freq,2300,MHz
naive,1:168,sample_elapsed,25864,ms
naive,1:168,sample_power,4.553,W
naive,1:168,sample_process_cpu,632.895,% one core
naive,1:168,sample_free_ram,1.127,GiB
naive,1:168,sample_battery_temp,38.000,C
naive,1:168,sample_thermal_status,1,Android PowerManager status
naive,1:168,sample_cpu0_freq,1800,MHz
naive,1:168,sample_cpu1_freq,1800,MHz
naive,1:168,sample_cpu2_freq,1800,MHz
naive,1:168,sample_cpu3_freq,1800,MHz
naive,1:168,sample_cpu4_freq,2300,MHz
naive,1:168,sample_cpu5_freq,2300,MHz
naive,1:168,sample_cpu6_freq,2300,MHz
naive,1:168,sample_cpu7_freq,2300,MHz
naive,1:169,sample_elapsed,26021,ms
naive,1:169,sample_power,4.170,W
naive,1:169,sample_process_cpu,664.331,% one core
naive,1:169,sample_free_ram,1.127,GiB
naive,1:169,sample_battery_temp,38.000,C
naive,1:169,sample_thermal_status,1,Android PowerManager status
naive,1:169,sample_cpu0_freq,1800,MHz
naive,1:169,sample_cpu1_freq,1800,MHz
naive,1:169,sample_cpu2_freq,1800,MHz
naive,1:169,sample_cpu3_freq,1800,MHz
naive,1:169,sample_cpu4_freq,2300,MHz
naive,1:169,sample_cpu5_freq,2300,MHz
naive,1:169,sample_cpu6_freq,2300,MHz
naive,1:169,sample_cpu7_freq,2300,MHz
naive,1:170,sample_elapsed,26175,ms
naive,1:170,sample_power,4.170,W
naive,1:170,sample_process_cpu,662.338,% one core
naive,1:170,sample_free_ram,1.127,GiB
naive,1:170,sample_battery_temp,38.000,C
naive,1:170,sample_thermal_status,1,Android PowerManager status
naive,1:170,sample_cpu0_freq,1800,MHz
naive,1:170,sample_cpu1_freq,1800,MHz
naive,1:170,sample_cpu2_freq,1800,MHz
naive,1:170,sample_cpu3_freq,1800,MHz
naive,1:170,sample_cpu4_freq,2300,MHz
naive,1:170,sample_cpu5_freq,2300,MHz
naive,1:170,sample_cpu6_freq,2300,MHz
naive,1:170,sample_cpu7_freq,2300,MHz
naive,1:171,sample_elapsed,26327,ms
naive,1:171,sample_power,4.170,W
naive,1:171,sample_process_cpu,666.447,% one core
naive,1:171,sample_free_ram,1.127,GiB
naive,1:171,sample_battery_temp,38.000,C
naive,1:171,sample_thermal_status,1,Android PowerManager status
naive,1:171,sample_cpu0_freq,1800,MHz
naive,1:171,sample_cpu1_freq,1800,MHz
naive,1:171,sample_cpu2_freq,1800,MHz
naive,1:171,sample_cpu3_freq,1800,MHz
naive,1:171,sample_cpu4_freq,2300,MHz
naive,1:171,sample_cpu5_freq,2300,MHz
naive,1:171,sample_cpu6_freq,2300,MHz
naive,1:171,sample_cpu7_freq,2300,MHz
naive,1:172,sample_elapsed,26479,ms
naive,1:172,sample_power,4.170,W
naive,1:172,sample_process_cpu,660.526,% one core
naive,1:172,sample_free_ram,1.127,GiB
naive,1:172,sample_battery_temp,38.000,C
naive,1:172,sample_thermal_status,1,Android PowerManager status
naive,1:172,sample_cpu0_freq,1800,MHz
naive,1:172,sample_cpu1_freq,1800,MHz
naive,1:172,sample_cpu2_freq,1800,MHz
naive,1:172,sample_cpu3_freq,1800,MHz
naive,1:172,sample_cpu4_freq,2300,MHz
naive,1:172,sample_cpu5_freq,2300,MHz
naive,1:172,sample_cpu6_freq,2300,MHz
naive,1:172,sample_cpu7_freq,2300,MHz
naive,1:173,sample_elapsed,26631,ms
naive,1:173,sample_power,4.080,W
naive,1:173,sample_process_cpu,642.105,% one core
naive,1:173,sample_free_ram,1.127,GiB
naive,1:173,sample_battery_temp,38.000,C
naive,1:173,sample_thermal_status,1,Android PowerManager status
naive,1:173,sample_cpu0_freq,1800,MHz
naive,1:173,sample_cpu1_freq,1800,MHz
naive,1:173,sample_cpu2_freq,1800,MHz
naive,1:173,sample_cpu3_freq,1800,MHz
naive,1:173,sample_cpu4_freq,2300,MHz
naive,1:173,sample_cpu5_freq,2300,MHz
naive,1:173,sample_cpu6_freq,2300,MHz
naive,1:173,sample_cpu7_freq,2300,MHz
naive,1:174,sample_elapsed,26793,ms
naive,1:174,sample_power,4.080,W
naive,1:174,sample_process_cpu,624.074,% one core
naive,1:174,sample_free_ram,1.127,GiB
naive,1:174,sample_battery_temp,38.000,C
naive,1:174,sample_thermal_status,1,Android PowerManager status
naive,1:174,sample_cpu0_freq,1800,MHz
naive,1:174,sample_cpu1_freq,1800,MHz
naive,1:174,sample_cpu2_freq,1800,MHz
naive,1:174,sample_cpu3_freq,1800,MHz
naive,1:174,sample_cpu4_freq,2300,MHz
naive,1:174,sample_cpu5_freq,2300,MHz
naive,1:174,sample_cpu6_freq,2300,MHz
naive,1:174,sample_cpu7_freq,2300,MHz
naive,1:175,sample_elapsed,26945,ms
naive,1:175,sample_power,4.080,W
naive,1:175,sample_process_cpu,635.526,% one core
naive,1:175,sample_free_ram,1.186,GiB
naive,1:175,sample_battery_temp,38.000,C
naive,1:175,sample_thermal_status,1,Android PowerManager status
naive,1:175,sample_cpu0_freq,1800,MHz
naive,1:175,sample_cpu1_freq,1800,MHz
naive,1:175,sample_cpu2_freq,1800,MHz
naive,1:175,sample_cpu3_freq,1800,MHz
naive,1:175,sample_cpu4_freq,2300,MHz
naive,1:175,sample_cpu5_freq,2300,MHz
naive,1:175,sample_cpu6_freq,2300,MHz
naive,1:175,sample_cpu7_freq,2300,MHz
naive,2,pp,99.600,tok/s
naive,2,tg,7.720,tok/s
naive,2,power,4.003,W
naive,2,tok_per_w,1.928,tok/W
naive,2,ttft_pp512_derived,5270.096,ms
naive,2,start_temp,38.000,C
naive,2,average_process_cpu,468.141,% one core
naive,2,minimum_free_ram,1.083,GiB
naive,2,peak_battery_temp,38.000,C
naive,2,peak_thermal_status,1,Android PowerManager status
naive,2:1,sample_elapsed,1,ms
naive,2:1,sample_power,1.592,W
naive,2:1,sample_process_cpu,400.000,% one core
naive,2:1,sample_free_ram,1.167,GiB
naive,2:1,sample_battery_temp,38.000,C
naive,2:1,sample_thermal_status,1,Android PowerManager status
naive,2:1,sample_cpu0_freq,1000,MHz
naive,2:1,sample_cpu1_freq,1000,MHz
naive,2:1,sample_cpu2_freq,1000,MHz
naive,2:1,sample_cpu3_freq,1100,MHz
naive,2:1,sample_cpu4_freq,400,MHz
naive,2:1,sample_cpu5_freq,400,MHz
naive,2:1,sample_cpu6_freq,400,MHz
naive,2:1,sample_cpu7_freq,400,MHz
naive,2:2,sample_elapsed,163,ms
naive,2:2,sample_power,1.592,W
naive,2:2,sample_process_cpu,285.802,% one core
naive,2:2,sample_free_ram,1.153,GiB
naive,2:2,sample_battery_temp,38.000,C
naive,2:2,sample_thermal_status,1,Android PowerManager status
naive,2:2,sample_cpu0_freq,1800,MHz
naive,2:2,sample_cpu1_freq,1800,MHz
naive,2:2,sample_cpu2_freq,1800,MHz
naive,2:2,sample_cpu3_freq,1800,MHz
naive,2:2,sample_cpu4_freq,2300,MHz
naive,2:2,sample_cpu5_freq,2300,MHz
naive,2:2,sample_cpu6_freq,2300,MHz
naive,2:2,sample_cpu7_freq,2300,MHz
naive,2:3,sample_elapsed,320,ms
naive,2:3,sample_power,1.592,W
naive,2:3,sample_process_cpu,458.599,% one core
naive,2:3,sample_free_ram,1.134,GiB
naive,2:3,sample_battery_temp,38.000,C
naive,2:3,sample_thermal_status,1,Android PowerManager status
naive,2:3,sample_cpu0_freq,1800,MHz
naive,2:3,sample_cpu1_freq,1800,MHz
naive,2:3,sample_cpu2_freq,1800,MHz
naive,2:3,sample_cpu3_freq,1800,MHz
naive,2:3,sample_cpu4_freq,2300,MHz
naive,2:3,sample_cpu5_freq,2300,MHz
naive,2:3,sample_cpu6_freq,2300,MHz
naive,2:3,sample_cpu7_freq,2300,MHz
naive,2:4,sample_elapsed,475,ms
naive,2:4,sample_power,1.592,W
naive,2:4,sample_process_cpu,465.161,% one core
naive,2:4,sample_free_ram,1.107,GiB
naive,2:4,sample_battery_temp,38.000,C
naive,2:4,sample_thermal_status,1,Android PowerManager status
naive,2:4,sample_cpu0_freq,900,MHz
naive,2:4,sample_cpu1_freq,900,MHz
naive,2:4,sample_cpu2_freq,900,MHz
naive,2:4,sample_cpu3_freq,1200,MHz
naive,2:4,sample_cpu4_freq,2300,MHz
naive,2:4,sample_cpu5_freq,2300,MHz
naive,2:4,sample_cpu6_freq,2300,MHz
naive,2:4,sample_cpu7_freq,2300,MHz
naive,2:5,sample_elapsed,632,ms
naive,2:5,sample_power,3.937,W
naive,2:5,sample_process_cpu,473.248,% one core
naive,2:5,sample_free_ram,1.107,GiB
naive,2:5,sample_battery_temp,38.000,C
naive,2:5,sample_thermal_status,1,Android PowerManager status
naive,2:5,sample_cpu0_freq,1100,MHz
naive,2:5,sample_cpu1_freq,1200,MHz
naive,2:5,sample_cpu2_freq,1200,MHz
naive,2:5,sample_cpu3_freq,1800,MHz
naive,2:5,sample_cpu4_freq,2300,MHz
naive,2:5,sample_cpu5_freq,2300,MHz
naive,2:5,sample_cpu6_freq,2300,MHz
naive,2:5,sample_cpu7_freq,2300,MHz
naive,2:6,sample_elapsed,791,ms
naive,2:6,sample_power,3.937,W
naive,2:6,sample_process_cpu,456.604,% one core
naive,2:6,sample_free_ram,1.107,GiB
naive,2:6,sample_battery_temp,38.000,C
naive,2:6,sample_thermal_status,1,Android PowerManager status
naive,2:6,sample_cpu0_freq,1800,MHz
naive,2:6,sample_cpu1_freq,1800,MHz
naive,2:6,sample_cpu2_freq,1800,MHz
naive,2:6,sample_cpu3_freq,1800,MHz
naive,2:6,sample_cpu4_freq,2300,MHz
naive,2:6,sample_cpu5_freq,2300,MHz
naive,2:6,sample_cpu6_freq,2300,MHz
naive,2:6,sample_cpu7_freq,2300,MHz
naive,2:7,sample_elapsed,949,ms
naive,2:7,sample_power,3.937,W
naive,2:7,sample_process_cpu,465.190,% one core
naive,2:7,sample_free_ram,1.106,GiB
naive,2:7,sample_battery_temp,38.000,C
naive,2:7,sample_thermal_status,1,Android PowerManager status
naive,2:7,sample_cpu0_freq,1800,MHz
naive,2:7,sample_cpu1_freq,1800,MHz
naive,2:7,sample_cpu2_freq,1800,MHz
naive,2:7,sample_cpu3_freq,1800,MHz
naive,2:7,sample_cpu4_freq,2300,MHz
naive,2:7,sample_cpu5_freq,2300,MHz
naive,2:7,sample_cpu6_freq,2300,MHz
naive,2:7,sample_cpu7_freq,2300,MHz
naive,2:8,sample_elapsed,1105,ms
naive,2:8,sample_power,3.937,W
naive,2:8,sample_process_cpu,471.795,% one core
naive,2:8,sample_free_ram,1.106,GiB
naive,2:8,sample_battery_temp,38.000,C
naive,2:8,sample_thermal_status,1,Android PowerManager status
naive,2:8,sample_cpu0_freq,1100,MHz
naive,2:8,sample_cpu1_freq,1100,MHz
naive,2:8,sample_cpu2_freq,1100,MHz
naive,2:8,sample_cpu3_freq,1100,MHz
naive,2:8,sample_cpu4_freq,2300,MHz
naive,2:8,sample_cpu5_freq,2300,MHz
naive,2:8,sample_cpu6_freq,2300,MHz
naive,2:8,sample_cpu7_freq,2300,MHz
naive,2:9,sample_elapsed,1260,ms
naive,2:9,sample_power,3.896,W
naive,2:9,sample_process_cpu,474.194,% one core
naive,2:9,sample_free_ram,1.106,GiB
naive,2:9,sample_battery_temp,38.000,C
naive,2:9,sample_thermal_status,1,Android PowerManager status
naive,2:9,sample_cpu0_freq,1400,MHz
naive,2:9,sample_cpu1_freq,1500,MHz
naive,2:9,sample_cpu2_freq,1800,MHz
naive,2:9,sample_cpu3_freq,1100,MHz
naive,2:9,sample_cpu4_freq,2300,MHz
naive,2:9,sample_cpu5_freq,2300,MHz
naive,2:9,sample_cpu6_freq,2300,MHz
naive,2:9,sample_cpu7_freq,2300,MHz
naive,2:10,sample_elapsed,1419,ms
naive,2:10,sample_power,3.896,W
naive,2:10,sample_process_cpu,463.522,% one core
naive,2:10,sample_free_ram,1.104,GiB
naive,2:10,sample_battery_temp,38.000,C
naive,2:10,sample_thermal_status,1,Android PowerManager status
naive,2:10,sample_cpu0_freq,1100,MHz
naive,2:10,sample_cpu1_freq,1100,MHz
naive,2:10,sample_cpu2_freq,1100,MHz
naive,2:10,sample_cpu3_freq,1100,MHz
naive,2:10,sample_cpu4_freq,2300,MHz
naive,2:10,sample_cpu5_freq,2300,MHz
naive,2:10,sample_cpu6_freq,2300,MHz
naive,2:10,sample_cpu7_freq,2300,MHz
naive,2:11,sample_elapsed,1578,ms
naive,2:11,sample_power,3.896,W
naive,2:11,sample_process_cpu,460.377,% one core
naive,2:11,sample_free_ram,1.104,GiB
naive,2:11,sample_battery_temp,38.000,C
naive,2:11,sample_thermal_status,1,Android PowerManager status
naive,2:11,sample_cpu0_freq,1500,MHz
naive,2:11,sample_cpu1_freq,900,MHz
naive,2:11,sample_cpu2_freq,900,MHz
naive,2:11,sample_cpu3_freq,900,MHz
naive,2:11,sample_cpu4_freq,2300,MHz
naive,2:11,sample_cpu5_freq,2300,MHz
naive,2:11,sample_cpu6_freq,2300,MHz
naive,2:11,sample_cpu7_freq,2300,MHz
naive,2:12,sample_elapsed,1737,ms
naive,2:12,sample_power,3.896,W
naive,2:12,sample_process_cpu,464.151,% one core
naive,2:12,sample_free_ram,1.104,GiB
naive,2:12,sample_battery_temp,38.000,C
naive,2:12,sample_thermal_status,1,Android PowerManager status
naive,2:12,sample_cpu0_freq,700,MHz
naive,2:12,sample_cpu1_freq,700,MHz
naive,2:12,sample_cpu2_freq,700,MHz
naive,2:12,sample_cpu3_freq,1800,MHz
naive,2:12,sample_cpu4_freq,2300,MHz
naive,2:12,sample_cpu5_freq,2300,MHz
naive,2:12,sample_cpu6_freq,2300,MHz
naive,2:12,sample_cpu7_freq,2300,MHz
naive,2:13,sample_elapsed,1899,ms
naive,2:13,sample_power,3.827,W
naive,2:13,sample_process_cpu,474.074,% one core
naive,2:13,sample_free_ram,1.103,GiB
naive,2:13,sample_battery_temp,38.000,C
naive,2:13,sample_thermal_status,1,Android PowerManager status
naive,2:13,sample_cpu0_freq,600,MHz
naive,2:13,sample_cpu1_freq,1000,MHz
naive,2:13,sample_cpu2_freq,1000,MHz
naive,2:13,sample_cpu3_freq,1700,MHz
naive,2:13,sample_cpu4_freq,2300,MHz
naive,2:13,sample_cpu5_freq,2300,MHz
naive,2:13,sample_cpu6_freq,2300,MHz
naive,2:13,sample_cpu7_freq,2300,MHz
naive,2:14,sample_elapsed,2062,ms
naive,2:14,sample_power,3.827,W
naive,2:14,sample_process_cpu,471.166,% one core
naive,2:14,sample_free_ram,1.103,GiB
naive,2:14,sample_battery_temp,38.000,C
naive,2:14,sample_thermal_status,1,Android PowerManager status
naive,2:14,sample_cpu0_freq,1700,MHz
naive,2:14,sample_cpu1_freq,1700,MHz
naive,2:14,sample_cpu2_freq,1800,MHz
naive,2:14,sample_cpu3_freq,1200,MHz
naive,2:14,sample_cpu4_freq,2300,MHz
naive,2:14,sample_cpu5_freq,2300,MHz
naive,2:14,sample_cpu6_freq,2300,MHz
naive,2:14,sample_cpu7_freq,2300,MHz
naive,2:15,sample_elapsed,2220,ms
naive,2:15,sample_power,3.827,W
naive,2:15,sample_process_cpu,469.620,% one core
naive,2:15,sample_free_ram,1.103,GiB
naive,2:15,sample_battery_temp,38.000,C
naive,2:15,sample_thermal_status,1,Android PowerManager status
naive,2:15,sample_cpu0_freq,1700,MHz
naive,2:15,sample_cpu1_freq,1700,MHz
naive,2:15,sample_cpu2_freq,1300,MHz
naive,2:15,sample_cpu3_freq,1500,MHz
naive,2:15,sample_cpu4_freq,2300,MHz
naive,2:15,sample_cpu5_freq,2300,MHz
naive,2:15,sample_cpu6_freq,2300,MHz
naive,2:15,sample_cpu7_freq,2300,MHz
naive,2:16,sample_elapsed,2380,ms
naive,2:16,sample_power,3.827,W
naive,2:16,sample_process_cpu,466.875,% one core
naive,2:16,sample_free_ram,1.103,GiB
naive,2:16,sample_battery_temp,38.000,C
naive,2:16,sample_thermal_status,1,Android PowerManager status
naive,2:16,sample_cpu0_freq,1800,MHz
naive,2:16,sample_cpu1_freq,1800,MHz
naive,2:16,sample_cpu2_freq,1800,MHz
naive,2:16,sample_cpu3_freq,1800,MHz
naive,2:16,sample_cpu4_freq,2300,MHz
naive,2:16,sample_cpu5_freq,2300,MHz
naive,2:16,sample_cpu6_freq,2300,MHz
naive,2:16,sample_cpu7_freq,2300,MHz
naive,2:17,sample_elapsed,2537,ms
naive,2:17,sample_power,3.460,W
naive,2:17,sample_process_cpu,475.159,% one core
naive,2:17,sample_free_ram,1.103,GiB
naive,2:17,sample_battery_temp,38.000,C
naive,2:17,sample_thermal_status,1,Android PowerManager status
naive,2:17,sample_cpu0_freq,1700,MHz
naive,2:17,sample_cpu1_freq,1700,MHz
naive,2:17,sample_cpu2_freq,1700,MHz
naive,2:17,sample_cpu3_freq,1700,MHz
naive,2:17,sample_cpu4_freq,2300,MHz
naive,2:17,sample_cpu5_freq,2300,MHz
naive,2:17,sample_cpu6_freq,2300,MHz
naive,2:17,sample_cpu7_freq,2300,MHz
naive,2:18,sample_elapsed,2698,ms
naive,2:18,sample_power,3.460,W
naive,2:18,sample_process_cpu,462.733,% one core
naive,2:18,sample_free_ram,1.103,GiB
naive,2:18,sample_battery_temp,38.000,C
naive,2:18,sample_thermal_status,1,Android PowerManager status
naive,2:18,sample_cpu0_freq,1800,MHz
naive,2:18,sample_cpu1_freq,1800,MHz
naive,2:18,sample_cpu2_freq,1800,MHz
naive,2:18,sample_cpu3_freq,1800,MHz
naive,2:18,sample_cpu4_freq,2300,MHz
naive,2:18,sample_cpu5_freq,2300,MHz
naive,2:18,sample_cpu6_freq,2300,MHz
naive,2:18,sample_cpu7_freq,2300,MHz
naive,2:19,sample_elapsed,2858,ms
naive,2:19,sample_power,3.460,W
naive,2:19,sample_process_cpu,468.750,% one core
naive,2:19,sample_free_ram,1.102,GiB
naive,2:19,sample_battery_temp,38.000,C
naive,2:19,sample_thermal_status,1,Android PowerManager status
naive,2:19,sample_cpu0_freq,1800,MHz
naive,2:19,sample_cpu1_freq,1800,MHz
naive,2:19,sample_cpu2_freq,1800,MHz
naive,2:19,sample_cpu3_freq,1800,MHz
naive,2:19,sample_cpu4_freq,2300,MHz
naive,2:19,sample_cpu5_freq,2300,MHz
naive,2:19,sample_cpu6_freq,2300,MHz
naive,2:19,sample_cpu7_freq,2300,MHz
naive,2:20,sample_elapsed,3016,ms
naive,2:20,sample_power,3.460,W
naive,2:20,sample_process_cpu,456.329,% one core
naive,2:20,sample_free_ram,1.102,GiB
naive,2:20,sample_battery_temp,38.000,C
naive,2:20,sample_thermal_status,1,Android PowerManager status
naive,2:20,sample_cpu0_freq,1600,MHz
naive,2:20,sample_cpu1_freq,1600,MHz
naive,2:20,sample_cpu2_freq,1600,MHz
naive,2:20,sample_cpu3_freq,1600,MHz
naive,2:20,sample_cpu4_freq,2300,MHz
naive,2:20,sample_cpu5_freq,2300,MHz
naive,2:20,sample_cpu6_freq,2300,MHz
naive,2:20,sample_cpu7_freq,2300,MHz
naive,2:21,sample_elapsed,3173,ms
naive,2:21,sample_power,3.652,W
naive,2:21,sample_process_cpu,467.516,% one core
naive,2:21,sample_free_ram,1.101,GiB
naive,2:21,sample_battery_temp,38.000,C
naive,2:21,sample_thermal_status,1,Android PowerManager status
naive,2:21,sample_cpu0_freq,1200,MHz
naive,2:21,sample_cpu1_freq,1600,MHz
naive,2:21,sample_cpu2_freq,1800,MHz
naive,2:21,sample_cpu3_freq,1500,MHz
naive,2:21,sample_cpu4_freq,2300,MHz
naive,2:21,sample_cpu5_freq,2300,MHz
naive,2:21,sample_cpu6_freq,2300,MHz
naive,2:21,sample_cpu7_freq,2300,MHz
naive,2:22,sample_elapsed,3333,ms
naive,2:22,sample_power,3.652,W
naive,2:22,sample_process_cpu,463.750,% one core
naive,2:22,sample_free_ram,1.101,GiB
naive,2:22,sample_battery_temp,38.000,C
naive,2:22,sample_thermal_status,1,Android PowerManager status
naive,2:22,sample_cpu0_freq,1100,MHz
naive,2:22,sample_cpu1_freq,1100,MHz
naive,2:22,sample_cpu2_freq,1100,MHz
naive,2:22,sample_cpu3_freq,1100,MHz
naive,2:22,sample_cpu4_freq,2300,MHz
naive,2:22,sample_cpu5_freq,2300,MHz
naive,2:22,sample_cpu6_freq,2300,MHz
naive,2:22,sample_cpu7_freq,2300,MHz
naive,2:23,sample_elapsed,3490,ms
naive,2:23,sample_power,3.652,W
naive,2:23,sample_process_cpu,474.522,% one core
naive,2:23,sample_free_ram,1.101,GiB
naive,2:23,sample_battery_temp,38.000,C
naive,2:23,sample_thermal_status,1,Android PowerManager status
naive,2:23,sample_cpu0_freq,1800,MHz
naive,2:23,sample_cpu1_freq,1800,MHz
naive,2:23,sample_cpu2_freq,1800,MHz
naive,2:23,sample_cpu3_freq,1800,MHz
naive,2:23,sample_cpu4_freq,2300,MHz
naive,2:23,sample_cpu5_freq,2300,MHz
naive,2:23,sample_cpu6_freq,2300,MHz
naive,2:23,sample_cpu7_freq,2300,MHz
naive,2:24,sample_elapsed,3647,ms
naive,2:24,sample_power,3.652,W
naive,2:24,sample_process_cpu,469.427,% one core
naive,2:24,sample_free_ram,1.101,GiB
naive,2:24,sample_battery_temp,38.000,C
naive,2:24,sample_thermal_status,1,Android PowerManager status
naive,2:24,sample_cpu0_freq,1000,MHz
naive,2:24,sample_cpu1_freq,1000,MHz
naive,2:24,sample_cpu2_freq,1800,MHz
naive,2:24,sample_cpu3_freq,1800,MHz
naive,2:24,sample_cpu4_freq,2300,MHz
naive,2:24,sample_cpu5_freq,2300,MHz
naive,2:24,sample_cpu6_freq,2300,MHz
naive,2:24,sample_cpu7_freq,2300,MHz
naive,2:25,sample_elapsed,3804,ms
naive,2:25,sample_power,3.997,W
naive,2:25,sample_process_cpu,470.701,% one core
naive,2:25,sample_free_ram,1.101,GiB
naive,2:25,sample_battery_temp,38.000,C
naive,2:25,sample_thermal_status,1,Android PowerManager status
naive,2:25,sample_cpu0_freq,900,MHz
naive,2:25,sample_cpu1_freq,1000,MHz
naive,2:25,sample_cpu2_freq,1600,MHz
naive,2:25,sample_cpu3_freq,1600,MHz
naive,2:25,sample_cpu4_freq,2300,MHz
naive,2:25,sample_cpu5_freq,2300,MHz
naive,2:25,sample_cpu6_freq,2300,MHz
naive,2:25,sample_cpu7_freq,2300,MHz
naive,2:26,sample_elapsed,3966,ms
naive,2:26,sample_power,3.997,W
naive,2:26,sample_process_cpu,453.086,% one core
naive,2:26,sample_free_ram,1.101,GiB
naive,2:26,sample_battery_temp,38.000,C
naive,2:26,sample_thermal_status,1,Android PowerManager status
naive,2:26,sample_cpu0_freq,450,MHz
naive,2:26,sample_cpu1_freq,450,MHz
naive,2:26,sample_cpu2_freq,450,MHz
naive,2:26,sample_cpu3_freq,1800,MHz
naive,2:26,sample_cpu4_freq,2300,MHz
naive,2:26,sample_cpu5_freq,2300,MHz
naive,2:26,sample_cpu6_freq,2300,MHz
naive,2:26,sample_cpu7_freq,2300,MHz
naive,2:27,sample_elapsed,4126,ms
naive,2:27,sample_power,3.997,W
naive,2:27,sample_process_cpu,476.250,% one core
naive,2:27,sample_free_ram,1.101,GiB
naive,2:27,sample_battery_temp,38.000,C
naive,2:27,sample_thermal_status,1,Android PowerManager status
naive,2:27,sample_cpu0_freq,1700,MHz
naive,2:27,sample_cpu1_freq,1700,MHz
naive,2:27,sample_cpu2_freq,1700,MHz
naive,2:27,sample_cpu3_freq,1700,MHz
naive,2:27,sample_cpu4_freq,2300,MHz
naive,2:27,sample_cpu5_freq,2300,MHz
naive,2:27,sample_cpu6_freq,2300,MHz
naive,2:27,sample_cpu7_freq,2300,MHz
naive,2:28,sample_elapsed,4288,ms
naive,2:28,sample_power,3.997,W
naive,2:28,sample_process_cpu,454.938,% one core
naive,2:28,sample_free_ram,1.101,GiB
naive,2:28,sample_battery_temp,38.000,C
naive,2:28,sample_thermal_status,1,Android PowerManager status
naive,2:28,sample_cpu0_freq,1800,MHz
naive,2:28,sample_cpu1_freq,1800,MHz
naive,2:28,sample_cpu2_freq,1800,MHz
naive,2:28,sample_cpu3_freq,1800,MHz
naive,2:28,sample_cpu4_freq,2300,MHz
naive,2:28,sample_cpu5_freq,2300,MHz
naive,2:28,sample_cpu6_freq,2300,MHz
naive,2:28,sample_cpu7_freq,2300,MHz
naive,2:29,sample_elapsed,4443,ms
naive,2:29,sample_power,3.952,W
naive,2:29,sample_process_cpu,468.387,% one core
naive,2:29,sample_free_ram,1.101,GiB
naive,2:29,sample_battery_temp,38.000,C
naive,2:29,sample_thermal_status,1,Android PowerManager status
naive,2:29,sample_cpu0_freq,1800,MHz
naive,2:29,sample_cpu1_freq,1800,MHz
naive,2:29,sample_cpu2_freq,1800,MHz
naive,2:29,sample_cpu3_freq,1800,MHz
naive,2:29,sample_cpu4_freq,2300,MHz
naive,2:29,sample_cpu5_freq,2300,MHz
naive,2:29,sample_cpu6_freq,2300,MHz
naive,2:29,sample_cpu7_freq,2300,MHz
naive,2:30,sample_elapsed,4604,ms
naive,2:30,sample_power,3.952,W
naive,2:30,sample_process_cpu,465.839,% one core
naive,2:30,sample_free_ram,1.101,GiB
naive,2:30,sample_battery_temp,38.000,C
naive,2:30,sample_thermal_status,1,Android PowerManager status
naive,2:30,sample_cpu0_freq,1300,MHz
naive,2:30,sample_cpu1_freq,1300,MHz
naive,2:30,sample_cpu2_freq,1300,MHz
naive,2:30,sample_cpu3_freq,1300,MHz
naive,2:30,sample_cpu4_freq,2300,MHz
naive,2:30,sample_cpu5_freq,2300,MHz
naive,2:30,sample_cpu6_freq,2300,MHz
naive,2:30,sample_cpu7_freq,2300,MHz
naive,2:31,sample_elapsed,4760,ms
naive,2:31,sample_power,3.952,W
naive,2:31,sample_process_cpu,467.949,% one core
naive,2:31,sample_free_ram,1.101,GiB
naive,2:31,sample_battery_temp,38.000,C
naive,2:31,sample_thermal_status,1,Android PowerManager status
naive,2:31,sample_cpu0_freq,1800,MHz
naive,2:31,sample_cpu1_freq,1800,MHz
naive,2:31,sample_cpu2_freq,1800,MHz
naive,2:31,sample_cpu3_freq,1100,MHz
naive,2:31,sample_cpu4_freq,2300,MHz
naive,2:31,sample_cpu5_freq,2300,MHz
naive,2:31,sample_cpu6_freq,2300,MHz
naive,2:31,sample_cpu7_freq,2300,MHz
naive,2:32,sample_elapsed,4923,ms
naive,2:32,sample_power,3.952,W
naive,2:32,sample_process_cpu,468.098,% one core
naive,2:32,sample_free_ram,1.101,GiB
naive,2:32,sample_battery_temp,38.000,C
naive,2:32,sample_thermal_status,1,Android PowerManager status
naive,2:32,sample_cpu0_freq,1500,MHz
naive,2:32,sample_cpu1_freq,1600,MHz
naive,2:32,sample_cpu2_freq,700,MHz
naive,2:32,sample_cpu3_freq,1300,MHz
naive,2:32,sample_cpu4_freq,2300,MHz
naive,2:32,sample_cpu5_freq,2300,MHz
naive,2:32,sample_cpu6_freq,2300,MHz
naive,2:32,sample_cpu7_freq,2300,MHz
naive,2:33,sample_elapsed,5081,ms
naive,2:33,sample_power,4.131,W
naive,2:33,sample_process_cpu,474.684,% one core
naive,2:33,sample_free_ram,1.100,GiB
naive,2:33,sample_battery_temp,38.000,C
naive,2:33,sample_thermal_status,1,Android PowerManager status
naive,2:33,sample_cpu0_freq,600,MHz
naive,2:33,sample_cpu1_freq,700,MHz
naive,2:33,sample_cpu2_freq,1800,MHz
naive,2:33,sample_cpu3_freq,1100,MHz
naive,2:33,sample_cpu4_freq,2300,MHz
naive,2:33,sample_cpu5_freq,2300,MHz
naive,2:33,sample_cpu6_freq,2300,MHz
naive,2:33,sample_cpu7_freq,2300,MHz
naive,2:34,sample_elapsed,5240,ms
naive,2:34,sample_power,4.131,W
naive,2:34,sample_process_cpu,474.214,% one core
naive,2:34,sample_free_ram,1.100,GiB
naive,2:34,sample_battery_temp,38.000,C
naive,2:34,sample_thermal_status,1,Android PowerManager status
naive,2:34,sample_cpu0_freq,1800,MHz
naive,2:34,sample_cpu1_freq,1800,MHz
naive,2:34,sample_cpu2_freq,1800,MHz
naive,2:34,sample_cpu3_freq,1800,MHz
naive,2:34,sample_cpu4_freq,2300,MHz
naive,2:34,sample_cpu5_freq,2300,MHz
naive,2:34,sample_cpu6_freq,2300,MHz
naive,2:34,sample_cpu7_freq,2300,MHz
naive,2:35,sample_elapsed,5400,ms
naive,2:35,sample_power,4.131,W
naive,2:35,sample_process_cpu,476.250,% one core
naive,2:35,sample_free_ram,1.100,GiB
naive,2:35,sample_battery_temp,38.000,C
naive,2:35,sample_thermal_status,1,Android PowerManager status
naive,2:35,sample_cpu0_freq,1800,MHz
naive,2:35,sample_cpu1_freq,1800,MHz
naive,2:35,sample_cpu2_freq,1700,MHz
naive,2:35,sample_cpu3_freq,1700,MHz
naive,2:35,sample_cpu4_freq,2300,MHz
naive,2:35,sample_cpu5_freq,2300,MHz
naive,2:35,sample_cpu6_freq,2300,MHz
naive,2:35,sample_cpu7_freq,2300,MHz
naive,2:36,sample_elapsed,5558,ms
naive,2:36,sample_power,4.131,W
naive,2:36,sample_process_cpu,477.848,% one core
naive,2:36,sample_free_ram,1.100,GiB
naive,2:36,sample_battery_temp,38.000,C
naive,2:36,sample_thermal_status,1,Android PowerManager status
naive,2:36,sample_cpu0_freq,1800,MHz
naive,2:36,sample_cpu1_freq,1800,MHz
naive,2:36,sample_cpu2_freq,1800,MHz
naive,2:36,sample_cpu3_freq,1800,MHz
naive,2:36,sample_cpu4_freq,2300,MHz
naive,2:36,sample_cpu5_freq,2300,MHz
naive,2:36,sample_cpu6_freq,2300,MHz
naive,2:36,sample_cpu7_freq,2300,MHz
naive,2:37,sample_elapsed,5717,ms
naive,2:37,sample_power,4.026,W
naive,2:37,sample_process_cpu,483.019,% one core
naive,2:37,sample_free_ram,1.100,GiB
naive,2:37,sample_battery_temp,38.000,C
naive,2:37,sample_thermal_status,1,Android PowerManager status
naive,2:37,sample_cpu0_freq,1800,MHz
naive,2:37,sample_cpu1_freq,1800,MHz
naive,2:37,sample_cpu2_freq,1800,MHz
naive,2:37,sample_cpu3_freq,1800,MHz
naive,2:37,sample_cpu4_freq,2300,MHz
naive,2:37,sample_cpu5_freq,2300,MHz
naive,2:37,sample_cpu6_freq,2300,MHz
naive,2:37,sample_cpu7_freq,2300,MHz
naive,2:38,sample_elapsed,5877,ms
naive,2:38,sample_power,4.026,W
naive,2:38,sample_process_cpu,473.125,% one core
naive,2:38,sample_free_ram,1.100,GiB
naive,2:38,sample_battery_temp,38.000,C
naive,2:38,sample_thermal_status,1,Android PowerManager status
naive,2:38,sample_cpu0_freq,1800,MHz
naive,2:38,sample_cpu1_freq,1800,MHz
naive,2:38,sample_cpu2_freq,1600,MHz
naive,2:38,sample_cpu3_freq,1800,MHz
naive,2:38,sample_cpu4_freq,2300,MHz
naive,2:38,sample_cpu5_freq,2300,MHz
naive,2:38,sample_cpu6_freq,2300,MHz
naive,2:38,sample_cpu7_freq,2300,MHz
naive,2:39,sample_elapsed,6035,ms
naive,2:39,sample_power,4.026,W
naive,2:39,sample_process_cpu,479.114,% one core
naive,2:39,sample_free_ram,1.100,GiB
naive,2:39,sample_battery_temp,38.000,C
naive,2:39,sample_thermal_status,1,Android PowerManager status
naive,2:39,sample_cpu0_freq,1800,MHz
naive,2:39,sample_cpu1_freq,1800,MHz
naive,2:39,sample_cpu2_freq,1800,MHz
naive,2:39,sample_cpu3_freq,1800,MHz
naive,2:39,sample_cpu4_freq,2300,MHz
naive,2:39,sample_cpu5_freq,2300,MHz
naive,2:39,sample_cpu6_freq,2300,MHz
naive,2:39,sample_cpu7_freq,2300,MHz
naive,2:40,sample_elapsed,6202,ms
naive,2:40,sample_power,4.026,W
naive,2:40,sample_process_cpu,480.838,% one core
naive,2:40,sample_free_ram,1.099,GiB
naive,2:40,sample_battery_temp,38.000,C
naive,2:40,sample_thermal_status,1,Android PowerManager status
naive,2:40,sample_cpu0_freq,1800,MHz
naive,2:40,sample_cpu1_freq,1800,MHz
naive,2:40,sample_cpu2_freq,1800,MHz
naive,2:40,sample_cpu3_freq,1800,MHz
naive,2:40,sample_cpu4_freq,2300,MHz
naive,2:40,sample_cpu5_freq,2300,MHz
naive,2:40,sample_cpu6_freq,2300,MHz
naive,2:40,sample_cpu7_freq,2300,MHz
naive,2:41,sample_elapsed,6360,ms
naive,2:41,sample_power,4.332,W
naive,2:41,sample_process_cpu,482.278,% one core
naive,2:41,sample_free_ram,1.099,GiB
naive,2:41,sample_battery_temp,38.000,C
naive,2:41,sample_thermal_status,1,Android PowerManager status
naive,2:41,sample_cpu0_freq,1800,MHz
naive,2:41,sample_cpu1_freq,1800,MHz
naive,2:41,sample_cpu2_freq,1800,MHz
naive,2:41,sample_cpu3_freq,1800,MHz
naive,2:41,sample_cpu4_freq,2300,MHz
naive,2:41,sample_cpu5_freq,2300,MHz
naive,2:41,sample_cpu6_freq,2300,MHz
naive,2:41,sample_cpu7_freq,2300,MHz
naive,2:42,sample_elapsed,6518,ms
naive,2:42,sample_power,4.332,W
naive,2:42,sample_process_cpu,459.494,% one core
naive,2:42,sample_free_ram,1.099,GiB
naive,2:42,sample_battery_temp,38.000,C
naive,2:42,sample_thermal_status,1,Android PowerManager status
naive,2:42,sample_cpu0_freq,1800,MHz
naive,2:42,sample_cpu1_freq,1800,MHz
naive,2:42,sample_cpu2_freq,1800,MHz
naive,2:42,sample_cpu3_freq,1800,MHz
naive,2:42,sample_cpu4_freq,2300,MHz
naive,2:42,sample_cpu5_freq,2300,MHz
naive,2:42,sample_cpu6_freq,2300,MHz
naive,2:42,sample_cpu7_freq,2300,MHz
naive,2:43,sample_elapsed,6676,ms
naive,2:43,sample_power,4.332,W
naive,2:43,sample_process_cpu,460.759,% one core
naive,2:43,sample_free_ram,1.099,GiB
naive,2:43,sample_battery_temp,38.000,C
naive,2:43,sample_thermal_status,1,Android PowerManager status
naive,2:43,sample_cpu0_freq,500,MHz
naive,2:43,sample_cpu1_freq,500,MHz
naive,2:43,sample_cpu2_freq,1800,MHz
naive,2:43,sample_cpu3_freq,1800,MHz
naive,2:43,sample_cpu4_freq,2300,MHz
naive,2:43,sample_cpu5_freq,2300,MHz
naive,2:43,sample_cpu6_freq,2300,MHz
naive,2:43,sample_cpu7_freq,2300,MHz
naive,2:44,sample_elapsed,6836,ms
naive,2:44,sample_power,4.332,W
naive,2:44,sample_process_cpu,461.250,% one core
naive,2:44,sample_free_ram,1.099,GiB
naive,2:44,sample_battery_temp,38.000,C
naive,2:44,sample_thermal_status,1,Android PowerManager status
naive,2:44,sample_cpu0_freq,1800,MHz
naive,2:44,sample_cpu1_freq,1800,MHz
naive,2:44,sample_cpu2_freq,1800,MHz
naive,2:44,sample_cpu3_freq,1800,MHz
naive,2:44,sample_cpu4_freq,2300,MHz
naive,2:44,sample_cpu5_freq,2300,MHz
naive,2:44,sample_cpu6_freq,2300,MHz
naive,2:44,sample_cpu7_freq,2300,MHz
naive,2:45,sample_elapsed,7003,ms
naive,2:45,sample_power,3.786,W
naive,2:45,sample_process_cpu,501.796,% one core
naive,2:45,sample_free_ram,1.103,GiB
naive,2:45,sample_battery_temp,38.000,C
naive,2:45,sample_thermal_status,1,Android PowerManager status
naive,2:45,sample_cpu0_freq,1800,MHz
naive,2:45,sample_cpu1_freq,1800,MHz
naive,2:45,sample_cpu2_freq,1800,MHz
naive,2:45,sample_cpu3_freq,1800,MHz
naive,2:45,sample_cpu4_freq,2300,MHz
naive,2:45,sample_cpu5_freq,2300,MHz
naive,2:45,sample_cpu6_freq,2300,MHz
naive,2:45,sample_cpu7_freq,2300,MHz
naive,2:46,sample_elapsed,7162,ms
naive,2:46,sample_power,3.786,W
naive,2:46,sample_process_cpu,462.893,% one core
naive,2:46,sample_free_ram,1.103,GiB
naive,2:46,sample_battery_temp,38.000,C
naive,2:46,sample_thermal_status,1,Android PowerManager status
naive,2:46,sample_cpu0_freq,1800,MHz
naive,2:46,sample_cpu1_freq,1800,MHz
naive,2:46,sample_cpu2_freq,1800,MHz
naive,2:46,sample_cpu3_freq,1800,MHz
naive,2:46,sample_cpu4_freq,2300,MHz
naive,2:46,sample_cpu5_freq,2300,MHz
naive,2:46,sample_cpu6_freq,2300,MHz
naive,2:46,sample_cpu7_freq,2300,MHz
naive,2:47,sample_elapsed,7329,ms
naive,2:47,sample_power,3.786,W
naive,2:47,sample_process_cpu,468.862,% one core
naive,2:47,sample_free_ram,1.103,GiB
naive,2:47,sample_battery_temp,38.000,C
naive,2:47,sample_thermal_status,1,Android PowerManager status
naive,2:47,sample_cpu0_freq,1800,MHz
naive,2:47,sample_cpu1_freq,1800,MHz
naive,2:47,sample_cpu2_freq,1800,MHz
naive,2:47,sample_cpu3_freq,1800,MHz
naive,2:47,sample_cpu4_freq,2300,MHz
naive,2:47,sample_cpu5_freq,2300,MHz
naive,2:47,sample_cpu6_freq,2300,MHz
naive,2:47,sample_cpu7_freq,2300,MHz
naive,2:48,sample_elapsed,7482,ms
naive,2:48,sample_power,3.786,W
naive,2:48,sample_process_cpu,467.320,% one core
naive,2:48,sample_free_ram,1.103,GiB
naive,2:48,sample_battery_temp,38.000,C
naive,2:48,sample_thermal_status,1,Android PowerManager status
naive,2:48,sample_cpu0_freq,1800,MHz
naive,2:48,sample_cpu1_freq,1800,MHz
naive,2:48,sample_cpu2_freq,800,MHz
naive,2:48,sample_cpu3_freq,800,MHz
naive,2:48,sample_cpu4_freq,2300,MHz
naive,2:48,sample_cpu5_freq,2300,MHz
naive,2:48,sample_cpu6_freq,2300,MHz
naive,2:48,sample_cpu7_freq,2300,MHz
naive,2:49,sample_elapsed,7640,ms
naive,2:49,sample_power,3.965,W
naive,2:49,sample_process_cpu,474.684,% one core
naive,2:49,sample_free_ram,1.103,GiB
naive,2:49,sample_battery_temp,38.000,C
naive,2:49,sample_thermal_status,1,Android PowerManager status
naive,2:49,sample_cpu0_freq,1700,MHz
naive,2:49,sample_cpu1_freq,1700,MHz
naive,2:49,sample_cpu2_freq,1700,MHz
naive,2:49,sample_cpu3_freq,1700,MHz
naive,2:49,sample_cpu4_freq,2300,MHz
naive,2:49,sample_cpu5_freq,2300,MHz
naive,2:49,sample_cpu6_freq,2300,MHz
naive,2:49,sample_cpu7_freq,2300,MHz
naive,2:50,sample_elapsed,7800,ms
naive,2:50,sample_power,3.965,W
naive,2:50,sample_process_cpu,452.500,% one core
naive,2:50,sample_free_ram,1.103,GiB
naive,2:50,sample_battery_temp,38.000,C
naive,2:50,sample_thermal_status,1,Android PowerManager status
naive,2:50,sample_cpu0_freq,1800,MHz
naive,2:50,sample_cpu1_freq,1800,MHz
naive,2:50,sample_cpu2_freq,1800,MHz
naive,2:50,sample_cpu3_freq,900,MHz
naive,2:50,sample_cpu4_freq,2300,MHz
naive,2:50,sample_cpu5_freq,2300,MHz
naive,2:50,sample_cpu6_freq,2300,MHz
naive,2:50,sample_cpu7_freq,2300,MHz
naive,2:51,sample_elapsed,7957,ms
naive,2:51,sample_power,3.965,W
naive,2:51,sample_process_cpu,465.605,% one core
naive,2:51,sample_free_ram,1.103,GiB
naive,2:51,sample_battery_temp,38.000,C
naive,2:51,sample_thermal_status,1,Android PowerManager status
naive,2:51,sample_cpu0_freq,1800,MHz
naive,2:51,sample_cpu1_freq,1800,MHz
naive,2:51,sample_cpu2_freq,1800,MHz
naive,2:51,sample_cpu3_freq,1800,MHz
naive,2:51,sample_cpu4_freq,2300,MHz
naive,2:51,sample_cpu5_freq,2300,MHz
naive,2:51,sample_cpu6_freq,2300,MHz
naive,2:51,sample_cpu7_freq,2300,MHz
naive,2:52,sample_elapsed,8113,ms
naive,2:52,sample_power,3.965,W
naive,2:52,sample_process_cpu,468.590,% one core
naive,2:52,sample_free_ram,1.103,GiB
naive,2:52,sample_battery_temp,38.000,C
naive,2:52,sample_thermal_status,1,Android PowerManager status
naive,2:52,sample_cpu0_freq,1800,MHz
naive,2:52,sample_cpu1_freq,1800,MHz
naive,2:52,sample_cpu2_freq,1800,MHz
naive,2:52,sample_cpu3_freq,1800,MHz
naive,2:52,sample_cpu4_freq,2300,MHz
naive,2:52,sample_cpu5_freq,2300,MHz
naive,2:52,sample_cpu6_freq,2300,MHz
naive,2:52,sample_cpu7_freq,2300,MHz
naive,2:53,sample_elapsed,8270,ms
naive,2:53,sample_power,4.095,W
naive,2:53,sample_process_cpu,472.611,% one core
naive,2:53,sample_free_ram,1.103,GiB
naive,2:53,sample_battery_temp,38.000,C
naive,2:53,sample_thermal_status,1,Android PowerManager status
naive,2:53,sample_cpu0_freq,1800,MHz
naive,2:53,sample_cpu1_freq,1800,MHz
naive,2:53,sample_cpu2_freq,1800,MHz
naive,2:53,sample_cpu3_freq,1800,MHz
naive,2:53,sample_cpu4_freq,2300,MHz
naive,2:53,sample_cpu5_freq,2300,MHz
naive,2:53,sample_cpu6_freq,2300,MHz
naive,2:53,sample_cpu7_freq,2300,MHz
naive,2:54,sample_elapsed,8428,ms
naive,2:54,sample_power,4.095,W
naive,2:54,sample_process_cpu,453.797,% one core
naive,2:54,sample_free_ram,1.103,GiB
naive,2:54,sample_battery_temp,38.000,C
naive,2:54,sample_thermal_status,1,Android PowerManager status
naive,2:54,sample_cpu0_freq,1800,MHz
naive,2:54,sample_cpu1_freq,1800,MHz
naive,2:54,sample_cpu2_freq,1400,MHz
naive,2:54,sample_cpu3_freq,1400,MHz
naive,2:54,sample_cpu4_freq,2300,MHz
naive,2:54,sample_cpu5_freq,2300,MHz
naive,2:54,sample_cpu6_freq,2300,MHz
naive,2:54,sample_cpu7_freq,2300,MHz
naive,2:55,sample_elapsed,8584,ms
naive,2:55,sample_power,4.095,W
naive,2:55,sample_process_cpu,468.590,% one core
naive,2:55,sample_free_ram,1.103,GiB
naive,2:55,sample_battery_temp,38.000,C
naive,2:55,sample_thermal_status,1,Android PowerManager status
naive,2:55,sample_cpu0_freq,1800,MHz
naive,2:55,sample_cpu1_freq,1800,MHz
naive,2:55,sample_cpu2_freq,1800,MHz
naive,2:55,sample_cpu3_freq,1800,MHz
naive,2:55,sample_cpu4_freq,2300,MHz
naive,2:55,sample_cpu5_freq,2300,MHz
naive,2:55,sample_cpu6_freq,2300,MHz
naive,2:55,sample_cpu7_freq,2300,MHz
naive,2:56,sample_elapsed,8741,ms
naive,2:56,sample_power,4.095,W
naive,2:56,sample_process_cpu,468.790,% one core
naive,2:56,sample_free_ram,1.103,GiB
naive,2:56,sample_battery_temp,38.000,C
naive,2:56,sample_thermal_status,1,Android PowerManager status
naive,2:56,sample_cpu0_freq,1800,MHz
naive,2:56,sample_cpu1_freq,1800,MHz
naive,2:56,sample_cpu2_freq,1800,MHz
naive,2:56,sample_cpu3_freq,1800,MHz
naive,2:56,sample_cpu4_freq,2300,MHz
naive,2:56,sample_cpu5_freq,2300,MHz
naive,2:56,sample_cpu6_freq,2300,MHz
naive,2:56,sample_cpu7_freq,2300,MHz
naive,2:57,sample_elapsed,8895,ms
naive,2:57,sample_power,4.282,W
naive,2:57,sample_process_cpu,465.584,% one core
naive,2:57,sample_free_ram,1.102,GiB
naive,2:57,sample_battery_temp,38.000,C
naive,2:57,sample_thermal_status,1,Android PowerManager status
naive,2:57,sample_cpu0_freq,450,MHz
naive,2:57,sample_cpu1_freq,1400,MHz
naive,2:57,sample_cpu2_freq,1800,MHz
naive,2:57,sample_cpu3_freq,1800,MHz
naive,2:57,sample_cpu4_freq,2300,MHz
naive,2:57,sample_cpu5_freq,2300,MHz
naive,2:57,sample_cpu6_freq,2300,MHz
naive,2:57,sample_cpu7_freq,2300,MHz
naive,2:58,sample_elapsed,9059,ms
naive,2:58,sample_power,4.282,W
naive,2:58,sample_process_cpu,460.366,% one core
naive,2:58,sample_free_ram,1.102,GiB
naive,2:58,sample_battery_temp,38.000,C
naive,2:58,sample_thermal_status,1,Android PowerManager status
naive,2:58,sample_cpu0_freq,1800,MHz
naive,2:58,sample_cpu1_freq,1800,MHz
naive,2:58,sample_cpu2_freq,1800,MHz
naive,2:58,sample_cpu3_freq,1800,MHz
naive,2:58,sample_cpu4_freq,2300,MHz
naive,2:58,sample_cpu5_freq,2300,MHz
naive,2:58,sample_cpu6_freq,2300,MHz
naive,2:58,sample_cpu7_freq,2300,MHz
naive,2:59,sample_elapsed,9220,ms
naive,2:59,sample_power,4.282,W
naive,2:59,sample_process_cpu,474.534,% one core
naive,2:59,sample_free_ram,1.102,GiB
naive,2:59,sample_battery_temp,38.000,C
naive,2:59,sample_thermal_status,1,Android PowerManager status
naive,2:59,sample_cpu0_freq,1800,MHz
naive,2:59,sample_cpu1_freq,1800,MHz
naive,2:59,sample_cpu2_freq,1800,MHz
naive,2:59,sample_cpu3_freq,1800,MHz
naive,2:59,sample_cpu4_freq,2300,MHz
naive,2:59,sample_cpu5_freq,2300,MHz
naive,2:59,sample_cpu6_freq,2300,MHz
naive,2:59,sample_cpu7_freq,2300,MHz
naive,2:60,sample_elapsed,9375,ms
naive,2:60,sample_power,4.282,W
naive,2:60,sample_process_cpu,484.516,% one core
naive,2:60,sample_free_ram,1.102,GiB
naive,2:60,sample_battery_temp,38.000,C
naive,2:60,sample_thermal_status,1,Android PowerManager status
naive,2:60,sample_cpu0_freq,1800,MHz
naive,2:60,sample_cpu1_freq,1800,MHz
naive,2:60,sample_cpu2_freq,1800,MHz
naive,2:60,sample_cpu3_freq,1800,MHz
naive,2:60,sample_cpu4_freq,2300,MHz
naive,2:60,sample_cpu5_freq,2300,MHz
naive,2:60,sample_cpu6_freq,2300,MHz
naive,2:60,sample_cpu7_freq,2300,MHz
naive,2:61,sample_elapsed,9540,ms
naive,2:61,sample_power,3.860,W
naive,2:61,sample_process_cpu,481.212,% one core
naive,2:61,sample_free_ram,1.102,GiB
naive,2:61,sample_battery_temp,38.000,C
naive,2:61,sample_thermal_status,1,Android PowerManager status
naive,2:61,sample_cpu0_freq,1800,MHz
naive,2:61,sample_cpu1_freq,1800,MHz
naive,2:61,sample_cpu2_freq,1800,MHz
naive,2:61,sample_cpu3_freq,1800,MHz
naive,2:61,sample_cpu4_freq,2300,MHz
naive,2:61,sample_cpu5_freq,2300,MHz
naive,2:61,sample_cpu6_freq,2300,MHz
naive,2:61,sample_cpu7_freq,2300,MHz
naive,2:62,sample_elapsed,9702,ms
naive,2:62,sample_power,3.860,W
naive,2:62,sample_process_cpu,495.679,% one core
naive,2:62,sample_free_ram,1.102,GiB
naive,2:62,sample_battery_temp,38.000,C
naive,2:62,sample_thermal_status,1,Android PowerManager status
naive,2:62,sample_cpu0_freq,1800,MHz
naive,2:62,sample_cpu1_freq,1800,MHz
naive,2:62,sample_cpu2_freq,1800,MHz
naive,2:62,sample_cpu3_freq,1800,MHz
naive,2:62,sample_cpu4_freq,2300,MHz
naive,2:62,sample_cpu5_freq,2300,MHz
naive,2:62,sample_cpu6_freq,2300,MHz
naive,2:62,sample_cpu7_freq,2300,MHz
naive,2:63,sample_elapsed,9866,ms
naive,2:63,sample_power,3.846,W
naive,2:63,sample_process_cpu,471.341,% one core
naive,2:63,sample_free_ram,1.102,GiB
naive,2:63,sample_battery_temp,38.000,C
naive,2:63,sample_thermal_status,1,Android PowerManager status
naive,2:63,sample_cpu0_freq,1800,MHz
naive,2:63,sample_cpu1_freq,1800,MHz
naive,2:63,sample_cpu2_freq,1800,MHz
naive,2:63,sample_cpu3_freq,1800,MHz
naive,2:63,sample_cpu4_freq,2300,MHz
naive,2:63,sample_cpu5_freq,2300,MHz
naive,2:63,sample_cpu6_freq,2300,MHz
naive,2:63,sample_cpu7_freq,2300,MHz
naive,2:64,sample_elapsed,10033,ms
naive,2:64,sample_power,3.846,W
naive,2:64,sample_process_cpu,464.072,% one core
naive,2:64,sample_free_ram,1.102,GiB
naive,2:64,sample_battery_temp,38.000,C
naive,2:64,sample_thermal_status,1,Android PowerManager status
naive,2:64,sample_cpu0_freq,1300,MHz
naive,2:64,sample_cpu1_freq,1800,MHz
naive,2:64,sample_cpu2_freq,1800,MHz
naive,2:64,sample_cpu3_freq,1800,MHz
naive,2:64,sample_cpu4_freq,2300,MHz
naive,2:64,sample_cpu5_freq,2300,MHz
naive,2:64,sample_cpu6_freq,2300,MHz
naive,2:64,sample_cpu7_freq,2300,MHz
naive,2:65,sample_elapsed,10195,ms
naive,2:65,sample_power,3.846,W
naive,2:65,sample_process_cpu,477.778,% one core
naive,2:65,sample_free_ram,1.102,GiB
naive,2:65,sample_battery_temp,38.000,C
naive,2:65,sample_thermal_status,1,Android PowerManager status
naive,2:65,sample_cpu0_freq,900,MHz
naive,2:65,sample_cpu1_freq,900,MHz
naive,2:65,sample_cpu2_freq,1100,MHz
naive,2:65,sample_cpu3_freq,1800,MHz
naive,2:65,sample_cpu4_freq,2300,MHz
naive,2:65,sample_cpu5_freq,2300,MHz
naive,2:65,sample_cpu6_freq,2300,MHz
naive,2:65,sample_cpu7_freq,2300,MHz
naive,2:66,sample_elapsed,10354,ms
naive,2:66,sample_power,4.185,W
naive,2:66,sample_process_cpu,474.843,% one core
naive,2:66,sample_free_ram,1.102,GiB
naive,2:66,sample_battery_temp,38.000,C
naive,2:66,sample_thermal_status,1,Android PowerManager status
naive,2:66,sample_cpu0_freq,1200,MHz
naive,2:66,sample_cpu1_freq,1200,MHz
naive,2:66,sample_cpu2_freq,1200,MHz
naive,2:66,sample_cpu3_freq,1200,MHz
naive,2:66,sample_cpu4_freq,2300,MHz
naive,2:66,sample_cpu5_freq,2300,MHz
naive,2:66,sample_cpu6_freq,2300,MHz
naive,2:66,sample_cpu7_freq,2300,MHz
naive,2:67,sample_elapsed,10507,ms
naive,2:67,sample_power,4.185,W
naive,2:67,sample_process_cpu,477.778,% one core
naive,2:67,sample_free_ram,1.102,GiB
naive,2:67,sample_battery_temp,38.000,C
naive,2:67,sample_thermal_status,1,Android PowerManager status
naive,2:67,sample_cpu0_freq,1800,MHz
naive,2:67,sample_cpu1_freq,1800,MHz
naive,2:67,sample_cpu2_freq,1800,MHz
naive,2:67,sample_cpu3_freq,1800,MHz
naive,2:67,sample_cpu4_freq,2300,MHz
naive,2:67,sample_cpu5_freq,2300,MHz
naive,2:67,sample_cpu6_freq,2300,MHz
naive,2:67,sample_cpu7_freq,2300,MHz
naive,2:68,sample_elapsed,10662,ms
naive,2:68,sample_power,4.185,W
naive,2:68,sample_process_cpu,486.452,% one core
naive,2:68,sample_free_ram,1.102,GiB
naive,2:68,sample_battery_temp,38.000,C
naive,2:68,sample_thermal_status,1,Android PowerManager status
naive,2:68,sample_cpu0_freq,1500,MHz
naive,2:68,sample_cpu1_freq,1800,MHz
naive,2:68,sample_cpu2_freq,1800,MHz
naive,2:68,sample_cpu3_freq,1800,MHz
naive,2:68,sample_cpu4_freq,2300,MHz
naive,2:68,sample_cpu5_freq,2300,MHz
naive,2:68,sample_cpu6_freq,2300,MHz
naive,2:68,sample_cpu7_freq,2300,MHz
naive,2:69,sample_elapsed,10824,ms
naive,2:69,sample_power,4.185,W
naive,2:69,sample_process_cpu,483.951,% one core
naive,2:69,sample_free_ram,1.102,GiB
naive,2:69,sample_battery_temp,38.000,C
naive,2:69,sample_thermal_status,1,Android PowerManager status
naive,2:69,sample_cpu0_freq,1800,MHz
naive,2:69,sample_cpu1_freq,1800,MHz
naive,2:69,sample_cpu2_freq,1800,MHz
naive,2:69,sample_cpu3_freq,1800,MHz
naive,2:69,sample_cpu4_freq,2300,MHz
naive,2:69,sample_cpu5_freq,2300,MHz
naive,2:69,sample_cpu6_freq,2300,MHz
naive,2:69,sample_cpu7_freq,2300,MHz
naive,2:70,sample_elapsed,10989,ms
naive,2:70,sample_power,3.872,W
naive,2:70,sample_process_cpu,480.000,% one core
naive,2:70,sample_free_ram,1.102,GiB
naive,2:70,sample_battery_temp,38.000,C
naive,2:70,sample_thermal_status,1,Android PowerManager status
naive,2:70,sample_cpu0_freq,1800,MHz
naive,2:70,sample_cpu1_freq,1800,MHz
naive,2:70,sample_cpu2_freq,1800,MHz
naive,2:70,sample_cpu3_freq,1800,MHz
naive,2:70,sample_cpu4_freq,2300,MHz
naive,2:70,sample_cpu5_freq,2300,MHz
naive,2:70,sample_cpu6_freq,2300,MHz
naive,2:70,sample_cpu7_freq,2300,MHz
naive,2:71,sample_elapsed,11149,ms
naive,2:71,sample_power,3.872,W
naive,2:71,sample_process_cpu,472.500,% one core
naive,2:71,sample_free_ram,1.101,GiB
naive,2:71,sample_battery_temp,38.000,C
naive,2:71,sample_thermal_status,1,Android PowerManager status
naive,2:71,sample_cpu0_freq,800,MHz
naive,2:71,sample_cpu1_freq,1800,MHz
naive,2:71,sample_cpu2_freq,1800,MHz
naive,2:71,sample_cpu3_freq,1800,MHz
naive,2:71,sample_cpu4_freq,2300,MHz
naive,2:71,sample_cpu5_freq,2300,MHz
naive,2:71,sample_cpu6_freq,2300,MHz
naive,2:71,sample_cpu7_freq,2300,MHz
naive,2:72,sample_elapsed,11313,ms
naive,2:72,sample_power,3.872,W
naive,2:72,sample_process_cpu,470.122,% one core
naive,2:72,sample_free_ram,1.100,GiB
naive,2:72,sample_battery_temp,38.000,C
naive,2:72,sample_thermal_status,1,Android PowerManager status
naive,2:72,sample_cpu0_freq,1800,MHz
naive,2:72,sample_cpu1_freq,1800,MHz
naive,2:72,sample_cpu2_freq,1800,MHz
naive,2:72,sample_cpu3_freq,1800,MHz
naive,2:72,sample_cpu4_freq,2300,MHz
naive,2:72,sample_cpu5_freq,2300,MHz
naive,2:72,sample_cpu6_freq,2300,MHz
naive,2:72,sample_cpu7_freq,2300,MHz
naive,2:73,sample_elapsed,11470,ms
naive,2:73,sample_power,3.872,W
naive,2:73,sample_process_cpu,466.879,% one core
naive,2:73,sample_free_ram,1.100,GiB
naive,2:73,sample_battery_temp,38.000,C
naive,2:73,sample_thermal_status,1,Android PowerManager status
naive,2:73,sample_cpu0_freq,1800,MHz
naive,2:73,sample_cpu1_freq,1800,MHz
naive,2:73,sample_cpu2_freq,1800,MHz
naive,2:73,sample_cpu3_freq,1800,MHz
naive,2:73,sample_cpu4_freq,2300,MHz
naive,2:73,sample_cpu5_freq,2300,MHz
naive,2:73,sample_cpu6_freq,2300,MHz
naive,2:73,sample_cpu7_freq,2300,MHz
naive,2:74,sample_elapsed,11629,ms
naive,2:74,sample_power,4.099,W
naive,2:74,sample_process_cpu,474.843,% one core
naive,2:74,sample_free_ram,1.100,GiB
naive,2:74,sample_battery_temp,38.000,C
naive,2:74,sample_thermal_status,1,Android PowerManager status
naive,2:74,sample_cpu0_freq,1800,MHz
naive,2:74,sample_cpu1_freq,1800,MHz
naive,2:74,sample_cpu2_freq,1600,MHz
naive,2:74,sample_cpu3_freq,700,MHz
naive,2:74,sample_cpu4_freq,2300,MHz
naive,2:74,sample_cpu5_freq,2300,MHz
naive,2:74,sample_cpu6_freq,2300,MHz
naive,2:74,sample_cpu7_freq,2300,MHz
naive,2:75,sample_elapsed,11788,ms
naive,2:75,sample_power,4.099,W
naive,2:75,sample_process_cpu,468.553,% one core
naive,2:75,sample_free_ram,1.100,GiB
naive,2:75,sample_battery_temp,38.000,C
naive,2:75,sample_thermal_status,1,Android PowerManager status
naive,2:75,sample_cpu0_freq,1800,MHz
naive,2:75,sample_cpu1_freq,1800,MHz
naive,2:75,sample_cpu2_freq,1800,MHz
naive,2:75,sample_cpu3_freq,1800,MHz
naive,2:75,sample_cpu4_freq,2300,MHz
naive,2:75,sample_cpu5_freq,2300,MHz
naive,2:75,sample_cpu6_freq,2300,MHz
naive,2:75,sample_cpu7_freq,2300,MHz
naive,2:76,sample_elapsed,11947,ms
naive,2:76,sample_power,4.099,W
naive,2:76,sample_process_cpu,479.245,% one core
naive,2:76,sample_free_ram,1.100,GiB
naive,2:76,sample_battery_temp,38.000,C
naive,2:76,sample_thermal_status,1,Android PowerManager status
naive,2:76,sample_cpu0_freq,1800,MHz
naive,2:76,sample_cpu1_freq,1800,MHz
naive,2:76,sample_cpu2_freq,1800,MHz
naive,2:76,sample_cpu3_freq,1500,MHz
naive,2:76,sample_cpu4_freq,2300,MHz
naive,2:76,sample_cpu5_freq,2300,MHz
naive,2:76,sample_cpu6_freq,2300,MHz
naive,2:76,sample_cpu7_freq,2300,MHz
naive,2:77,sample_elapsed,12107,ms
naive,2:77,sample_power,4.099,W
naive,2:77,sample_process_cpu,489.375,% one core
naive,2:77,sample_free_ram,1.100,GiB
naive,2:77,sample_battery_temp,38.000,C
naive,2:77,sample_thermal_status,1,Android PowerManager status
naive,2:77,sample_cpu0_freq,1800,MHz
naive,2:77,sample_cpu1_freq,1800,MHz
naive,2:77,sample_cpu2_freq,1800,MHz
naive,2:77,sample_cpu3_freq,1800,MHz
naive,2:77,sample_cpu4_freq,2300,MHz
naive,2:77,sample_cpu5_freq,2300,MHz
naive,2:77,sample_cpu6_freq,2300,MHz
naive,2:77,sample_cpu7_freq,2300,MHz
naive,2:78,sample_elapsed,12275,ms
naive,2:78,sample_power,4.751,W
naive,2:78,sample_process_cpu,470.238,% one core
naive,2:78,sample_free_ram,1.100,GiB
naive,2:78,sample_battery_temp,38.000,C
naive,2:78,sample_thermal_status,1,Android PowerManager status
naive,2:78,sample_cpu0_freq,1800,MHz
naive,2:78,sample_cpu1_freq,1800,MHz
naive,2:78,sample_cpu2_freq,1800,MHz
naive,2:78,sample_cpu3_freq,1800,MHz
naive,2:78,sample_cpu4_freq,2300,MHz
naive,2:78,sample_cpu5_freq,2300,MHz
naive,2:78,sample_cpu6_freq,2300,MHz
naive,2:78,sample_cpu7_freq,2300,MHz
naive,2:79,sample_elapsed,12433,ms
naive,2:79,sample_power,4.751,W
naive,2:79,sample_process_cpu,463.291,% one core
naive,2:79,sample_free_ram,1.100,GiB
naive,2:79,sample_battery_temp,38.000,C
naive,2:79,sample_thermal_status,1,Android PowerManager status
naive,2:79,sample_cpu0_freq,1800,MHz
naive,2:79,sample_cpu1_freq,1800,MHz
naive,2:79,sample_cpu2_freq,1800,MHz
naive,2:79,sample_cpu3_freq,1800,MHz
naive,2:79,sample_cpu4_freq,2300,MHz
naive,2:79,sample_cpu5_freq,2300,MHz
naive,2:79,sample_cpu6_freq,2300,MHz
naive,2:79,sample_cpu7_freq,2300,MHz
naive,2:80,sample_elapsed,12591,ms
naive,2:80,sample_power,4.751,W
naive,2:80,sample_process_cpu,476.582,% one core
naive,2:80,sample_free_ram,1.100,GiB
naive,2:80,sample_battery_temp,38.000,C
naive,2:80,sample_thermal_status,1,Android PowerManager status
naive,2:80,sample_cpu0_freq,1800,MHz
naive,2:80,sample_cpu1_freq,1800,MHz
naive,2:80,sample_cpu2_freq,1800,MHz
naive,2:80,sample_cpu3_freq,1800,MHz
naive,2:80,sample_cpu4_freq,2300,MHz
naive,2:80,sample_cpu5_freq,2300,MHz
naive,2:80,sample_cpu6_freq,2300,MHz
naive,2:80,sample_cpu7_freq,2300,MHz
naive,2:81,sample_elapsed,12752,ms
naive,2:81,sample_power,4.751,W
naive,2:81,sample_process_cpu,477.019,% one core
naive,2:81,sample_free_ram,1.099,GiB
naive,2:81,sample_battery_temp,38.000,C
naive,2:81,sample_thermal_status,1,Android PowerManager status
naive,2:81,sample_cpu0_freq,1800,MHz
naive,2:81,sample_cpu1_freq,1800,MHz
naive,2:81,sample_cpu2_freq,1800,MHz
naive,2:81,sample_cpu3_freq,1800,MHz
naive,2:81,sample_cpu4_freq,2300,MHz
naive,2:81,sample_cpu5_freq,2300,MHz
naive,2:81,sample_cpu6_freq,2300,MHz
naive,2:81,sample_cpu7_freq,2300,MHz
naive,2:82,sample_elapsed,12918,ms
naive,2:82,sample_power,4.535,W
naive,2:82,sample_process_cpu,477.108,% one core
naive,2:82,sample_free_ram,1.098,GiB
naive,2:82,sample_battery_temp,38.000,C
naive,2:82,sample_thermal_status,1,Android PowerManager status
naive,2:82,sample_cpu0_freq,1800,MHz
naive,2:82,sample_cpu1_freq,1800,MHz
naive,2:82,sample_cpu2_freq,1800,MHz
naive,2:82,sample_cpu3_freq,1800,MHz
naive,2:82,sample_cpu4_freq,2300,MHz
naive,2:82,sample_cpu5_freq,2300,MHz
naive,2:82,sample_cpu6_freq,2300,MHz
naive,2:82,sample_cpu7_freq,2300,MHz
naive,2:83,sample_elapsed,13080,ms
naive,2:83,sample_power,4.535,W
naive,2:83,sample_process_cpu,484.568,% one core
naive,2:83,sample_free_ram,1.098,GiB
naive,2:83,sample_battery_temp,38.000,C
naive,2:83,sample_thermal_status,1,Android PowerManager status
naive,2:83,sample_cpu0_freq,1800,MHz
naive,2:83,sample_cpu1_freq,1800,MHz
naive,2:83,sample_cpu2_freq,1800,MHz
naive,2:83,sample_cpu3_freq,1800,MHz
naive,2:83,sample_cpu4_freq,2300,MHz
naive,2:83,sample_cpu5_freq,2300,MHz
naive,2:83,sample_cpu6_freq,2300,MHz
naive,2:83,sample_cpu7_freq,2300,MHz
naive,2:84,sample_elapsed,13238,ms
naive,2:84,sample_power,4.535,W
naive,2:84,sample_process_cpu,468.987,% one core
naive,2:84,sample_free_ram,1.098,GiB
naive,2:84,sample_battery_temp,38.000,C
naive,2:84,sample_thermal_status,1,Android PowerManager status
naive,2:84,sample_cpu0_freq,1200,MHz
naive,2:84,sample_cpu1_freq,1200,MHz
naive,2:84,sample_cpu2_freq,1200,MHz
naive,2:84,sample_cpu3_freq,1800,MHz
naive,2:84,sample_cpu4_freq,2300,MHz
naive,2:84,sample_cpu5_freq,2300,MHz
naive,2:84,sample_cpu6_freq,2300,MHz
naive,2:84,sample_cpu7_freq,2300,MHz
naive,2:85,sample_elapsed,13401,ms
naive,2:85,sample_power,4.535,W
naive,2:85,sample_process_cpu,461.350,% one core
naive,2:85,sample_free_ram,1.098,GiB
naive,2:85,sample_battery_temp,38.000,C
naive,2:85,sample_thermal_status,1,Android PowerManager status
naive,2:85,sample_cpu0_freq,1800,MHz
naive,2:85,sample_cpu1_freq,1800,MHz
naive,2:85,sample_cpu2_freq,1800,MHz
naive,2:85,sample_cpu3_freq,1800,MHz
naive,2:85,sample_cpu4_freq,2300,MHz
naive,2:85,sample_cpu5_freq,2300,MHz
naive,2:85,sample_cpu6_freq,2300,MHz
naive,2:85,sample_cpu7_freq,2300,MHz
naive,2:86,sample_elapsed,13556,ms
naive,2:86,sample_power,4.006,W
naive,2:86,sample_process_cpu,472.258,% one core
naive,2:86,sample_free_ram,1.097,GiB
naive,2:86,sample_battery_temp,38.000,C
naive,2:86,sample_thermal_status,1,Android PowerManager status
naive,2:86,sample_cpu0_freq,800,MHz
naive,2:86,sample_cpu1_freq,800,MHz
naive,2:86,sample_cpu2_freq,800,MHz
naive,2:86,sample_cpu3_freq,1800,MHz
naive,2:86,sample_cpu4_freq,2300,MHz
naive,2:86,sample_cpu5_freq,2300,MHz
naive,2:86,sample_cpu6_freq,2300,MHz
naive,2:86,sample_cpu7_freq,2300,MHz
naive,2:87,sample_elapsed,13714,ms
naive,2:87,sample_power,4.006,W
naive,2:87,sample_process_cpu,456.329,% one core
naive,2:87,sample_free_ram,1.097,GiB
naive,2:87,sample_battery_temp,38.000,C
naive,2:87,sample_thermal_status,1,Android PowerManager status
naive,2:87,sample_cpu0_freq,1400,MHz
naive,2:87,sample_cpu1_freq,1400,MHz
naive,2:87,sample_cpu2_freq,700,MHz
naive,2:87,sample_cpu3_freq,1400,MHz
naive,2:87,sample_cpu4_freq,2300,MHz
naive,2:87,sample_cpu5_freq,2300,MHz
naive,2:87,sample_cpu6_freq,2300,MHz
naive,2:87,sample_cpu7_freq,2300,MHz
naive,2:88,sample_elapsed,13870,ms
naive,2:88,sample_power,4.006,W
naive,2:88,sample_process_cpu,464.744,% one core
naive,2:88,sample_free_ram,1.097,GiB
naive,2:88,sample_battery_temp,38.000,C
naive,2:88,sample_thermal_status,1,Android PowerManager status
naive,2:88,sample_cpu0_freq,1800,MHz
naive,2:88,sample_cpu1_freq,1800,MHz
naive,2:88,sample_cpu2_freq,1800,MHz
naive,2:88,sample_cpu3_freq,1800,MHz
naive,2:88,sample_cpu4_freq,2300,MHz
naive,2:88,sample_cpu5_freq,2300,MHz
naive,2:88,sample_cpu6_freq,2300,MHz
naive,2:88,sample_cpu7_freq,2300,MHz
naive,2:89,sample_elapsed,14028,ms
naive,2:89,sample_power,4.006,W
naive,2:89,sample_process_cpu,466.456,% one core
naive,2:89,sample_free_ram,1.097,GiB
naive,2:89,sample_battery_temp,38.000,C
naive,2:89,sample_thermal_status,1,Android PowerManager status
naive,2:89,sample_cpu0_freq,1800,MHz
naive,2:89,sample_cpu1_freq,1800,MHz
naive,2:89,sample_cpu2_freq,1800,MHz
naive,2:89,sample_cpu3_freq,1800,MHz
naive,2:89,sample_cpu4_freq,2300,MHz
naive,2:89,sample_cpu5_freq,2300,MHz
naive,2:89,sample_cpu6_freq,2300,MHz
naive,2:89,sample_cpu7_freq,2300,MHz
naive,2:90,sample_elapsed,14184,ms
naive,2:90,sample_power,3.844,W
naive,2:90,sample_process_cpu,475.000,% one core
naive,2:90,sample_free_ram,1.097,GiB
naive,2:90,sample_battery_temp,38.000,C
naive,2:90,sample_thermal_status,1,Android PowerManager status
naive,2:90,sample_cpu0_freq,1800,MHz
naive,2:90,sample_cpu1_freq,1800,MHz
naive,2:90,sample_cpu2_freq,1800,MHz
naive,2:90,sample_cpu3_freq,1800,MHz
naive,2:90,sample_cpu4_freq,2300,MHz
naive,2:90,sample_cpu5_freq,2300,MHz
naive,2:90,sample_cpu6_freq,2300,MHz
naive,2:90,sample_cpu7_freq,2300,MHz
naive,2:91,sample_elapsed,14342,ms
naive,2:91,sample_power,3.844,W
naive,2:91,sample_process_cpu,453.797,% one core
naive,2:91,sample_free_ram,1.097,GiB
naive,2:91,sample_battery_temp,38.000,C
naive,2:91,sample_thermal_status,1,Android PowerManager status
naive,2:91,sample_cpu0_freq,1800,MHz
naive,2:91,sample_cpu1_freq,1800,MHz
naive,2:91,sample_cpu2_freq,1800,MHz
naive,2:91,sample_cpu3_freq,1800,MHz
naive,2:91,sample_cpu4_freq,2300,MHz
naive,2:91,sample_cpu5_freq,2300,MHz
naive,2:91,sample_cpu6_freq,2300,MHz
naive,2:91,sample_cpu7_freq,2300,MHz
naive,2:92,sample_elapsed,14498,ms
naive,2:92,sample_power,3.844,W
naive,2:92,sample_process_cpu,466.667,% one core
naive,2:92,sample_free_ram,1.097,GiB
naive,2:92,sample_battery_temp,38.000,C
naive,2:92,sample_thermal_status,1,Android PowerManager status
naive,2:92,sample_cpu0_freq,1800,MHz
naive,2:92,sample_cpu1_freq,1800,MHz
naive,2:92,sample_cpu2_freq,1800,MHz
naive,2:92,sample_cpu3_freq,1800,MHz
naive,2:92,sample_cpu4_freq,2300,MHz
naive,2:92,sample_cpu5_freq,2300,MHz
naive,2:92,sample_cpu6_freq,2300,MHz
naive,2:92,sample_cpu7_freq,2300,MHz
naive,2:93,sample_elapsed,14657,ms
naive,2:93,sample_power,3.844,W
naive,2:93,sample_process_cpu,464.780,% one core
naive,2:93,sample_free_ram,1.097,GiB
naive,2:93,sample_battery_temp,38.000,C
naive,2:93,sample_thermal_status,1,Android PowerManager status
naive,2:93,sample_cpu0_freq,1800,MHz
naive,2:93,sample_cpu1_freq,1800,MHz
naive,2:93,sample_cpu2_freq,1800,MHz
naive,2:93,sample_cpu3_freq,1800,MHz
naive,2:93,sample_cpu4_freq,2300,MHz
naive,2:93,sample_cpu5_freq,2300,MHz
naive,2:93,sample_cpu6_freq,2300,MHz
naive,2:93,sample_cpu7_freq,2300,MHz
naive,2:94,sample_elapsed,14814,ms
naive,2:94,sample_power,4.619,W
naive,2:94,sample_process_cpu,464.968,% one core
naive,2:94,sample_free_ram,1.097,GiB
naive,2:94,sample_battery_temp,38.000,C
naive,2:94,sample_thermal_status,1,Android PowerManager status
naive,2:94,sample_cpu0_freq,1800,MHz
naive,2:94,sample_cpu1_freq,1800,MHz
naive,2:94,sample_cpu2_freq,1800,MHz
naive,2:94,sample_cpu3_freq,1800,MHz
naive,2:94,sample_cpu4_freq,2300,MHz
naive,2:94,sample_cpu5_freq,2300,MHz
naive,2:94,sample_cpu6_freq,2300,MHz
naive,2:94,sample_cpu7_freq,2300,MHz
naive,2:95,sample_elapsed,14973,ms
naive,2:95,sample_power,4.619,W
naive,2:95,sample_process_cpu,462.264,% one core
naive,2:95,sample_free_ram,1.096,GiB
naive,2:95,sample_battery_temp,38.000,C
naive,2:95,sample_thermal_status,1,Android PowerManager status
naive,2:95,sample_cpu0_freq,1800,MHz
naive,2:95,sample_cpu1_freq,1800,MHz
naive,2:95,sample_cpu2_freq,1800,MHz
naive,2:95,sample_cpu3_freq,1800,MHz
naive,2:95,sample_cpu4_freq,2300,MHz
naive,2:95,sample_cpu5_freq,2300,MHz
naive,2:95,sample_cpu6_freq,2300,MHz
naive,2:95,sample_cpu7_freq,2300,MHz
naive,2:96,sample_elapsed,15133,ms
naive,2:96,sample_power,4.619,W
naive,2:96,sample_process_cpu,461.875,% one core
naive,2:96,sample_free_ram,1.095,GiB
naive,2:96,sample_battery_temp,38.000,C
naive,2:96,sample_thermal_status,1,Android PowerManager status
naive,2:96,sample_cpu0_freq,1800,MHz
naive,2:96,sample_cpu1_freq,1800,MHz
naive,2:96,sample_cpu2_freq,1800,MHz
naive,2:96,sample_cpu3_freq,1800,MHz
naive,2:96,sample_cpu4_freq,2300,MHz
naive,2:96,sample_cpu5_freq,2300,MHz
naive,2:96,sample_cpu6_freq,2300,MHz
naive,2:96,sample_cpu7_freq,2300,MHz
naive,2:97,sample_elapsed,15290,ms
naive,2:97,sample_power,4.619,W
naive,2:97,sample_process_cpu,465.605,% one core
naive,2:97,sample_free_ram,1.095,GiB
naive,2:97,sample_battery_temp,38.000,C
naive,2:97,sample_thermal_status,1,Android PowerManager status
naive,2:97,sample_cpu0_freq,600,MHz
naive,2:97,sample_cpu1_freq,500,MHz
naive,2:97,sample_cpu2_freq,1800,MHz
naive,2:97,sample_cpu3_freq,1800,MHz
naive,2:97,sample_cpu4_freq,2300,MHz
naive,2:97,sample_cpu5_freq,2300,MHz
naive,2:97,sample_cpu6_freq,2300,MHz
naive,2:97,sample_cpu7_freq,2300,MHz
naive,2:98,sample_elapsed,15446,ms
naive,2:98,sample_power,3.957,W
naive,2:98,sample_process_cpu,469.872,% one core
naive,2:98,sample_free_ram,1.094,GiB
naive,2:98,sample_battery_temp,38.000,C
naive,2:98,sample_thermal_status,1,Android PowerManager status
naive,2:98,sample_cpu0_freq,1200,MHz
naive,2:98,sample_cpu1_freq,1200,MHz
naive,2:98,sample_cpu2_freq,1800,MHz
naive,2:98,sample_cpu3_freq,1400,MHz
naive,2:98,sample_cpu4_freq,2300,MHz
naive,2:98,sample_cpu5_freq,2300,MHz
naive,2:98,sample_cpu6_freq,2300,MHz
naive,2:98,sample_cpu7_freq,2300,MHz
naive,2:99,sample_elapsed,15609,ms
naive,2:99,sample_power,3.957,W
naive,2:99,sample_process_cpu,458.282,% one core
naive,2:99,sample_free_ram,1.094,GiB
naive,2:99,sample_battery_temp,38.000,C
naive,2:99,sample_thermal_status,1,Android PowerManager status
naive,2:99,sample_cpu0_freq,1800,MHz
naive,2:99,sample_cpu1_freq,1800,MHz
naive,2:99,sample_cpu2_freq,1800,MHz
naive,2:99,sample_cpu3_freq,1800,MHz
naive,2:99,sample_cpu4_freq,2300,MHz
naive,2:99,sample_cpu5_freq,2300,MHz
naive,2:99,sample_cpu6_freq,2300,MHz
naive,2:99,sample_cpu7_freq,2300,MHz
naive,2:100,sample_elapsed,15768,ms
naive,2:100,sample_power,3.957,W
naive,2:100,sample_process_cpu,466.038,% one core
naive,2:100,sample_free_ram,1.094,GiB
naive,2:100,sample_battery_temp,38.000,C
naive,2:100,sample_thermal_status,1,Android PowerManager status
naive,2:100,sample_cpu0_freq,1800,MHz
naive,2:100,sample_cpu1_freq,1800,MHz
naive,2:100,sample_cpu2_freq,1800,MHz
naive,2:100,sample_cpu3_freq,1800,MHz
naive,2:100,sample_cpu4_freq,2300,MHz
naive,2:100,sample_cpu5_freq,2300,MHz
naive,2:100,sample_cpu6_freq,2300,MHz
naive,2:100,sample_cpu7_freq,2300,MHz
naive,2:101,sample_elapsed,15924,ms
naive,2:101,sample_power,3.957,W
naive,2:101,sample_process_cpu,464.103,% one core
naive,2:101,sample_free_ram,1.094,GiB
naive,2:101,sample_battery_temp,38.000,C
naive,2:101,sample_thermal_status,1,Android PowerManager status
naive,2:101,sample_cpu0_freq,450,MHz
naive,2:101,sample_cpu1_freq,450,MHz
naive,2:101,sample_cpu2_freq,450,MHz
naive,2:101,sample_cpu3_freq,1800,MHz
naive,2:101,sample_cpu4_freq,2300,MHz
naive,2:101,sample_cpu5_freq,2300,MHz
naive,2:101,sample_cpu6_freq,2300,MHz
naive,2:101,sample_cpu7_freq,2300,MHz
naive,2:102,sample_elapsed,16081,ms
naive,2:102,sample_power,3.937,W
naive,2:102,sample_process_cpu,472.611,% one core
naive,2:102,sample_free_ram,1.094,GiB
naive,2:102,sample_battery_temp,38.000,C
naive,2:102,sample_thermal_status,1,Android PowerManager status
naive,2:102,sample_cpu0_freq,1300,MHz
naive,2:102,sample_cpu1_freq,1300,MHz
naive,2:102,sample_cpu2_freq,1300,MHz
naive,2:102,sample_cpu3_freq,1300,MHz
naive,2:102,sample_cpu4_freq,2300,MHz
naive,2:102,sample_cpu5_freq,2300,MHz
naive,2:102,sample_cpu6_freq,2300,MHz
naive,2:102,sample_cpu7_freq,2300,MHz
naive,2:103,sample_elapsed,16242,ms
naive,2:103,sample_power,3.937,W
naive,2:103,sample_process_cpu,460.870,% one core
naive,2:103,sample_free_ram,1.094,GiB
naive,2:103,sample_battery_temp,38.000,C
naive,2:103,sample_thermal_status,1,Android PowerManager status
naive,2:103,sample_cpu0_freq,1800,MHz
naive,2:103,sample_cpu1_freq,1800,MHz
naive,2:103,sample_cpu2_freq,1800,MHz
naive,2:103,sample_cpu3_freq,1800,MHz
naive,2:103,sample_cpu4_freq,2300,MHz
naive,2:103,sample_cpu5_freq,2300,MHz
naive,2:103,sample_cpu6_freq,2300,MHz
naive,2:103,sample_cpu7_freq,2300,MHz
naive,2:104,sample_elapsed,16397,ms
naive,2:104,sample_power,3.937,W
naive,2:104,sample_process_cpu,463.871,% one core
naive,2:104,sample_free_ram,1.094,GiB
naive,2:104,sample_battery_temp,38.000,C
naive,2:104,sample_thermal_status,1,Android PowerManager status
naive,2:104,sample_cpu0_freq,1800,MHz
naive,2:104,sample_cpu1_freq,1800,MHz
naive,2:104,sample_cpu2_freq,1800,MHz
naive,2:104,sample_cpu3_freq,1800,MHz
naive,2:104,sample_cpu4_freq,2300,MHz
naive,2:104,sample_cpu5_freq,2300,MHz
naive,2:104,sample_cpu6_freq,2300,MHz
naive,2:104,sample_cpu7_freq,2300,MHz
naive,2:105,sample_elapsed,16552,ms
naive,2:105,sample_power,3.937,W
naive,2:105,sample_process_cpu,464.516,% one core
naive,2:105,sample_free_ram,1.094,GiB
naive,2:105,sample_battery_temp,38.000,C
naive,2:105,sample_thermal_status,1,Android PowerManager status
naive,2:105,sample_cpu0_freq,1800,MHz
naive,2:105,sample_cpu1_freq,1800,MHz
naive,2:105,sample_cpu2_freq,1800,MHz
naive,2:105,sample_cpu3_freq,1800,MHz
naive,2:105,sample_cpu4_freq,2300,MHz
naive,2:105,sample_cpu5_freq,2300,MHz
naive,2:105,sample_cpu6_freq,2300,MHz
naive,2:105,sample_cpu7_freq,2300,MHz
naive,2:106,sample_elapsed,16709,ms
naive,2:106,sample_power,3.933,W
naive,2:106,sample_process_cpu,465.605,% one core
naive,2:106,sample_free_ram,1.094,GiB
naive,2:106,sample_battery_temp,38.000,C
naive,2:106,sample_thermal_status,1,Android PowerManager status
naive,2:106,sample_cpu0_freq,1600,MHz
naive,2:106,sample_cpu1_freq,1800,MHz
naive,2:106,sample_cpu2_freq,1800,MHz
naive,2:106,sample_cpu3_freq,1800,MHz
naive,2:106,sample_cpu4_freq,2300,MHz
naive,2:106,sample_cpu5_freq,2300,MHz
naive,2:106,sample_cpu6_freq,2300,MHz
naive,2:106,sample_cpu7_freq,2300,MHz
naive,2:107,sample_elapsed,16867,ms
naive,2:107,sample_power,3.933,W
naive,2:107,sample_process_cpu,457.595,% one core
naive,2:107,sample_free_ram,1.093,GiB
naive,2:107,sample_battery_temp,38.000,C
naive,2:107,sample_thermal_status,1,Android PowerManager status
naive,2:107,sample_cpu0_freq,1800,MHz
naive,2:107,sample_cpu1_freq,1800,MHz
naive,2:107,sample_cpu2_freq,1800,MHz
naive,2:107,sample_cpu3_freq,1800,MHz
naive,2:107,sample_cpu4_freq,2300,MHz
naive,2:107,sample_cpu5_freq,2300,MHz
naive,2:107,sample_cpu6_freq,2300,MHz
naive,2:107,sample_cpu7_freq,2300,MHz
naive,2:108,sample_elapsed,17024,ms
naive,2:108,sample_power,3.933,W
naive,2:108,sample_process_cpu,477.070,% one core
naive,2:108,sample_free_ram,1.093,GiB
naive,2:108,sample_battery_temp,38.000,C
naive,2:108,sample_thermal_status,1,Android PowerManager status
naive,2:108,sample_cpu0_freq,1200,MHz
naive,2:108,sample_cpu1_freq,700,MHz
naive,2:108,sample_cpu2_freq,700,MHz
naive,2:108,sample_cpu3_freq,700,MHz
naive,2:108,sample_cpu4_freq,2300,MHz
naive,2:108,sample_cpu5_freq,2300,MHz
naive,2:108,sample_cpu6_freq,2300,MHz
naive,2:108,sample_cpu7_freq,2300,MHz
naive,2:109,sample_elapsed,17189,ms
naive,2:109,sample_power,3.933,W
naive,2:109,sample_process_cpu,452.121,% one core
naive,2:109,sample_free_ram,1.093,GiB
naive,2:109,sample_battery_temp,38.000,C
naive,2:109,sample_thermal_status,1,Android PowerManager status
naive,2:109,sample_cpu0_freq,1500,MHz
naive,2:109,sample_cpu1_freq,1500,MHz
naive,2:109,sample_cpu2_freq,1500,MHz
naive,2:109,sample_cpu3_freq,1500,MHz
naive,2:109,sample_cpu4_freq,2300,MHz
naive,2:109,sample_cpu5_freq,2300,MHz
naive,2:109,sample_cpu6_freq,2300,MHz
naive,2:109,sample_cpu7_freq,2300,MHz
naive,2:110,sample_elapsed,17344,ms
naive,2:110,sample_power,4.127,W
naive,2:110,sample_process_cpu,472.903,% one core
naive,2:110,sample_free_ram,1.093,GiB
naive,2:110,sample_battery_temp,38.000,C
naive,2:110,sample_thermal_status,1,Android PowerManager status
naive,2:110,sample_cpu0_freq,1800,MHz
naive,2:110,sample_cpu1_freq,1800,MHz
naive,2:110,sample_cpu2_freq,1800,MHz
naive,2:110,sample_cpu3_freq,1800,MHz
naive,2:110,sample_cpu4_freq,2300,MHz
naive,2:110,sample_cpu5_freq,2300,MHz
naive,2:110,sample_cpu6_freq,2300,MHz
naive,2:110,sample_cpu7_freq,2300,MHz
naive,2:111,sample_elapsed,17501,ms
naive,2:111,sample_power,4.127,W
naive,2:111,sample_process_cpu,475.159,% one core
naive,2:111,sample_free_ram,1.093,GiB
naive,2:111,sample_battery_temp,38.000,C
naive,2:111,sample_thermal_status,1,Android PowerManager status
naive,2:111,sample_cpu0_freq,1500,MHz
naive,2:111,sample_cpu1_freq,1800,MHz
naive,2:111,sample_cpu2_freq,1800,MHz
naive,2:111,sample_cpu3_freq,1800,MHz
naive,2:111,sample_cpu4_freq,2300,MHz
naive,2:111,sample_cpu5_freq,2300,MHz
naive,2:111,sample_cpu6_freq,2300,MHz
naive,2:111,sample_cpu7_freq,2300,MHz
naive,2:112,sample_elapsed,17669,ms
naive,2:112,sample_power,4.127,W
naive,2:112,sample_process_cpu,458.333,% one core
naive,2:112,sample_free_ram,1.092,GiB
naive,2:112,sample_battery_temp,38.000,C
naive,2:112,sample_thermal_status,1,Android PowerManager status
naive,2:112,sample_cpu0_freq,1800,MHz
naive,2:112,sample_cpu1_freq,1800,MHz
naive,2:112,sample_cpu2_freq,1800,MHz
naive,2:112,sample_cpu3_freq,1800,MHz
naive,2:112,sample_cpu4_freq,2300,MHz
naive,2:112,sample_cpu5_freq,2300,MHz
naive,2:112,sample_cpu6_freq,2300,MHz
naive,2:112,sample_cpu7_freq,2300,MHz
naive,2:113,sample_elapsed,17831,ms
naive,2:113,sample_power,4.127,W
naive,2:113,sample_process_cpu,467.901,% one core
naive,2:113,sample_free_ram,1.092,GiB
naive,2:113,sample_battery_temp,38.000,C
naive,2:113,sample_thermal_status,1,Android PowerManager status
naive,2:113,sample_cpu0_freq,1500,MHz
naive,2:113,sample_cpu1_freq,1500,MHz
naive,2:113,sample_cpu2_freq,1500,MHz
naive,2:113,sample_cpu3_freq,1800,MHz
naive,2:113,sample_cpu4_freq,2300,MHz
naive,2:113,sample_cpu5_freq,2300,MHz
naive,2:113,sample_cpu6_freq,2300,MHz
naive,2:113,sample_cpu7_freq,2300,MHz
naive,2:114,sample_elapsed,17992,ms
naive,2:114,sample_power,4.108,W
naive,2:114,sample_process_cpu,469.565,% one core
naive,2:114,sample_free_ram,1.092,GiB
naive,2:114,sample_battery_temp,38.000,C
naive,2:114,sample_thermal_status,1,Android PowerManager status
naive,2:114,sample_cpu0_freq,1800,MHz
naive,2:114,sample_cpu1_freq,1800,MHz
naive,2:114,sample_cpu2_freq,1800,MHz
naive,2:114,sample_cpu3_freq,1800,MHz
naive,2:114,sample_cpu4_freq,2300,MHz
naive,2:114,sample_cpu5_freq,2300,MHz
naive,2:114,sample_cpu6_freq,2300,MHz
naive,2:114,sample_cpu7_freq,2300,MHz
naive,2:115,sample_elapsed,18150,ms
naive,2:115,sample_power,4.108,W
naive,2:115,sample_process_cpu,458.228,% one core
naive,2:115,sample_free_ram,1.092,GiB
naive,2:115,sample_battery_temp,38.000,C
naive,2:115,sample_thermal_status,1,Android PowerManager status
naive,2:115,sample_cpu0_freq,700,MHz
naive,2:115,sample_cpu1_freq,600,MHz
naive,2:115,sample_cpu2_freq,1300,MHz
naive,2:115,sample_cpu3_freq,1800,MHz
naive,2:115,sample_cpu4_freq,2300,MHz
naive,2:115,sample_cpu5_freq,2300,MHz
naive,2:115,sample_cpu6_freq,2300,MHz
naive,2:115,sample_cpu7_freq,2300,MHz
naive,2:116,sample_elapsed,18306,ms
naive,2:116,sample_power,4.108,W
naive,2:116,sample_process_cpu,473.077,% one core
naive,2:116,sample_free_ram,1.092,GiB
naive,2:116,sample_battery_temp,38.000,C
naive,2:116,sample_thermal_status,1,Android PowerManager status
naive,2:116,sample_cpu0_freq,1800,MHz
naive,2:116,sample_cpu1_freq,450,MHz
naive,2:116,sample_cpu2_freq,450,MHz
naive,2:116,sample_cpu3_freq,450,MHz
naive,2:116,sample_cpu4_freq,2300,MHz
naive,2:116,sample_cpu5_freq,2300,MHz
naive,2:116,sample_cpu6_freq,2300,MHz
naive,2:116,sample_cpu7_freq,2300,MHz
naive,2:117,sample_elapsed,18464,ms
naive,2:117,sample_power,4.108,W
naive,2:117,sample_process_cpu,462.658,% one core
naive,2:117,sample_free_ram,1.091,GiB
naive,2:117,sample_battery_temp,38.000,C
naive,2:117,sample_thermal_status,1,Android PowerManager status
naive,2:117,sample_cpu0_freq,700,MHz
naive,2:117,sample_cpu1_freq,700,MHz
naive,2:117,sample_cpu2_freq,700,MHz
naive,2:117,sample_cpu3_freq,700,MHz
naive,2:117,sample_cpu4_freq,2300,MHz
naive,2:117,sample_cpu5_freq,2300,MHz
naive,2:117,sample_cpu6_freq,2300,MHz
naive,2:117,sample_cpu7_freq,2300,MHz
naive,2:118,sample_elapsed,18623,ms
naive,2:118,sample_power,4.300,W
naive,2:118,sample_process_cpu,490.566,% one core
naive,2:118,sample_free_ram,1.090,GiB
naive,2:118,sample_battery_temp,38.000,C
naive,2:118,sample_thermal_status,1,Android PowerManager status
naive,2:118,sample_cpu0_freq,700,MHz
naive,2:118,sample_cpu1_freq,1800,MHz
naive,2:118,sample_cpu2_freq,1800,MHz
naive,2:118,sample_cpu3_freq,1800,MHz
naive,2:118,sample_cpu4_freq,2300,MHz
naive,2:118,sample_cpu5_freq,2300,MHz
naive,2:118,sample_cpu6_freq,2300,MHz
naive,2:118,sample_cpu7_freq,2300,MHz
naive,2:119,sample_elapsed,18788,ms
naive,2:119,sample_power,4.300,W
naive,2:119,sample_process_cpu,466.667,% one core
naive,2:119,sample_free_ram,1.090,GiB
naive,2:119,sample_battery_temp,38.000,C
naive,2:119,sample_thermal_status,1,Android PowerManager status
naive,2:119,sample_cpu0_freq,1800,MHz
naive,2:119,sample_cpu1_freq,1800,MHz
naive,2:119,sample_cpu2_freq,1300,MHz
naive,2:119,sample_cpu3_freq,1300,MHz
naive,2:119,sample_cpu4_freq,2300,MHz
naive,2:119,sample_cpu5_freq,2300,MHz
naive,2:119,sample_cpu6_freq,2300,MHz
naive,2:119,sample_cpu7_freq,2300,MHz
naive,2:120,sample_elapsed,18949,ms
naive,2:120,sample_power,4.300,W
naive,2:120,sample_process_cpu,458.385,% one core
naive,2:120,sample_free_ram,1.087,GiB
naive,2:120,sample_battery_temp,38.000,C
naive,2:120,sample_thermal_status,1,Android PowerManager status
naive,2:120,sample_cpu0_freq,1800,MHz
naive,2:120,sample_cpu1_freq,1800,MHz
naive,2:120,sample_cpu2_freq,1800,MHz
naive,2:120,sample_cpu3_freq,1800,MHz
naive,2:120,sample_cpu4_freq,2300,MHz
naive,2:120,sample_cpu5_freq,2300,MHz
naive,2:120,sample_cpu6_freq,2300,MHz
naive,2:120,sample_cpu7_freq,2300,MHz
naive,2:121,sample_elapsed,19109,ms
naive,2:121,sample_power,4.300,W
naive,2:121,sample_process_cpu,470.000,% one core
naive,2:121,sample_free_ram,1.085,GiB
naive,2:121,sample_battery_temp,38.000,C
naive,2:121,sample_thermal_status,1,Android PowerManager status
naive,2:121,sample_cpu0_freq,1000,MHz
naive,2:121,sample_cpu1_freq,1800,MHz
naive,2:121,sample_cpu2_freq,1800,MHz
naive,2:121,sample_cpu3_freq,1800,MHz
naive,2:121,sample_cpu4_freq,2300,MHz
naive,2:121,sample_cpu5_freq,2300,MHz
naive,2:121,sample_cpu6_freq,2300,MHz
naive,2:121,sample_cpu7_freq,2300,MHz
naive,2:122,sample_elapsed,19268,ms
naive,2:122,sample_power,4.360,W
naive,2:122,sample_process_cpu,481.132,% one core
naive,2:122,sample_free_ram,1.085,GiB
naive,2:122,sample_battery_temp,38.000,C
naive,2:122,sample_thermal_status,1,Android PowerManager status
naive,2:122,sample_cpu0_freq,900,MHz
naive,2:122,sample_cpu1_freq,800,MHz
naive,2:122,sample_cpu2_freq,800,MHz
naive,2:122,sample_cpu3_freq,800,MHz
naive,2:122,sample_cpu4_freq,2300,MHz
naive,2:122,sample_cpu5_freq,2300,MHz
naive,2:122,sample_cpu6_freq,2300,MHz
naive,2:122,sample_cpu7_freq,2300,MHz
naive,2:123,sample_elapsed,19425,ms
naive,2:123,sample_power,4.360,W
naive,2:123,sample_process_cpu,490.446,% one core
naive,2:123,sample_free_ram,1.085,GiB
naive,2:123,sample_battery_temp,38.000,C
naive,2:123,sample_thermal_status,1,Android PowerManager status
naive,2:123,sample_cpu0_freq,1800,MHz
naive,2:123,sample_cpu1_freq,1800,MHz
naive,2:123,sample_cpu2_freq,1800,MHz
naive,2:123,sample_cpu3_freq,1800,MHz
naive,2:123,sample_cpu4_freq,2300,MHz
naive,2:123,sample_cpu5_freq,2300,MHz
naive,2:123,sample_cpu6_freq,2300,MHz
naive,2:123,sample_cpu7_freq,2300,MHz
naive,2:124,sample_elapsed,19587,ms
naive,2:124,sample_power,4.360,W
naive,2:124,sample_process_cpu,461.111,% one core
naive,2:124,sample_free_ram,1.085,GiB
naive,2:124,sample_battery_temp,38.000,C
naive,2:124,sample_thermal_status,1,Android PowerManager status
naive,2:124,sample_cpu0_freq,1800,MHz
naive,2:124,sample_cpu1_freq,1800,MHz
naive,2:124,sample_cpu2_freq,1800,MHz
naive,2:124,sample_cpu3_freq,1800,MHz
naive,2:124,sample_cpu4_freq,2300,MHz
naive,2:124,sample_cpu5_freq,2300,MHz
naive,2:124,sample_cpu6_freq,2300,MHz
naive,2:124,sample_cpu7_freq,2300,MHz
naive,2:125,sample_elapsed,19749,ms
naive,2:125,sample_power,4.360,W
naive,2:125,sample_process_cpu,469.753,% one core
naive,2:125,sample_free_ram,1.085,GiB
naive,2:125,sample_battery_temp,38.000,C
naive,2:125,sample_thermal_status,1,Android PowerManager status
naive,2:125,sample_cpu0_freq,1800,MHz
naive,2:125,sample_cpu1_freq,1800,MHz
naive,2:125,sample_cpu2_freq,1800,MHz
naive,2:125,sample_cpu3_freq,1800,MHz
naive,2:125,sample_cpu4_freq,2300,MHz
naive,2:125,sample_cpu5_freq,2300,MHz
naive,2:125,sample_cpu6_freq,2300,MHz
naive,2:125,sample_cpu7_freq,2300,MHz
naive,2:126,sample_elapsed,19906,ms
naive,2:126,sample_power,4.751,W
naive,2:126,sample_process_cpu,480.255,% one core
naive,2:126,sample_free_ram,1.085,GiB
naive,2:126,sample_battery_temp,38.000,C
naive,2:126,sample_thermal_status,1,Android PowerManager status
naive,2:126,sample_cpu0_freq,1500,MHz
naive,2:126,sample_cpu1_freq,1500,MHz
naive,2:126,sample_cpu2_freq,1800,MHz
naive,2:126,sample_cpu3_freq,1800,MHz
naive,2:126,sample_cpu4_freq,2300,MHz
naive,2:126,sample_cpu5_freq,2300,MHz
naive,2:126,sample_cpu6_freq,2300,MHz
naive,2:126,sample_cpu7_freq,2300,MHz
naive,2:127,sample_elapsed,20068,ms
naive,2:127,sample_power,4.090,W
naive,2:127,sample_process_cpu,481.481,% one core
naive,2:127,sample_free_ram,1.085,GiB
naive,2:127,sample_battery_temp,38.000,C
naive,2:127,sample_thermal_status,1,Android PowerManager status
naive,2:127,sample_cpu0_freq,1800,MHz
naive,2:127,sample_cpu1_freq,1800,MHz
naive,2:127,sample_cpu2_freq,1800,MHz
naive,2:127,sample_cpu3_freq,1800,MHz
naive,2:127,sample_cpu4_freq,2300,MHz
naive,2:127,sample_cpu5_freq,2300,MHz
naive,2:127,sample_cpu6_freq,2300,MHz
naive,2:127,sample_cpu7_freq,2300,MHz
naive,2:128,sample_elapsed,20234,ms
naive,2:128,sample_power,4.090,W
naive,2:128,sample_process_cpu,480.723,% one core
naive,2:128,sample_free_ram,1.085,GiB
naive,2:128,sample_battery_temp,38.000,C
naive,2:128,sample_thermal_status,1,Android PowerManager status
naive,2:128,sample_cpu0_freq,1800,MHz
naive,2:128,sample_cpu1_freq,1800,MHz
naive,2:128,sample_cpu2_freq,1800,MHz
naive,2:128,sample_cpu3_freq,1800,MHz
naive,2:128,sample_cpu4_freq,2300,MHz
naive,2:128,sample_cpu5_freq,2300,MHz
naive,2:128,sample_cpu6_freq,2300,MHz
naive,2:128,sample_cpu7_freq,2300,MHz
naive,2:129,sample_elapsed,20394,ms
naive,2:129,sample_power,4.090,W
naive,2:129,sample_process_cpu,470.000,% one core
naive,2:129,sample_free_ram,1.084,GiB
naive,2:129,sample_battery_temp,38.000,C
naive,2:129,sample_thermal_status,1,Android PowerManager status
naive,2:129,sample_cpu0_freq,1800,MHz
naive,2:129,sample_cpu1_freq,1800,MHz
naive,2:129,sample_cpu2_freq,1800,MHz
naive,2:129,sample_cpu3_freq,1800,MHz
naive,2:129,sample_cpu4_freq,2300,MHz
naive,2:129,sample_cpu5_freq,2300,MHz
naive,2:129,sample_cpu6_freq,2300,MHz
naive,2:129,sample_cpu7_freq,2300,MHz
naive,2:130,sample_elapsed,20551,ms
naive,2:130,sample_power,4.090,W
naive,2:130,sample_process_cpu,466.879,% one core
naive,2:130,sample_free_ram,1.084,GiB
naive,2:130,sample_battery_temp,38.000,C
naive,2:130,sample_thermal_status,1,Android PowerManager status
naive,2:130,sample_cpu0_freq,1800,MHz
naive,2:130,sample_cpu1_freq,1800,MHz
naive,2:130,sample_cpu2_freq,1800,MHz
naive,2:130,sample_cpu3_freq,1800,MHz
naive,2:130,sample_cpu4_freq,2300,MHz
naive,2:130,sample_cpu5_freq,2300,MHz
naive,2:130,sample_cpu6_freq,2300,MHz
naive,2:130,sample_cpu7_freq,2300,MHz
naive,2:131,sample_elapsed,20711,ms
naive,2:131,sample_power,4.337,W
naive,2:131,sample_process_cpu,463.125,% one core
naive,2:131,sample_free_ram,1.084,GiB
naive,2:131,sample_battery_temp,38.000,C
naive,2:131,sample_thermal_status,1,Android PowerManager status
naive,2:131,sample_cpu0_freq,1800,MHz
naive,2:131,sample_cpu1_freq,1800,MHz
naive,2:131,sample_cpu2_freq,1800,MHz
naive,2:131,sample_cpu3_freq,800,MHz
naive,2:131,sample_cpu4_freq,2300,MHz
naive,2:131,sample_cpu5_freq,2300,MHz
naive,2:131,sample_cpu6_freq,2300,MHz
naive,2:131,sample_cpu7_freq,2300,MHz
naive,2:132,sample_elapsed,20869,ms
naive,2:132,sample_power,4.337,W
naive,2:132,sample_process_cpu,458.861,% one core
naive,2:132,sample_free_ram,1.084,GiB
naive,2:132,sample_battery_temp,38.000,C
naive,2:132,sample_thermal_status,1,Android PowerManager status
naive,2:132,sample_cpu0_freq,1800,MHz
naive,2:132,sample_cpu1_freq,1800,MHz
naive,2:132,sample_cpu2_freq,1800,MHz
naive,2:132,sample_cpu3_freq,1800,MHz
naive,2:132,sample_cpu4_freq,2300,MHz
naive,2:132,sample_cpu5_freq,2300,MHz
naive,2:132,sample_cpu6_freq,2300,MHz
naive,2:132,sample_cpu7_freq,2300,MHz
naive,2:133,sample_elapsed,21026,ms
naive,2:133,sample_power,4.337,W
naive,2:133,sample_process_cpu,461.146,% one core
naive,2:133,sample_free_ram,1.084,GiB
naive,2:133,sample_battery_temp,38.000,C
naive,2:133,sample_thermal_status,1,Android PowerManager status
naive,2:133,sample_cpu0_freq,1800,MHz
naive,2:133,sample_cpu1_freq,1800,MHz
naive,2:133,sample_cpu2_freq,1800,MHz
naive,2:133,sample_cpu3_freq,1800,MHz
naive,2:133,sample_cpu4_freq,2300,MHz
naive,2:133,sample_cpu5_freq,2300,MHz
naive,2:133,sample_cpu6_freq,2300,MHz
naive,2:133,sample_cpu7_freq,2300,MHz
naive,2:134,sample_elapsed,21183,ms
naive,2:134,sample_power,4.337,W
naive,2:134,sample_process_cpu,463.694,% one core
naive,2:134,sample_free_ram,1.084,GiB
naive,2:134,sample_battery_temp,38.000,C
naive,2:134,sample_thermal_status,1,Android PowerManager status
naive,2:134,sample_cpu0_freq,1000,MHz
naive,2:134,sample_cpu1_freq,1800,MHz
naive,2:134,sample_cpu2_freq,1800,MHz
naive,2:134,sample_cpu3_freq,1200,MHz
naive,2:134,sample_cpu4_freq,2300,MHz
naive,2:134,sample_cpu5_freq,2300,MHz
naive,2:134,sample_cpu6_freq,2300,MHz
naive,2:134,sample_cpu7_freq,2300,MHz
naive,2:135,sample_elapsed,21339,ms
naive,2:135,sample_power,4.164,W
naive,2:135,sample_process_cpu,469.872,% one core
naive,2:135,sample_free_ram,1.083,GiB
naive,2:135,sample_battery_temp,38.000,C
naive,2:135,sample_thermal_status,1,Android PowerManager status
naive,2:135,sample_cpu0_freq,1800,MHz
naive,2:135,sample_cpu1_freq,1800,MHz
naive,2:135,sample_cpu2_freq,1800,MHz
naive,2:135,sample_cpu3_freq,1000,MHz
naive,2:135,sample_cpu4_freq,2300,MHz
naive,2:135,sample_cpu5_freq,2300,MHz
naive,2:135,sample_cpu6_freq,2300,MHz
naive,2:135,sample_cpu7_freq,2300,MHz
naive,2:136,sample_elapsed,21498,ms
naive,2:136,sample_power,4.164,W
naive,2:136,sample_process_cpu,455.975,% one core
naive,2:136,sample_free_ram,1.083,GiB
naive,2:136,sample_battery_temp,38.000,C
naive,2:136,sample_thermal_status,1,Android PowerManager status
naive,2:136,sample_cpu0_freq,1800,MHz
naive,2:136,sample_cpu1_freq,1800,MHz
naive,2:136,sample_cpu2_freq,1800,MHz
naive,2:136,sample_cpu3_freq,1800,MHz
naive,2:136,sample_cpu4_freq,2300,MHz
naive,2:136,sample_cpu5_freq,2300,MHz
naive,2:136,sample_cpu6_freq,2300,MHz
naive,2:136,sample_cpu7_freq,2300,MHz
naive,2:137,sample_elapsed,21657,ms
naive,2:137,sample_power,4.164,W
naive,2:137,sample_process_cpu,470.440,% one core
naive,2:137,sample_free_ram,1.083,GiB
naive,2:137,sample_battery_temp,38.000,C
naive,2:137,sample_thermal_status,1,Android PowerManager status
naive,2:137,sample_cpu0_freq,1600,MHz
naive,2:137,sample_cpu1_freq,1600,MHz
naive,2:137,sample_cpu2_freq,1000,MHz
naive,2:137,sample_cpu3_freq,1800,MHz
naive,2:137,sample_cpu4_freq,2300,MHz
naive,2:137,sample_cpu5_freq,2300,MHz
naive,2:137,sample_cpu6_freq,2300,MHz
naive,2:137,sample_cpu7_freq,2300,MHz
naive,3,pp,90.200,tok/s
naive,3,tg,8.320,tok/s
naive,3,power,3.932,W
naive,3,tok_per_w,2.116,tok/W
naive,3,ttft_pp512_derived,5796.467,ms
naive,3,start_temp,38.000,C
naive,3,average_process_cpu,467.785,% one core
naive,3,minimum_free_ram,1.080,GiB
naive,3,peak_battery_temp,38.000,C
naive,3,peak_thermal_status,1,Android PowerManager status
naive,3:1,sample_elapsed,1,ms
naive,3:1,sample_power,1.007,W
naive,3:1,sample_process_cpu,1000.000,% one core
naive,3:1,sample_free_ram,1.146,GiB
naive,3:1,sample_battery_temp,38.000,C
naive,3:1,sample_thermal_status,1,Android PowerManager status
naive,3:1,sample_cpu0_freq,1000,MHz
naive,3:1,sample_cpu1_freq,1000,MHz
naive,3:1,sample_cpu2_freq,1000,MHz
naive,3:1,sample_cpu3_freq,1000,MHz
naive,3:1,sample_cpu4_freq,700,MHz
naive,3:1,sample_cpu5_freq,700,MHz
naive,3:1,sample_cpu6_freq,700,MHz
naive,3:1,sample_cpu7_freq,700,MHz
naive,3:2,sample_elapsed,160,ms
naive,3:2,sample_power,1.007,W
naive,3:2,sample_process_cpu,402.516,% one core
naive,3:2,sample_free_ram,1.114,GiB
naive,3:2,sample_battery_temp,38.000,C
naive,3:2,sample_thermal_status,1,Android PowerManager status
naive,3:2,sample_cpu0_freq,700,MHz
naive,3:2,sample_cpu1_freq,700,MHz
naive,3:2,sample_cpu2_freq,700,MHz
naive,3:2,sample_cpu3_freq,700,MHz
naive,3:2,sample_cpu4_freq,2300,MHz
naive,3:2,sample_cpu5_freq,2300,MHz
naive,3:2,sample_cpu6_freq,2300,MHz
naive,3:2,sample_cpu7_freq,2300,MHz
naive,3:3,sample_elapsed,313,ms
naive,3:3,sample_power,1.007,W
naive,3:3,sample_process_cpu,462.092,% one core
naive,3:3,sample_free_ram,1.085,GiB
naive,3:3,sample_battery_temp,38.000,C
naive,3:3,sample_thermal_status,1,Android PowerManager status
naive,3:3,sample_cpu0_freq,1800,MHz
naive,3:3,sample_cpu1_freq,1800,MHz
naive,3:3,sample_cpu2_freq,1800,MHz
naive,3:3,sample_cpu3_freq,1800,MHz
naive,3:3,sample_cpu4_freq,2300,MHz
naive,3:3,sample_cpu5_freq,2300,MHz
naive,3:3,sample_cpu6_freq,2300,MHz
naive,3:3,sample_cpu7_freq,2300,MHz
naive,3:4,sample_elapsed,473,ms
naive,3:4,sample_power,1.007,W
naive,3:4,sample_process_cpu,461.250,% one core
naive,3:4,sample_free_ram,1.098,GiB
naive,3:4,sample_battery_temp,38.000,C
naive,3:4,sample_thermal_status,1,Android PowerManager status
naive,3:4,sample_cpu0_freq,1200,MHz
naive,3:4,sample_cpu1_freq,1200,MHz
naive,3:4,sample_cpu2_freq,1200,MHz
naive,3:4,sample_cpu3_freq,1200,MHz
naive,3:4,sample_cpu4_freq,2300,MHz
naive,3:4,sample_cpu5_freq,2300,MHz
naive,3:4,sample_cpu6_freq,2300,MHz
naive,3:4,sample_cpu7_freq,2300,MHz
naive,3:5,sample_elapsed,627,ms
naive,3:5,sample_power,3.445,W
naive,3:5,sample_process_cpu,475.974,% one core
naive,3:5,sample_free_ram,1.098,GiB
naive,3:5,sample_battery_temp,38.000,C
naive,3:5,sample_thermal_status,1,Android PowerManager status
naive,3:5,sample_cpu0_freq,1100,MHz
naive,3:5,sample_cpu1_freq,1100,MHz
naive,3:5,sample_cpu2_freq,1100,MHz
naive,3:5,sample_cpu3_freq,1200,MHz
naive,3:5,sample_cpu4_freq,2300,MHz
naive,3:5,sample_cpu5_freq,2300,MHz
naive,3:5,sample_cpu6_freq,2300,MHz
naive,3:5,sample_cpu7_freq,2300,MHz
naive,3:6,sample_elapsed,783,ms
naive,3:6,sample_power,3.445,W
naive,3:6,sample_process_cpu,448.077,% one core
naive,3:6,sample_free_ram,1.097,GiB
naive,3:6,sample_battery_temp,38.000,C
naive,3:6,sample_thermal_status,1,Android PowerManager status
naive,3:6,sample_cpu0_freq,1300,MHz
naive,3:6,sample_cpu1_freq,1200,MHz
naive,3:6,sample_cpu2_freq,1200,MHz
naive,3:6,sample_cpu3_freq,1200,MHz
naive,3:6,sample_cpu4_freq,2300,MHz
naive,3:6,sample_cpu5_freq,2300,MHz
naive,3:6,sample_cpu6_freq,2300,MHz
naive,3:6,sample_cpu7_freq,2300,MHz
naive,3:7,sample_elapsed,937,ms
naive,3:7,sample_power,3.445,W
naive,3:7,sample_process_cpu,459.091,% one core
naive,3:7,sample_free_ram,1.097,GiB
naive,3:7,sample_battery_temp,38.000,C
naive,3:7,sample_thermal_status,1,Android PowerManager status
naive,3:7,sample_cpu0_freq,1200,MHz
naive,3:7,sample_cpu1_freq,1200,MHz
naive,3:7,sample_cpu2_freq,600,MHz
naive,3:7,sample_cpu3_freq,600,MHz
naive,3:7,sample_cpu4_freq,2300,MHz
naive,3:7,sample_cpu5_freq,2300,MHz
naive,3:7,sample_cpu6_freq,2300,MHz
naive,3:7,sample_cpu7_freq,2300,MHz
naive,3:8,sample_elapsed,1089,ms
naive,3:8,sample_power,3.445,W
naive,3:8,sample_process_cpu,459.211,% one core
naive,3:8,sample_free_ram,1.098,GiB
naive,3:8,sample_battery_temp,38.000,C
naive,3:8,sample_thermal_status,1,Android PowerManager status
naive,3:8,sample_cpu0_freq,1800,MHz
naive,3:8,sample_cpu1_freq,1800,MHz
naive,3:8,sample_cpu2_freq,1800,MHz
naive,3:8,sample_cpu3_freq,1800,MHz
naive,3:8,sample_cpu4_freq,2300,MHz
naive,3:8,sample_cpu5_freq,2300,MHz
naive,3:8,sample_cpu6_freq,2300,MHz
naive,3:8,sample_cpu7_freq,2300,MHz
naive,3:9,sample_elapsed,1241,ms
naive,3:9,sample_power,3.596,W
naive,3:9,sample_process_cpu,485.526,% one core
naive,3:9,sample_free_ram,1.097,GiB
naive,3:9,sample_battery_temp,38.000,C
naive,3:9,sample_thermal_status,1,Android PowerManager status
naive,3:9,sample_cpu0_freq,1800,MHz
naive,3:9,sample_cpu1_freq,1800,MHz
naive,3:9,sample_cpu2_freq,1800,MHz
naive,3:9,sample_cpu3_freq,1800,MHz
naive,3:9,sample_cpu4_freq,2300,MHz
naive,3:9,sample_cpu5_freq,2300,MHz
naive,3:9,sample_cpu6_freq,2300,MHz
naive,3:9,sample_cpu7_freq,2300,MHz
naive,3:10,sample_elapsed,1396,ms
naive,3:10,sample_power,3.596,W
naive,3:10,sample_process_cpu,457.419,% one core
naive,3:10,sample_free_ram,1.096,GiB
naive,3:10,sample_battery_temp,38.000,C
naive,3:10,sample_thermal_status,1,Android PowerManager status
naive,3:10,sample_cpu0_freq,1800,MHz
naive,3:10,sample_cpu1_freq,1800,MHz
naive,3:10,sample_cpu2_freq,1800,MHz
naive,3:10,sample_cpu3_freq,1800,MHz
naive,3:10,sample_cpu4_freq,2300,MHz
naive,3:10,sample_cpu5_freq,2300,MHz
naive,3:10,sample_cpu6_freq,2300,MHz
naive,3:10,sample_cpu7_freq,2300,MHz
naive,3:11,sample_elapsed,1550,ms
naive,3:11,sample_power,3.596,W
naive,3:11,sample_process_cpu,466.883,% one core
naive,3:11,sample_free_ram,1.096,GiB
naive,3:11,sample_battery_temp,38.000,C
naive,3:11,sample_thermal_status,1,Android PowerManager status
naive,3:11,sample_cpu0_freq,1500,MHz
naive,3:11,sample_cpu1_freq,1500,MHz
naive,3:11,sample_cpu2_freq,1500,MHz
naive,3:11,sample_cpu3_freq,1500,MHz
naive,3:11,sample_cpu4_freq,2300,MHz
naive,3:11,sample_cpu5_freq,2300,MHz
naive,3:11,sample_cpu6_freq,2300,MHz
naive,3:11,sample_cpu7_freq,2300,MHz
naive,3:12,sample_elapsed,1703,ms
naive,3:12,sample_power,3.596,W
naive,3:12,sample_process_cpu,458.170,% one core
naive,3:12,sample_free_ram,1.097,GiB
naive,3:12,sample_battery_temp,38.000,C
naive,3:12,sample_thermal_status,1,Android PowerManager status
naive,3:12,sample_cpu0_freq,1500,MHz
naive,3:12,sample_cpu1_freq,1600,MHz
naive,3:12,sample_cpu2_freq,1600,MHz
naive,3:12,sample_cpu3_freq,1500,MHz
naive,3:12,sample_cpu4_freq,2300,MHz
naive,3:12,sample_cpu5_freq,2300,MHz
naive,3:12,sample_cpu6_freq,2300,MHz
naive,3:12,sample_cpu7_freq,2300,MHz
naive,3:13,sample_elapsed,1856,ms
naive,3:13,sample_power,4.099,W
naive,3:13,sample_process_cpu,474.510,% one core
naive,3:13,sample_free_ram,1.097,GiB
naive,3:13,sample_battery_temp,38.000,C
naive,3:13,sample_thermal_status,1,Android PowerManager status
naive,3:13,sample_cpu0_freq,600,MHz
naive,3:13,sample_cpu1_freq,1800,MHz
naive,3:13,sample_cpu2_freq,1800,MHz
naive,3:13,sample_cpu3_freq,1800,MHz
naive,3:13,sample_cpu4_freq,2300,MHz
naive,3:13,sample_cpu5_freq,2300,MHz
naive,3:13,sample_cpu6_freq,2300,MHz
naive,3:13,sample_cpu7_freq,2300,MHz
naive,3:14,sample_elapsed,2011,ms
naive,3:14,sample_power,4.099,W
naive,3:14,sample_process_cpu,454.194,% one core
naive,3:14,sample_free_ram,1.097,GiB
naive,3:14,sample_battery_temp,38.000,C
naive,3:14,sample_thermal_status,1,Android PowerManager status
naive,3:14,sample_cpu0_freq,1000,MHz
naive,3:14,sample_cpu1_freq,1000,MHz
naive,3:14,sample_cpu2_freq,1000,MHz
naive,3:14,sample_cpu3_freq,1000,MHz
naive,3:14,sample_cpu4_freq,2300,MHz
naive,3:14,sample_cpu5_freq,2300,MHz
naive,3:14,sample_cpu6_freq,2300,MHz
naive,3:14,sample_cpu7_freq,2300,MHz
naive,3:15,sample_elapsed,2164,ms
naive,3:15,sample_power,4.099,W
naive,3:15,sample_process_cpu,460.784,% one core
naive,3:15,sample_free_ram,1.097,GiB
naive,3:15,sample_battery_temp,38.000,C
naive,3:15,sample_thermal_status,1,Android PowerManager status
naive,3:15,sample_cpu0_freq,1400,MHz
naive,3:15,sample_cpu1_freq,1400,MHz
naive,3:15,sample_cpu2_freq,1400,MHz
naive,3:15,sample_cpu3_freq,1400,MHz
naive,3:15,sample_cpu4_freq,2300,MHz
naive,3:15,sample_cpu5_freq,2300,MHz
naive,3:15,sample_cpu6_freq,2300,MHz
naive,3:15,sample_cpu7_freq,2300,MHz
naive,3:16,sample_elapsed,2317,ms
naive,3:16,sample_power,4.099,W
naive,3:16,sample_process_cpu,466.013,% one core
naive,3:16,sample_free_ram,1.096,GiB
naive,3:16,sample_battery_temp,38.000,C
naive,3:16,sample_thermal_status,1,Android PowerManager status
naive,3:16,sample_cpu0_freq,1200,MHz
naive,3:16,sample_cpu1_freq,900,MHz
naive,3:16,sample_cpu2_freq,900,MHz
naive,3:16,sample_cpu3_freq,900,MHz
naive,3:16,sample_cpu4_freq,2300,MHz
naive,3:16,sample_cpu5_freq,2300,MHz
naive,3:16,sample_cpu6_freq,2300,MHz
naive,3:16,sample_cpu7_freq,2300,MHz
naive,3:17,sample_elapsed,2470,ms
naive,3:17,sample_power,3.560,W
naive,3:17,sample_process_cpu,459.477,% one core
naive,3:17,sample_free_ram,1.095,GiB
naive,3:17,sample_battery_temp,38.000,C
naive,3:17,sample_thermal_status,1,Android PowerManager status
naive,3:17,sample_cpu0_freq,1800,MHz
naive,3:17,sample_cpu1_freq,1800,MHz
naive,3:17,sample_cpu2_freq,1800,MHz
naive,3:17,sample_cpu3_freq,1800,MHz
naive,3:17,sample_cpu4_freq,2300,MHz
naive,3:17,sample_cpu5_freq,2300,MHz
naive,3:17,sample_cpu6_freq,2300,MHz
naive,3:17,sample_cpu7_freq,2300,MHz
naive,3:18,sample_elapsed,2625,ms
naive,3:18,sample_power,3.560,W
naive,3:18,sample_process_cpu,460.645,% one core
naive,3:18,sample_free_ram,1.095,GiB
naive,3:18,sample_battery_temp,38.000,C
naive,3:18,sample_thermal_status,1,Android PowerManager status
naive,3:18,sample_cpu0_freq,600,MHz
naive,3:18,sample_cpu1_freq,600,MHz
naive,3:18,sample_cpu2_freq,600,MHz
naive,3:18,sample_cpu3_freq,600,MHz
naive,3:18,sample_cpu4_freq,2300,MHz
naive,3:18,sample_cpu5_freq,2300,MHz
naive,3:18,sample_cpu6_freq,2300,MHz
naive,3:18,sample_cpu7_freq,2300,MHz
naive,3:19,sample_elapsed,2779,ms
naive,3:19,sample_power,3.560,W
naive,3:19,sample_process_cpu,459.091,% one core
naive,3:19,sample_free_ram,1.095,GiB
naive,3:19,sample_battery_temp,38.000,C
naive,3:19,sample_thermal_status,1,Android PowerManager status
naive,3:19,sample_cpu0_freq,1300,MHz
naive,3:19,sample_cpu1_freq,1300,MHz
naive,3:19,sample_cpu2_freq,700,MHz
naive,3:19,sample_cpu3_freq,1300,MHz
naive,3:19,sample_cpu4_freq,2300,MHz
naive,3:19,sample_cpu5_freq,2300,MHz
naive,3:19,sample_cpu6_freq,2300,MHz
naive,3:19,sample_cpu7_freq,2300,MHz
naive,3:20,sample_elapsed,2936,ms
naive,3:20,sample_power,3.560,W
naive,3:20,sample_process_cpu,465.605,% one core
naive,3:20,sample_free_ram,1.095,GiB
naive,3:20,sample_battery_temp,38.000,C
naive,3:20,sample_thermal_status,1,Android PowerManager status
naive,3:20,sample_cpu0_freq,1300,MHz
naive,3:20,sample_cpu1_freq,1300,MHz
naive,3:20,sample_cpu2_freq,1300,MHz
naive,3:20,sample_cpu3_freq,1300,MHz
naive,3:20,sample_cpu4_freq,2300,MHz
naive,3:20,sample_cpu5_freq,2300,MHz
naive,3:20,sample_cpu6_freq,2300,MHz
naive,3:20,sample_cpu7_freq,2300,MHz
naive,3:21,sample_elapsed,3089,ms
naive,3:21,sample_power,3.915,W
naive,3:21,sample_process_cpu,477.778,% one core
naive,3:21,sample_free_ram,1.095,GiB
naive,3:21,sample_battery_temp,38.000,C
naive,3:21,sample_thermal_status,1,Android PowerManager status
naive,3:21,sample_cpu0_freq,900,MHz
naive,3:21,sample_cpu1_freq,900,MHz
naive,3:21,sample_cpu2_freq,900,MHz
naive,3:21,sample_cpu3_freq,900,MHz
naive,3:21,sample_cpu4_freq,2300,MHz
naive,3:21,sample_cpu5_freq,2300,MHz
naive,3:21,sample_cpu6_freq,2300,MHz
naive,3:21,sample_cpu7_freq,2300,MHz
naive,3:22,sample_elapsed,3249,ms
naive,3:22,sample_power,3.915,W
naive,3:22,sample_process_cpu,440.000,% one core
naive,3:22,sample_free_ram,1.095,GiB
naive,3:22,sample_battery_temp,38.000,C
naive,3:22,sample_thermal_status,1,Android PowerManager status
naive,3:22,sample_cpu0_freq,1800,MHz
naive,3:22,sample_cpu1_freq,1800,MHz
naive,3:22,sample_cpu2_freq,1800,MHz
naive,3:22,sample_cpu3_freq,1800,MHz
naive,3:22,sample_cpu4_freq,2300,MHz
naive,3:22,sample_cpu5_freq,2300,MHz
naive,3:22,sample_cpu6_freq,2300,MHz
naive,3:22,sample_cpu7_freq,2300,MHz
naive,3:23,sample_elapsed,3404,ms
naive,3:23,sample_power,3.915,W
naive,3:23,sample_process_cpu,468.387,% one core
naive,3:23,sample_free_ram,1.095,GiB
naive,3:23,sample_battery_temp,38.000,C
naive,3:23,sample_thermal_status,1,Android PowerManager status
naive,3:23,sample_cpu0_freq,1800,MHz
naive,3:23,sample_cpu1_freq,700,MHz
naive,3:23,sample_cpu2_freq,700,MHz
naive,3:23,sample_cpu3_freq,700,MHz
naive,3:23,sample_cpu4_freq,2300,MHz
naive,3:23,sample_cpu5_freq,2300,MHz
naive,3:23,sample_cpu6_freq,2300,MHz
naive,3:23,sample_cpu7_freq,2300,MHz
naive,3:24,sample_elapsed,3557,ms
naive,3:24,sample_power,3.915,W
naive,3:24,sample_process_cpu,459.477,% one core
naive,3:24,sample_free_ram,1.095,GiB
naive,3:24,sample_battery_temp,38.000,C
naive,3:24,sample_thermal_status,1,Android PowerManager status
naive,3:24,sample_cpu0_freq,1800,MHz
naive,3:24,sample_cpu1_freq,1800,MHz
naive,3:24,sample_cpu2_freq,1800,MHz
naive,3:24,sample_cpu3_freq,1800,MHz
naive,3:24,sample_cpu4_freq,2300,MHz
naive,3:24,sample_cpu5_freq,2300,MHz
naive,3:24,sample_cpu6_freq,2300,MHz
naive,3:24,sample_cpu7_freq,2300,MHz
naive,3:25,sample_elapsed,3716,ms
naive,3:25,sample_power,3.538,W
naive,3:25,sample_process_cpu,462.893,% one core
naive,3:25,sample_free_ram,1.095,GiB
naive,3:25,sample_battery_temp,38.000,C
naive,3:25,sample_thermal_status,1,Android PowerManager status
naive,3:25,sample_cpu0_freq,1600,MHz
naive,3:25,sample_cpu1_freq,1600,MHz
naive,3:25,sample_cpu2_freq,1600,MHz
naive,3:25,sample_cpu3_freq,1600,MHz
naive,3:25,sample_cpu4_freq,2300,MHz
naive,3:25,sample_cpu5_freq,2300,MHz
naive,3:25,sample_cpu6_freq,2300,MHz
naive,3:25,sample_cpu7_freq,2300,MHz
naive,3:26,sample_elapsed,3869,ms
naive,3:26,sample_power,3.538,W
naive,3:26,sample_process_cpu,467.320,% one core
naive,3:26,sample_free_ram,1.095,GiB
naive,3:26,sample_battery_temp,38.000,C
naive,3:26,sample_thermal_status,1,Android PowerManager status
naive,3:26,sample_cpu0_freq,1800,MHz
naive,3:26,sample_cpu1_freq,1800,MHz
naive,3:26,sample_cpu2_freq,1800,MHz
naive,3:26,sample_cpu3_freq,1800,MHz
naive,3:26,sample_cpu4_freq,2300,MHz
naive,3:26,sample_cpu5_freq,2300,MHz
naive,3:26,sample_cpu6_freq,2300,MHz
naive,3:26,sample_cpu7_freq,2300,MHz
naive,3:27,sample_elapsed,4024,ms
naive,3:27,sample_power,3.538,W
naive,3:27,sample_process_cpu,470.323,% one core
naive,3:27,sample_free_ram,1.095,GiB
naive,3:27,sample_battery_temp,38.000,C
naive,3:27,sample_thermal_status,1,Android PowerManager status
naive,3:27,sample_cpu0_freq,1800,MHz
naive,3:27,sample_cpu1_freq,1800,MHz
naive,3:27,sample_cpu2_freq,1800,MHz
naive,3:27,sample_cpu3_freq,1800,MHz
naive,3:27,sample_cpu4_freq,2300,MHz
naive,3:27,sample_cpu5_freq,2300,MHz
naive,3:27,sample_cpu6_freq,2300,MHz
naive,3:27,sample_cpu7_freq,2300,MHz
naive,3:28,sample_elapsed,4177,ms
naive,3:28,sample_power,3.538,W
naive,3:28,sample_process_cpu,465.359,% one core
naive,3:28,sample_free_ram,1.095,GiB
naive,3:28,sample_battery_temp,38.000,C
naive,3:28,sample_thermal_status,1,Android PowerManager status
naive,3:28,sample_cpu0_freq,1800,MHz
naive,3:28,sample_cpu1_freq,1800,MHz
naive,3:28,sample_cpu2_freq,1800,MHz
naive,3:28,sample_cpu3_freq,1800,MHz
naive,3:28,sample_cpu4_freq,2300,MHz
naive,3:28,sample_cpu5_freq,2300,MHz
naive,3:28,sample_cpu6_freq,2300,MHz
naive,3:28,sample_cpu7_freq,2300,MHz
naive,3:29,sample_elapsed,4331,ms
naive,3:29,sample_power,3.570,W
naive,3:29,sample_process_cpu,474.026,% one core
naive,3:29,sample_free_ram,1.095,GiB
naive,3:29,sample_battery_temp,38.000,C
naive,3:29,sample_thermal_status,1,Android PowerManager status
naive,3:29,sample_cpu0_freq,900,MHz
naive,3:29,sample_cpu1_freq,1800,MHz
naive,3:29,sample_cpu2_freq,1800,MHz
naive,3:29,sample_cpu3_freq,1800,MHz
naive,3:29,sample_cpu4_freq,2300,MHz
naive,3:29,sample_cpu5_freq,2300,MHz
naive,3:29,sample_cpu6_freq,2300,MHz
naive,3:29,sample_cpu7_freq,2300,MHz
naive,3:30,sample_elapsed,4488,ms
naive,3:30,sample_power,3.570,W
naive,3:30,sample_process_cpu,463.057,% one core
naive,3:30,sample_free_ram,1.094,GiB
naive,3:30,sample_battery_temp,38.000,C
naive,3:30,sample_thermal_status,1,Android PowerManager status
naive,3:30,sample_cpu0_freq,1800,MHz
naive,3:30,sample_cpu1_freq,1800,MHz
naive,3:30,sample_cpu2_freq,1800,MHz
naive,3:30,sample_cpu3_freq,1800,MHz
naive,3:30,sample_cpu4_freq,2300,MHz
naive,3:30,sample_cpu5_freq,2300,MHz
naive,3:30,sample_cpu6_freq,2300,MHz
naive,3:30,sample_cpu7_freq,2300,MHz
naive,3:31,sample_elapsed,4641,ms
naive,3:31,sample_power,3.570,W
naive,3:31,sample_process_cpu,455.556,% one core
naive,3:31,sample_free_ram,1.094,GiB
naive,3:31,sample_battery_temp,38.000,C
naive,3:31,sample_thermal_status,1,Android PowerManager status
naive,3:31,sample_cpu0_freq,1800,MHz
naive,3:31,sample_cpu1_freq,1800,MHz
naive,3:31,sample_cpu2_freq,1800,MHz
naive,3:31,sample_cpu3_freq,1800,MHz
naive,3:31,sample_cpu4_freq,2300,MHz
naive,3:31,sample_cpu5_freq,2300,MHz
naive,3:31,sample_cpu6_freq,2300,MHz
naive,3:31,sample_cpu7_freq,2300,MHz
naive,3:32,sample_elapsed,4795,ms
naive,3:32,sample_power,3.570,W
naive,3:32,sample_process_cpu,465.584,% one core
naive,3:32,sample_free_ram,1.094,GiB
naive,3:32,sample_battery_temp,38.000,C
naive,3:32,sample_thermal_status,1,Android PowerManager status
naive,3:32,sample_cpu0_freq,1800,MHz
naive,3:32,sample_cpu1_freq,1800,MHz
naive,3:32,sample_cpu2_freq,1800,MHz
naive,3:32,sample_cpu3_freq,1800,MHz
naive,3:32,sample_cpu4_freq,2300,MHz
naive,3:32,sample_cpu5_freq,2300,MHz
naive,3:32,sample_cpu6_freq,2300,MHz
naive,3:32,sample_cpu7_freq,2300,MHz
naive,3:33,sample_elapsed,4948,ms
naive,3:33,sample_power,3.652,W
naive,3:33,sample_process_cpu,455.556,% one core
naive,3:33,sample_free_ram,1.094,GiB
naive,3:33,sample_battery_temp,38.000,C
naive,3:33,sample_thermal_status,1,Android PowerManager status
naive,3:33,sample_cpu0_freq,1000,MHz
naive,3:33,sample_cpu1_freq,900,MHz
naive,3:33,sample_cpu2_freq,900,MHz
naive,3:33,sample_cpu3_freq,1800,MHz
naive,3:33,sample_cpu4_freq,2300,MHz
naive,3:33,sample_cpu5_freq,2300,MHz
naive,3:33,sample_cpu6_freq,2300,MHz
naive,3:33,sample_cpu7_freq,2300,MHz
naive,3:34,sample_elapsed,5104,ms
naive,3:34,sample_power,3.652,W
naive,3:34,sample_process_cpu,464.744,% one core
naive,3:34,sample_free_ram,1.094,GiB
naive,3:34,sample_battery_temp,38.000,C
naive,3:34,sample_thermal_status,1,Android PowerManager status
naive,3:34,sample_cpu0_freq,1800,MHz
naive,3:34,sample_cpu1_freq,1800,MHz
naive,3:34,sample_cpu2_freq,1800,MHz
naive,3:34,sample_cpu3_freq,1800,MHz
naive,3:34,sample_cpu4_freq,2300,MHz
naive,3:34,sample_cpu5_freq,2300,MHz
naive,3:34,sample_cpu6_freq,2300,MHz
naive,3:34,sample_cpu7_freq,2300,MHz
naive,3:35,sample_elapsed,5256,ms
naive,3:35,sample_power,3.652,W
naive,3:35,sample_process_cpu,465.789,% one core
naive,3:35,sample_free_ram,1.094,GiB
naive,3:35,sample_battery_temp,38.000,C
naive,3:35,sample_thermal_status,1,Android PowerManager status
naive,3:35,sample_cpu0_freq,1100,MHz
naive,3:35,sample_cpu1_freq,1200,MHz
naive,3:35,sample_cpu2_freq,1200,MHz
naive,3:35,sample_cpu3_freq,1200,MHz
naive,3:35,sample_cpu4_freq,2300,MHz
naive,3:35,sample_cpu5_freq,2300,MHz
naive,3:35,sample_cpu6_freq,2300,MHz
naive,3:35,sample_cpu7_freq,2300,MHz
naive,3:36,sample_elapsed,5409,ms
naive,3:36,sample_power,3.652,W
naive,3:36,sample_process_cpu,454.902,% one core
naive,3:36,sample_free_ram,1.094,GiB
naive,3:36,sample_battery_temp,38.000,C
naive,3:36,sample_thermal_status,1,Android PowerManager status
naive,3:36,sample_cpu0_freq,900,MHz
naive,3:36,sample_cpu1_freq,900,MHz
naive,3:36,sample_cpu2_freq,900,MHz
naive,3:36,sample_cpu3_freq,900,MHz
naive,3:36,sample_cpu4_freq,2300,MHz
naive,3:36,sample_cpu5_freq,2300,MHz
naive,3:36,sample_cpu6_freq,2300,MHz
naive,3:36,sample_cpu7_freq,2300,MHz
naive,3:37,sample_elapsed,5563,ms
naive,3:37,sample_power,3.538,W
naive,3:37,sample_process_cpu,468.182,% one core
naive,3:37,sample_free_ram,1.093,GiB
naive,3:37,sample_battery_temp,38.000,C
naive,3:37,sample_thermal_status,1,Android PowerManager status
naive,3:37,sample_cpu0_freq,1800,MHz
naive,3:37,sample_cpu1_freq,1800,MHz
naive,3:37,sample_cpu2_freq,1800,MHz
naive,3:37,sample_cpu3_freq,1800,MHz
naive,3:37,sample_cpu4_freq,2300,MHz
naive,3:37,sample_cpu5_freq,2300,MHz
naive,3:37,sample_cpu6_freq,2300,MHz
naive,3:37,sample_cpu7_freq,2300,MHz
naive,3:38,sample_elapsed,5717,ms
naive,3:38,sample_power,3.538,W
naive,3:38,sample_process_cpu,474.675,% one core
naive,3:38,sample_free_ram,1.093,GiB
naive,3:38,sample_battery_temp,38.000,C
naive,3:38,sample_thermal_status,1,Android PowerManager status
naive,3:38,sample_cpu0_freq,600,MHz
naive,3:38,sample_cpu1_freq,450,MHz
naive,3:38,sample_cpu2_freq,450,MHz
naive,3:38,sample_cpu3_freq,450,MHz
naive,3:38,sample_cpu4_freq,2300,MHz
naive,3:38,sample_cpu5_freq,2300,MHz
naive,3:38,sample_cpu6_freq,2300,MHz
naive,3:38,sample_cpu7_freq,2300,MHz
naive,3:39,sample_elapsed,5874,ms
naive,3:39,sample_power,3.538,W
naive,3:39,sample_process_cpu,448.408,% one core
naive,3:39,sample_free_ram,1.093,GiB
naive,3:39,sample_battery_temp,38.000,C
naive,3:39,sample_thermal_status,1,Android PowerManager status
naive,3:39,sample_cpu0_freq,1800,MHz
naive,3:39,sample_cpu1_freq,1800,MHz
naive,3:39,sample_cpu2_freq,1800,MHz
naive,3:39,sample_cpu3_freq,1800,MHz
naive,3:39,sample_cpu4_freq,2300,MHz
naive,3:39,sample_cpu5_freq,2300,MHz
naive,3:39,sample_cpu6_freq,2300,MHz
naive,3:39,sample_cpu7_freq,2300,MHz
naive,3:40,sample_elapsed,6027,ms
naive,3:40,sample_power,3.538,W
naive,3:40,sample_process_cpu,466.667,% one core
naive,3:40,sample_free_ram,1.093,GiB
naive,3:40,sample_battery_temp,38.000,C
naive,3:40,sample_thermal_status,1,Android PowerManager status
naive,3:40,sample_cpu0_freq,1100,MHz
naive,3:40,sample_cpu1_freq,1100,MHz
naive,3:40,sample_cpu2_freq,1200,MHz
naive,3:40,sample_cpu3_freq,1400,MHz
naive,3:40,sample_cpu4_freq,2300,MHz
naive,3:40,sample_cpu5_freq,2300,MHz
naive,3:40,sample_cpu6_freq,2300,MHz
naive,3:40,sample_cpu7_freq,2300,MHz
naive,3:41,sample_elapsed,6182,ms
naive,3:41,sample_power,3.808,W
naive,3:41,sample_process_cpu,468.387,% one core
naive,3:41,sample_free_ram,1.092,GiB
naive,3:41,sample_battery_temp,38.000,C
naive,3:41,sample_thermal_status,1,Android PowerManager status
naive,3:41,sample_cpu0_freq,1800,MHz
naive,3:41,sample_cpu1_freq,1800,MHz
naive,3:41,sample_cpu2_freq,1800,MHz
naive,3:41,sample_cpu3_freq,1800,MHz
naive,3:41,sample_cpu4_freq,2300,MHz
naive,3:41,sample_cpu5_freq,2300,MHz
naive,3:41,sample_cpu6_freq,2300,MHz
naive,3:41,sample_cpu7_freq,2300,MHz
naive,3:42,sample_elapsed,6336,ms
naive,3:42,sample_power,3.808,W
naive,3:42,sample_process_cpu,457.143,% one core
naive,3:42,sample_free_ram,1.092,GiB
naive,3:42,sample_battery_temp,38.000,C
naive,3:42,sample_thermal_status,1,Android PowerManager status
naive,3:42,sample_cpu0_freq,1800,MHz
naive,3:42,sample_cpu1_freq,1800,MHz
naive,3:42,sample_cpu2_freq,1800,MHz
naive,3:42,sample_cpu3_freq,1800,MHz
naive,3:42,sample_cpu4_freq,2300,MHz
naive,3:42,sample_cpu5_freq,2300,MHz
naive,3:42,sample_cpu6_freq,2300,MHz
naive,3:42,sample_cpu7_freq,2300,MHz
naive,3:43,sample_elapsed,6489,ms
naive,3:43,sample_power,3.808,W
naive,3:43,sample_process_cpu,461.438,% one core
naive,3:43,sample_free_ram,1.091,GiB
naive,3:43,sample_battery_temp,38.000,C
naive,3:43,sample_thermal_status,1,Android PowerManager status
naive,3:43,sample_cpu0_freq,700,MHz
naive,3:43,sample_cpu1_freq,1300,MHz
naive,3:43,sample_cpu2_freq,1300,MHz
naive,3:43,sample_cpu3_freq,700,MHz
naive,3:43,sample_cpu4_freq,2300,MHz
naive,3:43,sample_cpu5_freq,2300,MHz
naive,3:43,sample_cpu6_freq,2300,MHz
naive,3:43,sample_cpu7_freq,2300,MHz
naive,3:44,sample_elapsed,6642,ms
naive,3:44,sample_power,3.808,W
naive,3:44,sample_process_cpu,460.784,% one core
naive,3:44,sample_free_ram,1.091,GiB
naive,3:44,sample_battery_temp,38.000,C
naive,3:44,sample_thermal_status,1,Android PowerManager status
naive,3:44,sample_cpu0_freq,1800,MHz
naive,3:44,sample_cpu1_freq,1800,MHz
naive,3:44,sample_cpu2_freq,1800,MHz
naive,3:44,sample_cpu3_freq,1800,MHz
naive,3:44,sample_cpu4_freq,2300,MHz
naive,3:44,sample_cpu5_freq,2300,MHz
naive,3:44,sample_cpu6_freq,2300,MHz
naive,3:44,sample_cpu7_freq,2300,MHz
naive,3:45,sample_elapsed,6795,ms
naive,3:45,sample_power,4.015,W
naive,3:45,sample_process_cpu,462.092,% one core
naive,3:45,sample_free_ram,1.092,GiB
naive,3:45,sample_battery_temp,38.000,C
naive,3:45,sample_thermal_status,1,Android PowerManager status
naive,3:45,sample_cpu0_freq,1800,MHz
naive,3:45,sample_cpu1_freq,1800,MHz
naive,3:45,sample_cpu2_freq,1800,MHz
naive,3:45,sample_cpu3_freq,1800,MHz
naive,3:45,sample_cpu4_freq,2300,MHz
naive,3:45,sample_cpu5_freq,2300,MHz
naive,3:45,sample_cpu6_freq,2300,MHz
naive,3:45,sample_cpu7_freq,2300,MHz
naive,3:46,sample_elapsed,6950,ms
naive,3:46,sample_power,4.015,W
naive,3:46,sample_process_cpu,450.968,% one core
naive,3:46,sample_free_ram,1.092,GiB
naive,3:46,sample_battery_temp,38.000,C
naive,3:46,sample_thermal_status,1,Android PowerManager status
naive,3:46,sample_cpu0_freq,1800,MHz
naive,3:46,sample_cpu1_freq,1800,MHz
naive,3:46,sample_cpu2_freq,1800,MHz
naive,3:46,sample_cpu3_freq,1800,MHz
naive,3:46,sample_cpu4_freq,2300,MHz
naive,3:46,sample_cpu5_freq,2300,MHz
naive,3:46,sample_cpu6_freq,2300,MHz
naive,3:46,sample_cpu7_freq,2300,MHz
naive,3:47,sample_elapsed,7103,ms
naive,3:47,sample_power,4.015,W
naive,3:47,sample_process_cpu,462.092,% one core
naive,3:47,sample_free_ram,1.092,GiB
naive,3:47,sample_battery_temp,38.000,C
naive,3:47,sample_thermal_status,1,Android PowerManager status
naive,3:47,sample_cpu0_freq,1800,MHz
naive,3:47,sample_cpu1_freq,1800,MHz
naive,3:47,sample_cpu2_freq,1800,MHz
naive,3:47,sample_cpu3_freq,1800,MHz
naive,3:47,sample_cpu4_freq,2300,MHz
naive,3:47,sample_cpu5_freq,2300,MHz
naive,3:47,sample_cpu6_freq,2300,MHz
naive,3:47,sample_cpu7_freq,2300,MHz
naive,3:48,sample_elapsed,7256,ms
naive,3:48,sample_power,4.015,W
naive,3:48,sample_process_cpu,466.013,% one core
naive,3:48,sample_free_ram,1.091,GiB
naive,3:48,sample_battery_temp,38.000,C
naive,3:48,sample_thermal_status,1,Android PowerManager status
naive,3:48,sample_cpu0_freq,900,MHz
naive,3:48,sample_cpu1_freq,900,MHz
naive,3:48,sample_cpu2_freq,900,MHz
naive,3:48,sample_cpu3_freq,900,MHz
naive,3:48,sample_cpu4_freq,2300,MHz
naive,3:48,sample_cpu5_freq,2300,MHz
naive,3:48,sample_cpu6_freq,2300,MHz
naive,3:48,sample_cpu7_freq,2300,MHz
naive,3:49,sample_elapsed,7410,ms
naive,3:49,sample_power,3.913,W
naive,3:49,sample_process_cpu,466.234,% one core
naive,3:49,sample_free_ram,1.091,GiB
naive,3:49,sample_battery_temp,38.000,C
naive,3:49,sample_thermal_status,1,Android PowerManager status
naive,3:49,sample_cpu0_freq,800,MHz
naive,3:49,sample_cpu1_freq,1500,MHz
naive,3:49,sample_cpu2_freq,1500,MHz
naive,3:49,sample_cpu3_freq,1500,MHz
naive,3:49,sample_cpu4_freq,2300,MHz
naive,3:49,sample_cpu5_freq,2300,MHz
naive,3:49,sample_cpu6_freq,2300,MHz
naive,3:49,sample_cpu7_freq,2300,MHz
naive,3:50,sample_elapsed,7565,ms
naive,3:50,sample_power,3.913,W
naive,3:50,sample_process_cpu,463.871,% one core
naive,3:50,sample_free_ram,1.091,GiB
naive,3:50,sample_battery_temp,38.000,C
naive,3:50,sample_thermal_status,1,Android PowerManager status
naive,3:50,sample_cpu0_freq,1100,MHz
naive,3:50,sample_cpu1_freq,1000,MHz
naive,3:50,sample_cpu2_freq,1000,MHz
naive,3:50,sample_cpu3_freq,450,MHz
naive,3:50,sample_cpu4_freq,2300,MHz
naive,3:50,sample_cpu5_freq,2300,MHz
naive,3:50,sample_cpu6_freq,2300,MHz
naive,3:50,sample_cpu7_freq,2300,MHz
naive,3:51,sample_elapsed,7721,ms
naive,3:51,sample_power,3.913,W
naive,3:51,sample_process_cpu,453.205,% one core
naive,3:51,sample_free_ram,1.091,GiB
naive,3:51,sample_battery_temp,38.000,C
naive,3:51,sample_thermal_status,1,Android PowerManager status
naive,3:51,sample_cpu0_freq,1400,MHz
naive,3:51,sample_cpu1_freq,1400,MHz
naive,3:51,sample_cpu2_freq,1400,MHz
naive,3:51,sample_cpu3_freq,1400,MHz
naive,3:51,sample_cpu4_freq,2300,MHz
naive,3:51,sample_cpu5_freq,2300,MHz
naive,3:51,sample_cpu6_freq,2300,MHz
naive,3:51,sample_cpu7_freq,2300,MHz
naive,3:52,sample_elapsed,7874,ms
naive,3:52,sample_power,3.913,W
naive,3:52,sample_process_cpu,462.092,% one core
naive,3:52,sample_free_ram,1.091,GiB
naive,3:52,sample_battery_temp,38.000,C
naive,3:52,sample_thermal_status,1,Android PowerManager status
naive,3:52,sample_cpu0_freq,1800,MHz
naive,3:52,sample_cpu1_freq,1800,MHz
naive,3:52,sample_cpu2_freq,1800,MHz
naive,3:52,sample_cpu3_freq,1800,MHz
naive,3:52,sample_cpu4_freq,2300,MHz
naive,3:52,sample_cpu5_freq,2300,MHz
naive,3:52,sample_cpu6_freq,2300,MHz
naive,3:52,sample_cpu7_freq,2300,MHz
naive,3:53,sample_elapsed,8027,ms
naive,3:53,sample_power,3.814,W
naive,3:53,sample_process_cpu,471.242,% one core
naive,3:53,sample_free_ram,1.091,GiB
naive,3:53,sample_battery_temp,38.000,C
naive,3:53,sample_thermal_status,1,Android PowerManager status
naive,3:53,sample_cpu0_freq,1800,MHz
naive,3:53,sample_cpu1_freq,1800,MHz
naive,3:53,sample_cpu2_freq,1800,MHz
naive,3:53,sample_cpu3_freq,1800,MHz
naive,3:53,sample_cpu4_freq,2300,MHz
naive,3:53,sample_cpu5_freq,2300,MHz
naive,3:53,sample_cpu6_freq,2300,MHz
naive,3:53,sample_cpu7_freq,2300,MHz
naive,3:54,sample_elapsed,8183,ms
naive,3:54,sample_power,3.814,W
naive,3:54,sample_process_cpu,447.436,% one core
naive,3:54,sample_free_ram,1.092,GiB
naive,3:54,sample_battery_temp,38.000,C
naive,3:54,sample_thermal_status,1,Android PowerManager status
naive,3:54,sample_cpu0_freq,1800,MHz
naive,3:54,sample_cpu1_freq,1800,MHz
naive,3:54,sample_cpu2_freq,1800,MHz
naive,3:54,sample_cpu3_freq,1800,MHz
naive,3:54,sample_cpu4_freq,2300,MHz
naive,3:54,sample_cpu5_freq,2300,MHz
naive,3:54,sample_cpu6_freq,2300,MHz
naive,3:54,sample_cpu7_freq,2300,MHz
naive,3:55,sample_elapsed,8336,ms
naive,3:55,sample_power,3.814,W
naive,3:55,sample_process_cpu,484.967,% one core
naive,3:55,sample_free_ram,1.092,GiB
naive,3:55,sample_battery_temp,38.000,C
naive,3:55,sample_thermal_status,1,Android PowerManager status
naive,3:55,sample_cpu0_freq,1800,MHz
naive,3:55,sample_cpu1_freq,1800,MHz
naive,3:55,sample_cpu2_freq,1800,MHz
naive,3:55,sample_cpu3_freq,1800,MHz
naive,3:55,sample_cpu4_freq,2300,MHz
naive,3:55,sample_cpu5_freq,2300,MHz
naive,3:55,sample_cpu6_freq,2300,MHz
naive,3:55,sample_cpu7_freq,2300,MHz
naive,3:56,sample_elapsed,8490,ms
naive,3:56,sample_power,3.814,W
naive,3:56,sample_process_cpu,474.675,% one core
naive,3:56,sample_free_ram,1.092,GiB
naive,3:56,sample_battery_temp,38.000,C
naive,3:56,sample_thermal_status,1,Android PowerManager status
naive,3:56,sample_cpu0_freq,1800,MHz
naive,3:56,sample_cpu1_freq,1800,MHz
naive,3:56,sample_cpu2_freq,1800,MHz
naive,3:56,sample_cpu3_freq,1800,MHz
naive,3:56,sample_cpu4_freq,2300,MHz
naive,3:56,sample_cpu5_freq,2300,MHz
naive,3:56,sample_cpu6_freq,2300,MHz
naive,3:56,sample_cpu7_freq,2300,MHz
naive,3:57,sample_elapsed,8643,ms
naive,3:57,sample_power,3.985,W
naive,3:57,sample_process_cpu,479.739,% one core
naive,3:57,sample_free_ram,1.092,GiB
naive,3:57,sample_battery_temp,38.000,C
naive,3:57,sample_thermal_status,1,Android PowerManager status
naive,3:57,sample_cpu0_freq,450,MHz
naive,3:57,sample_cpu1_freq,1800,MHz
naive,3:57,sample_cpu2_freq,1800,MHz
naive,3:57,sample_cpu3_freq,1800,MHz
naive,3:57,sample_cpu4_freq,2300,MHz
naive,3:57,sample_cpu5_freq,2300,MHz
naive,3:57,sample_cpu6_freq,2300,MHz
naive,3:57,sample_cpu7_freq,2300,MHz
naive,3:58,sample_elapsed,8801,ms
naive,3:58,sample_power,3.985,W
naive,3:58,sample_process_cpu,465.823,% one core
naive,3:58,sample_free_ram,1.092,GiB
naive,3:58,sample_battery_temp,38.000,C
naive,3:58,sample_thermal_status,1,Android PowerManager status
naive,3:58,sample_cpu0_freq,1800,MHz
naive,3:58,sample_cpu1_freq,1800,MHz
naive,3:58,sample_cpu2_freq,1800,MHz
naive,3:58,sample_cpu3_freq,1800,MHz
naive,3:58,sample_cpu4_freq,2300,MHz
naive,3:58,sample_cpu5_freq,2300,MHz
naive,3:58,sample_cpu6_freq,2300,MHz
naive,3:58,sample_cpu7_freq,2300,MHz
naive,3:59,sample_elapsed,8954,ms
naive,3:59,sample_power,3.985,W
naive,3:59,sample_process_cpu,465.359,% one core
naive,3:59,sample_free_ram,1.093,GiB
naive,3:59,sample_battery_temp,38.000,C
naive,3:59,sample_thermal_status,1,Android PowerManager status
naive,3:59,sample_cpu0_freq,1800,MHz
naive,3:59,sample_cpu1_freq,1800,MHz
naive,3:59,sample_cpu2_freq,1800,MHz
naive,3:59,sample_cpu3_freq,1800,MHz
naive,3:59,sample_cpu4_freq,2300,MHz
naive,3:59,sample_cpu5_freq,2300,MHz
naive,3:59,sample_cpu6_freq,2300,MHz
naive,3:59,sample_cpu7_freq,2300,MHz
naive,3:60,sample_elapsed,9107,ms
naive,3:60,sample_power,3.985,W
naive,3:60,sample_process_cpu,477.124,% one core
naive,3:60,sample_free_ram,1.094,GiB
naive,3:60,sample_battery_temp,38.000,C
naive,3:60,sample_thermal_status,1,Android PowerManager status
naive,3:60,sample_cpu0_freq,450,MHz
naive,3:60,sample_cpu1_freq,450,MHz
naive,3:60,sample_cpu2_freq,450,MHz
naive,3:60,sample_cpu3_freq,450,MHz
naive,3:60,sample_cpu4_freq,2300,MHz
naive,3:60,sample_cpu5_freq,2300,MHz
naive,3:60,sample_cpu6_freq,2300,MHz
naive,3:60,sample_cpu7_freq,2300,MHz
naive,3:61,sample_elapsed,9261,ms
naive,3:61,sample_power,4.030,W
naive,3:61,sample_process_cpu,473.377,% one core
naive,3:61,sample_free_ram,1.093,GiB
naive,3:61,sample_battery_temp,38.000,C
naive,3:61,sample_thermal_status,1,Android PowerManager status
naive,3:61,sample_cpu0_freq,1800,MHz
naive,3:61,sample_cpu1_freq,1800,MHz
naive,3:61,sample_cpu2_freq,1800,MHz
naive,3:61,sample_cpu3_freq,1800,MHz
naive,3:61,sample_cpu4_freq,2300,MHz
naive,3:61,sample_cpu5_freq,2300,MHz
naive,3:61,sample_cpu6_freq,2300,MHz
naive,3:61,sample_cpu7_freq,2300,MHz
naive,3:62,sample_elapsed,9416,ms
naive,3:62,sample_power,4.030,W
naive,3:62,sample_process_cpu,469.032,% one core
naive,3:62,sample_free_ram,1.093,GiB
naive,3:62,sample_battery_temp,38.000,C
naive,3:62,sample_thermal_status,1,Android PowerManager status
naive,3:62,sample_cpu0_freq,1500,MHz
naive,3:62,sample_cpu1_freq,1500,MHz
naive,3:62,sample_cpu2_freq,1500,MHz
naive,3:62,sample_cpu3_freq,1500,MHz
naive,3:62,sample_cpu4_freq,2300,MHz
naive,3:62,sample_cpu5_freq,2300,MHz
naive,3:62,sample_cpu6_freq,2300,MHz
naive,3:62,sample_cpu7_freq,2300,MHz
naive,3:63,sample_elapsed,9569,ms
naive,3:63,sample_power,4.030,W
naive,3:63,sample_process_cpu,470.588,% one core
naive,3:63,sample_free_ram,1.093,GiB
naive,3:63,sample_battery_temp,38.000,C
naive,3:63,sample_thermal_status,1,Android PowerManager status
naive,3:63,sample_cpu0_freq,1800,MHz
naive,3:63,sample_cpu1_freq,1800,MHz
naive,3:63,sample_cpu2_freq,1800,MHz
naive,3:63,sample_cpu3_freq,1800,MHz
naive,3:63,sample_cpu4_freq,2300,MHz
naive,3:63,sample_cpu5_freq,2300,MHz
naive,3:63,sample_cpu6_freq,2300,MHz
naive,3:63,sample_cpu7_freq,2300,MHz
naive,3:64,sample_elapsed,9723,ms
naive,3:64,sample_power,4.030,W
naive,3:64,sample_process_cpu,466.234,% one core
naive,3:64,sample_free_ram,1.093,GiB
naive,3:64,sample_battery_temp,38.000,C
naive,3:64,sample_thermal_status,1,Android PowerManager status
naive,3:64,sample_cpu0_freq,1800,MHz
naive,3:64,sample_cpu1_freq,1300,MHz
naive,3:64,sample_cpu2_freq,1300,MHz
naive,3:64,sample_cpu3_freq,600,MHz
naive,3:64,sample_cpu4_freq,2300,MHz
naive,3:64,sample_cpu5_freq,2300,MHz
naive,3:64,sample_cpu6_freq,2300,MHz
naive,3:64,sample_cpu7_freq,2300,MHz
naive,3:65,sample_elapsed,9879,ms
naive,3:65,sample_power,4.384,W
naive,3:65,sample_process_cpu,478.205,% one core
naive,3:65,sample_free_ram,1.093,GiB
naive,3:65,sample_battery_temp,38.000,C
naive,3:65,sample_thermal_status,1,Android PowerManager status
naive,3:65,sample_cpu0_freq,1800,MHz
naive,3:65,sample_cpu1_freq,1800,MHz
naive,3:65,sample_cpu2_freq,1800,MHz
naive,3:65,sample_cpu3_freq,1800,MHz
naive,3:65,sample_cpu4_freq,2300,MHz
naive,3:65,sample_cpu5_freq,2300,MHz
naive,3:65,sample_cpu6_freq,2300,MHz
naive,3:65,sample_cpu7_freq,2300,MHz
naive,3:66,sample_elapsed,10036,ms
naive,3:66,sample_power,4.384,W
naive,3:66,sample_process_cpu,477.070,% one core
naive,3:66,sample_free_ram,1.093,GiB
naive,3:66,sample_battery_temp,38.000,C
naive,3:66,sample_thermal_status,1,Android PowerManager status
naive,3:66,sample_cpu0_freq,1800,MHz
naive,3:66,sample_cpu1_freq,1800,MHz
naive,3:66,sample_cpu2_freq,1800,MHz
naive,3:66,sample_cpu3_freq,1800,MHz
naive,3:66,sample_cpu4_freq,2300,MHz
naive,3:66,sample_cpu5_freq,2300,MHz
naive,3:66,sample_cpu6_freq,2300,MHz
naive,3:66,sample_cpu7_freq,2300,MHz
naive,3:67,sample_elapsed,10190,ms
naive,3:67,sample_power,4.384,W
naive,3:67,sample_process_cpu,491.558,% one core
naive,3:67,sample_free_ram,1.092,GiB
naive,3:67,sample_battery_temp,38.000,C
naive,3:67,sample_thermal_status,1,Android PowerManager status
naive,3:67,sample_cpu0_freq,1200,MHz
naive,3:67,sample_cpu1_freq,1200,MHz
naive,3:67,sample_cpu2_freq,450,MHz
naive,3:67,sample_cpu3_freq,450,MHz
naive,3:67,sample_cpu4_freq,2300,MHz
naive,3:67,sample_cpu5_freq,2300,MHz
naive,3:67,sample_cpu6_freq,2300,MHz
naive,3:67,sample_cpu7_freq,2300,MHz
naive,3:68,sample_elapsed,10350,ms
naive,3:68,sample_power,4.384,W
naive,3:68,sample_process_cpu,466.875,% one core
naive,3:68,sample_free_ram,1.092,GiB
naive,3:68,sample_battery_temp,38.000,C
naive,3:68,sample_thermal_status,1,Android PowerManager status
naive,3:68,sample_cpu0_freq,1800,MHz
naive,3:68,sample_cpu1_freq,1800,MHz
naive,3:68,sample_cpu2_freq,1800,MHz
naive,3:68,sample_cpu3_freq,1800,MHz
naive,3:68,sample_cpu4_freq,2300,MHz
naive,3:68,sample_cpu5_freq,2300,MHz
naive,3:68,sample_cpu6_freq,2300,MHz
naive,3:68,sample_cpu7_freq,2300,MHz
naive,3:69,sample_elapsed,10515,ms
naive,3:69,sample_power,4.429,W
naive,3:69,sample_process_cpu,474.545,% one core
naive,3:69,sample_free_ram,1.091,GiB
naive,3:69,sample_battery_temp,38.000,C
naive,3:69,sample_thermal_status,1,Android PowerManager status
naive,3:69,sample_cpu0_freq,1800,MHz
naive,3:69,sample_cpu1_freq,1800,MHz
naive,3:69,sample_cpu2_freq,1800,MHz
naive,3:69,sample_cpu3_freq,1800,MHz
naive,3:69,sample_cpu4_freq,2300,MHz
naive,3:69,sample_cpu5_freq,2300,MHz
naive,3:69,sample_cpu6_freq,2300,MHz
naive,3:69,sample_cpu7_freq,2300,MHz
naive,3:70,sample_elapsed,10672,ms
naive,3:70,sample_power,4.429,W
naive,3:70,sample_process_cpu,467.516,% one core
naive,3:70,sample_free_ram,1.091,GiB
naive,3:70,sample_battery_temp,38.000,C
naive,3:70,sample_thermal_status,1,Android PowerManager status
naive,3:70,sample_cpu0_freq,1800,MHz
naive,3:70,sample_cpu1_freq,1800,MHz
naive,3:70,sample_cpu2_freq,1800,MHz
naive,3:70,sample_cpu3_freq,1800,MHz
naive,3:70,sample_cpu4_freq,2300,MHz
naive,3:70,sample_cpu5_freq,2300,MHz
naive,3:70,sample_cpu6_freq,2300,MHz
naive,3:70,sample_cpu7_freq,2300,MHz
naive,3:71,sample_elapsed,10831,ms
naive,3:71,sample_power,4.429,W
naive,3:71,sample_process_cpu,466.667,% one core
naive,3:71,sample_free_ram,1.091,GiB
naive,3:71,sample_battery_temp,38.000,C
naive,3:71,sample_thermal_status,1,Android PowerManager status
naive,3:71,sample_cpu0_freq,800,MHz
naive,3:71,sample_cpu1_freq,1800,MHz
naive,3:71,sample_cpu2_freq,1800,MHz
naive,3:71,sample_cpu3_freq,1800,MHz
naive,3:71,sample_cpu4_freq,2300,MHz
naive,3:71,sample_cpu5_freq,2300,MHz
naive,3:71,sample_cpu6_freq,2300,MHz
naive,3:71,sample_cpu7_freq,2300,MHz
naive,3:72,sample_elapsed,10985,ms
naive,3:72,sample_power,4.429,W
naive,3:72,sample_process_cpu,470.130,% one core
naive,3:72,sample_free_ram,1.090,GiB
naive,3:72,sample_battery_temp,38.000,C
naive,3:72,sample_thermal_status,1,Android PowerManager status
naive,3:72,sample_cpu0_freq,1800,MHz
naive,3:72,sample_cpu1_freq,1800,MHz
naive,3:72,sample_cpu2_freq,1800,MHz
naive,3:72,sample_cpu3_freq,1800,MHz
naive,3:72,sample_cpu4_freq,2300,MHz
naive,3:72,sample_cpu5_freq,2300,MHz
naive,3:72,sample_cpu6_freq,2300,MHz
naive,3:72,sample_cpu7_freq,2300,MHz
naive,3:73,sample_elapsed,11139,ms
naive,3:73,sample_power,3.840,W
naive,3:73,sample_process_cpu,484.416,% one core
naive,3:73,sample_free_ram,1.091,GiB
naive,3:73,sample_battery_temp,38.000,C
naive,3:73,sample_thermal_status,1,Android PowerManager status
naive,3:73,sample_cpu0_freq,1800,MHz
naive,3:73,sample_cpu1_freq,1800,MHz
naive,3:73,sample_cpu2_freq,1800,MHz
naive,3:73,sample_cpu3_freq,1800,MHz
naive,3:73,sample_cpu4_freq,2300,MHz
naive,3:73,sample_cpu5_freq,2300,MHz
naive,3:73,sample_cpu6_freq,2300,MHz
naive,3:73,sample_cpu7_freq,2300,MHz
naive,3:74,sample_elapsed,11296,ms
naive,3:74,sample_power,3.840,W
naive,3:74,sample_process_cpu,465.605,% one core
naive,3:74,sample_free_ram,1.090,GiB
naive,3:74,sample_battery_temp,38.000,C
naive,3:74,sample_thermal_status,1,Android PowerManager status
naive,3:74,sample_cpu0_freq,1800,MHz
naive,3:74,sample_cpu1_freq,1800,MHz
naive,3:74,sample_cpu2_freq,1800,MHz
naive,3:74,sample_cpu3_freq,1800,MHz
naive,3:74,sample_cpu4_freq,2300,MHz
naive,3:74,sample_cpu5_freq,2300,MHz
naive,3:74,sample_cpu6_freq,2300,MHz
naive,3:74,sample_cpu7_freq,2300,MHz
naive,3:75,sample_elapsed,11451,ms
naive,3:75,sample_power,3.840,W
naive,3:75,sample_process_cpu,471.613,% one core
naive,3:75,sample_free_ram,1.090,GiB
naive,3:75,sample_battery_temp,38.000,C
naive,3:75,sample_thermal_status,1,Android PowerManager status
naive,3:75,sample_cpu0_freq,1800,MHz
naive,3:75,sample_cpu1_freq,1800,MHz
naive,3:75,sample_cpu2_freq,1800,MHz
naive,3:75,sample_cpu3_freq,1800,MHz
naive,3:75,sample_cpu4_freq,2300,MHz
naive,3:75,sample_cpu5_freq,2300,MHz
naive,3:75,sample_cpu6_freq,2300,MHz
naive,3:75,sample_cpu7_freq,2300,MHz
naive,3:76,sample_elapsed,11605,ms
naive,3:76,sample_power,3.840,W
naive,3:76,sample_process_cpu,461.039,% one core
naive,3:76,sample_free_ram,1.090,GiB
naive,3:76,sample_battery_temp,38.000,C
naive,3:76,sample_thermal_status,1,Android PowerManager status
naive,3:76,sample_cpu0_freq,1800,MHz
naive,3:76,sample_cpu1_freq,1800,MHz
naive,3:76,sample_cpu2_freq,1800,MHz
naive,3:76,sample_cpu3_freq,1800,MHz
naive,3:76,sample_cpu4_freq,2300,MHz
naive,3:76,sample_cpu5_freq,2300,MHz
naive,3:76,sample_cpu6_freq,2300,MHz
naive,3:76,sample_cpu7_freq,2300,MHz
naive,3:77,sample_elapsed,11758,ms
naive,3:77,sample_power,4.149,W
naive,3:77,sample_process_cpu,473.203,% one core
naive,3:77,sample_free_ram,1.090,GiB
naive,3:77,sample_battery_temp,38.000,C
naive,3:77,sample_thermal_status,1,Android PowerManager status
naive,3:77,sample_cpu0_freq,1100,MHz
naive,3:77,sample_cpu1_freq,1100,MHz
naive,3:77,sample_cpu2_freq,1100,MHz
naive,3:77,sample_cpu3_freq,1100,MHz
naive,3:77,sample_cpu4_freq,2300,MHz
naive,3:77,sample_cpu5_freq,2300,MHz
naive,3:77,sample_cpu6_freq,2300,MHz
naive,3:77,sample_cpu7_freq,2300,MHz
naive,3:78,sample_elapsed,11919,ms
naive,3:78,sample_power,4.149,W
naive,3:78,sample_process_cpu,451.553,% one core
naive,3:78,sample_free_ram,1.090,GiB
naive,3:78,sample_battery_temp,38.000,C
naive,3:78,sample_thermal_status,1,Android PowerManager status
naive,3:78,sample_cpu0_freq,1800,MHz
naive,3:78,sample_cpu1_freq,1800,MHz
naive,3:78,sample_cpu2_freq,1800,MHz
naive,3:78,sample_cpu3_freq,1800,MHz
naive,3:78,sample_cpu4_freq,2300,MHz
naive,3:78,sample_cpu5_freq,2300,MHz
naive,3:78,sample_cpu6_freq,2300,MHz
naive,3:78,sample_cpu7_freq,2300,MHz
naive,3:79,sample_elapsed,12071,ms
naive,3:79,sample_power,4.149,W
naive,3:79,sample_process_cpu,467.763,% one core
naive,3:79,sample_free_ram,1.089,GiB
naive,3:79,sample_battery_temp,38.000,C
naive,3:79,sample_thermal_status,1,Android PowerManager status
naive,3:79,sample_cpu0_freq,1000,MHz
naive,3:79,sample_cpu1_freq,1000,MHz
naive,3:79,sample_cpu2_freq,1000,MHz
naive,3:79,sample_cpu3_freq,1000,MHz
naive,3:79,sample_cpu4_freq,2300,MHz
naive,3:79,sample_cpu5_freq,2300,MHz
naive,3:79,sample_cpu6_freq,2300,MHz
naive,3:79,sample_cpu7_freq,2300,MHz
naive,3:80,sample_elapsed,12230,ms
naive,3:80,sample_power,4.149,W
naive,3:80,sample_process_cpu,465.409,% one core
naive,3:80,sample_free_ram,1.089,GiB
naive,3:80,sample_battery_temp,38.000,C
naive,3:80,sample_thermal_status,1,Android PowerManager status
naive,3:80,sample_cpu0_freq,1800,MHz
naive,3:80,sample_cpu1_freq,1800,MHz
naive,3:80,sample_cpu2_freq,1800,MHz
naive,3:80,sample_cpu3_freq,1800,MHz
naive,3:80,sample_cpu4_freq,2300,MHz
naive,3:80,sample_cpu5_freq,2300,MHz
naive,3:80,sample_cpu6_freq,2300,MHz
naive,3:80,sample_cpu7_freq,2300,MHz
naive,3:81,sample_elapsed,12385,ms
naive,3:81,sample_power,4.815,W
naive,3:81,sample_process_cpu,489.032,% one core
naive,3:81,sample_free_ram,1.089,GiB
naive,3:81,sample_battery_temp,38.000,C
naive,3:81,sample_thermal_status,1,Android PowerManager status
naive,3:81,sample_cpu0_freq,1800,MHz
naive,3:81,sample_cpu1_freq,1800,MHz
naive,3:81,sample_cpu2_freq,1800,MHz
naive,3:81,sample_cpu3_freq,1800,MHz
naive,3:81,sample_cpu4_freq,2300,MHz
naive,3:81,sample_cpu5_freq,2300,MHz
naive,3:81,sample_cpu6_freq,2300,MHz
naive,3:81,sample_cpu7_freq,2300,MHz
naive,3:82,sample_elapsed,12543,ms
naive,3:82,sample_power,4.815,W
naive,3:82,sample_process_cpu,461.392,% one core
naive,3:82,sample_free_ram,1.089,GiB
naive,3:82,sample_battery_temp,38.000,C
naive,3:82,sample_thermal_status,1,Android PowerManager status
naive,3:82,sample_cpu0_freq,1800,MHz
naive,3:82,sample_cpu1_freq,1200,MHz
naive,3:82,sample_cpu2_freq,1300,MHz
naive,3:82,sample_cpu3_freq,1300,MHz
naive,3:82,sample_cpu4_freq,2300,MHz
naive,3:82,sample_cpu5_freq,2300,MHz
naive,3:82,sample_cpu6_freq,2300,MHz
naive,3:82,sample_cpu7_freq,2300,MHz
naive,3:83,sample_elapsed,12697,ms
naive,3:83,sample_power,4.815,W
naive,3:83,sample_process_cpu,465.584,% one core
naive,3:83,sample_free_ram,1.089,GiB
naive,3:83,sample_battery_temp,38.000,C
naive,3:83,sample_thermal_status,1,Android PowerManager status
naive,3:83,sample_cpu0_freq,1000,MHz
naive,3:83,sample_cpu1_freq,900,MHz
naive,3:83,sample_cpu2_freq,900,MHz
naive,3:83,sample_cpu3_freq,900,MHz
naive,3:83,sample_cpu4_freq,2300,MHz
naive,3:83,sample_cpu5_freq,2300,MHz
naive,3:83,sample_cpu6_freq,2300,MHz
naive,3:83,sample_cpu7_freq,2300,MHz
naive,3:84,sample_elapsed,12849,ms
naive,3:84,sample_power,4.815,W
naive,3:84,sample_process_cpu,472.368,% one core
naive,3:84,sample_free_ram,1.089,GiB
naive,3:84,sample_battery_temp,38.000,C
naive,3:84,sample_thermal_status,1,Android PowerManager status
naive,3:84,sample_cpu0_freq,1800,MHz
naive,3:84,sample_cpu1_freq,1800,MHz
naive,3:84,sample_cpu2_freq,1800,MHz
naive,3:84,sample_cpu3_freq,1800,MHz
naive,3:84,sample_cpu4_freq,2300,MHz
naive,3:84,sample_cpu5_freq,2300,MHz
naive,3:84,sample_cpu6_freq,2300,MHz
naive,3:84,sample_cpu7_freq,2300,MHz
naive,3:85,sample_elapsed,13002,ms
naive,3:85,sample_power,4.571,W
naive,3:85,sample_process_cpu,492.157,% one core
naive,3:85,sample_free_ram,1.088,GiB
naive,3:85,sample_battery_temp,38.000,C
naive,3:85,sample_thermal_status,1,Android PowerManager status
naive,3:85,sample_cpu0_freq,1800,MHz
naive,3:85,sample_cpu1_freq,1800,MHz
naive,3:85,sample_cpu2_freq,1800,MHz
naive,3:85,sample_cpu3_freq,1800,MHz
naive,3:85,sample_cpu4_freq,2300,MHz
naive,3:85,sample_cpu5_freq,2300,MHz
naive,3:85,sample_cpu6_freq,2300,MHz
naive,3:85,sample_cpu7_freq,2300,MHz
naive,3:86,sample_elapsed,13160,ms
naive,3:86,sample_power,4.571,W
naive,3:86,sample_process_cpu,455.063,% one core
naive,3:86,sample_free_ram,1.088,GiB
naive,3:86,sample_battery_temp,38.000,C
naive,3:86,sample_thermal_status,1,Android PowerManager status
naive,3:86,sample_cpu0_freq,1800,MHz
naive,3:86,sample_cpu1_freq,1800,MHz
naive,3:86,sample_cpu2_freq,1800,MHz
naive,3:86,sample_cpu3_freq,1800,MHz
naive,3:86,sample_cpu4_freq,2300,MHz
naive,3:86,sample_cpu5_freq,2300,MHz
naive,3:86,sample_cpu6_freq,2300,MHz
naive,3:86,sample_cpu7_freq,2300,MHz
naive,3:87,sample_elapsed,13313,ms
naive,3:87,sample_power,4.571,W
naive,3:87,sample_process_cpu,476.471,% one core
naive,3:87,sample_free_ram,1.088,GiB
naive,3:87,sample_battery_temp,38.000,C
naive,3:87,sample_thermal_status,1,Android PowerManager status
naive,3:87,sample_cpu0_freq,1800,MHz
naive,3:87,sample_cpu1_freq,1000,MHz
naive,3:87,sample_cpu2_freq,1800,MHz
naive,3:87,sample_cpu3_freq,1800,MHz
naive,3:87,sample_cpu4_freq,2300,MHz
naive,3:87,sample_cpu5_freq,2300,MHz
naive,3:87,sample_cpu6_freq,2300,MHz
naive,3:87,sample_cpu7_freq,2300,MHz
naive,3:88,sample_elapsed,13467,ms
naive,3:88,sample_power,4.571,W
naive,3:88,sample_process_cpu,470.130,% one core
naive,3:88,sample_free_ram,1.088,GiB
naive,3:88,sample_battery_temp,38.000,C
naive,3:88,sample_thermal_status,1,Android PowerManager status
naive,3:88,sample_cpu0_freq,1500,MHz
naive,3:88,sample_cpu1_freq,1500,MHz
naive,3:88,sample_cpu2_freq,1500,MHz
naive,3:88,sample_cpu3_freq,1800,MHz
naive,3:88,sample_cpu4_freq,2300,MHz
naive,3:88,sample_cpu5_freq,2300,MHz
naive,3:88,sample_cpu6_freq,2300,MHz
naive,3:88,sample_cpu7_freq,2300,MHz
naive,3:89,sample_elapsed,13620,ms
naive,3:89,sample_power,3.855,W
naive,3:89,sample_process_cpu,484.967,% one core
naive,3:89,sample_free_ram,1.088,GiB
naive,3:89,sample_battery_temp,38.000,C
naive,3:89,sample_thermal_status,1,Android PowerManager status
naive,3:89,sample_cpu0_freq,800,MHz
naive,3:89,sample_cpu1_freq,800,MHz
naive,3:89,sample_cpu2_freq,800,MHz
naive,3:89,sample_cpu3_freq,800,MHz
naive,3:89,sample_cpu4_freq,2300,MHz
naive,3:89,sample_cpu5_freq,2300,MHz
naive,3:89,sample_cpu6_freq,2300,MHz
naive,3:89,sample_cpu7_freq,2300,MHz
naive,3:90,sample_elapsed,13778,ms
naive,3:90,sample_power,3.855,W
naive,3:90,sample_process_cpu,484.177,% one core
naive,3:90,sample_free_ram,1.088,GiB
naive,3:90,sample_battery_temp,38.000,C
naive,3:90,sample_thermal_status,1,Android PowerManager status
naive,3:90,sample_cpu0_freq,1800,MHz
naive,3:90,sample_cpu1_freq,1800,MHz
naive,3:90,sample_cpu2_freq,1800,MHz
naive,3:90,sample_cpu3_freq,1800,MHz
naive,3:90,sample_cpu4_freq,2300,MHz
naive,3:90,sample_cpu5_freq,2300,MHz
naive,3:90,sample_cpu6_freq,2300,MHz
naive,3:90,sample_cpu7_freq,2300,MHz
naive,3:91,sample_elapsed,13938,ms
naive,3:91,sample_power,3.855,W
naive,3:91,sample_process_cpu,456.875,% one core
naive,3:91,sample_free_ram,1.087,GiB
naive,3:91,sample_battery_temp,38.000,C
naive,3:91,sample_thermal_status,1,Android PowerManager status
naive,3:91,sample_cpu0_freq,1800,MHz
naive,3:91,sample_cpu1_freq,1800,MHz
naive,3:91,sample_cpu2_freq,1800,MHz
naive,3:91,sample_cpu3_freq,1800,MHz
naive,3:91,sample_cpu4_freq,2300,MHz
naive,3:91,sample_cpu5_freq,2300,MHz
naive,3:91,sample_cpu6_freq,2300,MHz
naive,3:91,sample_cpu7_freq,2300,MHz
naive,3:92,sample_elapsed,14091,ms
naive,3:92,sample_power,3.997,W
naive,3:92,sample_process_cpu,471.895,% one core
naive,3:92,sample_free_ram,1.087,GiB
naive,3:92,sample_battery_temp,38.000,C
naive,3:92,sample_thermal_status,1,Android PowerManager status
naive,3:92,sample_cpu0_freq,1800,MHz
naive,3:92,sample_cpu1_freq,1800,MHz
naive,3:92,sample_cpu2_freq,1800,MHz
naive,3:92,sample_cpu3_freq,1800,MHz
naive,3:92,sample_cpu4_freq,2300,MHz
naive,3:92,sample_cpu5_freq,2300,MHz
naive,3:92,sample_cpu6_freq,2300,MHz
naive,3:92,sample_cpu7_freq,2300,MHz
naive,3:93,sample_elapsed,14245,ms
naive,3:93,sample_power,3.997,W
naive,3:93,sample_process_cpu,473.377,% one core
naive,3:93,sample_free_ram,1.087,GiB
naive,3:93,sample_battery_temp,38.000,C
naive,3:93,sample_thermal_status,1,Android PowerManager status
naive,3:93,sample_cpu0_freq,700,MHz
naive,3:93,sample_cpu1_freq,1000,MHz
naive,3:93,sample_cpu2_freq,900,MHz
naive,3:93,sample_cpu3_freq,900,MHz
naive,3:93,sample_cpu4_freq,2300,MHz
naive,3:93,sample_cpu5_freq,2300,MHz
naive,3:93,sample_cpu6_freq,2300,MHz
naive,3:93,sample_cpu7_freq,2300,MHz
naive,3:94,sample_elapsed,14397,ms
naive,3:94,sample_power,3.997,W
naive,3:94,sample_process_cpu,461.184,% one core
naive,3:94,sample_free_ram,1.086,GiB
naive,3:94,sample_battery_temp,38.000,C
naive,3:94,sample_thermal_status,1,Android PowerManager status
naive,3:94,sample_cpu0_freq,1800,MHz
naive,3:94,sample_cpu1_freq,1800,MHz
naive,3:94,sample_cpu2_freq,1800,MHz
naive,3:94,sample_cpu3_freq,1800,MHz
naive,3:94,sample_cpu4_freq,2300,MHz
naive,3:94,sample_cpu5_freq,2300,MHz
naive,3:94,sample_cpu6_freq,2300,MHz
naive,3:94,sample_cpu7_freq,2300,MHz
naive,3:95,sample_elapsed,14550,ms
naive,3:95,sample_power,3.961,W
naive,3:95,sample_process_cpu,473.203,% one core
naive,3:95,sample_free_ram,1.086,GiB
naive,3:95,sample_battery_temp,38.000,C
naive,3:95,sample_thermal_status,1,Android PowerManager status
naive,3:95,sample_cpu0_freq,800,MHz
naive,3:95,sample_cpu1_freq,1700,MHz
naive,3:95,sample_cpu2_freq,1700,MHz
naive,3:95,sample_cpu3_freq,1700,MHz
naive,3:95,sample_cpu4_freq,2300,MHz
naive,3:95,sample_cpu5_freq,2300,MHz
naive,3:95,sample_cpu6_freq,2300,MHz
naive,3:95,sample_cpu7_freq,2300,MHz
naive,3:96,sample_elapsed,14707,ms
naive,3:96,sample_power,3.961,W
naive,3:96,sample_process_cpu,455.414,% one core
naive,3:96,sample_free_ram,1.086,GiB
naive,3:96,sample_battery_temp,38.000,C
naive,3:96,sample_thermal_status,1,Android PowerManager status
naive,3:96,sample_cpu0_freq,1800,MHz
naive,3:96,sample_cpu1_freq,1800,MHz
naive,3:96,sample_cpu2_freq,1800,MHz
naive,3:96,sample_cpu3_freq,1800,MHz
naive,3:96,sample_cpu4_freq,2300,MHz
naive,3:96,sample_cpu5_freq,2300,MHz
naive,3:96,sample_cpu6_freq,2300,MHz
naive,3:96,sample_cpu7_freq,2300,MHz
naive,3:97,sample_elapsed,14860,ms
naive,3:97,sample_power,3.961,W
naive,3:97,sample_process_cpu,464.706,% one core
naive,3:97,sample_free_ram,1.086,GiB
naive,3:97,sample_battery_temp,38.000,C
naive,3:97,sample_thermal_status,1,Android PowerManager status
naive,3:97,sample_cpu0_freq,700,MHz
naive,3:97,sample_cpu1_freq,700,MHz
naive,3:97,sample_cpu2_freq,700,MHz
naive,3:97,sample_cpu3_freq,700,MHz
naive,3:97,sample_cpu4_freq,2300,MHz
naive,3:97,sample_cpu5_freq,2300,MHz
naive,3:97,sample_cpu6_freq,2300,MHz
naive,3:97,sample_cpu7_freq,2300,MHz
naive,3:98,sample_elapsed,15013,ms
naive,3:98,sample_power,3.961,W
naive,3:98,sample_process_cpu,462.745,% one core
naive,3:98,sample_free_ram,1.086,GiB
naive,3:98,sample_battery_temp,38.000,C
naive,3:98,sample_thermal_status,1,Android PowerManager status
naive,3:98,sample_cpu0_freq,800,MHz
naive,3:98,sample_cpu1_freq,800,MHz
naive,3:98,sample_cpu2_freq,800,MHz
naive,3:98,sample_cpu3_freq,800,MHz
naive,3:98,sample_cpu4_freq,2300,MHz
naive,3:98,sample_cpu5_freq,2300,MHz
naive,3:98,sample_cpu6_freq,2300,MHz
naive,3:98,sample_cpu7_freq,2300,MHz
naive,3:99,sample_elapsed,15166,ms
naive,3:99,sample_power,4.136,W
naive,3:99,sample_process_cpu,469.935,% one core
naive,3:99,sample_free_ram,1.086,GiB
naive,3:99,sample_battery_temp,38.000,C
naive,3:99,sample_thermal_status,1,Android PowerManager status
naive,3:99,sample_cpu0_freq,1800,MHz
naive,3:99,sample_cpu1_freq,1800,MHz
naive,3:99,sample_cpu2_freq,1800,MHz
naive,3:99,sample_cpu3_freq,1800,MHz
naive,3:99,sample_cpu4_freq,2300,MHz
naive,3:99,sample_cpu5_freq,2300,MHz
naive,3:99,sample_cpu6_freq,2300,MHz
naive,3:99,sample_cpu7_freq,2300,MHz
naive,3:100,sample_elapsed,15320,ms
naive,3:100,sample_power,4.136,W
naive,3:100,sample_process_cpu,459.091,% one core
naive,3:100,sample_free_ram,1.086,GiB
naive,3:100,sample_battery_temp,38.000,C
naive,3:100,sample_thermal_status,1,Android PowerManager status
naive,3:100,sample_cpu0_freq,1000,MHz
naive,3:100,sample_cpu1_freq,1000,MHz
naive,3:100,sample_cpu2_freq,1000,MHz
naive,3:100,sample_cpu3_freq,1000,MHz
naive,3:100,sample_cpu4_freq,2300,MHz
naive,3:100,sample_cpu5_freq,2300,MHz
naive,3:100,sample_cpu6_freq,2300,MHz
naive,3:100,sample_cpu7_freq,2300,MHz
naive,3:101,sample_elapsed,15472,ms
naive,3:101,sample_power,4.136,W
naive,3:101,sample_process_cpu,467.105,% one core
naive,3:101,sample_free_ram,1.086,GiB
naive,3:101,sample_battery_temp,38.000,C
naive,3:101,sample_thermal_status,1,Android PowerManager status
naive,3:101,sample_cpu0_freq,800,MHz
naive,3:101,sample_cpu1_freq,800,MHz
naive,3:101,sample_cpu2_freq,800,MHz
naive,3:101,sample_cpu3_freq,800,MHz
naive,3:101,sample_cpu4_freq,2300,MHz
naive,3:101,sample_cpu5_freq,2300,MHz
naive,3:101,sample_cpu6_freq,2300,MHz
naive,3:101,sample_cpu7_freq,2300,MHz
naive,3:102,sample_elapsed,15626,ms
naive,3:102,sample_power,4.136,W
naive,3:102,sample_process_cpu,488.961,% one core
naive,3:102,sample_free_ram,1.086,GiB
naive,3:102,sample_battery_temp,38.000,C
naive,3:102,sample_thermal_status,1,Android PowerManager status
naive,3:102,sample_cpu0_freq,1800,MHz
naive,3:102,sample_cpu1_freq,1800,MHz
naive,3:102,sample_cpu2_freq,1800,MHz
naive,3:102,sample_cpu3_freq,1800,MHz
naive,3:102,sample_cpu4_freq,2300,MHz
naive,3:102,sample_cpu5_freq,2300,MHz
naive,3:102,sample_cpu6_freq,2300,MHz
naive,3:102,sample_cpu7_freq,2300,MHz
naive,3:103,sample_elapsed,15788,ms
naive,3:103,sample_power,4.047,W
naive,3:103,sample_process_cpu,465.432,% one core
naive,3:103,sample_free_ram,1.085,GiB
naive,3:103,sample_battery_temp,38.000,C
naive,3:103,sample_thermal_status,1,Android PowerManager status
naive,3:103,sample_cpu0_freq,800,MHz
naive,3:103,sample_cpu1_freq,800,MHz
naive,3:103,sample_cpu2_freq,800,MHz
naive,3:103,sample_cpu3_freq,800,MHz
naive,3:103,sample_cpu4_freq,2300,MHz
naive,3:103,sample_cpu5_freq,2300,MHz
naive,3:103,sample_cpu6_freq,2300,MHz
naive,3:103,sample_cpu7_freq,2300,MHz
naive,3:104,sample_elapsed,15943,ms
naive,3:104,sample_power,4.047,W
naive,3:104,sample_process_cpu,456.129,% one core
naive,3:104,sample_free_ram,1.085,GiB
naive,3:104,sample_battery_temp,38.000,C
naive,3:104,sample_thermal_status,1,Android PowerManager status
naive,3:104,sample_cpu0_freq,1200,MHz
naive,3:104,sample_cpu1_freq,1200,MHz
naive,3:104,sample_cpu2_freq,1200,MHz
naive,3:104,sample_cpu3_freq,1200,MHz
naive,3:104,sample_cpu4_freq,2300,MHz
naive,3:104,sample_cpu5_freq,2300,MHz
naive,3:104,sample_cpu6_freq,2300,MHz
naive,3:104,sample_cpu7_freq,2300,MHz
naive,3:105,sample_elapsed,16102,ms
naive,3:105,sample_power,4.047,W
naive,3:105,sample_process_cpu,476.730,% one core
naive,3:105,sample_free_ram,1.085,GiB
naive,3:105,sample_battery_temp,38.000,C
naive,3:105,sample_thermal_status,1,Android PowerManager status
naive,3:105,sample_cpu0_freq,1800,MHz
naive,3:105,sample_cpu1_freq,1800,MHz
naive,3:105,sample_cpu2_freq,1800,MHz
naive,3:105,sample_cpu3_freq,1800,MHz
naive,3:105,sample_cpu4_freq,2300,MHz
naive,3:105,sample_cpu5_freq,2300,MHz
naive,3:105,sample_cpu6_freq,2300,MHz
naive,3:105,sample_cpu7_freq,2300,MHz
naive,3:106,sample_elapsed,16265,ms
naive,3:106,sample_power,4.047,W
naive,3:106,sample_process_cpu,478.528,% one core
naive,3:106,sample_free_ram,1.085,GiB
naive,3:106,sample_battery_temp,38.000,C
naive,3:106,sample_thermal_status,1,Android PowerManager status
naive,3:106,sample_cpu0_freq,1600,MHz
naive,3:106,sample_cpu1_freq,1600,MHz
naive,3:106,sample_cpu2_freq,1600,MHz
naive,3:106,sample_cpu3_freq,1600,MHz
naive,3:106,sample_cpu4_freq,2300,MHz
naive,3:106,sample_cpu5_freq,2300,MHz
naive,3:106,sample_cpu6_freq,2300,MHz
naive,3:106,sample_cpu7_freq,2300,MHz
naive,3:107,sample_elapsed,16420,ms
naive,3:107,sample_power,4.502,W
naive,3:107,sample_process_cpu,476.774,% one core
naive,3:107,sample_free_ram,1.085,GiB
naive,3:107,sample_battery_temp,38.000,C
naive,3:107,sample_thermal_status,1,Android PowerManager status
naive,3:107,sample_cpu0_freq,1800,MHz
naive,3:107,sample_cpu1_freq,1800,MHz
naive,3:107,sample_cpu2_freq,1800,MHz
naive,3:107,sample_cpu3_freq,1800,MHz
naive,3:107,sample_cpu4_freq,2300,MHz
naive,3:107,sample_cpu5_freq,2300,MHz
naive,3:107,sample_cpu6_freq,2300,MHz
naive,3:107,sample_cpu7_freq,2300,MHz
naive,3:108,sample_elapsed,16574,ms
naive,3:108,sample_power,4.502,W
naive,3:108,sample_process_cpu,477.922,% one core
naive,3:108,sample_free_ram,1.084,GiB
naive,3:108,sample_battery_temp,38.000,C
naive,3:108,sample_thermal_status,1,Android PowerManager status
naive,3:108,sample_cpu0_freq,1800,MHz
naive,3:108,sample_cpu1_freq,1300,MHz
naive,3:108,sample_cpu2_freq,1500,MHz
naive,3:108,sample_cpu3_freq,1500,MHz
naive,3:108,sample_cpu4_freq,2300,MHz
naive,3:108,sample_cpu5_freq,2300,MHz
naive,3:108,sample_cpu6_freq,2300,MHz
naive,3:108,sample_cpu7_freq,2300,MHz
naive,3:109,sample_elapsed,16728,ms
naive,3:109,sample_power,4.502,W
naive,3:109,sample_process_cpu,481.169,% one core
naive,3:109,sample_free_ram,1.084,GiB
naive,3:109,sample_battery_temp,38.000,C
naive,3:109,sample_thermal_status,1,Android PowerManager status
naive,3:109,sample_cpu0_freq,1800,MHz
naive,3:109,sample_cpu1_freq,1800,MHz
naive,3:109,sample_cpu2_freq,1800,MHz
naive,3:109,sample_cpu3_freq,1800,MHz
naive,3:109,sample_cpu4_freq,2300,MHz
naive,3:109,sample_cpu5_freq,2300,MHz
naive,3:109,sample_cpu6_freq,2300,MHz
naive,3:109,sample_cpu7_freq,2300,MHz
naive,3:110,sample_elapsed,16884,ms
naive,3:110,sample_power,4.502,W
naive,3:110,sample_process_cpu,465.385,% one core
naive,3:110,sample_free_ram,1.084,GiB
naive,3:110,sample_battery_temp,38.000,C
naive,3:110,sample_thermal_status,1,Android PowerManager status
naive,3:110,sample_cpu0_freq,1800,MHz
naive,3:110,sample_cpu1_freq,1800,MHz
naive,3:110,sample_cpu2_freq,1800,MHz
naive,3:110,sample_cpu3_freq,1800,MHz
naive,3:110,sample_cpu4_freq,2300,MHz
naive,3:110,sample_cpu5_freq,2300,MHz
naive,3:110,sample_cpu6_freq,2300,MHz
naive,3:110,sample_cpu7_freq,2300,MHz
naive,3:111,sample_elapsed,17037,ms
naive,3:111,sample_power,3.946,W
naive,3:111,sample_process_cpu,509.804,% one core
naive,3:111,sample_free_ram,1.083,GiB
naive,3:111,sample_battery_temp,38.000,C
naive,3:111,sample_thermal_status,1,Android PowerManager status
naive,3:111,sample_cpu0_freq,1800,MHz
naive,3:111,sample_cpu1_freq,1800,MHz
naive,3:111,sample_cpu2_freq,1800,MHz
naive,3:111,sample_cpu3_freq,1800,MHz
naive,3:111,sample_cpu4_freq,2300,MHz
naive,3:111,sample_cpu5_freq,2300,MHz
naive,3:111,sample_cpu6_freq,2300,MHz
naive,3:111,sample_cpu7_freq,2300,MHz
naive,3:112,sample_elapsed,17198,ms
naive,3:112,sample_power,3.946,W
naive,3:112,sample_process_cpu,469.565,% one core
naive,3:112,sample_free_ram,1.083,GiB
naive,3:112,sample_battery_temp,38.000,C
naive,3:112,sample_thermal_status,1,Android PowerManager status
naive,3:112,sample_cpu0_freq,1800,MHz
naive,3:112,sample_cpu1_freq,1800,MHz
naive,3:112,sample_cpu2_freq,1800,MHz
naive,3:112,sample_cpu3_freq,1800,MHz
naive,3:112,sample_cpu4_freq,2300,MHz
naive,3:112,sample_cpu5_freq,2300,MHz
naive,3:112,sample_cpu6_freq,2300,MHz
naive,3:112,sample_cpu7_freq,2300,MHz
naive,3:113,sample_elapsed,17352,ms
naive,3:113,sample_power,3.946,W
naive,3:113,sample_process_cpu,481.818,% one core
naive,3:113,sample_free_ram,1.083,GiB
naive,3:113,sample_battery_temp,38.000,C
naive,3:113,sample_thermal_status,1,Android PowerManager status
naive,3:113,sample_cpu0_freq,1800,MHz
naive,3:113,sample_cpu1_freq,1800,MHz
naive,3:113,sample_cpu2_freq,1800,MHz
naive,3:113,sample_cpu3_freq,1800,MHz
naive,3:113,sample_cpu4_freq,2300,MHz
naive,3:113,sample_cpu5_freq,2300,MHz
naive,3:113,sample_cpu6_freq,2300,MHz
naive,3:113,sample_cpu7_freq,2300,MHz
naive,3:114,sample_elapsed,17506,ms
naive,3:114,sample_power,3.946,W
naive,3:114,sample_process_cpu,470.130,% one core
naive,3:114,sample_free_ram,1.083,GiB
naive,3:114,sample_battery_temp,38.000,C
naive,3:114,sample_thermal_status,1,Android PowerManager status
naive,3:114,sample_cpu0_freq,1800,MHz
naive,3:114,sample_cpu1_freq,1800,MHz
naive,3:114,sample_cpu2_freq,1800,MHz
naive,3:114,sample_cpu3_freq,1800,MHz
naive,3:114,sample_cpu4_freq,2300,MHz
naive,3:114,sample_cpu5_freq,2300,MHz
naive,3:114,sample_cpu6_freq,2300,MHz
naive,3:114,sample_cpu7_freq,2300,MHz
naive,3:115,sample_elapsed,17660,ms
naive,3:115,sample_power,4.030,W
naive,3:115,sample_process_cpu,477.922,% one core
naive,3:115,sample_free_ram,1.083,GiB
naive,3:115,sample_battery_temp,38.000,C
naive,3:115,sample_thermal_status,1,Android PowerManager status
naive,3:115,sample_cpu0_freq,1800,MHz
naive,3:115,sample_cpu1_freq,1800,MHz
naive,3:115,sample_cpu2_freq,1800,MHz
naive,3:115,sample_cpu3_freq,1800,MHz
naive,3:115,sample_cpu4_freq,2300,MHz
naive,3:115,sample_cpu5_freq,2300,MHz
naive,3:115,sample_cpu6_freq,2300,MHz
naive,3:115,sample_cpu7_freq,2300,MHz
naive,3:116,sample_elapsed,17817,ms
naive,3:116,sample_power,4.030,W
naive,3:116,sample_process_cpu,467.516,% one core
naive,3:116,sample_free_ram,1.083,GiB
naive,3:116,sample_battery_temp,38.000,C
naive,3:116,sample_thermal_status,1,Android PowerManager status
naive,3:116,sample_cpu0_freq,1800,MHz
naive,3:116,sample_cpu1_freq,1800,MHz
naive,3:116,sample_cpu2_freq,1800,MHz
naive,3:116,sample_cpu3_freq,1800,MHz
naive,3:116,sample_cpu4_freq,2300,MHz
naive,3:116,sample_cpu5_freq,2300,MHz
naive,3:116,sample_cpu6_freq,2300,MHz
naive,3:116,sample_cpu7_freq,2300,MHz
naive,3:117,sample_elapsed,17973,ms
naive,3:117,sample_power,4.030,W
naive,3:117,sample_process_cpu,476.282,% one core
naive,3:117,sample_free_ram,1.083,GiB
naive,3:117,sample_battery_temp,38.000,C
naive,3:117,sample_thermal_status,1,Android PowerManager status
naive,3:117,sample_cpu0_freq,1600,MHz
naive,3:117,sample_cpu1_freq,1600,MHz
naive,3:117,sample_cpu2_freq,1600,MHz
naive,3:117,sample_cpu3_freq,1600,MHz
naive,3:117,sample_cpu4_freq,2300,MHz
naive,3:117,sample_cpu5_freq,2300,MHz
naive,3:117,sample_cpu6_freq,2300,MHz
naive,3:117,sample_cpu7_freq,2300,MHz
naive,3:118,sample_elapsed,18127,ms
naive,3:118,sample_power,4.030,W
naive,3:118,sample_process_cpu,475.974,% one core
naive,3:118,sample_free_ram,1.083,GiB
naive,3:118,sample_battery_temp,38.000,C
naive,3:118,sample_thermal_status,1,Android PowerManager status
naive,3:118,sample_cpu0_freq,1800,MHz
naive,3:118,sample_cpu1_freq,1800,MHz
naive,3:118,sample_cpu2_freq,1800,MHz
naive,3:118,sample_cpu3_freq,1800,MHz
naive,3:118,sample_cpu4_freq,2300,MHz
naive,3:118,sample_cpu5_freq,2300,MHz
naive,3:118,sample_cpu6_freq,2300,MHz
naive,3:118,sample_cpu7_freq,2300,MHz
naive,3:119,sample_elapsed,18284,ms
naive,3:119,sample_power,4.278,W
naive,3:119,sample_process_cpu,480.255,% one core
naive,3:119,sample_free_ram,1.083,GiB
naive,3:119,sample_battery_temp,38.000,C
naive,3:119,sample_thermal_status,1,Android PowerManager status
naive,3:119,sample_cpu0_freq,1800,MHz
naive,3:119,sample_cpu1_freq,1800,MHz
naive,3:119,sample_cpu2_freq,1800,MHz
naive,3:119,sample_cpu3_freq,1800,MHz
naive,3:119,sample_cpu4_freq,2300,MHz
naive,3:119,sample_cpu5_freq,2300,MHz
naive,3:119,sample_cpu6_freq,2300,MHz
naive,3:119,sample_cpu7_freq,2300,MHz
naive,3:120,sample_elapsed,18440,ms
naive,3:120,sample_power,4.278,W
naive,3:120,sample_process_cpu,456.410,% one core
naive,3:120,sample_free_ram,1.082,GiB
naive,3:120,sample_battery_temp,38.000,C
naive,3:120,sample_thermal_status,1,Android PowerManager status
naive,3:120,sample_cpu0_freq,1800,MHz
naive,3:120,sample_cpu1_freq,1800,MHz
naive,3:120,sample_cpu2_freq,1800,MHz
naive,3:120,sample_cpu3_freq,1800,MHz
naive,3:120,sample_cpu4_freq,2300,MHz
naive,3:120,sample_cpu5_freq,2300,MHz
naive,3:120,sample_cpu6_freq,2300,MHz
naive,3:120,sample_cpu7_freq,2300,MHz
naive,3:121,sample_elapsed,18596,ms
naive,3:121,sample_power,4.278,W
naive,3:121,sample_process_cpu,480.769,% one core
naive,3:121,sample_free_ram,1.082,GiB
naive,3:121,sample_battery_temp,38.000,C
naive,3:121,sample_thermal_status,1,Android PowerManager status
naive,3:121,sample_cpu0_freq,700,MHz
naive,3:121,sample_cpu1_freq,700,MHz
naive,3:121,sample_cpu2_freq,700,MHz
naive,3:121,sample_cpu3_freq,700,MHz
naive,3:121,sample_cpu4_freq,2300,MHz
naive,3:121,sample_cpu5_freq,2300,MHz
naive,3:121,sample_cpu6_freq,2300,MHz
naive,3:121,sample_cpu7_freq,2300,MHz
naive,3:122,sample_elapsed,18753,ms
naive,3:122,sample_power,4.278,W
naive,3:122,sample_process_cpu,457.962,% one core
naive,3:122,sample_free_ram,1.082,GiB
naive,3:122,sample_battery_temp,38.000,C
naive,3:122,sample_thermal_status,1,Android PowerManager status
naive,3:122,sample_cpu0_freq,1800,MHz
naive,3:122,sample_cpu1_freq,1800,MHz
naive,3:122,sample_cpu2_freq,1800,MHz
naive,3:122,sample_cpu3_freq,1800,MHz
naive,3:122,sample_cpu4_freq,2300,MHz
naive,3:122,sample_cpu5_freq,2300,MHz
naive,3:122,sample_cpu6_freq,2300,MHz
naive,3:122,sample_cpu7_freq,2300,MHz
naive,3:123,sample_elapsed,18907,ms
naive,3:123,sample_power,4.015,W
naive,3:123,sample_process_cpu,466.883,% one core
naive,3:123,sample_free_ram,1.082,GiB
naive,3:123,sample_battery_temp,38.000,C
naive,3:123,sample_thermal_status,1,Android PowerManager status
naive,3:123,sample_cpu0_freq,800,MHz
naive,3:123,sample_cpu1_freq,800,MHz
naive,3:123,sample_cpu2_freq,800,MHz
naive,3:123,sample_cpu3_freq,800,MHz
naive,3:123,sample_cpu4_freq,2300,MHz
naive,3:123,sample_cpu5_freq,2300,MHz
naive,3:123,sample_cpu6_freq,2300,MHz
naive,3:123,sample_cpu7_freq,2300,MHz
naive,3:124,sample_elapsed,19063,ms
naive,3:124,sample_power,4.015,W
naive,3:124,sample_process_cpu,455.769,% one core
naive,3:124,sample_free_ram,1.082,GiB
naive,3:124,sample_battery_temp,38.000,C
naive,3:124,sample_thermal_status,1,Android PowerManager status
naive,3:124,sample_cpu0_freq,1800,MHz
naive,3:124,sample_cpu1_freq,1800,MHz
naive,3:124,sample_cpu2_freq,1800,MHz
naive,3:124,sample_cpu3_freq,1800,MHz
naive,3:124,sample_cpu4_freq,2300,MHz
naive,3:124,sample_cpu5_freq,2300,MHz
naive,3:124,sample_cpu6_freq,2300,MHz
naive,3:124,sample_cpu7_freq,2300,MHz
naive,3:125,sample_elapsed,19216,ms
naive,3:125,sample_power,4.015,W
naive,3:125,sample_process_cpu,467.320,% one core
naive,3:125,sample_free_ram,1.082,GiB
naive,3:125,sample_battery_temp,38.000,C
naive,3:125,sample_thermal_status,1,Android PowerManager status
naive,3:125,sample_cpu0_freq,900,MHz
naive,3:125,sample_cpu1_freq,1300,MHz
naive,3:125,sample_cpu2_freq,1200,MHz
naive,3:125,sample_cpu3_freq,1200,MHz
naive,3:125,sample_cpu4_freq,2300,MHz
naive,3:125,sample_cpu5_freq,2300,MHz
naive,3:125,sample_cpu6_freq,2300,MHz
naive,3:125,sample_cpu7_freq,2300,MHz
naive,3:126,sample_elapsed,19371,ms
naive,3:126,sample_power,4.015,W
naive,3:126,sample_process_cpu,461.935,% one core
naive,3:126,sample_free_ram,1.082,GiB
naive,3:126,sample_battery_temp,38.000,C
naive,3:126,sample_thermal_status,1,Android PowerManager status
naive,3:126,sample_cpu0_freq,1800,MHz
naive,3:126,sample_cpu1_freq,1800,MHz
naive,3:126,sample_cpu2_freq,1800,MHz
naive,3:126,sample_cpu3_freq,1800,MHz
naive,3:126,sample_cpu4_freq,2300,MHz
naive,3:126,sample_cpu5_freq,2300,MHz
naive,3:126,sample_cpu6_freq,2300,MHz
naive,3:126,sample_cpu7_freq,2300,MHz
naive,3:127,sample_elapsed,19523,ms
naive,3:127,sample_power,4.164,W
naive,3:127,sample_process_cpu,482.895,% one core
naive,3:127,sample_free_ram,1.081,GiB
naive,3:127,sample_battery_temp,38.000,C
naive,3:127,sample_thermal_status,1,Android PowerManager status
naive,3:127,sample_cpu0_freq,1800,MHz
naive,3:127,sample_cpu1_freq,1600,MHz
naive,3:127,sample_cpu2_freq,600,MHz
naive,3:127,sample_cpu3_freq,600,MHz
naive,3:127,sample_cpu4_freq,2300,MHz
naive,3:127,sample_cpu5_freq,2300,MHz
naive,3:127,sample_cpu6_freq,2300,MHz
naive,3:127,sample_cpu7_freq,2300,MHz
naive,3:128,sample_elapsed,19679,ms
naive,3:128,sample_power,4.164,W
naive,3:128,sample_process_cpu,476.282,% one core
naive,3:128,sample_free_ram,1.081,GiB
naive,3:128,sample_battery_temp,38.000,C
naive,3:128,sample_thermal_status,1,Android PowerManager status
naive,3:128,sample_cpu0_freq,1800,MHz
naive,3:128,sample_cpu1_freq,1800,MHz
naive,3:128,sample_cpu2_freq,1800,MHz
naive,3:128,sample_cpu3_freq,1800,MHz
naive,3:128,sample_cpu4_freq,2300,MHz
naive,3:128,sample_cpu5_freq,2300,MHz
naive,3:128,sample_cpu6_freq,2300,MHz
naive,3:128,sample_cpu7_freq,2300,MHz
naive,3:129,sample_elapsed,19834,ms
naive,3:129,sample_power,4.164,W
naive,3:129,sample_process_cpu,465.161,% one core
naive,3:129,sample_free_ram,1.081,GiB
naive,3:129,sample_battery_temp,38.000,C
naive,3:129,sample_thermal_status,1,Android PowerManager status
naive,3:129,sample_cpu0_freq,1800,MHz
naive,3:129,sample_cpu1_freq,1800,MHz
naive,3:129,sample_cpu2_freq,1800,MHz
naive,3:129,sample_cpu3_freq,1800,MHz
naive,3:129,sample_cpu4_freq,2300,MHz
naive,3:129,sample_cpu5_freq,2300,MHz
naive,3:129,sample_cpu6_freq,2300,MHz
naive,3:129,sample_cpu7_freq,2300,MHz
naive,3:130,sample_elapsed,19987,ms
naive,3:130,sample_power,4.164,W
naive,3:130,sample_process_cpu,484.314,% one core
naive,3:130,sample_free_ram,1.081,GiB
naive,3:130,sample_battery_temp,38.000,C
naive,3:130,sample_thermal_status,1,Android PowerManager status
naive,3:130,sample_cpu0_freq,1800,MHz
naive,3:130,sample_cpu1_freq,1800,MHz
naive,3:130,sample_cpu2_freq,1800,MHz
naive,3:130,sample_cpu3_freq,1800,MHz
naive,3:130,sample_cpu4_freq,2300,MHz
naive,3:130,sample_cpu5_freq,2300,MHz
naive,3:130,sample_cpu6_freq,2300,MHz
naive,3:130,sample_cpu7_freq,2300,MHz
naive,3:131,sample_elapsed,20143,ms
naive,3:131,sample_power,4.757,W
naive,3:131,sample_process_cpu,491.026,% one core
naive,3:131,sample_free_ram,1.080,GiB
naive,3:131,sample_battery_temp,38.000,C
naive,3:131,sample_thermal_status,1,Android PowerManager status
naive,3:131,sample_cpu0_freq,1800,MHz
naive,3:131,sample_cpu1_freq,1800,MHz
naive,3:131,sample_cpu2_freq,1800,MHz
naive,3:131,sample_cpu3_freq,1800,MHz
naive,3:131,sample_cpu4_freq,2300,MHz
naive,3:131,sample_cpu5_freq,2300,MHz
naive,3:131,sample_cpu6_freq,2300,MHz
naive,3:131,sample_cpu7_freq,2300,MHz
naive,3:132,sample_elapsed,20305,ms
naive,3:132,sample_power,4.757,W
naive,3:132,sample_process_cpu,456.790,% one core
naive,3:132,sample_free_ram,1.080,GiB
naive,3:132,sample_battery_temp,38.000,C
naive,3:132,sample_thermal_status,1,Android PowerManager status
naive,3:132,sample_cpu0_freq,600,MHz
naive,3:132,sample_cpu1_freq,600,MHz
naive,3:132,sample_cpu2_freq,600,MHz
naive,3:132,sample_cpu3_freq,600,MHz
naive,3:132,sample_cpu4_freq,2300,MHz
naive,3:132,sample_cpu5_freq,2300,MHz
naive,3:132,sample_cpu6_freq,2300,MHz
naive,3:132,sample_cpu7_freq,2300,MHz
naive,3:133,sample_elapsed,20459,ms
naive,3:133,sample_power,4.757,W
naive,3:133,sample_process_cpu,470.130,% one core
naive,3:133,sample_free_ram,1.080,GiB
naive,3:133,sample_battery_temp,38.000,C
naive,3:133,sample_thermal_status,1,Android PowerManager status
naive,3:133,sample_cpu0_freq,1800,MHz
naive,3:133,sample_cpu1_freq,1800,MHz
naive,3:133,sample_cpu2_freq,1800,MHz
naive,3:133,sample_cpu3_freq,1800,MHz
naive,3:133,sample_cpu4_freq,2300,MHz
naive,3:133,sample_cpu5_freq,2300,MHz
naive,3:133,sample_cpu6_freq,2300,MHz
naive,3:133,sample_cpu7_freq,2300,MHz
naive,3:134,sample_elapsed,20615,ms
naive,3:134,sample_power,4.757,W
naive,3:134,sample_process_cpu,470.513,% one core
naive,3:134,sample_free_ram,1.080,GiB
naive,3:134,sample_battery_temp,38.000,C
naive,3:134,sample_thermal_status,1,Android PowerManager status
naive,3:134,sample_cpu0_freq,1800,MHz
naive,3:134,sample_cpu1_freq,1800,MHz
naive,3:134,sample_cpu2_freq,1800,MHz
naive,3:134,sample_cpu3_freq,1800,MHz
naive,3:134,sample_cpu4_freq,2300,MHz
naive,3:134,sample_cpu5_freq,2300,MHz
naive,3:134,sample_cpu6_freq,2300,MHz
naive,3:134,sample_cpu7_freq,2300,MHz
naive,3:135,sample_elapsed,20769,ms
naive,3:135,sample_power,4.351,W
naive,3:135,sample_process_cpu,479.870,% one core
naive,3:135,sample_free_ram,1.080,GiB
naive,3:135,sample_battery_temp,38.000,C
naive,3:135,sample_thermal_status,1,Android PowerManager status
naive,3:135,sample_cpu0_freq,1800,MHz
naive,3:135,sample_cpu1_freq,1800,MHz
naive,3:135,sample_cpu2_freq,1800,MHz
naive,3:135,sample_cpu3_freq,1800,MHz
naive,3:135,sample_cpu4_freq,2300,MHz
naive,3:135,sample_cpu5_freq,2300,MHz
naive,3:135,sample_cpu6_freq,2300,MHz
naive,3:135,sample_cpu7_freq,2300,MHz
naive,3:136,sample_elapsed,20926,ms
naive,3:136,sample_power,4.351,W
naive,3:136,sample_process_cpu,461.783,% one core
naive,3:136,sample_free_ram,1.080,GiB
naive,3:136,sample_battery_temp,38.000,C
naive,3:136,sample_thermal_status,1,Android PowerManager status
naive,3:136,sample_cpu0_freq,1800,MHz
naive,3:136,sample_cpu1_freq,1800,MHz
naive,3:136,sample_cpu2_freq,1800,MHz
naive,3:136,sample_cpu3_freq,1800,MHz
naive,3:136,sample_cpu4_freq,2300,MHz
naive,3:136,sample_cpu5_freq,2300,MHz
naive,3:136,sample_cpu6_freq,2300,MHz
naive,3:136,sample_cpu7_freq,2300,MHz
naive,3:137,sample_elapsed,21080,ms
naive,3:137,sample_power,4.351,W
naive,3:137,sample_process_cpu,471.429,% one core
naive,3:137,sample_free_ram,1.080,GiB
naive,3:137,sample_battery_temp,38.000,C
naive,3:137,sample_thermal_status,1,Android PowerManager status
naive,3:137,sample_cpu0_freq,1800,MHz
naive,3:137,sample_cpu1_freq,1800,MHz
naive,3:137,sample_cpu2_freq,1800,MHz
naive,3:137,sample_cpu3_freq,1800,MHz
naive,3:137,sample_cpu4_freq,2300,MHz
naive,3:137,sample_cpu5_freq,2300,MHz
naive,3:137,sample_cpu6_freq,2300,MHz
naive,3:137,sample_cpu7_freq,2300,MHz
naive,median,pp,90.200,tok/s
naive,stddev,pp,10.926,tok/s
naive,median,tg,7.720,tok/s
naive,stddev,tg,0.784,tok/s
naive,median,power,4.003,W
naive,stddev,power,0.214,W
naive,median,tok_per_w,1.928,tok/W
naive,stddev,tok_per_w,0.277,tok/W
naive,median,ttft_pp512_derived,5796.467,ms
naive,stddev,ttft_pp512_derived,791.760,ms
naive,median,start_temp,38.000,C
naive,stddev,start_temp,0.000,C
naive,median,average_process_cpu,468.141,% one core
naive,stddev,average_process_cpu,71.212,% one core
naive,median,minimum_free_ram,1.080,GiB
naive,stddev,minimum_free_ram,0.005,GiB
naive,median,peak_battery_temp,38.000,C
naive,stddev,peak_battery_temp,0.000,C
naive,median,mean_perf_core_clock,2300.000,MHz
naive,stddev,mean_perf_core_clock,0.000,MHz
naive,median,mean_little_core_clock,1601.103,MHz
naive,stddev,mean_little_core_clock,119.419,MHz
threads_only,1,pp,109.000,tok/s
threads_only,1,tg,15.500,tok/s
threads_only,1,power,4.287,W
threads_only,1,tok_per_w,3.615,tok/W
threads_only,1,ttft_pp512_derived,4761.764,ms
threads_only,1,start_temp,38.000,C
threads_only,1,average_process_cpu,474.581,% one core
threads_only,1,minimum_free_ram,0.780,GiB
threads_only,1,peak_battery_temp,38.000,C
threads_only,1,peak_thermal_status,1,Android PowerManager status
threads_only,1:1,sample_elapsed,1,ms
threads_only,1:1,sample_power,1.845,W
threads_only,1:1,sample_process_cpu,400.000,% one core
threads_only,1:1,sample_free_ram,0.953,GiB
threads_only,1:1,sample_battery_temp,38.000,C
threads_only,1:1,sample_thermal_status,1,Android PowerManager status
threads_only,1:1,sample_cpu0_freq,1800,MHz
threads_only,1:1,sample_cpu1_freq,1800,MHz
threads_only,1:1,sample_cpu2_freq,1800,MHz
threads_only,1:1,sample_cpu3_freq,1800,MHz
threads_only,1:1,sample_cpu4_freq,500,MHz
threads_only,1:1,sample_cpu5_freq,600,MHz
threads_only,1:1,sample_cpu6_freq,600,MHz
threads_only,1:1,sample_cpu7_freq,400,MHz
threads_only,1:2,sample_elapsed,160,ms
threads_only,1:2,sample_power,1.845,W
threads_only,1:2,sample_process_cpu,395.597,% one core
threads_only,1:2,sample_free_ram,0.897,GiB
threads_only,1:2,sample_battery_temp,38.000,C
threads_only,1:2,sample_thermal_status,1,Android PowerManager status
threads_only,1:2,sample_cpu0_freq,1800,MHz
threads_only,1:2,sample_cpu1_freq,1800,MHz
threads_only,1:2,sample_cpu2_freq,1800,MHz
threads_only,1:2,sample_cpu3_freq,1800,MHz
threads_only,1:2,sample_cpu4_freq,2300,MHz
threads_only,1:2,sample_cpu5_freq,2300,MHz
threads_only,1:2,sample_cpu6_freq,2300,MHz
threads_only,1:2,sample_cpu7_freq,2300,MHz
threads_only,1:3,sample_elapsed,319,ms
threads_only,1:3,sample_power,4.461,W
threads_only,1:3,sample_process_cpu,462.893,% one core
threads_only,1:3,sample_free_ram,0.881,GiB
threads_only,1:3,sample_battery_temp,38.000,C
threads_only,1:3,sample_thermal_status,1,Android PowerManager status
threads_only,1:3,sample_cpu0_freq,1800,MHz
threads_only,1:3,sample_cpu1_freq,1800,MHz
threads_only,1:3,sample_cpu2_freq,1800,MHz
threads_only,1:3,sample_cpu3_freq,1800,MHz
threads_only,1:3,sample_cpu4_freq,2300,MHz
threads_only,1:3,sample_cpu5_freq,2300,MHz
threads_only,1:3,sample_cpu6_freq,2300,MHz
threads_only,1:3,sample_cpu7_freq,2300,MHz
threads_only,1:4,sample_elapsed,476,ms
threads_only,1:4,sample_power,4.461,W
threads_only,1:4,sample_process_cpu,427.389,% one core
threads_only,1:4,sample_free_ram,0.890,GiB
threads_only,1:4,sample_battery_temp,38.000,C
threads_only,1:4,sample_thermal_status,1,Android PowerManager status
threads_only,1:4,sample_cpu0_freq,1800,MHz
threads_only,1:4,sample_cpu1_freq,1800,MHz
threads_only,1:4,sample_cpu2_freq,1800,MHz
threads_only,1:4,sample_cpu3_freq,1800,MHz
threads_only,1:4,sample_cpu4_freq,2300,MHz
threads_only,1:4,sample_cpu5_freq,2300,MHz
threads_only,1:4,sample_cpu6_freq,2300,MHz
threads_only,1:4,sample_cpu7_freq,2300,MHz
threads_only,1:5,sample_elapsed,630,ms
threads_only,1:5,sample_power,4.461,W
threads_only,1:5,sample_process_cpu,477.922,% one core
threads_only,1:5,sample_free_ram,0.880,GiB
threads_only,1:5,sample_battery_temp,38.000,C
threads_only,1:5,sample_thermal_status,1,Android PowerManager status
threads_only,1:5,sample_cpu0_freq,1800,MHz
threads_only,1:5,sample_cpu1_freq,1800,MHz
threads_only,1:5,sample_cpu2_freq,1800,MHz
threads_only,1:5,sample_cpu3_freq,1800,MHz
threads_only,1:5,sample_cpu4_freq,2300,MHz
threads_only,1:5,sample_cpu5_freq,2300,MHz
threads_only,1:5,sample_cpu6_freq,2300,MHz
threads_only,1:5,sample_cpu7_freq,2300,MHz
threads_only,1:6,sample_elapsed,786,ms
threads_only,1:6,sample_power,4.461,W
threads_only,1:6,sample_process_cpu,461.538,% one core
threads_only,1:6,sample_free_ram,0.864,GiB
threads_only,1:6,sample_battery_temp,38.000,C
threads_only,1:6,sample_thermal_status,1,Android PowerManager status
threads_only,1:6,sample_cpu0_freq,1800,MHz
threads_only,1:6,sample_cpu1_freq,1800,MHz
threads_only,1:6,sample_cpu2_freq,1800,MHz
threads_only,1:6,sample_cpu3_freq,1800,MHz
threads_only,1:6,sample_cpu4_freq,2300,MHz
threads_only,1:6,sample_cpu5_freq,2300,MHz
threads_only,1:6,sample_cpu6_freq,2300,MHz
threads_only,1:6,sample_cpu7_freq,2300,MHz
threads_only,1:7,sample_elapsed,941,ms
threads_only,1:7,sample_power,4.659,W
threads_only,1:7,sample_process_cpu,463.871,% one core
threads_only,1:7,sample_free_ram,0.849,GiB
threads_only,1:7,sample_battery_temp,38.000,C
threads_only,1:7,sample_thermal_status,1,Android PowerManager status
threads_only,1:7,sample_cpu0_freq,1800,MHz
threads_only,1:7,sample_cpu1_freq,1800,MHz
threads_only,1:7,sample_cpu2_freq,1800,MHz
threads_only,1:7,sample_cpu3_freq,1800,MHz
threads_only,1:7,sample_cpu4_freq,2300,MHz
threads_only,1:7,sample_cpu5_freq,2300,MHz
threads_only,1:7,sample_cpu6_freq,2300,MHz
threads_only,1:7,sample_cpu7_freq,2300,MHz
threads_only,1:8,sample_elapsed,1095,ms
threads_only,1:8,sample_power,4.659,W
threads_only,1:8,sample_process_cpu,454.545,% one core
threads_only,1:8,sample_free_ram,0.835,GiB
threads_only,1:8,sample_battery_temp,38.000,C
threads_only,1:8,sample_thermal_status,1,Android PowerManager status
threads_only,1:8,sample_cpu0_freq,1800,MHz
threads_only,1:8,sample_cpu1_freq,1800,MHz
threads_only,1:8,sample_cpu2_freq,1800,MHz
threads_only,1:8,sample_cpu3_freq,1800,MHz
threads_only,1:8,sample_cpu4_freq,2300,MHz
threads_only,1:8,sample_cpu5_freq,2300,MHz
threads_only,1:8,sample_cpu6_freq,2300,MHz
threads_only,1:8,sample_cpu7_freq,2300,MHz
threads_only,1:9,sample_elapsed,1247,ms
threads_only,1:9,sample_power,4.659,W
threads_only,1:9,sample_process_cpu,463.816,% one core
threads_only,1:9,sample_free_ram,0.832,GiB
threads_only,1:9,sample_battery_temp,38.000,C
threads_only,1:9,sample_thermal_status,1,Android PowerManager status
threads_only,1:9,sample_cpu0_freq,1800,MHz
threads_only,1:9,sample_cpu1_freq,1800,MHz
threads_only,1:9,sample_cpu2_freq,1800,MHz
threads_only,1:9,sample_cpu3_freq,1800,MHz
threads_only,1:9,sample_cpu4_freq,2300,MHz
threads_only,1:9,sample_cpu5_freq,2300,MHz
threads_only,1:9,sample_cpu6_freq,2300,MHz
threads_only,1:9,sample_cpu7_freq,2300,MHz
threads_only,1:10,sample_elapsed,1401,ms
threads_only,1:10,sample_power,4.659,W
threads_only,1:10,sample_process_cpu,397.403,% one core
threads_only,1:10,sample_free_ram,0.836,GiB
threads_only,1:10,sample_battery_temp,38.000,C
threads_only,1:10,sample_thermal_status,1,Android PowerManager status
threads_only,1:10,sample_cpu0_freq,1800,MHz
threads_only,1:10,sample_cpu1_freq,1800,MHz
threads_only,1:10,sample_cpu2_freq,1800,MHz
threads_only,1:10,sample_cpu3_freq,1800,MHz
threads_only,1:10,sample_cpu4_freq,2300,MHz
threads_only,1:10,sample_cpu5_freq,2300,MHz
threads_only,1:10,sample_cpu6_freq,2300,MHz
threads_only,1:10,sample_cpu7_freq,2300,MHz
threads_only,1:11,sample_elapsed,1565,ms
threads_only,1:11,sample_power,4.687,W
threads_only,1:11,sample_process_cpu,447.561,% one core
threads_only,1:11,sample_free_ram,0.825,GiB
threads_only,1:11,sample_battery_temp,38.000,C
threads_only,1:11,sample_thermal_status,1,Android PowerManager status
threads_only,1:11,sample_cpu0_freq,1800,MHz
threads_only,1:11,sample_cpu1_freq,1800,MHz
threads_only,1:11,sample_cpu2_freq,1800,MHz
threads_only,1:11,sample_cpu3_freq,1800,MHz
threads_only,1:11,sample_cpu4_freq,2300,MHz
threads_only,1:11,sample_cpu5_freq,2300,MHz
threads_only,1:11,sample_cpu6_freq,2300,MHz
threads_only,1:11,sample_cpu7_freq,2300,MHz
threads_only,1:12,sample_elapsed,1721,ms
threads_only,1:12,sample_power,4.687,W
threads_only,1:12,sample_process_cpu,435.256,% one core
threads_only,1:12,sample_free_ram,0.827,GiB
threads_only,1:12,sample_battery_temp,38.000,C
threads_only,1:12,sample_thermal_status,1,Android PowerManager status
threads_only,1:12,sample_cpu0_freq,1800,MHz
threads_only,1:12,sample_cpu1_freq,1800,MHz
threads_only,1:12,sample_cpu2_freq,1800,MHz
threads_only,1:12,sample_cpu3_freq,1800,MHz
threads_only,1:12,sample_cpu4_freq,2300,MHz
threads_only,1:12,sample_cpu5_freq,2300,MHz
threads_only,1:12,sample_cpu6_freq,2300,MHz
threads_only,1:12,sample_cpu7_freq,2300,MHz
threads_only,1:13,sample_elapsed,1873,ms
threads_only,1:13,sample_power,4.687,W
threads_only,1:13,sample_process_cpu,447.368,% one core
threads_only,1:13,sample_free_ram,0.836,GiB
threads_only,1:13,sample_battery_temp,38.000,C
threads_only,1:13,sample_thermal_status,1,Android PowerManager status
threads_only,1:13,sample_cpu0_freq,1800,MHz
threads_only,1:13,sample_cpu1_freq,1800,MHz
threads_only,1:13,sample_cpu2_freq,1800,MHz
threads_only,1:13,sample_cpu3_freq,1800,MHz
threads_only,1:13,sample_cpu4_freq,2300,MHz
threads_only,1:13,sample_cpu5_freq,2300,MHz
threads_only,1:13,sample_cpu6_freq,2300,MHz
threads_only,1:13,sample_cpu7_freq,2300,MHz
threads_only,1:14,sample_elapsed,2029,ms
threads_only,1:14,sample_power,4.687,W
threads_only,1:14,sample_process_cpu,444.231,% one core
threads_only,1:14,sample_free_ram,0.828,GiB
threads_only,1:14,sample_battery_temp,38.000,C
threads_only,1:14,sample_thermal_status,1,Android PowerManager status
threads_only,1:14,sample_cpu0_freq,1800,MHz
threads_only,1:14,sample_cpu1_freq,1800,MHz
threads_only,1:14,sample_cpu2_freq,1800,MHz
threads_only,1:14,sample_cpu3_freq,1800,MHz
threads_only,1:14,sample_cpu4_freq,2300,MHz
threads_only,1:14,sample_cpu5_freq,2300,MHz
threads_only,1:14,sample_cpu6_freq,2300,MHz
threads_only,1:14,sample_cpu7_freq,2300,MHz
threads_only,1:15,sample_elapsed,2181,ms
threads_only,1:15,sample_power,5.164,W
threads_only,1:15,sample_process_cpu,457.237,% one core
threads_only,1:15,sample_free_ram,0.797,GiB
threads_only,1:15,sample_battery_temp,38.000,C
threads_only,1:15,sample_thermal_status,1,Android PowerManager status
threads_only,1:15,sample_cpu0_freq,1800,MHz
threads_only,1:15,sample_cpu1_freq,1800,MHz
threads_only,1:15,sample_cpu2_freq,1800,MHz
threads_only,1:15,sample_cpu3_freq,1800,MHz
threads_only,1:15,sample_cpu4_freq,2300,MHz
threads_only,1:15,sample_cpu5_freq,2300,MHz
threads_only,1:15,sample_cpu6_freq,2300,MHz
threads_only,1:15,sample_cpu7_freq,2300,MHz
threads_only,1:16,sample_elapsed,2337,ms
threads_only,1:16,sample_power,5.164,W
threads_only,1:16,sample_process_cpu,448.718,% one core
threads_only,1:16,sample_free_ram,0.789,GiB
threads_only,1:16,sample_battery_temp,38.000,C
threads_only,1:16,sample_thermal_status,1,Android PowerManager status
threads_only,1:16,sample_cpu0_freq,1800,MHz
threads_only,1:16,sample_cpu1_freq,1800,MHz
threads_only,1:16,sample_cpu2_freq,1800,MHz
threads_only,1:16,sample_cpu3_freq,1800,MHz
threads_only,1:16,sample_cpu4_freq,2300,MHz
threads_only,1:16,sample_cpu5_freq,2300,MHz
threads_only,1:16,sample_cpu6_freq,2300,MHz
threads_only,1:16,sample_cpu7_freq,2300,MHz
threads_only,1:17,sample_elapsed,2489,ms
threads_only,1:17,sample_power,5.164,W
threads_only,1:17,sample_process_cpu,448.026,% one core
threads_only,1:17,sample_free_ram,0.780,GiB
threads_only,1:17,sample_battery_temp,38.000,C
threads_only,1:17,sample_thermal_status,1,Android PowerManager status
threads_only,1:17,sample_cpu0_freq,1800,MHz
threads_only,1:17,sample_cpu1_freq,1800,MHz
threads_only,1:17,sample_cpu2_freq,1800,MHz
threads_only,1:17,sample_cpu3_freq,1800,MHz
threads_only,1:17,sample_cpu4_freq,2300,MHz
threads_only,1:17,sample_cpu5_freq,2300,MHz
threads_only,1:17,sample_cpu6_freq,2300,MHz
threads_only,1:17,sample_cpu7_freq,2300,MHz
threads_only,1:18,sample_elapsed,2653,ms
threads_only,1:18,sample_power,5.164,W
threads_only,1:18,sample_process_cpu,362.805,% one core
threads_only,1:18,sample_free_ram,0.782,GiB
threads_only,1:18,sample_battery_temp,38.000,C
threads_only,1:18,sample_thermal_status,1,Android PowerManager status
threads_only,1:18,sample_cpu0_freq,1800,MHz
threads_only,1:18,sample_cpu1_freq,1800,MHz
threads_only,1:18,sample_cpu2_freq,1800,MHz
threads_only,1:18,sample_cpu3_freq,1800,MHz
threads_only,1:18,sample_cpu4_freq,2300,MHz
threads_only,1:18,sample_cpu5_freq,2300,MHz
threads_only,1:18,sample_cpu6_freq,2300,MHz
threads_only,1:18,sample_cpu7_freq,2300,MHz
threads_only,1:19,sample_elapsed,2806,ms
threads_only,1:19,sample_power,4.704,W
threads_only,1:19,sample_process_cpu,411.765,% one core
threads_only,1:19,sample_free_ram,0.804,GiB
threads_only,1:19,sample_battery_temp,38.000,C
threads_only,1:19,sample_thermal_status,1,Android PowerManager status
threads_only,1:19,sample_cpu0_freq,1800,MHz
threads_only,1:19,sample_cpu1_freq,1800,MHz
threads_only,1:19,sample_cpu2_freq,1800,MHz
threads_only,1:19,sample_cpu3_freq,1800,MHz
threads_only,1:19,sample_cpu4_freq,2300,MHz
threads_only,1:19,sample_cpu5_freq,2300,MHz
threads_only,1:19,sample_cpu6_freq,2300,MHz
threads_only,1:19,sample_cpu7_freq,2300,MHz
threads_only,1:20,sample_elapsed,2960,ms
threads_only,1:20,sample_power,4.704,W
threads_only,1:20,sample_process_cpu,411.688,% one core
threads_only,1:20,sample_free_ram,0.830,GiB
threads_only,1:20,sample_battery_temp,38.000,C
threads_only,1:20,sample_thermal_status,1,Android PowerManager status
threads_only,1:20,sample_cpu0_freq,1800,MHz
threads_only,1:20,sample_cpu1_freq,1800,MHz
threads_only,1:20,sample_cpu2_freq,1800,MHz
threads_only,1:20,sample_cpu3_freq,1800,MHz
threads_only,1:20,sample_cpu4_freq,2300,MHz
threads_only,1:20,sample_cpu5_freq,2300,MHz
threads_only,1:20,sample_cpu6_freq,2300,MHz
threads_only,1:20,sample_cpu7_freq,2300,MHz
threads_only,1:21,sample_elapsed,3112,ms
threads_only,1:21,sample_power,4.704,W
threads_only,1:21,sample_process_cpu,415.789,% one core
threads_only,1:21,sample_free_ram,0.855,GiB
threads_only,1:21,sample_battery_temp,38.000,C
threads_only,1:21,sample_thermal_status,1,Android PowerManager status
threads_only,1:21,sample_cpu0_freq,1800,MHz
threads_only,1:21,sample_cpu1_freq,1800,MHz
threads_only,1:21,sample_cpu2_freq,1800,MHz
threads_only,1:21,sample_cpu3_freq,1800,MHz
threads_only,1:21,sample_cpu4_freq,2300,MHz
threads_only,1:21,sample_cpu5_freq,2300,MHz
threads_only,1:21,sample_cpu6_freq,2300,MHz
threads_only,1:21,sample_cpu7_freq,2300,MHz
threads_only,1:22,sample_elapsed,3264,ms
threads_only,1:22,sample_power,4.704,W
threads_only,1:22,sample_process_cpu,407.895,% one core
threads_only,1:22,sample_free_ram,0.894,GiB
threads_only,1:22,sample_battery_temp,38.000,C
threads_only,1:22,sample_thermal_status,1,Android PowerManager status
threads_only,1:22,sample_cpu0_freq,1800,MHz
threads_only,1:22,sample_cpu1_freq,1800,MHz
threads_only,1:22,sample_cpu2_freq,1800,MHz
threads_only,1:22,sample_cpu3_freq,1800,MHz
threads_only,1:22,sample_cpu4_freq,2300,MHz
threads_only,1:22,sample_cpu5_freq,2300,MHz
threads_only,1:22,sample_cpu6_freq,2300,MHz
threads_only,1:22,sample_cpu7_freq,2300,MHz
threads_only,1:23,sample_elapsed,3421,ms
threads_only,1:23,sample_power,3.796,W
threads_only,1:23,sample_process_cpu,458.599,% one core
threads_only,1:23,sample_free_ram,0.891,GiB
threads_only,1:23,sample_battery_temp,38.000,C
threads_only,1:23,sample_thermal_status,1,Android PowerManager status
threads_only,1:23,sample_cpu0_freq,1800,MHz
threads_only,1:23,sample_cpu1_freq,1800,MHz
threads_only,1:23,sample_cpu2_freq,1800,MHz
threads_only,1:23,sample_cpu3_freq,1800,MHz
threads_only,1:23,sample_cpu4_freq,2300,MHz
threads_only,1:23,sample_cpu5_freq,2300,MHz
threads_only,1:23,sample_cpu6_freq,2300,MHz
threads_only,1:23,sample_cpu7_freq,2300,MHz
threads_only,1:24,sample_elapsed,3581,ms
threads_only,1:24,sample_power,3.796,W
threads_only,1:24,sample_process_cpu,457.500,% one core
threads_only,1:24,sample_free_ram,0.907,GiB
threads_only,1:24,sample_battery_temp,38.000,C
threads_only,1:24,sample_thermal_status,1,Android PowerManager status
threads_only,1:24,sample_cpu0_freq,1800,MHz
threads_only,1:24,sample_cpu1_freq,1800,MHz
threads_only,1:24,sample_cpu2_freq,1800,MHz
threads_only,1:24,sample_cpu3_freq,1800,MHz
threads_only,1:24,sample_cpu4_freq,2300,MHz
threads_only,1:24,sample_cpu5_freq,2300,MHz
threads_only,1:24,sample_cpu6_freq,2300,MHz
threads_only,1:24,sample_cpu7_freq,2300,MHz
threads_only,1:25,sample_elapsed,3739,ms
threads_only,1:25,sample_power,3.796,W
threads_only,1:25,sample_process_cpu,466.456,% one core
threads_only,1:25,sample_free_ram,0.910,GiB
threads_only,1:25,sample_battery_temp,38.000,C
threads_only,1:25,sample_thermal_status,1,Android PowerManager status
threads_only,1:25,sample_cpu0_freq,1800,MHz
threads_only,1:25,sample_cpu1_freq,1800,MHz
threads_only,1:25,sample_cpu2_freq,1800,MHz
threads_only,1:25,sample_cpu3_freq,1800,MHz
threads_only,1:25,sample_cpu4_freq,2300,MHz
threads_only,1:25,sample_cpu5_freq,2300,MHz
threads_only,1:25,sample_cpu6_freq,2300,MHz
threads_only,1:25,sample_cpu7_freq,2300,MHz
threads_only,1:26,sample_elapsed,3894,ms
threads_only,1:26,sample_power,3.796,W
threads_only,1:26,sample_process_cpu,469.677,% one core
threads_only,1:26,sample_free_ram,0.910,GiB
threads_only,1:26,sample_battery_temp,38.000,C
threads_only,1:26,sample_thermal_status,1,Android PowerManager status
threads_only,1:26,sample_cpu0_freq,1800,MHz
threads_only,1:26,sample_cpu1_freq,1800,MHz
threads_only,1:26,sample_cpu2_freq,1800,MHz
threads_only,1:26,sample_cpu3_freq,1800,MHz
threads_only,1:26,sample_cpu4_freq,2300,MHz
threads_only,1:26,sample_cpu5_freq,2300,MHz
threads_only,1:26,sample_cpu6_freq,2300,MHz
threads_only,1:26,sample_cpu7_freq,2300,MHz
threads_only,1:27,sample_elapsed,4051,ms
threads_only,1:27,sample_power,3.915,W
threads_only,1:27,sample_process_cpu,475.796,% one core
threads_only,1:27,sample_free_ram,0.911,GiB
threads_only,1:27,sample_battery_temp,38.000,C
threads_only,1:27,sample_thermal_status,1,Android PowerManager status
threads_only,1:27,sample_cpu0_freq,1800,MHz
threads_only,1:27,sample_cpu1_freq,1800,MHz
threads_only,1:27,sample_cpu2_freq,1800,MHz
threads_only,1:27,sample_cpu3_freq,1800,MHz
threads_only,1:27,sample_cpu4_freq,2300,MHz
threads_only,1:27,sample_cpu5_freq,2300,MHz
threads_only,1:27,sample_cpu6_freq,2300,MHz
threads_only,1:27,sample_cpu7_freq,2300,MHz
threads_only,1:28,sample_elapsed,4217,ms
threads_only,1:28,sample_power,3.915,W
threads_only,1:28,sample_process_cpu,457.229,% one core
threads_only,1:28,sample_free_ram,0.911,GiB
threads_only,1:28,sample_battery_temp,38.000,C
threads_only,1:28,sample_thermal_status,1,Android PowerManager status
threads_only,1:28,sample_cpu0_freq,1600,MHz
threads_only,1:28,sample_cpu1_freq,1600,MHz
threads_only,1:28,sample_cpu2_freq,1800,MHz
threads_only,1:28,sample_cpu3_freq,1800,MHz
threads_only,1:28,sample_cpu4_freq,2300,MHz
threads_only,1:28,sample_cpu5_freq,2300,MHz
threads_only,1:28,sample_cpu6_freq,2300,MHz
threads_only,1:28,sample_cpu7_freq,2300,MHz
threads_only,1:29,sample_elapsed,4374,ms
threads_only,1:29,sample_power,3.915,W
threads_only,1:29,sample_process_cpu,468.790,% one core
threads_only,1:29,sample_free_ram,0.911,GiB
threads_only,1:29,sample_battery_temp,38.000,C
threads_only,1:29,sample_thermal_status,1,Android PowerManager status
threads_only,1:29,sample_cpu0_freq,1400,MHz
threads_only,1:29,sample_cpu1_freq,1800,MHz
threads_only,1:29,sample_cpu2_freq,1800,MHz
threads_only,1:29,sample_cpu3_freq,1800,MHz
threads_only,1:29,sample_cpu4_freq,2300,MHz
threads_only,1:29,sample_cpu5_freq,2300,MHz
threads_only,1:29,sample_cpu6_freq,2300,MHz
threads_only,1:29,sample_cpu7_freq,2300,MHz
threads_only,1:30,sample_elapsed,4534,ms
threads_only,1:30,sample_power,3.915,W
threads_only,1:30,sample_process_cpu,461.875,% one core
threads_only,1:30,sample_free_ram,0.911,GiB
threads_only,1:30,sample_battery_temp,38.000,C
threads_only,1:30,sample_thermal_status,1,Android PowerManager status
threads_only,1:30,sample_cpu0_freq,1800,MHz
threads_only,1:30,sample_cpu1_freq,1800,MHz
threads_only,1:30,sample_cpu2_freq,1800,MHz
threads_only,1:30,sample_cpu3_freq,1800,MHz
threads_only,1:30,sample_cpu4_freq,2300,MHz
threads_only,1:30,sample_cpu5_freq,2300,MHz
threads_only,1:30,sample_cpu6_freq,2300,MHz
threads_only,1:30,sample_cpu7_freq,2300,MHz
threads_only,1:31,sample_elapsed,4689,ms
threads_only,1:31,sample_power,4.390,W
threads_only,1:31,sample_process_cpu,472.258,% one core
threads_only,1:31,sample_free_ram,0.911,GiB
threads_only,1:31,sample_battery_temp,38.000,C
threads_only,1:31,sample_thermal_status,1,Android PowerManager status
threads_only,1:31,sample_cpu0_freq,1000,MHz
threads_only,1:31,sample_cpu1_freq,1400,MHz
threads_only,1:31,sample_cpu2_freq,1400,MHz
threads_only,1:31,sample_cpu3_freq,1800,MHz
threads_only,1:31,sample_cpu4_freq,2300,MHz
threads_only,1:31,sample_cpu5_freq,2300,MHz
threads_only,1:31,sample_cpu6_freq,2300,MHz
threads_only,1:31,sample_cpu7_freq,2300,MHz
threads_only,1:32,sample_elapsed,4846,ms
threads_only,1:32,sample_power,4.390,W
threads_only,1:32,sample_process_cpu,475.796,% one core
threads_only,1:32,sample_free_ram,0.911,GiB
threads_only,1:32,sample_battery_temp,38.000,C
threads_only,1:32,sample_thermal_status,1,Android PowerManager status
threads_only,1:32,sample_cpu0_freq,1800,MHz
threads_only,1:32,sample_cpu1_freq,1800,MHz
threads_only,1:32,sample_cpu2_freq,1800,MHz
threads_only,1:32,sample_cpu3_freq,1800,MHz
threads_only,1:32,sample_cpu4_freq,2300,MHz
threads_only,1:32,sample_cpu5_freq,2300,MHz
threads_only,1:32,sample_cpu6_freq,2300,MHz
threads_only,1:32,sample_cpu7_freq,2300,MHz
threads_only,1:33,sample_elapsed,5018,ms
threads_only,1:33,sample_power,4.390,W
threads_only,1:33,sample_process_cpu,495.930,% one core
threads_only,1:33,sample_free_ram,0.911,GiB
threads_only,1:33,sample_battery_temp,38.000,C
threads_only,1:33,sample_thermal_status,1,Android PowerManager status
threads_only,1:33,sample_cpu0_freq,1800,MHz
threads_only,1:33,sample_cpu1_freq,1800,MHz
threads_only,1:33,sample_cpu2_freq,1800,MHz
threads_only,1:33,sample_cpu3_freq,1800,MHz
threads_only,1:33,sample_cpu4_freq,2300,MHz
threads_only,1:33,sample_cpu5_freq,2300,MHz
threads_only,1:33,sample_cpu6_freq,2300,MHz
threads_only,1:33,sample_cpu7_freq,2300,MHz
threads_only,1:34,sample_elapsed,5170,ms
threads_only,1:34,sample_power,4.390,W
threads_only,1:34,sample_process_cpu,477.632,% one core
threads_only,1:34,sample_free_ram,0.910,GiB
threads_only,1:34,sample_battery_temp,38.000,C
threads_only,1:34,sample_thermal_status,1,Android PowerManager status
threads_only,1:34,sample_cpu0_freq,1800,MHz
threads_only,1:34,sample_cpu1_freq,1800,MHz
threads_only,1:34,sample_cpu2_freq,1800,MHz
threads_only,1:34,sample_cpu3_freq,1800,MHz
threads_only,1:34,sample_cpu4_freq,2300,MHz
threads_only,1:34,sample_cpu5_freq,2300,MHz
threads_only,1:34,sample_cpu6_freq,2300,MHz
threads_only,1:34,sample_cpu7_freq,2300,MHz
threads_only,1:35,sample_elapsed,5324,ms
threads_only,1:35,sample_power,4.810,W
threads_only,1:35,sample_process_cpu,485.714,% one core
threads_only,1:35,sample_free_ram,0.912,GiB
threads_only,1:35,sample_battery_temp,38.000,C
threads_only,1:35,sample_thermal_status,1,Android PowerManager status
threads_only,1:35,sample_cpu0_freq,1800,MHz
threads_only,1:35,sample_cpu1_freq,1800,MHz
threads_only,1:35,sample_cpu2_freq,1800,MHz
threads_only,1:35,sample_cpu3_freq,1800,MHz
threads_only,1:35,sample_cpu4_freq,2300,MHz
threads_only,1:35,sample_cpu5_freq,2300,MHz
threads_only,1:35,sample_cpu6_freq,2300,MHz
threads_only,1:35,sample_cpu7_freq,2300,MHz
threads_only,1:36,sample_elapsed,5495,ms
threads_only,1:36,sample_power,4.810,W
threads_only,1:36,sample_process_cpu,471.345,% one core
threads_only,1:36,sample_free_ram,0.913,GiB
threads_only,1:36,sample_battery_temp,38.000,C
threads_only,1:36,sample_thermal_status,1,Android PowerManager status
threads_only,1:36,sample_cpu0_freq,1800,MHz
threads_only,1:36,sample_cpu1_freq,1800,MHz
threads_only,1:36,sample_cpu2_freq,1800,MHz
threads_only,1:36,sample_cpu3_freq,1800,MHz
threads_only,1:36,sample_cpu4_freq,2300,MHz
threads_only,1:36,sample_cpu5_freq,2300,MHz
threads_only,1:36,sample_cpu6_freq,2300,MHz
threads_only,1:36,sample_cpu7_freq,2300,MHz
threads_only,1:37,sample_elapsed,5664,ms
threads_only,1:37,sample_power,4.810,W
threads_only,1:37,sample_process_cpu,482.840,% one core
threads_only,1:37,sample_free_ram,0.914,GiB
threads_only,1:37,sample_battery_temp,38.000,C
threads_only,1:37,sample_thermal_status,1,Android PowerManager status
threads_only,1:37,sample_cpu0_freq,1800,MHz
threads_only,1:37,sample_cpu1_freq,1800,MHz
threads_only,1:37,sample_cpu2_freq,1800,MHz
threads_only,1:37,sample_cpu3_freq,1800,MHz
threads_only,1:37,sample_cpu4_freq,2300,MHz
threads_only,1:37,sample_cpu5_freq,2300,MHz
threads_only,1:37,sample_cpu6_freq,2300,MHz
threads_only,1:37,sample_cpu7_freq,2300,MHz
threads_only,1:38,sample_elapsed,5846,ms
threads_only,1:38,sample_power,4.132,W
threads_only,1:38,sample_process_cpu,488.462,% one core
threads_only,1:38,sample_free_ram,0.913,GiB
threads_only,1:38,sample_battery_temp,38.000,C
threads_only,1:38,sample_thermal_status,1,Android PowerManager status
threads_only,1:38,sample_cpu0_freq,1800,MHz
threads_only,1:38,sample_cpu1_freq,1800,MHz
threads_only,1:38,sample_cpu2_freq,1800,MHz
threads_only,1:38,sample_cpu3_freq,1800,MHz
threads_only,1:38,sample_cpu4_freq,2300,MHz
threads_only,1:38,sample_cpu5_freq,2300,MHz
threads_only,1:38,sample_cpu6_freq,2300,MHz
threads_only,1:38,sample_cpu7_freq,2300,MHz
threads_only,1:39,sample_elapsed,6031,ms
threads_only,1:39,sample_power,4.132,W
threads_only,1:39,sample_process_cpu,472.432,% one core
threads_only,1:39,sample_free_ram,0.912,GiB
threads_only,1:39,sample_battery_temp,38.000,C
threads_only,1:39,sample_thermal_status,1,Android PowerManager status
threads_only,1:39,sample_cpu0_freq,1800,MHz
threads_only,1:39,sample_cpu1_freq,1800,MHz
threads_only,1:39,sample_cpu2_freq,1800,MHz
threads_only,1:39,sample_cpu3_freq,1800,MHz
threads_only,1:39,sample_cpu4_freq,2300,MHz
threads_only,1:39,sample_cpu5_freq,2300,MHz
threads_only,1:39,sample_cpu6_freq,2300,MHz
threads_only,1:39,sample_cpu7_freq,2300,MHz
threads_only,1:40,sample_elapsed,6200,ms
threads_only,1:40,sample_power,4.132,W
threads_only,1:40,sample_process_cpu,481.065,% one core
threads_only,1:40,sample_free_ram,0.912,GiB
threads_only,1:40,sample_battery_temp,38.000,C
threads_only,1:40,sample_thermal_status,1,Android PowerManager status
threads_only,1:40,sample_cpu0_freq,1800,MHz
threads_only,1:40,sample_cpu1_freq,1800,MHz
threads_only,1:40,sample_cpu2_freq,1800,MHz
threads_only,1:40,sample_cpu3_freq,1800,MHz
threads_only,1:40,sample_cpu4_freq,2300,MHz
threads_only,1:40,sample_cpu5_freq,2300,MHz
threads_only,1:40,sample_cpu6_freq,2300,MHz
threads_only,1:40,sample_cpu7_freq,2300,MHz
threads_only,1:41,sample_elapsed,6361,ms
threads_only,1:41,sample_power,4.678,W
threads_only,1:41,sample_process_cpu,475.776,% one core
threads_only,1:41,sample_free_ram,0.912,GiB
threads_only,1:41,sample_battery_temp,38.000,C
threads_only,1:41,sample_thermal_status,1,Android PowerManager status
threads_only,1:41,sample_cpu0_freq,1800,MHz
threads_only,1:41,sample_cpu1_freq,1800,MHz
threads_only,1:41,sample_cpu2_freq,1800,MHz
threads_only,1:41,sample_cpu3_freq,1800,MHz
threads_only,1:41,sample_cpu4_freq,2300,MHz
threads_only,1:41,sample_cpu5_freq,2300,MHz
threads_only,1:41,sample_cpu6_freq,2300,MHz
threads_only,1:41,sample_cpu7_freq,2300,MHz
threads_only,1:42,sample_elapsed,6534,ms
threads_only,1:42,sample_power,4.678,W
threads_only,1:42,sample_process_cpu,491.329,% one core
threads_only,1:42,sample_free_ram,0.913,GiB
threads_only,1:42,sample_battery_temp,38.000,C
threads_only,1:42,sample_thermal_status,1,Android PowerManager status
threads_only,1:42,sample_cpu0_freq,1800,MHz
threads_only,1:42,sample_cpu1_freq,1800,MHz
threads_only,1:42,sample_cpu2_freq,1800,MHz
threads_only,1:42,sample_cpu3_freq,1800,MHz
threads_only,1:42,sample_cpu4_freq,2300,MHz
threads_only,1:42,sample_cpu5_freq,2300,MHz
threads_only,1:42,sample_cpu6_freq,2300,MHz
threads_only,1:42,sample_cpu7_freq,2300,MHz
threads_only,1:43,sample_elapsed,6717,ms
threads_only,1:43,sample_power,4.678,W
threads_only,1:43,sample_process_cpu,476.503,% one core
threads_only,1:43,sample_free_ram,0.913,GiB
threads_only,1:43,sample_battery_temp,38.000,C
threads_only,1:43,sample_thermal_status,1,Android PowerManager status
threads_only,1:43,sample_cpu0_freq,1800,MHz
threads_only,1:43,sample_cpu1_freq,1800,MHz
threads_only,1:43,sample_cpu2_freq,1800,MHz
threads_only,1:43,sample_cpu3_freq,1800,MHz
threads_only,1:43,sample_cpu4_freq,2300,MHz
threads_only,1:43,sample_cpu5_freq,2300,MHz
threads_only,1:43,sample_cpu6_freq,2300,MHz
threads_only,1:43,sample_cpu7_freq,2300,MHz
threads_only,1:44,sample_elapsed,6890,ms
threads_only,1:44,sample_power,4.017,W
threads_only,1:44,sample_process_cpu,506.358,% one core
threads_only,1:44,sample_free_ram,0.914,GiB
threads_only,1:44,sample_battery_temp,38.000,C
threads_only,1:44,sample_thermal_status,1,Android PowerManager status
threads_only,1:44,sample_cpu0_freq,1800,MHz
threads_only,1:44,sample_cpu1_freq,1800,MHz
threads_only,1:44,sample_cpu2_freq,1800,MHz
threads_only,1:44,sample_cpu3_freq,1800,MHz
threads_only,1:44,sample_cpu4_freq,2300,MHz
threads_only,1:44,sample_cpu5_freq,2300,MHz
threads_only,1:44,sample_cpu6_freq,2300,MHz
threads_only,1:44,sample_cpu7_freq,2300,MHz
threads_only,1:45,sample_elapsed,7052,ms
threads_only,1:45,sample_power,4.017,W
threads_only,1:45,sample_process_cpu,491.975,% one core
threads_only,1:45,sample_free_ram,0.914,GiB
threads_only,1:45,sample_battery_temp,38.000,C
threads_only,1:45,sample_thermal_status,1,Android PowerManager status
threads_only,1:45,sample_cpu0_freq,1800,MHz
threads_only,1:45,sample_cpu1_freq,1800,MHz
threads_only,1:45,sample_cpu2_freq,1800,MHz
threads_only,1:45,sample_cpu3_freq,1800,MHz
threads_only,1:45,sample_cpu4_freq,2300,MHz
threads_only,1:45,sample_cpu5_freq,2300,MHz
threads_only,1:45,sample_cpu6_freq,2300,MHz
threads_only,1:45,sample_cpu7_freq,2300,MHz
threads_only,1:46,sample_elapsed,7236,ms
threads_only,1:46,sample_power,4.017,W
threads_only,1:46,sample_process_cpu,500.543,% one core
threads_only,1:46,sample_free_ram,0.913,GiB
threads_only,1:46,sample_battery_temp,38.000,C
threads_only,1:46,sample_thermal_status,1,Android PowerManager status
threads_only,1:46,sample_cpu0_freq,1800,MHz
threads_only,1:46,sample_cpu1_freq,1800,MHz
threads_only,1:46,sample_cpu2_freq,1800,MHz
threads_only,1:46,sample_cpu3_freq,1800,MHz
threads_only,1:46,sample_cpu4_freq,2300,MHz
threads_only,1:46,sample_cpu5_freq,2300,MHz
threads_only,1:46,sample_cpu6_freq,2300,MHz
threads_only,1:46,sample_cpu7_freq,2300,MHz
threads_only,1:47,sample_elapsed,7402,ms
threads_only,1:47,sample_power,4.700,W
threads_only,1:47,sample_process_cpu,492.169,% one core
threads_only,1:47,sample_free_ram,0.913,GiB
threads_only,1:47,sample_battery_temp,38.000,C
threads_only,1:47,sample_thermal_status,1,Android PowerManager status
threads_only,1:47,sample_cpu0_freq,1800,MHz
threads_only,1:47,sample_cpu1_freq,1800,MHz
threads_only,1:47,sample_cpu2_freq,1800,MHz
threads_only,1:47,sample_cpu3_freq,1800,MHz
threads_only,1:47,sample_cpu4_freq,2300,MHz
threads_only,1:47,sample_cpu5_freq,2300,MHz
threads_only,1:47,sample_cpu6_freq,2300,MHz
threads_only,1:47,sample_cpu7_freq,2300,MHz
threads_only,1:48,sample_elapsed,7556,ms
threads_only,1:48,sample_power,4.700,W
threads_only,1:48,sample_process_cpu,501.948,% one core
threads_only,1:48,sample_free_ram,0.913,GiB
threads_only,1:48,sample_battery_temp,38.000,C
threads_only,1:48,sample_thermal_status,1,Android PowerManager status
threads_only,1:48,sample_cpu0_freq,1800,MHz
threads_only,1:48,sample_cpu1_freq,1800,MHz
threads_only,1:48,sample_cpu2_freq,1800,MHz
threads_only,1:48,sample_cpu3_freq,1800,MHz
threads_only,1:48,sample_cpu4_freq,2300,MHz
threads_only,1:48,sample_cpu5_freq,2300,MHz
threads_only,1:48,sample_cpu6_freq,2300,MHz
threads_only,1:48,sample_cpu7_freq,2300,MHz
threads_only,1:49,sample_elapsed,7773,ms
threads_only,1:49,sample_power,4.700,W
threads_only,1:49,sample_process_cpu,495.392,% one core
threads_only,1:49,sample_free_ram,0.913,GiB
threads_only,1:49,sample_battery_temp,38.000,C
threads_only,1:49,sample_thermal_status,1,Android PowerManager status
threads_only,1:49,sample_cpu0_freq,1800,MHz
threads_only,1:49,sample_cpu1_freq,1800,MHz
threads_only,1:49,sample_cpu2_freq,1800,MHz
threads_only,1:49,sample_cpu3_freq,1800,MHz
threads_only,1:49,sample_cpu4_freq,2300,MHz
threads_only,1:49,sample_cpu5_freq,2300,MHz
threads_only,1:49,sample_cpu6_freq,2300,MHz
threads_only,1:49,sample_cpu7_freq,2300,MHz
threads_only,1:50,sample_elapsed,7939,ms
threads_only,1:50,sample_power,4.474,W
threads_only,1:50,sample_process_cpu,501.205,% one core
threads_only,1:50,sample_free_ram,0.912,GiB
threads_only,1:50,sample_battery_temp,38.000,C
threads_only,1:50,sample_thermal_status,1,Android PowerManager status
threads_only,1:50,sample_cpu0_freq,1800,MHz
threads_only,1:50,sample_cpu1_freq,1800,MHz
threads_only,1:50,sample_cpu2_freq,1800,MHz
threads_only,1:50,sample_cpu3_freq,1800,MHz
threads_only,1:50,sample_cpu4_freq,2300,MHz
threads_only,1:50,sample_cpu5_freq,2300,MHz
threads_only,1:50,sample_cpu6_freq,2300,MHz
threads_only,1:50,sample_cpu7_freq,2300,MHz
threads_only,1:51,sample_elapsed,8116,ms
threads_only,1:51,sample_power,4.474,W
threads_only,1:51,sample_process_cpu,480.226,% one core
threads_only,1:51,sample_free_ram,0.913,GiB
threads_only,1:51,sample_battery_temp,38.000,C
threads_only,1:51,sample_thermal_status,1,Android PowerManager status
threads_only,1:51,sample_cpu0_freq,1800,MHz
threads_only,1:51,sample_cpu1_freq,1800,MHz
threads_only,1:51,sample_cpu2_freq,1800,MHz
threads_only,1:51,sample_cpu3_freq,1800,MHz
threads_only,1:51,sample_cpu4_freq,2300,MHz
threads_only,1:51,sample_cpu5_freq,2300,MHz
threads_only,1:51,sample_cpu6_freq,2300,MHz
threads_only,1:51,sample_cpu7_freq,2300,MHz
threads_only,1:52,sample_elapsed,8289,ms
threads_only,1:52,sample_power,4.474,W
threads_only,1:52,sample_process_cpu,501.156,% one core
threads_only,1:52,sample_free_ram,0.913,GiB
threads_only,1:52,sample_battery_temp,38.000,C
threads_only,1:52,sample_thermal_status,1,Android PowerManager status
threads_only,1:52,sample_cpu0_freq,1800,MHz
threads_only,1:52,sample_cpu1_freq,1800,MHz
threads_only,1:52,sample_cpu2_freq,1800,MHz
threads_only,1:52,sample_cpu3_freq,1800,MHz
threads_only,1:52,sample_cpu4_freq,2300,MHz
threads_only,1:52,sample_cpu5_freq,2300,MHz
threads_only,1:52,sample_cpu6_freq,2300,MHz
threads_only,1:52,sample_cpu7_freq,2300,MHz
threads_only,1:53,sample_elapsed,8454,ms
threads_only,1:53,sample_power,4.038,W
threads_only,1:53,sample_process_cpu,490.303,% one core
threads_only,1:53,sample_free_ram,0.913,GiB
threads_only,1:53,sample_battery_temp,38.000,C
threads_only,1:53,sample_thermal_status,1,Android PowerManager status
threads_only,1:53,sample_cpu0_freq,1800,MHz
threads_only,1:53,sample_cpu1_freq,1800,MHz
threads_only,1:53,sample_cpu2_freq,1800,MHz
threads_only,1:53,sample_cpu3_freq,1800,MHz
threads_only,1:53,sample_cpu4_freq,2300,MHz
threads_only,1:53,sample_cpu5_freq,2300,MHz
threads_only,1:53,sample_cpu6_freq,2300,MHz
threads_only,1:53,sample_cpu7_freq,2300,MHz
threads_only,1:54,sample_elapsed,8621,ms
threads_only,1:54,sample_power,4.038,W
threads_only,1:54,sample_process_cpu,502.994,% one core
threads_only,1:54,sample_free_ram,0.912,GiB
threads_only,1:54,sample_battery_temp,38.000,C
threads_only,1:54,sample_thermal_status,1,Android PowerManager status
threads_only,1:54,sample_cpu0_freq,1800,MHz
threads_only,1:54,sample_cpu1_freq,1800,MHz
threads_only,1:54,sample_cpu2_freq,1800,MHz
threads_only,1:54,sample_cpu3_freq,1800,MHz
threads_only,1:54,sample_cpu4_freq,2300,MHz
threads_only,1:54,sample_cpu5_freq,2300,MHz
threads_only,1:54,sample_cpu6_freq,2300,MHz
threads_only,1:54,sample_cpu7_freq,2300,MHz
threads_only,1:55,sample_elapsed,8786,ms
threads_only,1:55,sample_power,4.038,W
threads_only,1:55,sample_process_cpu,492.121,% one core
threads_only,1:55,sample_free_ram,0.912,GiB
threads_only,1:55,sample_battery_temp,38.000,C
threads_only,1:55,sample_thermal_status,1,Android PowerManager status
threads_only,1:55,sample_cpu0_freq,1800,MHz
threads_only,1:55,sample_cpu1_freq,1800,MHz
threads_only,1:55,sample_cpu2_freq,1800,MHz
threads_only,1:55,sample_cpu3_freq,1800,MHz
threads_only,1:55,sample_cpu4_freq,2300,MHz
threads_only,1:55,sample_cpu5_freq,2300,MHz
threads_only,1:55,sample_cpu6_freq,2300,MHz
threads_only,1:55,sample_cpu7_freq,2300,MHz
threads_only,1:56,sample_elapsed,8951,ms
threads_only,1:56,sample_power,4.108,W
threads_only,1:56,sample_process_cpu,528.485,% one core
threads_only,1:56,sample_free_ram,0.912,GiB
threads_only,1:56,sample_battery_temp,38.000,C
threads_only,1:56,sample_thermal_status,1,Android PowerManager status
threads_only,1:56,sample_cpu0_freq,1800,MHz
threads_only,1:56,sample_cpu1_freq,1800,MHz
threads_only,1:56,sample_cpu2_freq,1800,MHz
threads_only,1:56,sample_cpu3_freq,1800,MHz
threads_only,1:56,sample_cpu4_freq,2300,MHz
threads_only,1:56,sample_cpu5_freq,2300,MHz
threads_only,1:56,sample_cpu6_freq,2300,MHz
threads_only,1:56,sample_cpu7_freq,2300,MHz
threads_only,1:57,sample_elapsed,9155,ms
threads_only,1:57,sample_power,4.108,W
threads_only,1:57,sample_process_cpu,480.392,% one core
threads_only,1:57,sample_free_ram,0.912,GiB
threads_only,1:57,sample_battery_temp,38.000,C
threads_only,1:57,sample_thermal_status,1,Android PowerManager status
threads_only,1:57,sample_cpu0_freq,1800,MHz
threads_only,1:57,sample_cpu1_freq,1800,MHz
threads_only,1:57,sample_cpu2_freq,1800,MHz
threads_only,1:57,sample_cpu3_freq,1800,MHz
threads_only,1:57,sample_cpu4_freq,2300,MHz
threads_only,1:57,sample_cpu5_freq,2300,MHz
threads_only,1:57,sample_cpu6_freq,2300,MHz
threads_only,1:57,sample_cpu7_freq,2300,MHz
threads_only,1:58,sample_elapsed,9313,ms
threads_only,1:58,sample_power,4.108,W
threads_only,1:58,sample_process_cpu,487.342,% one core
threads_only,1:58,sample_free_ram,0.912,GiB
threads_only,1:58,sample_battery_temp,38.000,C
threads_only,1:58,sample_thermal_status,1,Android PowerManager status
threads_only,1:58,sample_cpu0_freq,1800,MHz
threads_only,1:58,sample_cpu1_freq,1800,MHz
threads_only,1:58,sample_cpu2_freq,1800,MHz
threads_only,1:58,sample_cpu3_freq,1800,MHz
threads_only,1:58,sample_cpu4_freq,2300,MHz
threads_only,1:58,sample_cpu5_freq,2300,MHz
threads_only,1:58,sample_cpu6_freq,2300,MHz
threads_only,1:58,sample_cpu7_freq,2300,MHz
threads_only,1:59,sample_elapsed,9478,ms
threads_only,1:59,sample_power,4.284,W
threads_only,1:59,sample_process_cpu,520.606,% one core
threads_only,1:59,sample_free_ram,0.913,GiB
threads_only,1:59,sample_battery_temp,38.000,C
threads_only,1:59,sample_thermal_status,1,Android PowerManager status
threads_only,1:59,sample_cpu0_freq,1800,MHz
threads_only,1:59,sample_cpu1_freq,1800,MHz
threads_only,1:59,sample_cpu2_freq,1800,MHz
threads_only,1:59,sample_cpu3_freq,1800,MHz
threads_only,1:59,sample_cpu4_freq,2300,MHz
threads_only,1:59,sample_cpu5_freq,2300,MHz
threads_only,1:59,sample_cpu6_freq,2300,MHz
threads_only,1:59,sample_cpu7_freq,2300,MHz
threads_only,1:60,sample_elapsed,9667,ms
threads_only,1:60,sample_power,4.284,W
threads_only,1:60,sample_process_cpu,495.238,% one core
threads_only,1:60,sample_free_ram,0.912,GiB
threads_only,1:60,sample_battery_temp,38.000,C
threads_only,1:60,sample_thermal_status,1,Android PowerManager status
threads_only,1:60,sample_cpu0_freq,1800,MHz
threads_only,1:60,sample_cpu1_freq,1800,MHz
threads_only,1:60,sample_cpu2_freq,1800,MHz
threads_only,1:60,sample_cpu3_freq,1800,MHz
threads_only,1:60,sample_cpu4_freq,2300,MHz
threads_only,1:60,sample_cpu5_freq,2300,MHz
threads_only,1:60,sample_cpu6_freq,2300,MHz
threads_only,1:60,sample_cpu7_freq,2300,MHz
threads_only,1:61,sample_elapsed,9831,ms
threads_only,1:61,sample_power,4.284,W
threads_only,1:61,sample_process_cpu,461.585,% one core
threads_only,1:61,sample_free_ram,0.910,GiB
threads_only,1:61,sample_battery_temp,38.000,C
threads_only,1:61,sample_thermal_status,1,Android PowerManager status
threads_only,1:61,sample_cpu0_freq,1800,MHz
threads_only,1:61,sample_cpu1_freq,1800,MHz
threads_only,1:61,sample_cpu2_freq,1800,MHz
threads_only,1:61,sample_cpu3_freq,1800,MHz
threads_only,1:61,sample_cpu4_freq,2300,MHz
threads_only,1:61,sample_cpu5_freq,2300,MHz
threads_only,1:61,sample_cpu6_freq,2300,MHz
threads_only,1:61,sample_cpu7_freq,2300,MHz
threads_only,1:62,sample_elapsed,9996,ms
threads_only,1:62,sample_power,4.349,W
threads_only,1:62,sample_process_cpu,500.000,% one core
threads_only,1:62,sample_free_ram,0.910,GiB
threads_only,1:62,sample_battery_temp,38.000,C
threads_only,1:62,sample_thermal_status,1,Android PowerManager status
threads_only,1:62,sample_cpu0_freq,1800,MHz
threads_only,1:62,sample_cpu1_freq,1800,MHz
threads_only,1:62,sample_cpu2_freq,1800,MHz
threads_only,1:62,sample_cpu3_freq,1800,MHz
threads_only,1:62,sample_cpu4_freq,2300,MHz
threads_only,1:62,sample_cpu5_freq,2300,MHz
threads_only,1:62,sample_cpu6_freq,2300,MHz
threads_only,1:62,sample_cpu7_freq,2300,MHz
threads_only,1:63,sample_elapsed,10161,ms
threads_only,1:63,sample_power,4.349,W
threads_only,1:63,sample_process_cpu,495.152,% one core
threads_only,1:63,sample_free_ram,0.910,GiB
threads_only,1:63,sample_battery_temp,38.000,C
threads_only,1:63,sample_thermal_status,1,Android PowerManager status
threads_only,1:63,sample_cpu0_freq,1800,MHz
threads_only,1:63,sample_cpu1_freq,1800,MHz
threads_only,1:63,sample_cpu2_freq,1800,MHz
threads_only,1:63,sample_cpu3_freq,1800,MHz
threads_only,1:63,sample_cpu4_freq,2300,MHz
threads_only,1:63,sample_cpu5_freq,2300,MHz
threads_only,1:63,sample_cpu6_freq,2300,MHz
threads_only,1:63,sample_cpu7_freq,2300,MHz
threads_only,1:64,sample_elapsed,10318,ms
threads_only,1:64,sample_power,4.349,W
threads_only,1:64,sample_process_cpu,477.707,% one core
threads_only,1:64,sample_free_ram,0.909,GiB
threads_only,1:64,sample_battery_temp,38.000,C
threads_only,1:64,sample_thermal_status,1,Android PowerManager status
threads_only,1:64,sample_cpu0_freq,1800,MHz
threads_only,1:64,sample_cpu1_freq,1800,MHz
threads_only,1:64,sample_cpu2_freq,1800,MHz
threads_only,1:64,sample_cpu3_freq,1800,MHz
threads_only,1:64,sample_cpu4_freq,2300,MHz
threads_only,1:64,sample_cpu5_freq,2300,MHz
threads_only,1:64,sample_cpu6_freq,2300,MHz
threads_only,1:64,sample_cpu7_freq,2300,MHz
threads_only,1:65,sample_elapsed,10490,ms
threads_only,1:65,sample_power,4.095,W
threads_only,1:65,sample_process_cpu,546.512,% one core
threads_only,1:65,sample_free_ram,0.909,GiB
threads_only,1:65,sample_battery_temp,38.000,C
threads_only,1:65,sample_thermal_status,1,Android PowerManager status
threads_only,1:65,sample_cpu0_freq,1800,MHz
threads_only,1:65,sample_cpu1_freq,1800,MHz
threads_only,1:65,sample_cpu2_freq,1800,MHz
threads_only,1:65,sample_cpu3_freq,1800,MHz
threads_only,1:65,sample_cpu4_freq,2300,MHz
threads_only,1:65,sample_cpu5_freq,2300,MHz
threads_only,1:65,sample_cpu6_freq,2300,MHz
threads_only,1:65,sample_cpu7_freq,2300,MHz
threads_only,1:66,sample_elapsed,10683,ms
threads_only,1:66,sample_power,4.095,W
threads_only,1:66,sample_process_cpu,452.332,% one core
threads_only,1:66,sample_free_ram,0.909,GiB
threads_only,1:66,sample_battery_temp,38.000,C
threads_only,1:66,sample_thermal_status,1,Android PowerManager status
threads_only,1:66,sample_cpu0_freq,1800,MHz
threads_only,1:66,sample_cpu1_freq,1800,MHz
threads_only,1:66,sample_cpu2_freq,1800,MHz
threads_only,1:66,sample_cpu3_freq,1800,MHz
threads_only,1:66,sample_cpu4_freq,2300,MHz
threads_only,1:66,sample_cpu5_freq,2300,MHz
threads_only,1:66,sample_cpu6_freq,2300,MHz
threads_only,1:66,sample_cpu7_freq,2300,MHz
threads_only,1:67,sample_elapsed,10846,ms
threads_only,1:67,sample_power,4.095,W
threads_only,1:67,sample_process_cpu,475.460,% one core
threads_only,1:67,sample_free_ram,0.909,GiB
threads_only,1:67,sample_battery_temp,38.000,C
threads_only,1:67,sample_thermal_status,1,Android PowerManager status
threads_only,1:67,sample_cpu0_freq,1800,MHz
threads_only,1:67,sample_cpu1_freq,1800,MHz
threads_only,1:67,sample_cpu2_freq,1800,MHz
threads_only,1:67,sample_cpu3_freq,1800,MHz
threads_only,1:67,sample_cpu4_freq,2300,MHz
threads_only,1:67,sample_cpu5_freq,2300,MHz
threads_only,1:67,sample_cpu6_freq,2300,MHz
threads_only,1:67,sample_cpu7_freq,2300,MHz
threads_only,1:68,sample_elapsed,11014,ms
threads_only,1:68,sample_power,4.108,W
threads_only,1:68,sample_process_cpu,501.190,% one core
threads_only,1:68,sample_free_ram,0.909,GiB
threads_only,1:68,sample_battery_temp,38.000,C
threads_only,1:68,sample_thermal_status,1,Android PowerManager status
threads_only,1:68,sample_cpu0_freq,1800,MHz
threads_only,1:68,sample_cpu1_freq,1800,MHz
threads_only,1:68,sample_cpu2_freq,1800,MHz
threads_only,1:68,sample_cpu3_freq,1800,MHz
threads_only,1:68,sample_cpu4_freq,2300,MHz
threads_only,1:68,sample_cpu5_freq,2300,MHz
threads_only,1:68,sample_cpu6_freq,2300,MHz
threads_only,1:68,sample_cpu7_freq,2300,MHz
threads_only,1:69,sample_elapsed,11192,ms
threads_only,1:69,sample_power,4.108,W
threads_only,1:69,sample_process_cpu,505.618,% one core
threads_only,1:69,sample_free_ram,0.909,GiB
threads_only,1:69,sample_battery_temp,38.000,C
threads_only,1:69,sample_thermal_status,1,Android PowerManager status
threads_only,1:69,sample_cpu0_freq,1800,MHz
threads_only,1:69,sample_cpu1_freq,1800,MHz
threads_only,1:69,sample_cpu2_freq,1800,MHz
threads_only,1:69,sample_cpu3_freq,1800,MHz
threads_only,1:69,sample_cpu4_freq,2300,MHz
threads_only,1:69,sample_cpu5_freq,2300,MHz
threads_only,1:69,sample_cpu6_freq,2300,MHz
threads_only,1:69,sample_cpu7_freq,2300,MHz
threads_only,1:70,sample_elapsed,11368,ms
threads_only,1:70,sample_power,4.108,W
threads_only,1:70,sample_process_cpu,492.045,% one core
threads_only,1:70,sample_free_ram,0.909,GiB
threads_only,1:70,sample_battery_temp,38.000,C
threads_only,1:70,sample_thermal_status,1,Android PowerManager status
threads_only,1:70,sample_cpu0_freq,1800,MHz
threads_only,1:70,sample_cpu1_freq,1800,MHz
threads_only,1:70,sample_cpu2_freq,1800,MHz
threads_only,1:70,sample_cpu3_freq,1800,MHz
threads_only,1:70,sample_cpu4_freq,2300,MHz
threads_only,1:70,sample_cpu5_freq,2300,MHz
threads_only,1:70,sample_cpu6_freq,2300,MHz
threads_only,1:70,sample_cpu7_freq,2300,MHz
threads_only,1:71,sample_elapsed,11523,ms
threads_only,1:71,sample_power,3.870,W
threads_only,1:71,sample_process_cpu,509.677,% one core
threads_only,1:71,sample_free_ram,0.909,GiB
threads_only,1:71,sample_battery_temp,38.000,C
threads_only,1:71,sample_thermal_status,1,Android PowerManager status
threads_only,1:71,sample_cpu0_freq,1800,MHz
threads_only,1:71,sample_cpu1_freq,1800,MHz
threads_only,1:71,sample_cpu2_freq,1800,MHz
threads_only,1:71,sample_cpu3_freq,1800,MHz
threads_only,1:71,sample_cpu4_freq,2300,MHz
threads_only,1:71,sample_cpu5_freq,2300,MHz
threads_only,1:71,sample_cpu6_freq,2300,MHz
threads_only,1:71,sample_cpu7_freq,2300,MHz
threads_only,1:72,sample_elapsed,11681,ms
threads_only,1:72,sample_power,3.870,W
threads_only,1:72,sample_process_cpu,493.038,% one core
threads_only,1:72,sample_free_ram,0.909,GiB
threads_only,1:72,sample_battery_temp,38.000,C
threads_only,1:72,sample_thermal_status,1,Android PowerManager status
threads_only,1:72,sample_cpu0_freq,1800,MHz
threads_only,1:72,sample_cpu1_freq,1800,MHz
threads_only,1:72,sample_cpu2_freq,1800,MHz
threads_only,1:72,sample_cpu3_freq,1800,MHz
threads_only,1:72,sample_cpu4_freq,2300,MHz
threads_only,1:72,sample_cpu5_freq,2300,MHz
threads_only,1:72,sample_cpu6_freq,2300,MHz
threads_only,1:72,sample_cpu7_freq,2300,MHz
threads_only,1:73,sample_elapsed,11869,ms
threads_only,1:73,sample_power,3.870,W
threads_only,1:73,sample_process_cpu,496.277,% one core
threads_only,1:73,sample_free_ram,0.908,GiB
threads_only,1:73,sample_battery_temp,38.000,C
threads_only,1:73,sample_thermal_status,1,Android PowerManager status
threads_only,1:73,sample_cpu0_freq,1800,MHz
threads_only,1:73,sample_cpu1_freq,1800,MHz
threads_only,1:73,sample_cpu2_freq,1800,MHz
threads_only,1:73,sample_cpu3_freq,1800,MHz
threads_only,1:73,sample_cpu4_freq,2300,MHz
threads_only,1:73,sample_cpu5_freq,2300,MHz
threads_only,1:73,sample_cpu6_freq,2300,MHz
threads_only,1:73,sample_cpu7_freq,2300,MHz
threads_only,1:74,sample_elapsed,12038,ms
threads_only,1:74,sample_power,4.136,W
threads_only,1:74,sample_process_cpu,527.219,% one core
threads_only,1:74,sample_free_ram,0.908,GiB
threads_only,1:74,sample_battery_temp,38.000,C
threads_only,1:74,sample_thermal_status,1,Android PowerManager status
threads_only,1:74,sample_cpu0_freq,1800,MHz
threads_only,1:74,sample_cpu1_freq,1800,MHz
threads_only,1:74,sample_cpu2_freq,1800,MHz
threads_only,1:74,sample_cpu3_freq,1800,MHz
threads_only,1:74,sample_cpu4_freq,2300,MHz
threads_only,1:74,sample_cpu5_freq,2300,MHz
threads_only,1:74,sample_cpu6_freq,2300,MHz
threads_only,1:74,sample_cpu7_freq,2300,MHz
threads_only,1:75,sample_elapsed,12213,ms
threads_only,1:75,sample_power,4.136,W
threads_only,1:75,sample_process_cpu,478.857,% one core
threads_only,1:75,sample_free_ram,0.908,GiB
threads_only,1:75,sample_battery_temp,38.000,C
threads_only,1:75,sample_thermal_status,1,Android PowerManager status
threads_only,1:75,sample_cpu0_freq,1800,MHz
threads_only,1:75,sample_cpu1_freq,1800,MHz
threads_only,1:75,sample_cpu2_freq,1800,MHz
threads_only,1:75,sample_cpu3_freq,1800,MHz
threads_only,1:75,sample_cpu4_freq,2300,MHz
threads_only,1:75,sample_cpu5_freq,2300,MHz
threads_only,1:75,sample_cpu6_freq,2300,MHz
threads_only,1:75,sample_cpu7_freq,2300,MHz
threads_only,1:76,sample_elapsed,12390,ms
threads_only,1:76,sample_power,4.136,W
threads_only,1:76,sample_process_cpu,515.819,% one core
threads_only,1:76,sample_free_ram,0.908,GiB
threads_only,1:76,sample_battery_temp,38.000,C
threads_only,1:76,sample_thermal_status,1,Android PowerManager status
threads_only,1:76,sample_cpu0_freq,1800,MHz
threads_only,1:76,sample_cpu1_freq,1800,MHz
threads_only,1:76,sample_cpu2_freq,1800,MHz
threads_only,1:76,sample_cpu3_freq,1800,MHz
threads_only,1:76,sample_cpu4_freq,2300,MHz
threads_only,1:76,sample_cpu5_freq,2300,MHz
threads_only,1:76,sample_cpu6_freq,2300,MHz
threads_only,1:76,sample_cpu7_freq,2300,MHz
threads_only,1:77,sample_elapsed,12601,ms
threads_only,1:77,sample_power,4.164,W
threads_only,1:77,sample_process_cpu,517.536,% one core
threads_only,1:77,sample_free_ram,0.908,GiB
threads_only,1:77,sample_battery_temp,38.000,C
threads_only,1:77,sample_thermal_status,1,Android PowerManager status
threads_only,1:77,sample_cpu0_freq,1800,MHz
threads_only,1:77,sample_cpu1_freq,1800,MHz
threads_only,1:77,sample_cpu2_freq,1800,MHz
threads_only,1:77,sample_cpu3_freq,1800,MHz
threads_only,1:77,sample_cpu4_freq,2300,MHz
threads_only,1:77,sample_cpu5_freq,2300,MHz
threads_only,1:77,sample_cpu6_freq,2300,MHz
threads_only,1:77,sample_cpu7_freq,2300,MHz
threads_only,1:78,sample_elapsed,12778,ms
threads_only,1:78,sample_power,4.164,W
threads_only,1:78,sample_process_cpu,528.814,% one core
threads_only,1:78,sample_free_ram,0.908,GiB
threads_only,1:78,sample_battery_temp,38.000,C
threads_only,1:78,sample_thermal_status,1,Android PowerManager status
threads_only,1:78,sample_cpu0_freq,1800,MHz
threads_only,1:78,sample_cpu1_freq,1800,MHz
threads_only,1:78,sample_cpu2_freq,1800,MHz
threads_only,1:78,sample_cpu3_freq,1800,MHz
threads_only,1:78,sample_cpu4_freq,2300,MHz
threads_only,1:78,sample_cpu5_freq,2300,MHz
threads_only,1:78,sample_cpu6_freq,2300,MHz
threads_only,1:78,sample_cpu7_freq,2300,MHz
threads_only,1:79,sample_elapsed,12970,ms
threads_only,1:79,sample_power,4.164,W
threads_only,1:79,sample_process_cpu,467.708,% one core
threads_only,1:79,sample_free_ram,0.907,GiB
threads_only,1:79,sample_battery_temp,38.000,C
threads_only,1:79,sample_thermal_status,1,Android PowerManager status
threads_only,1:79,sample_cpu0_freq,1800,MHz
threads_only,1:79,sample_cpu1_freq,1800,MHz
threads_only,1:79,sample_cpu2_freq,1800,MHz
threads_only,1:79,sample_cpu3_freq,1800,MHz
threads_only,1:79,sample_cpu4_freq,2300,MHz
threads_only,1:79,sample_cpu5_freq,2300,MHz
threads_only,1:79,sample_cpu6_freq,2300,MHz
threads_only,1:79,sample_cpu7_freq,2300,MHz
threads_only,2,pp,126.000,tok/s
threads_only,2,tg,16.000,tok/s
threads_only,2,power,3.926,W
threads_only,2,tok_per_w,4.075,tok/W
threads_only,2,ttft_pp512_derived,4125.992,ms
threads_only,2,start_temp,38.000,C
threads_only,2,average_process_cpu,482.650,% one core
threads_only,2,minimum_free_ram,0.867,GiB
threads_only,2,peak_battery_temp,38.000,C
threads_only,2,peak_thermal_status,1,Android PowerManager status
threads_only,2:1,sample_elapsed,1,ms
threads_only,2:1,sample_power,0.917,W
threads_only,2:1,sample_process_cpu,1800.000,% one core
threads_only,2:1,sample_free_ram,0.970,GiB
threads_only,2:1,sample_battery_temp,38.000,C
threads_only,2:1,sample_thermal_status,1,Android PowerManager status
threads_only,2:1,sample_cpu0_freq,1800,MHz
threads_only,2:1,sample_cpu1_freq,1800,MHz
threads_only,2:1,sample_cpu2_freq,1800,MHz
threads_only,2:1,sample_cpu3_freq,1800,MHz
threads_only,2:1,sample_cpu4_freq,800,MHz
threads_only,2:1,sample_cpu5_freq,800,MHz
threads_only,2:1,sample_cpu6_freq,800,MHz
threads_only,2:1,sample_cpu7_freq,800,MHz
threads_only,2:2,sample_elapsed,169,ms
threads_only,2:2,sample_power,0.917,W
threads_only,2:2,sample_process_cpu,397.619,% one core
threads_only,2:2,sample_free_ram,0.914,GiB
threads_only,2:2,sample_battery_temp,38.000,C
threads_only,2:2,sample_thermal_status,1,Android PowerManager status
threads_only,2:2,sample_cpu0_freq,1500,MHz
threads_only,2:2,sample_cpu1_freq,1700,MHz
threads_only,2:2,sample_cpu2_freq,1800,MHz
threads_only,2:2,sample_cpu3_freq,1800,MHz
threads_only,2:2,sample_cpu4_freq,2300,MHz
threads_only,2:2,sample_cpu5_freq,2300,MHz
threads_only,2:2,sample_cpu6_freq,2300,MHz
threads_only,2:2,sample_cpu7_freq,2300,MHz
threads_only,2:3,sample_elapsed,332,ms
threads_only,2:3,sample_power,0.917,W
threads_only,2:3,sample_process_cpu,507.975,% one core
threads_only,2:3,sample_free_ram,0.874,GiB
threads_only,2:3,sample_battery_temp,38.000,C
threads_only,2:3,sample_thermal_status,1,Android PowerManager status
threads_only,2:3,sample_cpu0_freq,700,MHz
threads_only,2:3,sample_cpu1_freq,700,MHz
threads_only,2:3,sample_cpu2_freq,700,MHz
threads_only,2:3,sample_cpu3_freq,1500,MHz
threads_only,2:3,sample_cpu4_freq,2300,MHz
threads_only,2:3,sample_cpu5_freq,2300,MHz
threads_only,2:3,sample_cpu6_freq,2300,MHz
threads_only,2:3,sample_cpu7_freq,2300,MHz
threads_only,2:4,sample_elapsed,497,ms
threads_only,2:4,sample_power,0.917,W
threads_only,2:4,sample_process_cpu,451.515,% one core
threads_only,2:4,sample_free_ram,0.874,GiB
threads_only,2:4,sample_battery_temp,38.000,C
threads_only,2:4,sample_thermal_status,1,Android PowerManager status
threads_only,2:4,sample_cpu0_freq,1500,MHz
threads_only,2:4,sample_cpu1_freq,1500,MHz
threads_only,2:4,sample_cpu2_freq,1500,MHz
threads_only,2:4,sample_cpu3_freq,1500,MHz
threads_only,2:4,sample_cpu4_freq,2300,MHz
threads_only,2:4,sample_cpu5_freq,2300,MHz
threads_only,2:4,sample_cpu6_freq,2300,MHz
threads_only,2:4,sample_cpu7_freq,2300,MHz
threads_only,2:5,sample_elapsed,653,ms
threads_only,2:5,sample_power,3.933,W
threads_only,2:5,sample_process_cpu,467.949,% one core
threads_only,2:5,sample_free_ram,0.874,GiB
threads_only,2:5,sample_battery_temp,38.000,C
threads_only,2:5,sample_thermal_status,1,Android PowerManager status
threads_only,2:5,sample_cpu0_freq,700,MHz
threads_only,2:5,sample_cpu1_freq,600,MHz
threads_only,2:5,sample_cpu2_freq,1800,MHz
threads_only,2:5,sample_cpu3_freq,1800,MHz
threads_only,2:5,sample_cpu4_freq,2300,MHz
threads_only,2:5,sample_cpu5_freq,2300,MHz
threads_only,2:5,sample_cpu6_freq,2300,MHz
threads_only,2:5,sample_cpu7_freq,2300,MHz
threads_only,2:6,sample_elapsed,815,ms
threads_only,2:6,sample_power,4.234,W
threads_only,2:6,sample_process_cpu,462.346,% one core
threads_only,2:6,sample_free_ram,0.874,GiB
threads_only,2:6,sample_battery_temp,38.000,C
threads_only,2:6,sample_thermal_status,1,Android PowerManager status
threads_only,2:6,sample_cpu0_freq,800,MHz
threads_only,2:6,sample_cpu1_freq,1400,MHz
threads_only,2:6,sample_cpu2_freq,1400,MHz
threads_only,2:6,sample_cpu3_freq,1400,MHz
threads_only,2:6,sample_cpu4_freq,2300,MHz
threads_only,2:6,sample_cpu5_freq,2300,MHz
threads_only,2:6,sample_cpu6_freq,2300,MHz
threads_only,2:6,sample_cpu7_freq,2300,MHz
threads_only,2:7,sample_elapsed,974,ms
threads_only,2:7,sample_power,4.234,W
threads_only,2:7,sample_process_cpu,462.893,% one core
threads_only,2:7,sample_free_ram,0.874,GiB
threads_only,2:7,sample_battery_temp,38.000,C
threads_only,2:7,sample_thermal_status,1,Android PowerManager status
threads_only,2:7,sample_cpu0_freq,1400,MHz
threads_only,2:7,sample_cpu1_freq,1400,MHz
threads_only,2:7,sample_cpu2_freq,1800,MHz
threads_only,2:7,sample_cpu3_freq,1100,MHz
threads_only,2:7,sample_cpu4_freq,2300,MHz
threads_only,2:7,sample_cpu5_freq,2300,MHz
threads_only,2:7,sample_cpu6_freq,2300,MHz
threads_only,2:7,sample_cpu7_freq,2300,MHz
threads_only,2:8,sample_elapsed,1134,ms
threads_only,2:8,sample_power,4.234,W
threads_only,2:8,sample_process_cpu,468.750,% one core
threads_only,2:8,sample_free_ram,0.874,GiB
threads_only,2:8,sample_battery_temp,38.000,C
threads_only,2:8,sample_thermal_status,1,Android PowerManager status
threads_only,2:8,sample_cpu0_freq,1100,MHz
threads_only,2:8,sample_cpu1_freq,1100,MHz
threads_only,2:8,sample_cpu2_freq,1000,MHz
threads_only,2:8,sample_cpu3_freq,1000,MHz
threads_only,2:8,sample_cpu4_freq,2300,MHz
threads_only,2:8,sample_cpu5_freq,2300,MHz
threads_only,2:8,sample_cpu6_freq,2300,MHz
threads_only,2:8,sample_cpu7_freq,2300,MHz
threads_only,2:9,sample_elapsed,1298,ms
threads_only,2:9,sample_power,4.234,W
threads_only,2:9,sample_process_cpu,468.293,% one core
threads_only,2:9,sample_free_ram,0.874,GiB
threads_only,2:9,sample_battery_temp,38.000,C
threads_only,2:9,sample_thermal_status,1,Android PowerManager status
threads_only,2:9,sample_cpu0_freq,1200,MHz
threads_only,2:9,sample_cpu1_freq,1800,MHz
threads_only,2:9,sample_cpu2_freq,1800,MHz
threads_only,2:9,sample_cpu3_freq,1800,MHz
threads_only,2:9,sample_cpu4_freq,2300,MHz
threads_only,2:9,sample_cpu5_freq,2300,MHz
threads_only,2:9,sample_cpu6_freq,2300,MHz
threads_only,2:9,sample_cpu7_freq,2300,MHz
threads_only,2:10,sample_elapsed,1459,ms
threads_only,2:10,sample_power,3.588,W
threads_only,2:10,sample_process_cpu,468.944,% one core
threads_only,2:10,sample_free_ram,0.874,GiB
threads_only,2:10,sample_battery_temp,38.000,C
threads_only,2:10,sample_thermal_status,1,Android PowerManager status
threads_only,2:10,sample_cpu0_freq,1800,MHz
threads_only,2:10,sample_cpu1_freq,1800,MHz
threads_only,2:10,sample_cpu2_freq,1800,MHz
threads_only,2:10,sample_cpu3_freq,1800,MHz
threads_only,2:10,sample_cpu4_freq,2300,MHz
threads_only,2:10,sample_cpu5_freq,2300,MHz
threads_only,2:10,sample_cpu6_freq,2300,MHz
threads_only,2:10,sample_cpu7_freq,2300,MHz
threads_only,2:11,sample_elapsed,1620,ms
threads_only,2:11,sample_power,3.588,W
threads_only,2:11,sample_process_cpu,460.248,% one core
threads_only,2:11,sample_free_ram,0.874,GiB
threads_only,2:11,sample_battery_temp,38.000,C
threads_only,2:11,sample_thermal_status,1,Android PowerManager status
threads_only,2:11,sample_cpu0_freq,1800,MHz
threads_only,2:11,sample_cpu1_freq,1800,MHz
threads_only,2:11,sample_cpu2_freq,1800,MHz
threads_only,2:11,sample_cpu3_freq,1800,MHz
threads_only,2:11,sample_cpu4_freq,2300,MHz
threads_only,2:11,sample_cpu5_freq,2300,MHz
threads_only,2:11,sample_cpu6_freq,2300,MHz
threads_only,2:11,sample_cpu7_freq,2300,MHz
threads_only,2:12,sample_elapsed,1778,ms
threads_only,2:12,sample_power,3.588,W
threads_only,2:12,sample_process_cpu,468.987,% one core
threads_only,2:12,sample_free_ram,0.873,GiB
threads_only,2:12,sample_battery_temp,38.000,C
threads_only,2:12,sample_thermal_status,1,Android PowerManager status
threads_only,2:12,sample_cpu0_freq,1800,MHz
threads_only,2:12,sample_cpu1_freq,1800,MHz
threads_only,2:12,sample_cpu2_freq,1800,MHz
threads_only,2:12,sample_cpu3_freq,1800,MHz
threads_only,2:12,sample_cpu4_freq,2300,MHz
threads_only,2:12,sample_cpu5_freq,2300,MHz
threads_only,2:12,sample_cpu6_freq,2300,MHz
threads_only,2:12,sample_cpu7_freq,2300,MHz
threads_only,2:13,sample_elapsed,1933,ms
threads_only,2:13,sample_power,3.588,W
threads_only,2:13,sample_process_cpu,468.387,% one core
threads_only,2:13,sample_free_ram,0.873,GiB
threads_only,2:13,sample_battery_temp,38.000,C
threads_only,2:13,sample_thermal_status,1,Android PowerManager status
threads_only,2:13,sample_cpu0_freq,1800,MHz
threads_only,2:13,sample_cpu1_freq,1800,MHz
threads_only,2:13,sample_cpu2_freq,1800,MHz
threads_only,2:13,sample_cpu3_freq,1800,MHz
threads_only,2:13,sample_cpu4_freq,2300,MHz
threads_only,2:13,sample_cpu5_freq,2300,MHz
threads_only,2:13,sample_cpu6_freq,2300,MHz
threads_only,2:13,sample_cpu7_freq,2300,MHz
threads_only,2:14,sample_elapsed,2089,ms
threads_only,2:14,sample_power,4.123,W
threads_only,2:14,sample_process_cpu,479.487,% one core
threads_only,2:14,sample_free_ram,0.873,GiB
threads_only,2:14,sample_battery_temp,38.000,C
threads_only,2:14,sample_thermal_status,1,Android PowerManager status
threads_only,2:14,sample_cpu0_freq,1800,MHz
threads_only,2:14,sample_cpu1_freq,1800,MHz
threads_only,2:14,sample_cpu2_freq,1800,MHz
threads_only,2:14,sample_cpu3_freq,1800,MHz
threads_only,2:14,sample_cpu4_freq,2300,MHz
threads_only,2:14,sample_cpu5_freq,2300,MHz
threads_only,2:14,sample_cpu6_freq,2300,MHz
threads_only,2:14,sample_cpu7_freq,2300,MHz
threads_only,2:15,sample_elapsed,2250,ms
threads_only,2:15,sample_power,4.123,W
threads_only,2:15,sample_process_cpu,449.068,% one core
threads_only,2:15,sample_free_ram,0.873,GiB
threads_only,2:15,sample_battery_temp,38.000,C
threads_only,2:15,sample_thermal_status,1,Android PowerManager status
threads_only,2:15,sample_cpu0_freq,700,MHz
threads_only,2:15,sample_cpu1_freq,700,MHz
threads_only,2:15,sample_cpu2_freq,700,MHz
threads_only,2:15,sample_cpu3_freq,1200,MHz
threads_only,2:15,sample_cpu4_freq,2300,MHz
threads_only,2:15,sample_cpu5_freq,2300,MHz
threads_only,2:15,sample_cpu6_freq,2300,MHz
threads_only,2:15,sample_cpu7_freq,2300,MHz
threads_only,2:16,sample_elapsed,2408,ms
threads_only,2:16,sample_power,4.123,W
threads_only,2:16,sample_process_cpu,475.316,% one core
threads_only,2:16,sample_free_ram,0.873,GiB
threads_only,2:16,sample_battery_temp,38.000,C
threads_only,2:16,sample_thermal_status,1,Android PowerManager status
threads_only,2:16,sample_cpu0_freq,800,MHz
threads_only,2:16,sample_cpu1_freq,900,MHz
threads_only,2:16,sample_cpu2_freq,900,MHz
threads_only,2:16,sample_cpu3_freq,900,MHz
threads_only,2:16,sample_cpu4_freq,2300,MHz
threads_only,2:16,sample_cpu5_freq,2300,MHz
threads_only,2:16,sample_cpu6_freq,2300,MHz
threads_only,2:16,sample_cpu7_freq,2300,MHz
threads_only,2:17,sample_elapsed,2572,ms
threads_only,2:17,sample_power,4.123,W
threads_only,2:17,sample_process_cpu,455.488,% one core
threads_only,2:17,sample_free_ram,0.873,GiB
threads_only,2:17,sample_battery_temp,38.000,C
threads_only,2:17,sample_thermal_status,1,Android PowerManager status
threads_only,2:17,sample_cpu0_freq,1200,MHz
threads_only,2:17,sample_cpu1_freq,1200,MHz
threads_only,2:17,sample_cpu2_freq,1800,MHz
threads_only,2:17,sample_cpu3_freq,1800,MHz
threads_only,2:17,sample_cpu4_freq,2300,MHz
threads_only,2:17,sample_cpu5_freq,2300,MHz
threads_only,2:17,sample_cpu6_freq,2300,MHz
threads_only,2:17,sample_cpu7_freq,2300,MHz
threads_only,2:18,sample_elapsed,2732,ms
threads_only,2:18,sample_power,4.013,W
threads_only,2:18,sample_process_cpu,477.500,% one core
threads_only,2:18,sample_free_ram,0.873,GiB
threads_only,2:18,sample_battery_temp,38.000,C
threads_only,2:18,sample_thermal_status,1,Android PowerManager status
threads_only,2:18,sample_cpu0_freq,1800,MHz
threads_only,2:18,sample_cpu1_freq,900,MHz
threads_only,2:18,sample_cpu2_freq,1800,MHz
threads_only,2:18,sample_cpu3_freq,1800,MHz
threads_only,2:18,sample_cpu4_freq,2300,MHz
threads_only,2:18,sample_cpu5_freq,2300,MHz
threads_only,2:18,sample_cpu6_freq,2300,MHz
threads_only,2:18,sample_cpu7_freq,2300,MHz
threads_only,2:19,sample_elapsed,2891,ms
threads_only,2:19,sample_power,4.013,W
threads_only,2:19,sample_process_cpu,460.377,% one core
threads_only,2:19,sample_free_ram,0.873,GiB
threads_only,2:19,sample_battery_temp,38.000,C
threads_only,2:19,sample_thermal_status,1,Android PowerManager status
threads_only,2:19,sample_cpu0_freq,1300,MHz
threads_only,2:19,sample_cpu1_freq,1300,MHz
threads_only,2:19,sample_cpu2_freq,1600,MHz
threads_only,2:19,sample_cpu3_freq,1600,MHz
threads_only,2:19,sample_cpu4_freq,2300,MHz
threads_only,2:19,sample_cpu5_freq,2300,MHz
threads_only,2:19,sample_cpu6_freq,2300,MHz
threads_only,2:19,sample_cpu7_freq,2300,MHz
threads_only,2:20,sample_elapsed,3049,ms
threads_only,2:20,sample_power,4.013,W
threads_only,2:20,sample_process_cpu,463.924,% one core
threads_only,2:20,sample_free_ram,0.873,GiB
threads_only,2:20,sample_battery_temp,38.000,C
threads_only,2:20,sample_thermal_status,1,Android PowerManager status
threads_only,2:20,sample_cpu0_freq,1800,MHz
threads_only,2:20,sample_cpu1_freq,1800,MHz
threads_only,2:20,sample_cpu2_freq,1800,MHz
threads_only,2:20,sample_cpu3_freq,1800,MHz
threads_only,2:20,sample_cpu4_freq,2300,MHz
threads_only,2:20,sample_cpu5_freq,2300,MHz
threads_only,2:20,sample_cpu6_freq,2300,MHz
threads_only,2:20,sample_cpu7_freq,2300,MHz
threads_only,2:21,sample_elapsed,3207,ms
threads_only,2:21,sample_power,4.013,W
threads_only,2:21,sample_process_cpu,471.519,% one core
threads_only,2:21,sample_free_ram,0.873,GiB
threads_only,2:21,sample_battery_temp,38.000,C
threads_only,2:21,sample_thermal_status,1,Android PowerManager status
threads_only,2:21,sample_cpu0_freq,1800,MHz
threads_only,2:21,sample_cpu1_freq,1800,MHz
threads_only,2:21,sample_cpu2_freq,1800,MHz
threads_only,2:21,sample_cpu3_freq,900,MHz
threads_only,2:21,sample_cpu4_freq,2300,MHz
threads_only,2:21,sample_cpu5_freq,2300,MHz
threads_only,2:21,sample_cpu6_freq,2300,MHz
threads_only,2:21,sample_cpu7_freq,2300,MHz
threads_only,2:22,sample_elapsed,3368,ms
threads_only,2:22,sample_power,3.555,W
threads_only,2:22,sample_process_cpu,486.335,% one core
threads_only,2:22,sample_free_ram,0.873,GiB
threads_only,2:22,sample_battery_temp,38.000,C
threads_only,2:22,sample_thermal_status,1,Android PowerManager status
threads_only,2:22,sample_cpu0_freq,1800,MHz
threads_only,2:22,sample_cpu1_freq,1800,MHz
threads_only,2:22,sample_cpu2_freq,1800,MHz
threads_only,2:22,sample_cpu3_freq,1800,MHz
threads_only,2:22,sample_cpu4_freq,2300,MHz
threads_only,2:22,sample_cpu5_freq,2300,MHz
threads_only,2:22,sample_cpu6_freq,2300,MHz
threads_only,2:22,sample_cpu7_freq,2300,MHz
threads_only,2:23,sample_elapsed,3534,ms
threads_only,2:23,sample_power,3.555,W
threads_only,2:23,sample_process_cpu,450.000,% one core
threads_only,2:23,sample_free_ram,0.872,GiB
threads_only,2:23,sample_battery_temp,38.000,C
threads_only,2:23,sample_thermal_status,1,Android PowerManager status
threads_only,2:23,sample_cpu0_freq,1800,MHz
threads_only,2:23,sample_cpu1_freq,1800,MHz
threads_only,2:23,sample_cpu2_freq,1800,MHz
threads_only,2:23,sample_cpu3_freq,1800,MHz
threads_only,2:23,sample_cpu4_freq,2300,MHz
threads_only,2:23,sample_cpu5_freq,2300,MHz
threads_only,2:23,sample_cpu6_freq,2300,MHz
threads_only,2:23,sample_cpu7_freq,2300,MHz
threads_only,2:24,sample_elapsed,3692,ms
threads_only,2:24,sample_power,3.555,W
threads_only,2:24,sample_process_cpu,465.190,% one core
threads_only,2:24,sample_free_ram,0.872,GiB
threads_only,2:24,sample_battery_temp,38.000,C
threads_only,2:24,sample_thermal_status,1,Android PowerManager status
threads_only,2:24,sample_cpu0_freq,1800,MHz
threads_only,2:24,sample_cpu1_freq,1400,MHz
threads_only,2:24,sample_cpu2_freq,1400,MHz
threads_only,2:24,sample_cpu3_freq,1400,MHz
threads_only,2:24,sample_cpu4_freq,2300,MHz
threads_only,2:24,sample_cpu5_freq,2300,MHz
threads_only,2:24,sample_cpu6_freq,2300,MHz
threads_only,2:24,sample_cpu7_freq,2300,MHz
threads_only,2:25,sample_elapsed,3852,ms
threads_only,2:25,sample_power,3.555,W
threads_only,2:25,sample_process_cpu,465.000,% one core
threads_only,2:25,sample_free_ram,0.872,GiB
threads_only,2:25,sample_battery_temp,38.000,C
threads_only,2:25,sample_thermal_status,1,Android PowerManager status
threads_only,2:25,sample_cpu0_freq,1800,MHz
threads_only,2:25,sample_cpu1_freq,1800,MHz
threads_only,2:25,sample_cpu2_freq,1800,MHz
threads_only,2:25,sample_cpu3_freq,1800,MHz
threads_only,2:25,sample_cpu4_freq,2300,MHz
threads_only,2:25,sample_cpu5_freq,2300,MHz
threads_only,2:25,sample_cpu6_freq,2300,MHz
threads_only,2:25,sample_cpu7_freq,2300,MHz
threads_only,2:26,sample_elapsed,4010,ms
threads_only,2:26,sample_power,4.414,W
threads_only,2:26,sample_process_cpu,471.519,% one core
threads_only,2:26,sample_free_ram,0.872,GiB
threads_only,2:26,sample_battery_temp,38.000,C
threads_only,2:26,sample_thermal_status,1,Android PowerManager status
threads_only,2:26,sample_cpu0_freq,1800,MHz
threads_only,2:26,sample_cpu1_freq,1800,MHz
threads_only,2:26,sample_cpu2_freq,1800,MHz
threads_only,2:26,sample_cpu3_freq,1800,MHz
threads_only,2:26,sample_cpu4_freq,2300,MHz
threads_only,2:26,sample_cpu5_freq,2300,MHz
threads_only,2:26,sample_cpu6_freq,2300,MHz
threads_only,2:26,sample_cpu7_freq,2300,MHz
threads_only,2:27,sample_elapsed,4170,ms
threads_only,2:27,sample_power,4.414,W
threads_only,2:27,sample_process_cpu,494.375,% one core
threads_only,2:27,sample_free_ram,0.872,GiB
threads_only,2:27,sample_battery_temp,38.000,C
threads_only,2:27,sample_thermal_status,1,Android PowerManager status
threads_only,2:27,sample_cpu0_freq,1800,MHz
threads_only,2:27,sample_cpu1_freq,1800,MHz
threads_only,2:27,sample_cpu2_freq,1800,MHz
threads_only,2:27,sample_cpu3_freq,1800,MHz
threads_only,2:27,sample_cpu4_freq,2300,MHz
threads_only,2:27,sample_cpu5_freq,2300,MHz
threads_only,2:27,sample_cpu6_freq,2300,MHz
threads_only,2:27,sample_cpu7_freq,2300,MHz
threads_only,2:28,sample_elapsed,4355,ms
threads_only,2:28,sample_power,4.414,W
threads_only,2:28,sample_process_cpu,507.027,% one core
threads_only,2:28,sample_free_ram,0.872,GiB
threads_only,2:28,sample_battery_temp,38.000,C
threads_only,2:28,sample_thermal_status,1,Android PowerManager status
threads_only,2:28,sample_cpu0_freq,1800,MHz
threads_only,2:28,sample_cpu1_freq,1800,MHz
threads_only,2:28,sample_cpu2_freq,1800,MHz
threads_only,2:28,sample_cpu3_freq,1800,MHz
threads_only,2:28,sample_cpu4_freq,2300,MHz
threads_only,2:28,sample_cpu5_freq,2300,MHz
threads_only,2:28,sample_cpu6_freq,2300,MHz
threads_only,2:28,sample_cpu7_freq,2300,MHz
threads_only,2:29,sample_elapsed,4574,ms
threads_only,2:29,sample_power,4.214,W
threads_only,2:29,sample_process_cpu,505.936,% one core
threads_only,2:29,sample_free_ram,0.872,GiB
threads_only,2:29,sample_battery_temp,38.000,C
threads_only,2:29,sample_thermal_status,1,Android PowerManager status
threads_only,2:29,sample_cpu0_freq,1800,MHz
threads_only,2:29,sample_cpu1_freq,1800,MHz
threads_only,2:29,sample_cpu2_freq,1800,MHz
threads_only,2:29,sample_cpu3_freq,1800,MHz
threads_only,2:29,sample_cpu4_freq,2300,MHz
threads_only,2:29,sample_cpu5_freq,2300,MHz
threads_only,2:29,sample_cpu6_freq,2300,MHz
threads_only,2:29,sample_cpu7_freq,2300,MHz
threads_only,2:30,sample_elapsed,4743,ms
threads_only,2:30,sample_power,4.214,W
threads_only,2:30,sample_process_cpu,504.142,% one core
threads_only,2:30,sample_free_ram,0.872,GiB
threads_only,2:30,sample_battery_temp,38.000,C
threads_only,2:30,sample_thermal_status,1,Android PowerManager status
threads_only,2:30,sample_cpu0_freq,1800,MHz
threads_only,2:30,sample_cpu1_freq,1800,MHz
threads_only,2:30,sample_cpu2_freq,1800,MHz
threads_only,2:30,sample_cpu3_freq,1800,MHz
threads_only,2:30,sample_cpu4_freq,2300,MHz
threads_only,2:30,sample_cpu5_freq,2300,MHz
threads_only,2:30,sample_cpu6_freq,2300,MHz
threads_only,2:30,sample_cpu7_freq,2300,MHz
threads_only,2:31,sample_elapsed,4915,ms
threads_only,2:31,sample_power,4.214,W
threads_only,2:31,sample_process_cpu,503.488,% one core
threads_only,2:31,sample_free_ram,0.872,GiB
threads_only,2:31,sample_battery_temp,38.000,C
threads_only,2:31,sample_thermal_status,1,Android PowerManager status
threads_only,2:31,sample_cpu0_freq,1800,MHz
threads_only,2:31,sample_cpu1_freq,1800,MHz
threads_only,2:31,sample_cpu2_freq,1800,MHz
threads_only,2:31,sample_cpu3_freq,1800,MHz
threads_only,2:31,sample_cpu4_freq,2300,MHz
threads_only,2:31,sample_cpu5_freq,2300,MHz
threads_only,2:31,sample_cpu6_freq,2300,MHz
threads_only,2:31,sample_cpu7_freq,2300,MHz
threads_only,2:32,sample_elapsed,5088,ms
threads_only,2:32,sample_power,4.132,W
threads_only,2:32,sample_process_cpu,499.422,% one core
threads_only,2:32,sample_free_ram,0.872,GiB
threads_only,2:32,sample_battery_temp,38.000,C
threads_only,2:32,sample_thermal_status,1,Android PowerManager status
threads_only,2:32,sample_cpu0_freq,1800,MHz
threads_only,2:32,sample_cpu1_freq,1800,MHz
threads_only,2:32,sample_cpu2_freq,1800,MHz
threads_only,2:32,sample_cpu3_freq,1800,MHz
threads_only,2:32,sample_cpu4_freq,2300,MHz
threads_only,2:32,sample_cpu5_freq,2300,MHz
threads_only,2:32,sample_cpu6_freq,2300,MHz
threads_only,2:32,sample_cpu7_freq,2300,MHz
threads_only,2:33,sample_elapsed,5259,ms
threads_only,2:33,sample_power,4.132,W
threads_only,2:33,sample_process_cpu,503.509,% one core
threads_only,2:33,sample_free_ram,0.872,GiB
threads_only,2:33,sample_battery_temp,38.000,C
threads_only,2:33,sample_thermal_status,1,Android PowerManager status
threads_only,2:33,sample_cpu0_freq,1800,MHz
threads_only,2:33,sample_cpu1_freq,1800,MHz
threads_only,2:33,sample_cpu2_freq,1800,MHz
threads_only,2:33,sample_cpu3_freq,1800,MHz
threads_only,2:33,sample_cpu4_freq,2300,MHz
threads_only,2:33,sample_cpu5_freq,2300,MHz
threads_only,2:33,sample_cpu6_freq,2300,MHz
threads_only,2:33,sample_cpu7_freq,2300,MHz
threads_only,2:34,sample_elapsed,5436,ms
threads_only,2:34,sample_power,4.132,W
threads_only,2:34,sample_process_cpu,480.226,% one core
threads_only,2:34,sample_free_ram,0.872,GiB
threads_only,2:34,sample_battery_temp,38.000,C
threads_only,2:34,sample_thermal_status,1,Android PowerManager status
threads_only,2:34,sample_cpu0_freq,1800,MHz
threads_only,2:34,sample_cpu1_freq,1800,MHz
threads_only,2:34,sample_cpu2_freq,1800,MHz
threads_only,2:34,sample_cpu3_freq,1800,MHz
threads_only,2:34,sample_cpu4_freq,2300,MHz
threads_only,2:34,sample_cpu5_freq,2300,MHz
threads_only,2:34,sample_cpu6_freq,2300,MHz
threads_only,2:34,sample_cpu7_freq,2300,MHz
threads_only,2:35,sample_elapsed,5618,ms
threads_only,2:35,sample_power,4.115,W
threads_only,2:35,sample_process_cpu,516.484,% one core
threads_only,2:35,sample_free_ram,0.872,GiB
threads_only,2:35,sample_battery_temp,38.000,C
threads_only,2:35,sample_thermal_status,1,Android PowerManager status
threads_only,2:35,sample_cpu0_freq,1800,MHz
threads_only,2:35,sample_cpu1_freq,1800,MHz
threads_only,2:35,sample_cpu2_freq,1800,MHz
threads_only,2:35,sample_cpu3_freq,1800,MHz
threads_only,2:35,sample_cpu4_freq,2300,MHz
threads_only,2:35,sample_cpu5_freq,2300,MHz
threads_only,2:35,sample_cpu6_freq,2300,MHz
threads_only,2:35,sample_cpu7_freq,2300,MHz
threads_only,2:36,sample_elapsed,5793,ms
threads_only,2:36,sample_power,4.115,W
threads_only,2:36,sample_process_cpu,491.429,% one core
threads_only,2:36,sample_free_ram,0.872,GiB
threads_only,2:36,sample_battery_temp,38.000,C
threads_only,2:36,sample_thermal_status,1,Android PowerManager status
threads_only,2:36,sample_cpu0_freq,1800,MHz
threads_only,2:36,sample_cpu1_freq,1800,MHz
threads_only,2:36,sample_cpu2_freq,1800,MHz
threads_only,2:36,sample_cpu3_freq,1800,MHz
threads_only,2:36,sample_cpu4_freq,2300,MHz
threads_only,2:36,sample_cpu5_freq,2300,MHz
threads_only,2:36,sample_cpu6_freq,2300,MHz
threads_only,2:36,sample_cpu7_freq,2300,MHz
threads_only,2:37,sample_elapsed,5972,ms
threads_only,2:37,sample_power,4.115,W
threads_only,2:37,sample_process_cpu,479.888,% one core
threads_only,2:37,sample_free_ram,0.871,GiB
threads_only,2:37,sample_battery_temp,38.000,C
threads_only,2:37,sample_thermal_status,1,Android PowerManager status
threads_only,2:37,sample_cpu0_freq,1800,MHz
threads_only,2:37,sample_cpu1_freq,1800,MHz
threads_only,2:37,sample_cpu2_freq,1800,MHz
threads_only,2:37,sample_cpu3_freq,1800,MHz
threads_only,2:37,sample_cpu4_freq,2300,MHz
threads_only,2:37,sample_cpu5_freq,2300,MHz
threads_only,2:37,sample_cpu6_freq,2300,MHz
threads_only,2:37,sample_cpu7_freq,2300,MHz
threads_only,2:38,sample_elapsed,6153,ms
threads_only,2:38,sample_power,4.046,W
threads_only,2:38,sample_process_cpu,496.133,% one core
threads_only,2:38,sample_free_ram,0.871,GiB
threads_only,2:38,sample_battery_temp,38.000,C
threads_only,2:38,sample_thermal_status,1,Android PowerManager status
threads_only,2:38,sample_cpu0_freq,1800,MHz
threads_only,2:38,sample_cpu1_freq,1800,MHz
threads_only,2:38,sample_cpu2_freq,1800,MHz
threads_only,2:38,sample_cpu3_freq,1800,MHz
threads_only,2:38,sample_cpu4_freq,2300,MHz
threads_only,2:38,sample_cpu5_freq,2300,MHz
threads_only,2:38,sample_cpu6_freq,2300,MHz
threads_only,2:38,sample_cpu7_freq,2300,MHz
threads_only,2:39,sample_elapsed,6334,ms
threads_only,2:39,sample_power,4.046,W
threads_only,2:39,sample_process_cpu,486.188,% one core
threads_only,2:39,sample_free_ram,0.871,GiB
threads_only,2:39,sample_battery_temp,38.000,C
threads_only,2:39,sample_thermal_status,1,Android PowerManager status
threads_only,2:39,sample_cpu0_freq,1800,MHz
threads_only,2:39,sample_cpu1_freq,1800,MHz
threads_only,2:39,sample_cpu2_freq,1800,MHz
threads_only,2:39,sample_cpu3_freq,1800,MHz
threads_only,2:39,sample_cpu4_freq,2300,MHz
threads_only,2:39,sample_cpu5_freq,2300,MHz
threads_only,2:39,sample_cpu6_freq,2300,MHz
threads_only,2:39,sample_cpu7_freq,2300,MHz
threads_only,2:40,sample_elapsed,6508,ms
threads_only,2:40,sample_power,4.046,W
threads_only,2:40,sample_process_cpu,474.138,% one core
threads_only,2:40,sample_free_ram,0.871,GiB
threads_only,2:40,sample_battery_temp,38.000,C
threads_only,2:40,sample_thermal_status,1,Android PowerManager status
threads_only,2:40,sample_cpu0_freq,1800,MHz
threads_only,2:40,sample_cpu1_freq,1800,MHz
threads_only,2:40,sample_cpu2_freq,1800,MHz
threads_only,2:40,sample_cpu3_freq,1800,MHz
threads_only,2:40,sample_cpu4_freq,2300,MHz
threads_only,2:40,sample_cpu5_freq,2300,MHz
threads_only,2:40,sample_cpu6_freq,2300,MHz
threads_only,2:40,sample_cpu7_freq,2300,MHz
threads_only,2:41,sample_elapsed,6663,ms
threads_only,2:41,sample_power,4.021,W
threads_only,2:41,sample_process_cpu,494.839,% one core
threads_only,2:41,sample_free_ram,0.871,GiB
threads_only,2:41,sample_battery_temp,38.000,C
threads_only,2:41,sample_thermal_status,1,Android PowerManager status
threads_only,2:41,sample_cpu0_freq,1800,MHz
threads_only,2:41,sample_cpu1_freq,1800,MHz
threads_only,2:41,sample_cpu2_freq,1800,MHz
threads_only,2:41,sample_cpu3_freq,1800,MHz
threads_only,2:41,sample_cpu4_freq,2300,MHz
threads_only,2:41,sample_cpu5_freq,2300,MHz
threads_only,2:41,sample_cpu6_freq,2300,MHz
threads_only,2:41,sample_cpu7_freq,2300,MHz
threads_only,2:42,sample_elapsed,6831,ms
threads_only,2:42,sample_power,4.021,W
threads_only,2:42,sample_process_cpu,490.476,% one core
threads_only,2:42,sample_free_ram,0.871,GiB
threads_only,2:42,sample_battery_temp,38.000,C
threads_only,2:42,sample_thermal_status,1,Android PowerManager status
threads_only,2:42,sample_cpu0_freq,1800,MHz
threads_only,2:42,sample_cpu1_freq,1800,MHz
threads_only,2:42,sample_cpu2_freq,1800,MHz
threads_only,2:42,sample_cpu3_freq,1800,MHz
threads_only,2:42,sample_cpu4_freq,2300,MHz
threads_only,2:42,sample_cpu5_freq,2300,MHz
threads_only,2:42,sample_cpu6_freq,2300,MHz
threads_only,2:42,sample_cpu7_freq,2300,MHz
threads_only,2:43,sample_elapsed,7006,ms
threads_only,2:43,sample_power,4.021,W
threads_only,2:43,sample_process_cpu,472.000,% one core
threads_only,2:43,sample_free_ram,0.871,GiB
threads_only,2:43,sample_battery_temp,38.000,C
threads_only,2:43,sample_thermal_status,1,Android PowerManager status
threads_only,2:43,sample_cpu0_freq,1800,MHz
threads_only,2:43,sample_cpu1_freq,1800,MHz
threads_only,2:43,sample_cpu2_freq,1800,MHz
threads_only,2:43,sample_cpu3_freq,1800,MHz
threads_only,2:43,sample_cpu4_freq,2300,MHz
threads_only,2:43,sample_cpu5_freq,2300,MHz
threads_only,2:43,sample_cpu6_freq,2300,MHz
threads_only,2:43,sample_cpu7_freq,2300,MHz
threads_only,2:44,sample_elapsed,7161,ms
threads_only,2:44,sample_power,4.021,W
threads_only,2:44,sample_process_cpu,483.226,% one core
threads_only,2:44,sample_free_ram,0.871,GiB
threads_only,2:44,sample_battery_temp,38.000,C
threads_only,2:44,sample_thermal_status,1,Android PowerManager status
threads_only,2:44,sample_cpu0_freq,1800,MHz
threads_only,2:44,sample_cpu1_freq,1800,MHz
threads_only,2:44,sample_cpu2_freq,1800,MHz
threads_only,2:44,sample_cpu3_freq,1800,MHz
threads_only,2:44,sample_cpu4_freq,2300,MHz
threads_only,2:44,sample_cpu5_freq,2300,MHz
threads_only,2:44,sample_cpu6_freq,2300,MHz
threads_only,2:44,sample_cpu7_freq,2300,MHz
threads_only,2:45,sample_elapsed,7327,ms
threads_only,2:45,sample_power,4.082,W
threads_only,2:45,sample_process_cpu,505.422,% one core
threads_only,2:45,sample_free_ram,0.871,GiB
threads_only,2:45,sample_battery_temp,38.000,C
threads_only,2:45,sample_thermal_status,1,Android PowerManager status
threads_only,2:45,sample_cpu0_freq,1800,MHz
threads_only,2:45,sample_cpu1_freq,1800,MHz
threads_only,2:45,sample_cpu2_freq,1800,MHz
threads_only,2:45,sample_cpu3_freq,1800,MHz
threads_only,2:45,sample_cpu4_freq,2300,MHz
threads_only,2:45,sample_cpu5_freq,2300,MHz
threads_only,2:45,sample_cpu6_freq,2300,MHz
threads_only,2:45,sample_cpu7_freq,2300,MHz
threads_only,2:46,sample_elapsed,7515,ms
threads_only,2:46,sample_power,4.082,W
threads_only,2:46,sample_process_cpu,487.234,% one core
threads_only,2:46,sample_free_ram,0.870,GiB
threads_only,2:46,sample_battery_temp,38.000,C
threads_only,2:46,sample_thermal_status,1,Android PowerManager status
threads_only,2:46,sample_cpu0_freq,1800,MHz
threads_only,2:46,sample_cpu1_freq,1800,MHz
threads_only,2:46,sample_cpu2_freq,1800,MHz
threads_only,2:46,sample_cpu3_freq,1800,MHz
threads_only,2:46,sample_cpu4_freq,2300,MHz
threads_only,2:46,sample_cpu5_freq,2300,MHz
threads_only,2:46,sample_cpu6_freq,2300,MHz
threads_only,2:46,sample_cpu7_freq,2300,MHz
threads_only,2:47,sample_elapsed,7692,ms
threads_only,2:47,sample_power,4.082,W
threads_only,2:47,sample_process_cpu,489.831,% one core
threads_only,2:47,sample_free_ram,0.870,GiB
threads_only,2:47,sample_battery_temp,38.000,C
threads_only,2:47,sample_thermal_status,1,Android PowerManager status
threads_only,2:47,sample_cpu0_freq,1800,MHz
threads_only,2:47,sample_cpu1_freq,1800,MHz
threads_only,2:47,sample_cpu2_freq,1800,MHz
threads_only,2:47,sample_cpu3_freq,1800,MHz
threads_only,2:47,sample_cpu4_freq,2300,MHz
threads_only,2:47,sample_cpu5_freq,2300,MHz
threads_only,2:47,sample_cpu6_freq,2300,MHz
threads_only,2:47,sample_cpu7_freq,2300,MHz
threads_only,2:48,sample_elapsed,7864,ms
threads_only,2:48,sample_power,4.327,W
threads_only,2:48,sample_process_cpu,481.395,% one core
threads_only,2:48,sample_free_ram,0.870,GiB
threads_only,2:48,sample_battery_temp,38.000,C
threads_only,2:48,sample_thermal_status,1,Android PowerManager status
threads_only,2:48,sample_cpu0_freq,1800,MHz
threads_only,2:48,sample_cpu1_freq,1800,MHz
threads_only,2:48,sample_cpu2_freq,1800,MHz
threads_only,2:48,sample_cpu3_freq,1800,MHz
threads_only,2:48,sample_cpu4_freq,2300,MHz
threads_only,2:48,sample_cpu5_freq,2300,MHz
threads_only,2:48,sample_cpu6_freq,2300,MHz
threads_only,2:48,sample_cpu7_freq,2300,MHz
threads_only,2:49,sample_elapsed,8038,ms
threads_only,2:49,sample_power,4.327,W
threads_only,2:49,sample_process_cpu,513.793,% one core
threads_only,2:49,sample_free_ram,0.870,GiB
threads_only,2:49,sample_battery_temp,38.000,C
threads_only,2:49,sample_thermal_status,1,Android PowerManager status
threads_only,2:49,sample_cpu0_freq,1800,MHz
threads_only,2:49,sample_cpu1_freq,1800,MHz
threads_only,2:49,sample_cpu2_freq,1800,MHz
threads_only,2:49,sample_cpu3_freq,1800,MHz
threads_only,2:49,sample_cpu4_freq,2300,MHz
threads_only,2:49,sample_cpu5_freq,2300,MHz
threads_only,2:49,sample_cpu6_freq,2300,MHz
threads_only,2:49,sample_cpu7_freq,2300,MHz
threads_only,2:50,sample_elapsed,8219,ms
threads_only,2:50,sample_power,4.327,W
threads_only,2:50,sample_process_cpu,471.271,% one core
threads_only,2:50,sample_free_ram,0.870,GiB
threads_only,2:50,sample_battery_temp,38.000,C
threads_only,2:50,sample_thermal_status,1,Android PowerManager status
threads_only,2:50,sample_cpu0_freq,1800,MHz
threads_only,2:50,sample_cpu1_freq,1800,MHz
threads_only,2:50,sample_cpu2_freq,1800,MHz
threads_only,2:50,sample_cpu3_freq,1800,MHz
threads_only,2:50,sample_cpu4_freq,2300,MHz
threads_only,2:50,sample_cpu5_freq,2300,MHz
threads_only,2:50,sample_cpu6_freq,2300,MHz
threads_only,2:50,sample_cpu7_freq,2300,MHz
threads_only,2:51,sample_elapsed,8389,ms
threads_only,2:51,sample_power,4.095,W
threads_only,2:51,sample_process_cpu,507.647,% one core
threads_only,2:51,sample_free_ram,0.870,GiB
threads_only,2:51,sample_battery_temp,38.000,C
threads_only,2:51,sample_thermal_status,1,Android PowerManager status
threads_only,2:51,sample_cpu0_freq,1800,MHz
threads_only,2:51,sample_cpu1_freq,1800,MHz
threads_only,2:51,sample_cpu2_freq,1800,MHz
threads_only,2:51,sample_cpu3_freq,1800,MHz
threads_only,2:51,sample_cpu4_freq,2300,MHz
threads_only,2:51,sample_cpu5_freq,2300,MHz
threads_only,2:51,sample_cpu6_freq,2300,MHz
threads_only,2:51,sample_cpu7_freq,2300,MHz
threads_only,2:52,sample_elapsed,8560,ms
threads_only,2:52,sample_power,4.095,W
threads_only,2:52,sample_process_cpu,539.766,% one core
threads_only,2:52,sample_free_ram,0.870,GiB
threads_only,2:52,sample_battery_temp,38.000,C
threads_only,2:52,sample_thermal_status,1,Android PowerManager status
threads_only,2:52,sample_cpu0_freq,1800,MHz
threads_only,2:52,sample_cpu1_freq,1800,MHz
threads_only,2:52,sample_cpu2_freq,1800,MHz
threads_only,2:52,sample_cpu3_freq,1800,MHz
threads_only,2:52,sample_cpu4_freq,2300,MHz
threads_only,2:52,sample_cpu5_freq,2300,MHz
threads_only,2:52,sample_cpu6_freq,2300,MHz
threads_only,2:52,sample_cpu7_freq,2300,MHz
threads_only,2:53,sample_elapsed,8749,ms
threads_only,2:53,sample_power,4.095,W
threads_only,2:53,sample_process_cpu,457.143,% one core
threads_only,2:53,sample_free_ram,0.870,GiB
threads_only,2:53,sample_battery_temp,38.000,C
threads_only,2:53,sample_thermal_status,1,Android PowerManager status
threads_only,2:53,sample_cpu0_freq,1800,MHz
threads_only,2:53,sample_cpu1_freq,1800,MHz
threads_only,2:53,sample_cpu2_freq,1800,MHz
threads_only,2:53,sample_cpu3_freq,1800,MHz
threads_only,2:53,sample_cpu4_freq,2300,MHz
threads_only,2:53,sample_cpu5_freq,2300,MHz
threads_only,2:53,sample_cpu6_freq,2300,MHz
threads_only,2:53,sample_cpu7_freq,2300,MHz
threads_only,2:54,sample_elapsed,8916,ms
threads_only,2:54,sample_power,4.123,W
threads_only,2:54,sample_process_cpu,508.383,% one core
threads_only,2:54,sample_free_ram,0.870,GiB
threads_only,2:54,sample_battery_temp,38.000,C
threads_only,2:54,sample_thermal_status,1,Android PowerManager status
threads_only,2:54,sample_cpu0_freq,1800,MHz
threads_only,2:54,sample_cpu1_freq,1800,MHz
threads_only,2:54,sample_cpu2_freq,1800,MHz
threads_only,2:54,sample_cpu3_freq,1800,MHz
threads_only,2:54,sample_cpu4_freq,2300,MHz
threads_only,2:54,sample_cpu5_freq,2300,MHz
threads_only,2:54,sample_cpu6_freq,2300,MHz
threads_only,2:54,sample_cpu7_freq,2300,MHz
threads_only,2:55,sample_elapsed,9089,ms
threads_only,2:55,sample_power,4.123,W
threads_only,2:55,sample_process_cpu,497.110,% one core
threads_only,2:55,sample_free_ram,0.869,GiB
threads_only,2:55,sample_battery_temp,38.000,C
threads_only,2:55,sample_thermal_status,1,Android PowerManager status
threads_only,2:55,sample_cpu0_freq,1800,MHz
threads_only,2:55,sample_cpu1_freq,1800,MHz
threads_only,2:55,sample_cpu2_freq,1800,MHz
threads_only,2:55,sample_cpu3_freq,1800,MHz
threads_only,2:55,sample_cpu4_freq,2300,MHz
threads_only,2:55,sample_cpu5_freq,2300,MHz
threads_only,2:55,sample_cpu6_freq,2300,MHz
threads_only,2:55,sample_cpu7_freq,2300,MHz
threads_only,2:56,sample_elapsed,9273,ms
threads_only,2:56,sample_power,4.123,W
threads_only,2:56,sample_process_cpu,507.065,% one core
threads_only,2:56,sample_free_ram,0.869,GiB
threads_only,2:56,sample_battery_temp,38.000,C
threads_only,2:56,sample_thermal_status,1,Android PowerManager status
threads_only,2:56,sample_cpu0_freq,1800,MHz
threads_only,2:56,sample_cpu1_freq,1800,MHz
threads_only,2:56,sample_cpu2_freq,1800,MHz
threads_only,2:56,sample_cpu3_freq,1800,MHz
threads_only,2:56,sample_cpu4_freq,2300,MHz
threads_only,2:56,sample_cpu5_freq,2300,MHz
threads_only,2:56,sample_cpu6_freq,2300,MHz
threads_only,2:56,sample_cpu7_freq,2300,MHz
threads_only,2:57,sample_elapsed,9460,ms
threads_only,2:57,sample_power,4.136,W
threads_only,2:57,sample_process_cpu,491.444,% one core
threads_only,2:57,sample_free_ram,0.869,GiB
threads_only,2:57,sample_battery_temp,38.000,C
threads_only,2:57,sample_thermal_status,1,Android PowerManager status
threads_only,2:57,sample_cpu0_freq,1800,MHz
threads_only,2:57,sample_cpu1_freq,1800,MHz
threads_only,2:57,sample_cpu2_freq,1800,MHz
threads_only,2:57,sample_cpu3_freq,1800,MHz
threads_only,2:57,sample_cpu4_freq,2300,MHz
threads_only,2:57,sample_cpu5_freq,2300,MHz
threads_only,2:57,sample_cpu6_freq,2300,MHz
threads_only,2:57,sample_cpu7_freq,2300,MHz
threads_only,2:58,sample_elapsed,9652,ms
threads_only,2:58,sample_power,4.136,W
threads_only,2:58,sample_process_cpu,570.313,% one core
threads_only,2:58,sample_free_ram,0.869,GiB
threads_only,2:58,sample_battery_temp,38.000,C
threads_only,2:58,sample_thermal_status,1,Android PowerManager status
threads_only,2:58,sample_cpu0_freq,1800,MHz
threads_only,2:58,sample_cpu1_freq,1800,MHz
threads_only,2:58,sample_cpu2_freq,1800,MHz
threads_only,2:58,sample_cpu3_freq,1800,MHz
threads_only,2:58,sample_cpu4_freq,2300,MHz
threads_only,2:58,sample_cpu5_freq,2300,MHz
threads_only,2:58,sample_cpu6_freq,2300,MHz
threads_only,2:58,sample_cpu7_freq,2300,MHz
threads_only,2:59,sample_elapsed,9876,ms
threads_only,2:59,sample_power,4.136,W
threads_only,2:59,sample_process_cpu,413.839,% one core
threads_only,2:59,sample_free_ram,0.869,GiB
threads_only,2:59,sample_battery_temp,38.000,C
threads_only,2:59,sample_thermal_status,1,Android PowerManager status
threads_only,2:59,sample_cpu0_freq,1800,MHz
threads_only,2:59,sample_cpu1_freq,1800,MHz
threads_only,2:59,sample_cpu2_freq,1800,MHz
threads_only,2:59,sample_cpu3_freq,1800,MHz
threads_only,2:59,sample_cpu4_freq,2300,MHz
threads_only,2:59,sample_cpu5_freq,2300,MHz
threads_only,2:59,sample_cpu6_freq,2300,MHz
threads_only,2:59,sample_cpu7_freq,2300,MHz
threads_only,2:60,sample_elapsed,10062,ms
threads_only,2:60,sample_power,4.275,W
threads_only,2:60,sample_process_cpu,517.742,% one core
threads_only,2:60,sample_free_ram,0.869,GiB
threads_only,2:60,sample_battery_temp,38.000,C
threads_only,2:60,sample_thermal_status,1,Android PowerManager status
threads_only,2:60,sample_cpu0_freq,1800,MHz
threads_only,2:60,sample_cpu1_freq,1800,MHz
threads_only,2:60,sample_cpu2_freq,1800,MHz
threads_only,2:60,sample_cpu3_freq,1800,MHz
threads_only,2:60,sample_cpu4_freq,2300,MHz
threads_only,2:60,sample_cpu5_freq,2300,MHz
threads_only,2:60,sample_cpu6_freq,2300,MHz
threads_only,2:60,sample_cpu7_freq,2300,MHz
threads_only,2:61,sample_elapsed,10253,ms
threads_only,2:61,sample_power,4.275,W
threads_only,2:61,sample_process_cpu,489.005,% one core
threads_only,2:61,sample_free_ram,0.868,GiB
threads_only,2:61,sample_battery_temp,38.000,C
threads_only,2:61,sample_thermal_status,1,Android PowerManager status
threads_only,2:61,sample_cpu0_freq,1800,MHz
threads_only,2:61,sample_cpu1_freq,1800,MHz
threads_only,2:61,sample_cpu2_freq,1800,MHz
threads_only,2:61,sample_cpu3_freq,1800,MHz
threads_only,2:61,sample_cpu4_freq,2300,MHz
threads_only,2:61,sample_cpu5_freq,2300,MHz
threads_only,2:61,sample_cpu6_freq,2300,MHz
threads_only,2:61,sample_cpu7_freq,2300,MHz
threads_only,2:62,sample_elapsed,10434,ms
threads_only,2:62,sample_power,4.275,W
threads_only,2:62,sample_process_cpu,467.403,% one core
threads_only,2:62,sample_free_ram,0.868,GiB
threads_only,2:62,sample_battery_temp,38.000,C
threads_only,2:62,sample_thermal_status,1,Android PowerManager status
threads_only,2:62,sample_cpu0_freq,1800,MHz
threads_only,2:62,sample_cpu1_freq,1800,MHz
threads_only,2:62,sample_cpu2_freq,1800,MHz
threads_only,2:62,sample_cpu3_freq,1800,MHz
threads_only,2:62,sample_cpu4_freq,2300,MHz
threads_only,2:62,sample_cpu5_freq,2300,MHz
threads_only,2:62,sample_cpu6_freq,2300,MHz
threads_only,2:62,sample_cpu7_freq,2300,MHz
threads_only,2:63,sample_elapsed,10599,ms
threads_only,2:63,sample_power,4.602,W
threads_only,2:63,sample_process_cpu,480.000,% one core
threads_only,2:63,sample_free_ram,0.868,GiB
threads_only,2:63,sample_battery_temp,38.000,C
threads_only,2:63,sample_thermal_status,1,Android PowerManager status
threads_only,2:63,sample_cpu0_freq,1800,MHz
threads_only,2:63,sample_cpu1_freq,1800,MHz
threads_only,2:63,sample_cpu2_freq,1800,MHz
threads_only,2:63,sample_cpu3_freq,1800,MHz
threads_only,2:63,sample_cpu4_freq,2300,MHz
threads_only,2:63,sample_cpu5_freq,2300,MHz
threads_only,2:63,sample_cpu6_freq,2300,MHz
threads_only,2:63,sample_cpu7_freq,2300,MHz
threads_only,2:64,sample_elapsed,10763,ms
threads_only,2:64,sample_power,4.602,W
threads_only,2:64,sample_process_cpu,471.951,% one core
threads_only,2:64,sample_free_ram,0.868,GiB
threads_only,2:64,sample_battery_temp,38.000,C
threads_only,2:64,sample_thermal_status,1,Android PowerManager status
threads_only,2:64,sample_cpu0_freq,1800,MHz
threads_only,2:64,sample_cpu1_freq,1800,MHz
threads_only,2:64,sample_cpu2_freq,1800,MHz
threads_only,2:64,sample_cpu3_freq,1800,MHz
threads_only,2:64,sample_cpu4_freq,2300,MHz
threads_only,2:64,sample_cpu5_freq,2300,MHz
threads_only,2:64,sample_cpu6_freq,2300,MHz
threads_only,2:64,sample_cpu7_freq,2300,MHz
threads_only,2:65,sample_elapsed,10924,ms
threads_only,2:65,sample_power,4.602,W
threads_only,2:65,sample_process_cpu,488.820,% one core
threads_only,2:65,sample_free_ram,0.868,GiB
threads_only,2:65,sample_battery_temp,38.000,C
threads_only,2:65,sample_thermal_status,1,Android PowerManager status
threads_only,2:65,sample_cpu0_freq,1800,MHz
threads_only,2:65,sample_cpu1_freq,1800,MHz
threads_only,2:65,sample_cpu2_freq,1800,MHz
threads_only,2:65,sample_cpu3_freq,1800,MHz
threads_only,2:65,sample_cpu4_freq,2300,MHz
threads_only,2:65,sample_cpu5_freq,2300,MHz
threads_only,2:65,sample_cpu6_freq,2300,MHz
threads_only,2:65,sample_cpu7_freq,2300,MHz
threads_only,2:66,sample_elapsed,11101,ms
threads_only,2:66,sample_power,4.169,W
threads_only,2:66,sample_process_cpu,550.282,% one core
threads_only,2:66,sample_free_ram,0.868,GiB
threads_only,2:66,sample_battery_temp,38.000,C
threads_only,2:66,sample_thermal_status,1,Android PowerManager status
threads_only,2:66,sample_cpu0_freq,1800,MHz
threads_only,2:66,sample_cpu1_freq,1800,MHz
threads_only,2:66,sample_cpu2_freq,1800,MHz
threads_only,2:66,sample_cpu3_freq,1800,MHz
threads_only,2:66,sample_cpu4_freq,2300,MHz
threads_only,2:66,sample_cpu5_freq,2300,MHz
threads_only,2:66,sample_cpu6_freq,2300,MHz
threads_only,2:66,sample_cpu7_freq,2300,MHz
threads_only,2:67,sample_elapsed,11296,ms
threads_only,2:67,sample_power,4.169,W
threads_only,2:67,sample_process_cpu,420.513,% one core
threads_only,2:67,sample_free_ram,0.868,GiB
threads_only,2:67,sample_battery_temp,38.000,C
threads_only,2:67,sample_thermal_status,1,Android PowerManager status
threads_only,2:67,sample_cpu0_freq,1800,MHz
threads_only,2:67,sample_cpu1_freq,1800,MHz
threads_only,2:67,sample_cpu2_freq,1800,MHz
threads_only,2:67,sample_cpu3_freq,1800,MHz
threads_only,2:67,sample_cpu4_freq,2300,MHz
threads_only,2:67,sample_cpu5_freq,2300,MHz
threads_only,2:67,sample_cpu6_freq,2300,MHz
threads_only,2:67,sample_cpu7_freq,2300,MHz
threads_only,2:68,sample_elapsed,11449,ms
threads_only,2:68,sample_power,4.169,W
threads_only,2:68,sample_process_cpu,495.425,% one core
threads_only,2:68,sample_free_ram,0.867,GiB
threads_only,2:68,sample_battery_temp,38.000,C
threads_only,2:68,sample_thermal_status,1,Android PowerManager status
threads_only,2:68,sample_cpu0_freq,1800,MHz
threads_only,2:68,sample_cpu1_freq,1800,MHz
threads_only,2:68,sample_cpu2_freq,1800,MHz
threads_only,2:68,sample_cpu3_freq,1800,MHz
threads_only,2:68,sample_cpu4_freq,2300,MHz
threads_only,2:68,sample_cpu5_freq,2300,MHz
threads_only,2:68,sample_cpu6_freq,2300,MHz
threads_only,2:68,sample_cpu7_freq,2300,MHz
threads_only,2:69,sample_elapsed,11633,ms
threads_only,2:69,sample_power,4.284,W
threads_only,2:69,sample_process_cpu,485.870,% one core
threads_only,2:69,sample_free_ram,0.867,GiB
threads_only,2:69,sample_battery_temp,38.000,C
threads_only,2:69,sample_thermal_status,1,Android PowerManager status
threads_only,2:69,sample_cpu0_freq,1800,MHz
threads_only,2:69,sample_cpu1_freq,1800,MHz
threads_only,2:69,sample_cpu2_freq,1800,MHz
threads_only,2:69,sample_cpu3_freq,1800,MHz
threads_only,2:69,sample_cpu4_freq,2300,MHz
threads_only,2:69,sample_cpu5_freq,2300,MHz
threads_only,2:69,sample_cpu6_freq,2300,MHz
threads_only,2:69,sample_cpu7_freq,2300,MHz
threads_only,2:70,sample_elapsed,11816,ms
threads_only,2:70,sample_power,4.284,W
threads_only,2:70,sample_process_cpu,481.421,% one core
threads_only,2:70,sample_free_ram,0.867,GiB
threads_only,2:70,sample_battery_temp,38.000,C
threads_only,2:70,sample_thermal_status,1,Android PowerManager status
threads_only,2:70,sample_cpu0_freq,1800,MHz
threads_only,2:70,sample_cpu1_freq,1800,MHz
threads_only,2:70,sample_cpu2_freq,1800,MHz
threads_only,2:70,sample_cpu3_freq,1800,MHz
threads_only,2:70,sample_cpu4_freq,2300,MHz
threads_only,2:70,sample_cpu5_freq,2300,MHz
threads_only,2:70,sample_cpu6_freq,2300,MHz
threads_only,2:70,sample_cpu7_freq,2300,MHz
threads_only,2:71,sample_elapsed,11981,ms
threads_only,2:71,sample_power,4.284,W
threads_only,2:71,sample_process_cpu,487.879,% one core
threads_only,2:71,sample_free_ram,0.868,GiB
threads_only,2:71,sample_battery_temp,38.000,C
threads_only,2:71,sample_thermal_status,1,Android PowerManager status
threads_only,2:71,sample_cpu0_freq,1800,MHz
threads_only,2:71,sample_cpu1_freq,1800,MHz
threads_only,2:71,sample_cpu2_freq,1800,MHz
threads_only,2:71,sample_cpu3_freq,1800,MHz
threads_only,2:71,sample_cpu4_freq,2300,MHz
threads_only,2:71,sample_cpu5_freq,2300,MHz
threads_only,2:71,sample_cpu6_freq,2300,MHz
threads_only,2:71,sample_cpu7_freq,2300,MHz
threads_only,3,pp,124.000,tok/s
threads_only,3,tg,15.900,tok/s
threads_only,3,power,3.975,W
threads_only,3,tok_per_w,4.000,tok/W
threads_only,3,ttft_pp512_derived,4191.925,ms
threads_only,3,start_temp,38.000,C
threads_only,3,average_process_cpu,484.933,% one core
threads_only,3,minimum_free_ram,0.854,GiB
threads_only,3,peak_battery_temp,38.000,C
threads_only,3,peak_thermal_status,1,Android PowerManager status
threads_only,3:1,sample_elapsed,0,ms
threads_only,3:1,sample_power,1.333,W
threads_only,3:1,sample_process_cpu,0.000,% one core
threads_only,3:1,sample_free_ram,0.942,GiB
threads_only,3:1,sample_battery_temp,38.000,C
threads_only,3:1,sample_thermal_status,1,Android PowerManager status
threads_only,3:1,sample_cpu0_freq,1200,MHz
threads_only,3:1,sample_cpu1_freq,1300,MHz
threads_only,3:1,sample_cpu2_freq,1500,MHz
threads_only,3:1,sample_cpu3_freq,1500,MHz
threads_only,3:1,sample_cpu4_freq,400,MHz
threads_only,3:1,sample_cpu5_freq,400,MHz
threads_only,3:1,sample_cpu6_freq,400,MHz
threads_only,3:1,sample_cpu7_freq,400,MHz
threads_only,3:2,sample_elapsed,162,ms
threads_only,3:2,sample_power,1.333,W
threads_only,3:2,sample_process_cpu,370.988,% one core
threads_only,3:2,sample_free_ram,0.898,GiB
threads_only,3:2,sample_battery_temp,38.000,C
threads_only,3:2,sample_thermal_status,1,Android PowerManager status
threads_only,3:2,sample_cpu0_freq,1800,MHz
threads_only,3:2,sample_cpu1_freq,1300,MHz
threads_only,3:2,sample_cpu2_freq,1200,MHz
threads_only,3:2,sample_cpu3_freq,1800,MHz
threads_only,3:2,sample_cpu4_freq,2300,MHz
threads_only,3:2,sample_cpu5_freq,2300,MHz
threads_only,3:2,sample_cpu6_freq,2300,MHz
threads_only,3:2,sample_cpu7_freq,2300,MHz
threads_only,3:3,sample_elapsed,320,ms
threads_only,3:3,sample_power,1.333,W
threads_only,3:3,sample_process_cpu,470.886,% one core
threads_only,3:3,sample_free_ram,0.862,GiB
threads_only,3:3,sample_battery_temp,38.000,C
threads_only,3:3,sample_thermal_status,1,Android PowerManager status
threads_only,3:3,sample_cpu0_freq,900,MHz
threads_only,3:3,sample_cpu1_freq,900,MHz
threads_only,3:3,sample_cpu2_freq,900,MHz
threads_only,3:3,sample_cpu3_freq,900,MHz
threads_only,3:3,sample_cpu4_freq,2300,MHz
threads_only,3:3,sample_cpu5_freq,2300,MHz
threads_only,3:3,sample_cpu6_freq,2300,MHz
threads_only,3:3,sample_cpu7_freq,2300,MHz
threads_only,3:4,sample_elapsed,481,ms
threads_only,3:4,sample_power,1.333,W
threads_only,3:4,sample_process_cpu,463.354,% one core
threads_only,3:4,sample_free_ram,0.861,GiB
threads_only,3:4,sample_battery_temp,38.000,C
threads_only,3:4,sample_thermal_status,1,Android PowerManager status
threads_only,3:4,sample_cpu0_freq,1800,MHz
threads_only,3:4,sample_cpu1_freq,1800,MHz
threads_only,3:4,sample_cpu2_freq,1800,MHz
threads_only,3:4,sample_cpu3_freq,1800,MHz
threads_only,3:4,sample_cpu4_freq,2300,MHz
threads_only,3:4,sample_cpu5_freq,2300,MHz
threads_only,3:4,sample_cpu6_freq,2300,MHz
threads_only,3:4,sample_cpu7_freq,2300,MHz
threads_only,3:5,sample_elapsed,636,ms
threads_only,3:5,sample_power,3.735,W
threads_only,3:5,sample_process_cpu,467.097,% one core
threads_only,3:5,sample_free_ram,0.861,GiB
threads_only,3:5,sample_battery_temp,38.000,C
threads_only,3:5,sample_thermal_status,1,Android PowerManager status
threads_only,3:5,sample_cpu0_freq,1000,MHz
threads_only,3:5,sample_cpu1_freq,1000,MHz
threads_only,3:5,sample_cpu2_freq,1000,MHz
threads_only,3:5,sample_cpu3_freq,1000,MHz
threads_only,3:5,sample_cpu4_freq,2300,MHz
threads_only,3:5,sample_cpu5_freq,2300,MHz
threads_only,3:5,sample_cpu6_freq,2300,MHz
threads_only,3:5,sample_cpu7_freq,2300,MHz
threads_only,3:6,sample_elapsed,797,ms
threads_only,3:6,sample_power,3.735,W
threads_only,3:6,sample_process_cpu,461.491,% one core
threads_only,3:6,sample_free_ram,0.862,GiB
threads_only,3:6,sample_battery_temp,38.000,C
threads_only,3:6,sample_thermal_status,1,Android PowerManager status
threads_only,3:6,sample_cpu0_freq,1800,MHz
threads_only,3:6,sample_cpu1_freq,1800,MHz
threads_only,3:6,sample_cpu2_freq,1800,MHz
threads_only,3:6,sample_cpu3_freq,1800,MHz
threads_only,3:6,sample_cpu4_freq,2300,MHz
threads_only,3:6,sample_cpu5_freq,2300,MHz
threads_only,3:6,sample_cpu6_freq,2300,MHz
threads_only,3:6,sample_cpu7_freq,2300,MHz
threads_only,3:7,sample_elapsed,953,ms
threads_only,3:7,sample_power,3.735,W
threads_only,3:7,sample_process_cpu,466.667,% one core
threads_only,3:7,sample_free_ram,0.861,GiB
threads_only,3:7,sample_battery_temp,38.000,C
threads_only,3:7,sample_thermal_status,1,Android PowerManager status
threads_only,3:7,sample_cpu0_freq,1000,MHz
threads_only,3:7,sample_cpu1_freq,500,MHz
threads_only,3:7,sample_cpu2_freq,1500,MHz
threads_only,3:7,sample_cpu3_freq,1500,MHz
threads_only,3:7,sample_cpu4_freq,2300,MHz
threads_only,3:7,sample_cpu5_freq,2300,MHz
threads_only,3:7,sample_cpu6_freq,2300,MHz
threads_only,3:7,sample_cpu7_freq,2300,MHz
threads_only,3:8,sample_elapsed,1110,ms
threads_only,3:8,sample_power,3.735,W
threads_only,3:8,sample_process_cpu,466.242,% one core
threads_only,3:8,sample_free_ram,0.861,GiB
threads_only,3:8,sample_battery_temp,38.000,C
threads_only,3:8,sample_thermal_status,1,Android PowerManager status
threads_only,3:8,sample_cpu0_freq,600,MHz
threads_only,3:8,sample_cpu1_freq,1800,MHz
threads_only,3:8,sample_cpu2_freq,1800,MHz
threads_only,3:8,sample_cpu3_freq,1800,MHz
threads_only,3:8,sample_cpu4_freq,2300,MHz
threads_only,3:8,sample_cpu5_freq,2300,MHz
threads_only,3:8,sample_cpu6_freq,2300,MHz
threads_only,3:8,sample_cpu7_freq,2300,MHz
threads_only,3:9,sample_elapsed,1266,ms
threads_only,3:9,sample_power,3.694,W
threads_only,3:9,sample_process_cpu,514.103,% one core
threads_only,3:9,sample_free_ram,0.861,GiB
threads_only,3:9,sample_battery_temp,38.000,C
threads_only,3:9,sample_thermal_status,1,Android PowerManager status
threads_only,3:9,sample_cpu0_freq,1800,MHz
threads_only,3:9,sample_cpu1_freq,1800,MHz
threads_only,3:9,sample_cpu2_freq,1800,MHz
threads_only,3:9,sample_cpu3_freq,1800,MHz
threads_only,3:9,sample_cpu4_freq,2300,MHz
threads_only,3:9,sample_cpu5_freq,2300,MHz
threads_only,3:9,sample_cpu6_freq,2300,MHz
threads_only,3:9,sample_cpu7_freq,2300,MHz
threads_only,3:10,sample_elapsed,1428,ms
threads_only,3:10,sample_power,3.694,W
threads_only,3:10,sample_process_cpu,449.383,% one core
threads_only,3:10,sample_free_ram,0.861,GiB
threads_only,3:10,sample_battery_temp,38.000,C
threads_only,3:10,sample_thermal_status,1,Android PowerManager status
threads_only,3:10,sample_cpu0_freq,1800,MHz
threads_only,3:10,sample_cpu1_freq,1800,MHz
threads_only,3:10,sample_cpu2_freq,1800,MHz
threads_only,3:10,sample_cpu3_freq,1800,MHz
threads_only,3:10,sample_cpu4_freq,2300,MHz
threads_only,3:10,sample_cpu5_freq,2300,MHz
threads_only,3:10,sample_cpu6_freq,2300,MHz
threads_only,3:10,sample_cpu7_freq,2300,MHz
threads_only,3:11,sample_elapsed,1582,ms
threads_only,3:11,sample_power,3.694,W
threads_only,3:11,sample_process_cpu,459.740,% one core
threads_only,3:11,sample_free_ram,0.861,GiB
threads_only,3:11,sample_battery_temp,38.000,C
threads_only,3:11,sample_thermal_status,1,Android PowerManager status
threads_only,3:11,sample_cpu0_freq,1800,MHz
threads_only,3:11,sample_cpu1_freq,1800,MHz
threads_only,3:11,sample_cpu2_freq,1800,MHz
threads_only,3:11,sample_cpu3_freq,1800,MHz
threads_only,3:11,sample_cpu4_freq,2300,MHz
threads_only,3:11,sample_cpu5_freq,2300,MHz
threads_only,3:11,sample_cpu6_freq,2300,MHz
threads_only,3:11,sample_cpu7_freq,2300,MHz
threads_only,3:12,sample_elapsed,1741,ms
threads_only,3:12,sample_power,3.694,W
threads_only,3:12,sample_process_cpu,466.038,% one core
threads_only,3:12,sample_free_ram,0.861,GiB
threads_only,3:12,sample_battery_temp,38.000,C
threads_only,3:12,sample_thermal_status,1,Android PowerManager status
threads_only,3:12,sample_cpu0_freq,1800,MHz
threads_only,3:12,sample_cpu1_freq,1800,MHz
threads_only,3:12,sample_cpu2_freq,1800,MHz
threads_only,3:12,sample_cpu3_freq,1800,MHz
threads_only,3:12,sample_cpu4_freq,2300,MHz
threads_only,3:12,sample_cpu5_freq,2300,MHz
threads_only,3:12,sample_cpu6_freq,2300,MHz
threads_only,3:12,sample_cpu7_freq,2300,MHz
threads_only,3:13,sample_elapsed,1901,ms
threads_only,3:13,sample_power,4.206,W
threads_only,3:13,sample_process_cpu,471.250,% one core
threads_only,3:13,sample_free_ram,0.861,GiB
threads_only,3:13,sample_battery_temp,38.000,C
threads_only,3:13,sample_thermal_status,1,Android PowerManager status
threads_only,3:13,sample_cpu0_freq,1800,MHz
threads_only,3:13,sample_cpu1_freq,1300,MHz
threads_only,3:13,sample_cpu2_freq,1300,MHz
threads_only,3:13,sample_cpu3_freq,1300,MHz
threads_only,3:13,sample_cpu4_freq,2300,MHz
threads_only,3:13,sample_cpu5_freq,2300,MHz
threads_only,3:13,sample_cpu6_freq,2300,MHz
threads_only,3:13,sample_cpu7_freq,2300,MHz
threads_only,3:14,sample_elapsed,2060,ms
threads_only,3:14,sample_power,4.206,W
threads_only,3:14,sample_process_cpu,464.151,% one core
threads_only,3:14,sample_free_ram,0.861,GiB
threads_only,3:14,sample_battery_temp,38.000,C
threads_only,3:14,sample_thermal_status,1,Android PowerManager status
threads_only,3:14,sample_cpu0_freq,1800,MHz
threads_only,3:14,sample_cpu1_freq,1800,MHz
threads_only,3:14,sample_cpu2_freq,1800,MHz
threads_only,3:14,sample_cpu3_freq,1800,MHz
threads_only,3:14,sample_cpu4_freq,2300,MHz
threads_only,3:14,sample_cpu5_freq,2300,MHz
threads_only,3:14,sample_cpu6_freq,2300,MHz
threads_only,3:14,sample_cpu7_freq,2300,MHz
threads_only,3:15,sample_elapsed,2217,ms
threads_only,3:15,sample_power,4.206,W
threads_only,3:15,sample_process_cpu,466.242,% one core
threads_only,3:15,sample_free_ram,0.861,GiB
threads_only,3:15,sample_battery_temp,38.000,C
threads_only,3:15,sample_thermal_status,1,Android PowerManager status
threads_only,3:15,sample_cpu0_freq,1800,MHz
threads_only,3:15,sample_cpu1_freq,1800,MHz
threads_only,3:15,sample_cpu2_freq,1800,MHz
threads_only,3:15,sample_cpu3_freq,1800,MHz
threads_only,3:15,sample_cpu4_freq,2300,MHz
threads_only,3:15,sample_cpu5_freq,2300,MHz
threads_only,3:15,sample_cpu6_freq,2300,MHz
threads_only,3:15,sample_cpu7_freq,2300,MHz
threads_only,3:16,sample_elapsed,2375,ms
threads_only,3:16,sample_power,4.206,W
threads_only,3:16,sample_process_cpu,470.886,% one core
threads_only,3:16,sample_free_ram,0.861,GiB
threads_only,3:16,sample_battery_temp,38.000,C
threads_only,3:16,sample_thermal_status,1,Android PowerManager status
threads_only,3:16,sample_cpu0_freq,1800,MHz
threads_only,3:16,sample_cpu1_freq,1800,MHz
threads_only,3:16,sample_cpu2_freq,1800,MHz
threads_only,3:16,sample_cpu3_freq,1800,MHz
threads_only,3:16,sample_cpu4_freq,2300,MHz
threads_only,3:16,sample_cpu5_freq,2300,MHz
threads_only,3:16,sample_cpu6_freq,2300,MHz
threads_only,3:16,sample_cpu7_freq,2300,MHz
threads_only,3:17,sample_elapsed,2530,ms
threads_only,3:17,sample_power,3.956,W
threads_only,3:17,sample_process_cpu,470.968,% one core
threads_only,3:17,sample_free_ram,0.861,GiB
threads_only,3:17,sample_battery_temp,38.000,C
threads_only,3:17,sample_thermal_status,1,Android PowerManager status
threads_only,3:17,sample_cpu0_freq,1800,MHz
threads_only,3:17,sample_cpu1_freq,700,MHz
threads_only,3:17,sample_cpu2_freq,700,MHz
threads_only,3:17,sample_cpu3_freq,700,MHz
threads_only,3:17,sample_cpu4_freq,2300,MHz
threads_only,3:17,sample_cpu5_freq,2300,MHz
threads_only,3:17,sample_cpu6_freq,2300,MHz
threads_only,3:17,sample_cpu7_freq,2300,MHz
threads_only,3:18,sample_elapsed,2693,ms
threads_only,3:18,sample_power,3.956,W
threads_only,3:18,sample_process_cpu,455.828,% one core
threads_only,3:18,sample_free_ram,0.861,GiB
threads_only,3:18,sample_battery_temp,38.000,C
threads_only,3:18,sample_thermal_status,1,Android PowerManager status
threads_only,3:18,sample_cpu0_freq,700,MHz
threads_only,3:18,sample_cpu1_freq,700,MHz
threads_only,3:18,sample_cpu2_freq,1400,MHz
threads_only,3:18,sample_cpu3_freq,1400,MHz
threads_only,3:18,sample_cpu4_freq,2300,MHz
threads_only,3:18,sample_cpu5_freq,2300,MHz
threads_only,3:18,sample_cpu6_freq,2300,MHz
threads_only,3:18,sample_cpu7_freq,2300,MHz
threads_only,3:19,sample_elapsed,2855,ms
threads_only,3:19,sample_power,3.956,W
threads_only,3:19,sample_process_cpu,484.568,% one core
threads_only,3:19,sample_free_ram,0.861,GiB
threads_only,3:19,sample_battery_temp,38.000,C
threads_only,3:19,sample_thermal_status,1,Android PowerManager status
threads_only,3:19,sample_cpu0_freq,1000,MHz
threads_only,3:19,sample_cpu1_freq,1000,MHz
threads_only,3:19,sample_cpu2_freq,1000,MHz
threads_only,3:19,sample_cpu3_freq,1000,MHz
threads_only,3:19,sample_cpu4_freq,2300,MHz
threads_only,3:19,sample_cpu5_freq,2300,MHz
threads_only,3:19,sample_cpu6_freq,2300,MHz
threads_only,3:19,sample_cpu7_freq,2300,MHz
threads_only,3:20,sample_elapsed,3015,ms
threads_only,3:20,sample_power,3.956,W
threads_only,3:20,sample_process_cpu,455.625,% one core
threads_only,3:20,sample_free_ram,0.861,GiB
threads_only,3:20,sample_battery_temp,38.000,C
threads_only,3:20,sample_thermal_status,1,Android PowerManager status
threads_only,3:20,sample_cpu0_freq,1700,MHz
threads_only,3:20,sample_cpu1_freq,1800,MHz
threads_only,3:20,sample_cpu2_freq,1800,MHz
threads_only,3:20,sample_cpu3_freq,1800,MHz
threads_only,3:20,sample_cpu4_freq,2300,MHz
threads_only,3:20,sample_cpu5_freq,2300,MHz
threads_only,3:20,sample_cpu6_freq,2300,MHz
threads_only,3:20,sample_cpu7_freq,2300,MHz
threads_only,3:21,sample_elapsed,3172,ms
threads_only,3:21,sample_power,4.667,W
threads_only,3:21,sample_process_cpu,473.885,% one core
threads_only,3:21,sample_free_ram,0.861,GiB
threads_only,3:21,sample_battery_temp,38.000,C
threads_only,3:21,sample_thermal_status,1,Android PowerManager status
threads_only,3:21,sample_cpu0_freq,1800,MHz
threads_only,3:21,sample_cpu1_freq,1800,MHz
threads_only,3:21,sample_cpu2_freq,1800,MHz
threads_only,3:21,sample_cpu3_freq,1800,MHz
threads_only,3:21,sample_cpu4_freq,2300,MHz
threads_only,3:21,sample_cpu5_freq,2300,MHz
threads_only,3:21,sample_cpu6_freq,2300,MHz
threads_only,3:21,sample_cpu7_freq,2300,MHz
threads_only,3:22,sample_elapsed,3333,ms
threads_only,3:22,sample_power,4.667,W
threads_only,3:22,sample_process_cpu,450.311,% one core
threads_only,3:22,sample_free_ram,0.861,GiB
threads_only,3:22,sample_battery_temp,38.000,C
threads_only,3:22,sample_thermal_status,1,Android PowerManager status
threads_only,3:22,sample_cpu0_freq,1800,MHz
threads_only,3:22,sample_cpu1_freq,1800,MHz
threads_only,3:22,sample_cpu2_freq,800,MHz
threads_only,3:22,sample_cpu3_freq,1800,MHz
threads_only,3:22,sample_cpu4_freq,2300,MHz
threads_only,3:22,sample_cpu5_freq,2300,MHz
threads_only,3:22,sample_cpu6_freq,2300,MHz
threads_only,3:22,sample_cpu7_freq,2300,MHz
threads_only,3:23,sample_elapsed,3493,ms
threads_only,3:23,sample_power,4.667,W
threads_only,3:23,sample_process_cpu,478.125,% one core
threads_only,3:23,sample_free_ram,0.861,GiB
threads_only,3:23,sample_battery_temp,38.000,C
threads_only,3:23,sample_thermal_status,1,Android PowerManager status
threads_only,3:23,sample_cpu0_freq,1800,MHz
threads_only,3:23,sample_cpu1_freq,1800,MHz
threads_only,3:23,sample_cpu2_freq,1800,MHz
threads_only,3:23,sample_cpu3_freq,1800,MHz
threads_only,3:23,sample_cpu4_freq,2300,MHz
threads_only,3:23,sample_cpu5_freq,2300,MHz
threads_only,3:23,sample_cpu6_freq,2300,MHz
threads_only,3:23,sample_cpu7_freq,2300,MHz
threads_only,3:24,sample_elapsed,3655,ms
threads_only,3:24,sample_power,4.667,W
threads_only,3:24,sample_process_cpu,449.383,% one core
threads_only,3:24,sample_free_ram,0.861,GiB
threads_only,3:24,sample_battery_temp,38.000,C
threads_only,3:24,sample_thermal_status,1,Android PowerManager status
threads_only,3:24,sample_cpu0_freq,1400,MHz
threads_only,3:24,sample_cpu1_freq,1400,MHz
threads_only,3:24,sample_cpu2_freq,1400,MHz
threads_only,3:24,sample_cpu3_freq,1400,MHz
threads_only,3:24,sample_cpu4_freq,2300,MHz
threads_only,3:24,sample_cpu5_freq,2300,MHz
threads_only,3:24,sample_cpu6_freq,2300,MHz
threads_only,3:24,sample_cpu7_freq,2300,MHz
threads_only,3:25,sample_elapsed,3809,ms
threads_only,3:25,sample_power,4.423,W
threads_only,3:25,sample_process_cpu,471.429,% one core
threads_only,3:25,sample_free_ram,0.861,GiB
threads_only,3:25,sample_battery_temp,38.000,C
threads_only,3:25,sample_thermal_status,1,Android PowerManager status
threads_only,3:25,sample_cpu0_freq,1800,MHz
threads_only,3:25,sample_cpu1_freq,1800,MHz
threads_only,3:25,sample_cpu2_freq,1800,MHz
threads_only,3:25,sample_cpu3_freq,1800,MHz
threads_only,3:25,sample_cpu4_freq,2300,MHz
threads_only,3:25,sample_cpu5_freq,2300,MHz
threads_only,3:25,sample_cpu6_freq,2300,MHz
threads_only,3:25,sample_cpu7_freq,2300,MHz
threads_only,3:26,sample_elapsed,3967,ms
threads_only,3:26,sample_power,4.423,W
threads_only,3:26,sample_process_cpu,460.127,% one core
threads_only,3:26,sample_free_ram,0.861,GiB
threads_only,3:26,sample_battery_temp,38.000,C
threads_only,3:26,sample_thermal_status,1,Android PowerManager status
threads_only,3:26,sample_cpu0_freq,1700,MHz
threads_only,3:26,sample_cpu1_freq,1700,MHz
threads_only,3:26,sample_cpu2_freq,1700,MHz
threads_only,3:26,sample_cpu3_freq,1700,MHz
threads_only,3:26,sample_cpu4_freq,2300,MHz
threads_only,3:26,sample_cpu5_freq,2300,MHz
threads_only,3:26,sample_cpu6_freq,2300,MHz
threads_only,3:26,sample_cpu7_freq,2300,MHz
threads_only,3:27,sample_elapsed,4126,ms
threads_only,3:27,sample_power,4.423,W
threads_only,3:27,sample_process_cpu,466.038,% one core
threads_only,3:27,sample_free_ram,0.861,GiB
threads_only,3:27,sample_battery_temp,38.000,C
threads_only,3:27,sample_thermal_status,1,Android PowerManager status
threads_only,3:27,sample_cpu0_freq,1800,MHz
threads_only,3:27,sample_cpu1_freq,1800,MHz
threads_only,3:27,sample_cpu2_freq,1800,MHz
threads_only,3:27,sample_cpu3_freq,1800,MHz
threads_only,3:27,sample_cpu4_freq,2300,MHz
threads_only,3:27,sample_cpu5_freq,2300,MHz
threads_only,3:27,sample_cpu6_freq,2300,MHz
threads_only,3:27,sample_cpu7_freq,2300,MHz
threads_only,3:28,sample_elapsed,4280,ms
threads_only,3:28,sample_power,4.423,W
threads_only,3:28,sample_process_cpu,478.571,% one core
threads_only,3:28,sample_free_ram,0.861,GiB
threads_only,3:28,sample_battery_temp,38.000,C
threads_only,3:28,sample_thermal_status,1,Android PowerManager status
threads_only,3:28,sample_cpu0_freq,1800,MHz
threads_only,3:28,sample_cpu1_freq,1800,MHz
threads_only,3:28,sample_cpu2_freq,1800,MHz
threads_only,3:28,sample_cpu3_freq,1800,MHz
threads_only,3:28,sample_cpu4_freq,2300,MHz
threads_only,3:28,sample_cpu5_freq,2300,MHz
threads_only,3:28,sample_cpu6_freq,2300,MHz
threads_only,3:28,sample_cpu7_freq,2300,MHz
threads_only,3:29,sample_elapsed,4446,ms
threads_only,3:29,sample_power,4.214,W
threads_only,3:29,sample_process_cpu,504.819,% one core
threads_only,3:29,sample_free_ram,0.861,GiB
threads_only,3:29,sample_battery_temp,38.000,C
threads_only,3:29,sample_thermal_status,1,Android PowerManager status
threads_only,3:29,sample_cpu0_freq,1800,MHz
threads_only,3:29,sample_cpu1_freq,1800,MHz
threads_only,3:29,sample_cpu2_freq,1800,MHz
threads_only,3:29,sample_cpu3_freq,1800,MHz
threads_only,3:29,sample_cpu4_freq,2300,MHz
threads_only,3:29,sample_cpu5_freq,2300,MHz
threads_only,3:29,sample_cpu6_freq,2300,MHz
threads_only,3:29,sample_cpu7_freq,2300,MHz
threads_only,3:30,sample_elapsed,4624,ms
threads_only,3:30,sample_power,4.214,W
threads_only,3:30,sample_process_cpu,501.124,% one core
threads_only,3:30,sample_free_ram,0.860,GiB
threads_only,3:30,sample_battery_temp,38.000,C
threads_only,3:30,sample_thermal_status,1,Android PowerManager status
threads_only,3:30,sample_cpu0_freq,1800,MHz
threads_only,3:30,sample_cpu1_freq,1800,MHz
threads_only,3:30,sample_cpu2_freq,1800,MHz
threads_only,3:30,sample_cpu3_freq,1800,MHz
threads_only,3:30,sample_cpu4_freq,2300,MHz
threads_only,3:30,sample_cpu5_freq,2300,MHz
threads_only,3:30,sample_cpu6_freq,2300,MHz
threads_only,3:30,sample_cpu7_freq,2300,MHz
threads_only,3:31,sample_elapsed,4805,ms
threads_only,3:31,sample_power,4.214,W
threads_only,3:31,sample_process_cpu,489.503,% one core
threads_only,3:31,sample_free_ram,0.860,GiB
threads_only,3:31,sample_battery_temp,38.000,C
threads_only,3:31,sample_thermal_status,1,Android PowerManager status
threads_only,3:31,sample_cpu0_freq,1800,MHz
threads_only,3:31,sample_cpu1_freq,1800,MHz
threads_only,3:31,sample_cpu2_freq,1800,MHz
threads_only,3:31,sample_cpu3_freq,1800,MHz
threads_only,3:31,sample_cpu4_freq,2300,MHz
threads_only,3:31,sample_cpu5_freq,2300,MHz
threads_only,3:31,sample_cpu6_freq,2300,MHz
threads_only,3:31,sample_cpu7_freq,2300,MHz
threads_only,3:32,sample_elapsed,4975,ms
threads_only,3:32,sample_power,4.071,W
threads_only,3:32,sample_process_cpu,498.235,% one core
threads_only,3:32,sample_free_ram,0.860,GiB
threads_only,3:32,sample_battery_temp,38.000,C
threads_only,3:32,sample_thermal_status,1,Android PowerManager status
threads_only,3:32,sample_cpu0_freq,1800,MHz
threads_only,3:32,sample_cpu1_freq,1800,MHz
threads_only,3:32,sample_cpu2_freq,1800,MHz
threads_only,3:32,sample_cpu3_freq,1800,MHz
threads_only,3:32,sample_cpu4_freq,2300,MHz
threads_only,3:32,sample_cpu5_freq,2300,MHz
threads_only,3:32,sample_cpu6_freq,2300,MHz
threads_only,3:32,sample_cpu7_freq,2300,MHz
threads_only,3:33,sample_elapsed,5153,ms
threads_only,3:33,sample_power,4.071,W
threads_only,3:33,sample_process_cpu,468.539,% one core
threads_only,3:33,sample_free_ram,0.860,GiB
threads_only,3:33,sample_battery_temp,38.000,C
threads_only,3:33,sample_thermal_status,1,Android PowerManager status
threads_only,3:33,sample_cpu0_freq,1800,MHz
threads_only,3:33,sample_cpu1_freq,1800,MHz
threads_only,3:33,sample_cpu2_freq,1800,MHz
threads_only,3:33,sample_cpu3_freq,1800,MHz
threads_only,3:33,sample_cpu4_freq,2300,MHz
threads_only,3:33,sample_cpu5_freq,2300,MHz
threads_only,3:33,sample_cpu6_freq,2300,MHz
threads_only,3:33,sample_cpu7_freq,2300,MHz
threads_only,3:34,sample_elapsed,5319,ms
threads_only,3:34,sample_power,4.071,W
threads_only,3:34,sample_process_cpu,478.916,% one core
threads_only,3:34,sample_free_ram,0.860,GiB
threads_only,3:34,sample_battery_temp,38.000,C
threads_only,3:34,sample_thermal_status,1,Android PowerManager status
threads_only,3:34,sample_cpu0_freq,1800,MHz
threads_only,3:34,sample_cpu1_freq,1800,MHz
threads_only,3:34,sample_cpu2_freq,1800,MHz
threads_only,3:34,sample_cpu3_freq,1800,MHz
threads_only,3:34,sample_cpu4_freq,2300,MHz
threads_only,3:34,sample_cpu5_freq,2300,MHz
threads_only,3:34,sample_cpu6_freq,2300,MHz
threads_only,3:34,sample_cpu7_freq,2300,MHz
threads_only,3:35,sample_elapsed,5478,ms
threads_only,3:35,sample_power,3.768,W
threads_only,3:35,sample_process_cpu,517.610,% one core
threads_only,3:35,sample_free_ram,0.860,GiB
threads_only,3:35,sample_battery_temp,38.000,C
threads_only,3:35,sample_thermal_status,1,Android PowerManager status
threads_only,3:35,sample_cpu0_freq,1800,MHz
threads_only,3:35,sample_cpu1_freq,1800,MHz
threads_only,3:35,sample_cpu2_freq,1800,MHz
threads_only,3:35,sample_cpu3_freq,1800,MHz
threads_only,3:35,sample_cpu4_freq,2300,MHz
threads_only,3:35,sample_cpu5_freq,2300,MHz
threads_only,3:35,sample_cpu6_freq,2300,MHz
threads_only,3:35,sample_cpu7_freq,2300,MHz
threads_only,3:36,sample_elapsed,5654,ms
threads_only,3:36,sample_power,3.768,W
threads_only,3:36,sample_process_cpu,483.523,% one core
threads_only,3:36,sample_free_ram,0.860,GiB
threads_only,3:36,sample_battery_temp,38.000,C
threads_only,3:36,sample_thermal_status,1,Android PowerManager status
threads_only,3:36,sample_cpu0_freq,1800,MHz
threads_only,3:36,sample_cpu1_freq,1800,MHz
threads_only,3:36,sample_cpu2_freq,1800,MHz
threads_only,3:36,sample_cpu3_freq,1800,MHz
threads_only,3:36,sample_cpu4_freq,2300,MHz
threads_only,3:36,sample_cpu5_freq,2300,MHz
threads_only,3:36,sample_cpu6_freq,2300,MHz
threads_only,3:36,sample_cpu7_freq,2300,MHz
threads_only,3:37,sample_elapsed,5830,ms
threads_only,3:37,sample_power,3.768,W
threads_only,3:37,sample_process_cpu,497.727,% one core
threads_only,3:37,sample_free_ram,0.860,GiB
threads_only,3:37,sample_battery_temp,38.000,C
threads_only,3:37,sample_thermal_status,1,Android PowerManager status
threads_only,3:37,sample_cpu0_freq,1800,MHz
threads_only,3:37,sample_cpu1_freq,1800,MHz
threads_only,3:37,sample_cpu2_freq,1800,MHz
threads_only,3:37,sample_cpu3_freq,1800,MHz
threads_only,3:37,sample_cpu4_freq,2300,MHz
threads_only,3:37,sample_cpu5_freq,2300,MHz
threads_only,3:37,sample_cpu6_freq,2300,MHz
threads_only,3:37,sample_cpu7_freq,2300,MHz
threads_only,3:38,sample_elapsed,6007,ms
threads_only,3:38,sample_power,4.386,W
threads_only,3:38,sample_process_cpu,511.299,% one core
threads_only,3:38,sample_free_ram,0.860,GiB
threads_only,3:38,sample_battery_temp,38.000,C
threads_only,3:38,sample_thermal_status,1,Android PowerManager status
threads_only,3:38,sample_cpu0_freq,1800,MHz
threads_only,3:38,sample_cpu1_freq,1800,MHz
threads_only,3:38,sample_cpu2_freq,1800,MHz
threads_only,3:38,sample_cpu3_freq,1800,MHz
threads_only,3:38,sample_cpu4_freq,2300,MHz
threads_only,3:38,sample_cpu5_freq,2300,MHz
threads_only,3:38,sample_cpu6_freq,2300,MHz
threads_only,3:38,sample_cpu7_freq,2300,MHz
threads_only,3:39,sample_elapsed,6178,ms
threads_only,3:39,sample_power,4.386,W
threads_only,3:39,sample_process_cpu,494.737,% one core
threads_only,3:39,sample_free_ram,0.860,GiB
threads_only,3:39,sample_battery_temp,38.000,C
threads_only,3:39,sample_thermal_status,1,Android PowerManager status
threads_only,3:39,sample_cpu0_freq,1800,MHz
threads_only,3:39,sample_cpu1_freq,1800,MHz
threads_only,3:39,sample_cpu2_freq,1800,MHz
threads_only,3:39,sample_cpu3_freq,1800,MHz
threads_only,3:39,sample_cpu4_freq,2300,MHz
threads_only,3:39,sample_cpu5_freq,2300,MHz
threads_only,3:39,sample_cpu6_freq,2300,MHz
threads_only,3:39,sample_cpu7_freq,2300,MHz
threads_only,3:40,sample_elapsed,6349,ms
threads_only,3:40,sample_power,4.386,W
threads_only,3:40,sample_process_cpu,506.433,% one core
threads_only,3:40,sample_free_ram,0.860,GiB
threads_only,3:40,sample_battery_temp,38.000,C
threads_only,3:40,sample_thermal_status,1,Android PowerManager status
threads_only,3:40,sample_cpu0_freq,1800,MHz
threads_only,3:40,sample_cpu1_freq,1800,MHz
threads_only,3:40,sample_cpu2_freq,1800,MHz
threads_only,3:40,sample_cpu3_freq,1800,MHz
threads_only,3:40,sample_cpu4_freq,2300,MHz
threads_only,3:40,sample_cpu5_freq,2300,MHz
threads_only,3:40,sample_cpu6_freq,2300,MHz
threads_only,3:40,sample_cpu7_freq,2300,MHz
threads_only,3:41,sample_elapsed,6539,ms
threads_only,3:41,sample_power,4.008,W
threads_only,3:41,sample_process_cpu,546.316,% one core
threads_only,3:41,sample_free_ram,0.860,GiB
threads_only,3:41,sample_battery_temp,38.000,C
threads_only,3:41,sample_thermal_status,1,Android PowerManager status
threads_only,3:41,sample_cpu0_freq,1800,MHz
threads_only,3:41,sample_cpu1_freq,1800,MHz
threads_only,3:41,sample_cpu2_freq,1800,MHz
threads_only,3:41,sample_cpu3_freq,1800,MHz
threads_only,3:41,sample_cpu4_freq,2300,MHz
threads_only,3:41,sample_cpu5_freq,2300,MHz
threads_only,3:41,sample_cpu6_freq,2300,MHz
threads_only,3:41,sample_cpu7_freq,2300,MHz
threads_only,3:42,sample_elapsed,6723,ms
threads_only,3:42,sample_power,4.008,W
threads_only,3:42,sample_process_cpu,442.391,% one core
threads_only,3:42,sample_free_ram,0.860,GiB
threads_only,3:42,sample_battery_temp,38.000,C
threads_only,3:42,sample_thermal_status,1,Android PowerManager status
threads_only,3:42,sample_cpu0_freq,1800,MHz
threads_only,3:42,sample_cpu1_freq,1800,MHz
threads_only,3:42,sample_cpu2_freq,1800,MHz
threads_only,3:42,sample_cpu3_freq,1800,MHz
threads_only,3:42,sample_cpu4_freq,2300,MHz
threads_only,3:42,sample_cpu5_freq,2300,MHz
threads_only,3:42,sample_cpu6_freq,2300,MHz
threads_only,3:42,sample_cpu7_freq,2300,MHz
threads_only,3:43,sample_elapsed,6896,ms
threads_only,3:43,sample_power,4.008,W
threads_only,3:43,sample_process_cpu,495.954,% one core
threads_only,3:43,sample_free_ram,0.859,GiB
threads_only,3:43,sample_battery_temp,38.000,C
threads_only,3:43,sample_thermal_status,1,Android PowerManager status
threads_only,3:43,sample_cpu0_freq,1800,MHz
threads_only,3:43,sample_cpu1_freq,1800,MHz
threads_only,3:43,sample_cpu2_freq,1800,MHz
threads_only,3:43,sample_cpu3_freq,1800,MHz
threads_only,3:43,sample_cpu4_freq,2300,MHz
threads_only,3:43,sample_cpu5_freq,2300,MHz
threads_only,3:43,sample_cpu6_freq,2300,MHz
threads_only,3:43,sample_cpu7_freq,2300,MHz
threads_only,3:44,sample_elapsed,7066,ms
threads_only,3:44,sample_power,4.214,W
threads_only,3:44,sample_process_cpu,531.765,% one core
threads_only,3:44,sample_free_ram,0.859,GiB
threads_only,3:44,sample_battery_temp,38.000,C
threads_only,3:44,sample_thermal_status,1,Android PowerManager status
threads_only,3:44,sample_cpu0_freq,1800,MHz
threads_only,3:44,sample_cpu1_freq,1800,MHz
threads_only,3:44,sample_cpu2_freq,1800,MHz
threads_only,3:44,sample_cpu3_freq,1800,MHz
threads_only,3:44,sample_cpu4_freq,2300,MHz
threads_only,3:44,sample_cpu5_freq,2300,MHz
threads_only,3:44,sample_cpu6_freq,2300,MHz
threads_only,3:44,sample_cpu7_freq,2300,MHz
threads_only,3:45,sample_elapsed,7244,ms
threads_only,3:45,sample_power,4.214,W
threads_only,3:45,sample_process_cpu,453.933,% one core
threads_only,3:45,sample_free_ram,0.858,GiB
threads_only,3:45,sample_battery_temp,38.000,C
threads_only,3:45,sample_thermal_status,1,Android PowerManager status
threads_only,3:45,sample_cpu0_freq,1800,MHz
threads_only,3:45,sample_cpu1_freq,1800,MHz
threads_only,3:45,sample_cpu2_freq,1800,MHz
threads_only,3:45,sample_cpu3_freq,1800,MHz
threads_only,3:45,sample_cpu4_freq,2300,MHz
threads_only,3:45,sample_cpu5_freq,2300,MHz
threads_only,3:45,sample_cpu6_freq,2300,MHz
threads_only,3:45,sample_cpu7_freq,2300,MHz
threads_only,3:46,sample_elapsed,7439,ms
threads_only,3:46,sample_power,4.214,W
threads_only,3:46,sample_process_cpu,504.615,% one core
threads_only,3:46,sample_free_ram,0.858,GiB
threads_only,3:46,sample_battery_temp,38.000,C
threads_only,3:46,sample_thermal_status,1,Android PowerManager status
threads_only,3:46,sample_cpu0_freq,1800,MHz
threads_only,3:46,sample_cpu1_freq,1800,MHz
threads_only,3:46,sample_cpu2_freq,1800,MHz
threads_only,3:46,sample_cpu3_freq,1800,MHz
threads_only,3:46,sample_cpu4_freq,2300,MHz
threads_only,3:46,sample_cpu5_freq,2300,MHz
threads_only,3:46,sample_cpu6_freq,2300,MHz
threads_only,3:46,sample_cpu7_freq,2300,MHz
threads_only,3:47,sample_elapsed,7612,ms
threads_only,3:47,sample_power,4.004,W
threads_only,3:47,sample_process_cpu,525.434,% one core
threads_only,3:47,sample_free_ram,0.858,GiB
threads_only,3:47,sample_battery_temp,38.000,C
threads_only,3:47,sample_thermal_status,1,Android PowerManager status
threads_only,3:47,sample_cpu0_freq,1800,MHz
threads_only,3:47,sample_cpu1_freq,1800,MHz
threads_only,3:47,sample_cpu2_freq,1800,MHz
threads_only,3:47,sample_cpu3_freq,1800,MHz
threads_only,3:47,sample_cpu4_freq,2300,MHz
threads_only,3:47,sample_cpu5_freq,2300,MHz
threads_only,3:47,sample_cpu6_freq,2300,MHz
threads_only,3:47,sample_cpu7_freq,2300,MHz
threads_only,3:48,sample_elapsed,7789,ms
threads_only,3:48,sample_power,4.004,W
threads_only,3:48,sample_process_cpu,490.395,% one core
threads_only,3:48,sample_free_ram,0.858,GiB
threads_only,3:48,sample_battery_temp,38.000,C
threads_only,3:48,sample_thermal_status,1,Android PowerManager status
threads_only,3:48,sample_cpu0_freq,1800,MHz
threads_only,3:48,sample_cpu1_freq,1800,MHz
threads_only,3:48,sample_cpu2_freq,1800,MHz
threads_only,3:48,sample_cpu3_freq,1800,MHz
threads_only,3:48,sample_cpu4_freq,2300,MHz
threads_only,3:48,sample_cpu5_freq,2300,MHz
threads_only,3:48,sample_cpu6_freq,2300,MHz
threads_only,3:48,sample_cpu7_freq,2300,MHz
threads_only,3:49,sample_elapsed,7969,ms
threads_only,3:49,sample_power,4.004,W
threads_only,3:49,sample_process_cpu,484.444,% one core
threads_only,3:49,sample_free_ram,0.858,GiB
threads_only,3:49,sample_battery_temp,38.000,C
threads_only,3:49,sample_thermal_status,1,Android PowerManager status
threads_only,3:49,sample_cpu0_freq,1800,MHz
threads_only,3:49,sample_cpu1_freq,1800,MHz
threads_only,3:49,sample_cpu2_freq,1800,MHz
threads_only,3:49,sample_cpu3_freq,1800,MHz
threads_only,3:49,sample_cpu4_freq,2300,MHz
threads_only,3:49,sample_cpu5_freq,2300,MHz
threads_only,3:49,sample_cpu6_freq,2300,MHz
threads_only,3:49,sample_cpu7_freq,2300,MHz
threads_only,3:50,sample_elapsed,8128,ms
threads_only,3:50,sample_power,4.201,W
threads_only,3:50,sample_process_cpu,523.899,% one core
threads_only,3:50,sample_free_ram,0.858,GiB
threads_only,3:50,sample_battery_temp,38.000,C
threads_only,3:50,sample_thermal_status,1,Android PowerManager status
threads_only,3:50,sample_cpu0_freq,1800,MHz
threads_only,3:50,sample_cpu1_freq,1800,MHz
threads_only,3:50,sample_cpu2_freq,1800,MHz
threads_only,3:50,sample_cpu3_freq,1800,MHz
threads_only,3:50,sample_cpu4_freq,2300,MHz
threads_only,3:50,sample_cpu5_freq,2300,MHz
threads_only,3:50,sample_cpu6_freq,2300,MHz
threads_only,3:50,sample_cpu7_freq,2300,MHz
threads_only,3:51,sample_elapsed,8313,ms
threads_only,3:51,sample_power,4.201,W
threads_only,3:51,sample_process_cpu,484.865,% one core
threads_only,3:51,sample_free_ram,0.858,GiB
threads_only,3:51,sample_battery_temp,38.000,C
threads_only,3:51,sample_thermal_status,1,Android PowerManager status
threads_only,3:51,sample_cpu0_freq,1800,MHz
threads_only,3:51,sample_cpu1_freq,1800,MHz
threads_only,3:51,sample_cpu2_freq,1800,MHz
threads_only,3:51,sample_cpu3_freq,1800,MHz
threads_only,3:51,sample_cpu4_freq,2300,MHz
threads_only,3:51,sample_cpu5_freq,2300,MHz
threads_only,3:51,sample_cpu6_freq,2300,MHz
threads_only,3:51,sample_cpu7_freq,2300,MHz
threads_only,3:52,sample_elapsed,8482,ms
threads_only,3:52,sample_power,4.201,W
threads_only,3:52,sample_process_cpu,498.817,% one core
threads_only,3:52,sample_free_ram,0.858,GiB
threads_only,3:52,sample_battery_temp,38.000,C
threads_only,3:52,sample_thermal_status,1,Android PowerManager status
threads_only,3:52,sample_cpu0_freq,1800,MHz
threads_only,3:52,sample_cpu1_freq,1800,MHz
threads_only,3:52,sample_cpu2_freq,1800,MHz
threads_only,3:52,sample_cpu3_freq,1800,MHz
threads_only,3:52,sample_cpu4_freq,2300,MHz
threads_only,3:52,sample_cpu5_freq,2300,MHz
threads_only,3:52,sample_cpu6_freq,2300,MHz
threads_only,3:52,sample_cpu7_freq,2300,MHz
threads_only,3:53,sample_elapsed,8661,ms
threads_only,3:53,sample_power,4.071,W
threads_only,3:53,sample_process_cpu,512.849,% one core
threads_only,3:53,sample_free_ram,0.858,GiB
threads_only,3:53,sample_battery_temp,38.000,C
threads_only,3:53,sample_thermal_status,1,Android PowerManager status
threads_only,3:53,sample_cpu0_freq,1800,MHz
threads_only,3:53,sample_cpu1_freq,1800,MHz
threads_only,3:53,sample_cpu2_freq,1800,MHz
threads_only,3:53,sample_cpu3_freq,1800,MHz
threads_only,3:53,sample_cpu4_freq,2300,MHz
threads_only,3:53,sample_cpu5_freq,2300,MHz
threads_only,3:53,sample_cpu6_freq,2300,MHz
threads_only,3:53,sample_cpu7_freq,2300,MHz
threads_only,3:54,sample_elapsed,8839,ms
threads_only,3:54,sample_power,4.071,W
threads_only,3:54,sample_process_cpu,478.090,% one core
threads_only,3:54,sample_free_ram,0.858,GiB
threads_only,3:54,sample_battery_temp,38.000,C
threads_only,3:54,sample_thermal_status,1,Android PowerManager status
threads_only,3:54,sample_cpu0_freq,1800,MHz
threads_only,3:54,sample_cpu1_freq,1800,MHz
threads_only,3:54,sample_cpu2_freq,1800,MHz
threads_only,3:54,sample_cpu3_freq,1800,MHz
threads_only,3:54,sample_cpu4_freq,2300,MHz
threads_only,3:54,sample_cpu5_freq,2300,MHz
threads_only,3:54,sample_cpu6_freq,2300,MHz
threads_only,3:54,sample_cpu7_freq,2300,MHz
threads_only,3:55,sample_elapsed,8992,ms
threads_only,3:55,sample_power,4.071,W
threads_only,3:55,sample_process_cpu,508.497,% one core
threads_only,3:55,sample_free_ram,0.858,GiB
threads_only,3:55,sample_battery_temp,38.000,C
threads_only,3:55,sample_thermal_status,1,Android PowerManager status
threads_only,3:55,sample_cpu0_freq,1800,MHz
threads_only,3:55,sample_cpu1_freq,1800,MHz
threads_only,3:55,sample_cpu2_freq,1800,MHz
threads_only,3:55,sample_cpu3_freq,1800,MHz
threads_only,3:55,sample_cpu4_freq,2300,MHz
threads_only,3:55,sample_cpu5_freq,2300,MHz
threads_only,3:55,sample_cpu6_freq,2300,MHz
threads_only,3:55,sample_cpu7_freq,2300,MHz
threads_only,3:56,sample_elapsed,9159,ms
threads_only,3:56,sample_power,4.071,W
threads_only,3:56,sample_process_cpu,511.976,% one core
threads_only,3:56,sample_free_ram,0.858,GiB
threads_only,3:56,sample_battery_temp,38.000,C
threads_only,3:56,sample_thermal_status,1,Android PowerManager status
threads_only,3:56,sample_cpu0_freq,1800,MHz
threads_only,3:56,sample_cpu1_freq,1800,MHz
threads_only,3:56,sample_cpu2_freq,1800,MHz
threads_only,3:56,sample_cpu3_freq,1800,MHz
threads_only,3:56,sample_cpu4_freq,2300,MHz
threads_only,3:56,sample_cpu5_freq,2300,MHz
threads_only,3:56,sample_cpu6_freq,2300,MHz
threads_only,3:56,sample_cpu7_freq,2300,MHz
threads_only,3:57,sample_elapsed,9339,ms
threads_only,3:57,sample_power,4.286,W
threads_only,3:57,sample_process_cpu,504.444,% one core
threads_only,3:57,sample_free_ram,0.858,GiB
threads_only,3:57,sample_battery_temp,38.000,C
threads_only,3:57,sample_thermal_status,1,Android PowerManager status
threads_only,3:57,sample_cpu0_freq,1800,MHz
threads_only,3:57,sample_cpu1_freq,1800,MHz
threads_only,3:57,sample_cpu2_freq,1800,MHz
threads_only,3:57,sample_cpu3_freq,1800,MHz
threads_only,3:57,sample_cpu4_freq,2300,MHz
threads_only,3:57,sample_cpu5_freq,2300,MHz
threads_only,3:57,sample_cpu6_freq,2300,MHz
threads_only,3:57,sample_cpu7_freq,2300,MHz
threads_only,3:58,sample_elapsed,9504,ms
threads_only,3:58,sample_power,4.286,W
threads_only,3:58,sample_process_cpu,483.030,% one core
threads_only,3:58,sample_free_ram,0.857,GiB
threads_only,3:58,sample_battery_temp,38.000,C
threads_only,3:58,sample_thermal_status,1,Android PowerManager status
threads_only,3:58,sample_cpu0_freq,1800,MHz
threads_only,3:58,sample_cpu1_freq,1800,MHz
threads_only,3:58,sample_cpu2_freq,1800,MHz
threads_only,3:58,sample_cpu3_freq,1800,MHz
threads_only,3:58,sample_cpu4_freq,2300,MHz
threads_only,3:58,sample_cpu5_freq,2300,MHz
threads_only,3:58,sample_cpu6_freq,2300,MHz
threads_only,3:58,sample_cpu7_freq,2300,MHz
threads_only,3:59,sample_elapsed,9695,ms
threads_only,3:59,sample_power,4.286,W
threads_only,3:59,sample_process_cpu,511.518,% one core
threads_only,3:59,sample_free_ram,0.858,GiB
threads_only,3:59,sample_battery_temp,38.000,C
threads_only,3:59,sample_thermal_status,1,Android PowerManager status
threads_only,3:59,sample_cpu0_freq,1800,MHz
threads_only,3:59,sample_cpu1_freq,1800,MHz
threads_only,3:59,sample_cpu2_freq,1800,MHz
threads_only,3:59,sample_cpu3_freq,1800,MHz
threads_only,3:59,sample_cpu4_freq,2300,MHz
threads_only,3:59,sample_cpu5_freq,2300,MHz
threads_only,3:59,sample_cpu6_freq,2300,MHz
threads_only,3:59,sample_cpu7_freq,2300,MHz
threads_only,3:60,sample_elapsed,9878,ms
threads_only,3:60,sample_power,4.201,W
threads_only,3:60,sample_process_cpu,490.710,% one core
threads_only,3:60,sample_free_ram,0.857,GiB
threads_only,3:60,sample_battery_temp,38.000,C
threads_only,3:60,sample_thermal_status,1,Android PowerManager status
threads_only,3:60,sample_cpu0_freq,1800,MHz
threads_only,3:60,sample_cpu1_freq,1800,MHz
threads_only,3:60,sample_cpu2_freq,1800,MHz
threads_only,3:60,sample_cpu3_freq,1800,MHz
threads_only,3:60,sample_cpu4_freq,2300,MHz
threads_only,3:60,sample_cpu5_freq,2300,MHz
threads_only,3:60,sample_cpu6_freq,2300,MHz
threads_only,3:60,sample_cpu7_freq,2300,MHz
threads_only,3:61,sample_elapsed,10080,ms
threads_only,3:61,sample_power,4.201,W
threads_only,3:61,sample_process_cpu,470.297,% one core
threads_only,3:61,sample_free_ram,0.856,GiB
threads_only,3:61,sample_battery_temp,38.000,C
threads_only,3:61,sample_thermal_status,1,Android PowerManager status
threads_only,3:61,sample_cpu0_freq,1800,MHz
threads_only,3:61,sample_cpu1_freq,1800,MHz
threads_only,3:61,sample_cpu2_freq,1800,MHz
threads_only,3:61,sample_cpu3_freq,1800,MHz
threads_only,3:61,sample_cpu4_freq,2300,MHz
threads_only,3:61,sample_cpu5_freq,2300,MHz
threads_only,3:61,sample_cpu6_freq,2300,MHz
threads_only,3:61,sample_cpu7_freq,2300,MHz
threads_only,3:62,sample_elapsed,10250,ms
threads_only,3:62,sample_power,4.201,W
threads_only,3:62,sample_process_cpu,480.000,% one core
threads_only,3:62,sample_free_ram,0.856,GiB
threads_only,3:62,sample_battery_temp,38.000,C
threads_only,3:62,sample_thermal_status,1,Android PowerManager status
threads_only,3:62,sample_cpu0_freq,1800,MHz
threads_only,3:62,sample_cpu1_freq,1800,MHz
threads_only,3:62,sample_cpu2_freq,1800,MHz
threads_only,3:62,sample_cpu3_freq,1800,MHz
threads_only,3:62,sample_cpu4_freq,2300,MHz
threads_only,3:62,sample_cpu5_freq,2300,MHz
threads_only,3:62,sample_cpu6_freq,2300,MHz
threads_only,3:62,sample_cpu7_freq,2300,MHz
threads_only,3:63,sample_elapsed,10413,ms
threads_only,3:63,sample_power,4.123,W
threads_only,3:63,sample_process_cpu,523.926,% one core
threads_only,3:63,sample_free_ram,0.856,GiB
threads_only,3:63,sample_battery_temp,38.000,C
threads_only,3:63,sample_thermal_status,1,Android PowerManager status
threads_only,3:63,sample_cpu0_freq,1800,MHz
threads_only,3:63,sample_cpu1_freq,1800,MHz
threads_only,3:63,sample_cpu2_freq,1800,MHz
threads_only,3:63,sample_cpu3_freq,1800,MHz
threads_only,3:63,sample_cpu4_freq,2300,MHz
threads_only,3:63,sample_cpu5_freq,2300,MHz
threads_only,3:63,sample_cpu6_freq,2300,MHz
threads_only,3:63,sample_cpu7_freq,2300,MHz
threads_only,3:64,sample_elapsed,10581,ms
threads_only,3:64,sample_power,4.123,W
threads_only,3:64,sample_process_cpu,472.619,% one core
threads_only,3:64,sample_free_ram,0.855,GiB
threads_only,3:64,sample_battery_temp,38.000,C
threads_only,3:64,sample_thermal_status,1,Android PowerManager status
threads_only,3:64,sample_cpu0_freq,1800,MHz
threads_only,3:64,sample_cpu1_freq,1800,MHz
threads_only,3:64,sample_cpu2_freq,1800,MHz
threads_only,3:64,sample_cpu3_freq,1800,MHz
threads_only,3:64,sample_cpu4_freq,2300,MHz
threads_only,3:64,sample_cpu5_freq,2300,MHz
threads_only,3:64,sample_cpu6_freq,2300,MHz
threads_only,3:64,sample_cpu7_freq,2300,MHz
threads_only,3:65,sample_elapsed,10758,ms
threads_only,3:65,sample_power,4.123,W
threads_only,3:65,sample_process_cpu,497.175,% one core
threads_only,3:65,sample_free_ram,0.855,GiB
threads_only,3:65,sample_battery_temp,38.000,C
threads_only,3:65,sample_thermal_status,1,Android PowerManager status
threads_only,3:65,sample_cpu0_freq,1800,MHz
threads_only,3:65,sample_cpu1_freq,1800,MHz
threads_only,3:65,sample_cpu2_freq,1800,MHz
threads_only,3:65,sample_cpu3_freq,1800,MHz
threads_only,3:65,sample_cpu4_freq,2300,MHz
threads_only,3:65,sample_cpu5_freq,2300,MHz
threads_only,3:65,sample_cpu6_freq,2300,MHz
threads_only,3:65,sample_cpu7_freq,2300,MHz
threads_only,3:66,sample_elapsed,10948,ms
threads_only,3:66,sample_power,4.247,W
threads_only,3:66,sample_process_cpu,507.895,% one core
threads_only,3:66,sample_free_ram,0.855,GiB
threads_only,3:66,sample_battery_temp,38.000,C
threads_only,3:66,sample_thermal_status,1,Android PowerManager status
threads_only,3:66,sample_cpu0_freq,1800,MHz
threads_only,3:66,sample_cpu1_freq,1800,MHz
threads_only,3:66,sample_cpu2_freq,1800,MHz
threads_only,3:66,sample_cpu3_freq,1800,MHz
threads_only,3:66,sample_cpu4_freq,2300,MHz
threads_only,3:66,sample_cpu5_freq,2300,MHz
threads_only,3:66,sample_cpu6_freq,2300,MHz
threads_only,3:66,sample_cpu7_freq,2300,MHz
threads_only,3:67,sample_elapsed,11135,ms
threads_only,3:67,sample_power,4.247,W
threads_only,3:67,sample_process_cpu,487.701,% one core
threads_only,3:67,sample_free_ram,0.855,GiB
threads_only,3:67,sample_battery_temp,38.000,C
threads_only,3:67,sample_thermal_status,1,Android PowerManager status
threads_only,3:67,sample_cpu0_freq,1800,MHz
threads_only,3:67,sample_cpu1_freq,1800,MHz
threads_only,3:67,sample_cpu2_freq,1800,MHz
threads_only,3:67,sample_cpu3_freq,1800,MHz
threads_only,3:67,sample_cpu4_freq,2300,MHz
threads_only,3:67,sample_cpu5_freq,2300,MHz
threads_only,3:67,sample_cpu6_freq,2300,MHz
threads_only,3:67,sample_cpu7_freq,2300,MHz
threads_only,3:68,sample_elapsed,11298,ms
threads_only,3:68,sample_power,4.247,W
threads_only,3:68,sample_process_cpu,494.479,% one core
threads_only,3:68,sample_free_ram,0.854,GiB
threads_only,3:68,sample_battery_temp,38.000,C
threads_only,3:68,sample_thermal_status,1,Android PowerManager status
threads_only,3:68,sample_cpu0_freq,1800,MHz
threads_only,3:68,sample_cpu1_freq,1800,MHz
threads_only,3:68,sample_cpu2_freq,1800,MHz
threads_only,3:68,sample_cpu3_freq,1800,MHz
threads_only,3:68,sample_cpu4_freq,2300,MHz
threads_only,3:68,sample_cpu5_freq,2300,MHz
threads_only,3:68,sample_cpu6_freq,2300,MHz
threads_only,3:68,sample_cpu7_freq,2300,MHz
threads_only,3:69,sample_elapsed,11474,ms
threads_only,3:69,sample_power,4.132,W
threads_only,3:69,sample_process_cpu,510.795,% one core
threads_only,3:69,sample_free_ram,0.854,GiB
threads_only,3:69,sample_battery_temp,38.000,C
threads_only,3:69,sample_thermal_status,1,Android PowerManager status
threads_only,3:69,sample_cpu0_freq,1800,MHz
threads_only,3:69,sample_cpu1_freq,1800,MHz
threads_only,3:69,sample_cpu2_freq,1800,MHz
threads_only,3:69,sample_cpu3_freq,1800,MHz
threads_only,3:69,sample_cpu4_freq,2300,MHz
threads_only,3:69,sample_cpu5_freq,2300,MHz
threads_only,3:69,sample_cpu6_freq,2300,MHz
threads_only,3:69,sample_cpu7_freq,2300,MHz
threads_only,3:70,sample_elapsed,11649,ms
threads_only,3:70,sample_power,4.132,W
threads_only,3:70,sample_process_cpu,506.857,% one core
threads_only,3:70,sample_free_ram,0.854,GiB
threads_only,3:70,sample_battery_temp,38.000,C
threads_only,3:70,sample_thermal_status,1,Android PowerManager status
threads_only,3:70,sample_cpu0_freq,1800,MHz
threads_only,3:70,sample_cpu1_freq,1800,MHz
threads_only,3:70,sample_cpu2_freq,1800,MHz
threads_only,3:70,sample_cpu3_freq,1800,MHz
threads_only,3:70,sample_cpu4_freq,2300,MHz
threads_only,3:70,sample_cpu5_freq,2300,MHz
threads_only,3:70,sample_cpu6_freq,2300,MHz
threads_only,3:70,sample_cpu7_freq,2300,MHz
threads_only,3:71,sample_elapsed,11828,ms
threads_only,3:71,sample_power,4.132,W
threads_only,3:71,sample_process_cpu,526.816,% one core
threads_only,3:71,sample_free_ram,0.854,GiB
threads_only,3:71,sample_battery_temp,38.000,C
threads_only,3:71,sample_thermal_status,1,Android PowerManager status
threads_only,3:71,sample_cpu0_freq,1800,MHz
threads_only,3:71,sample_cpu1_freq,1800,MHz
threads_only,3:71,sample_cpu2_freq,1800,MHz
threads_only,3:71,sample_cpu3_freq,1800,MHz
threads_only,3:71,sample_cpu4_freq,2300,MHz
threads_only,3:71,sample_cpu5_freq,2300,MHz
threads_only,3:71,sample_cpu6_freq,2300,MHz
threads_only,3:71,sample_cpu7_freq,2300,MHz
threads_only,3:72,sample_elapsed,12013,ms
threads_only,3:72,sample_power,4.115,W
threads_only,3:72,sample_process_cpu,512.432,% one core
threads_only,3:72,sample_free_ram,0.854,GiB
threads_only,3:72,sample_battery_temp,38.000,C
threads_only,3:72,sample_thermal_status,1,Android PowerManager status
threads_only,3:72,sample_cpu0_freq,1800,MHz
threads_only,3:72,sample_cpu1_freq,1800,MHz
threads_only,3:72,sample_cpu2_freq,1800,MHz
threads_only,3:72,sample_cpu3_freq,1800,MHz
threads_only,3:72,sample_cpu4_freq,2300,MHz
threads_only,3:72,sample_cpu5_freq,2300,MHz
threads_only,3:72,sample_cpu6_freq,2300,MHz
threads_only,3:72,sample_cpu7_freq,2300,MHz
threads_only,3:73,sample_elapsed,12187,ms
threads_only,3:73,sample_power,4.115,W
threads_only,3:73,sample_process_cpu,464.368,% one core
threads_only,3:73,sample_free_ram,0.854,GiB
threads_only,3:73,sample_battery_temp,38.000,C
threads_only,3:73,sample_thermal_status,1,Android PowerManager status
threads_only,3:73,sample_cpu0_freq,1800,MHz
threads_only,3:73,sample_cpu1_freq,1800,MHz
threads_only,3:73,sample_cpu2_freq,1800,MHz
threads_only,3:73,sample_cpu3_freq,1800,MHz
threads_only,3:73,sample_cpu4_freq,2300,MHz
threads_only,3:73,sample_cpu5_freq,2300,MHz
threads_only,3:73,sample_cpu6_freq,2300,MHz
threads_only,3:73,sample_cpu7_freq,2300,MHz
threads_only,median,pp,124.000,tok/s
threads_only,stddev,pp,7.587,tok/s
threads_only,median,tg,15.900,tok/s
threads_only,stddev,tg,0.216,tok/s
threads_only,median,power,3.975,W
threads_only,stddev,power,0.160,W
threads_only,median,tok_per_w,4.000,tok/W
threads_only,stddev,tok_per_w,0.201,tok/W
threads_only,median,ttft_pp512_derived,4191.925,ms
threads_only,stddev,ttft_pp512_derived,285.437,ms
threads_only,median,start_temp,38.000,C
threads_only,stddev,start_temp,0.000,C
threads_only,median,average_process_cpu,482.650,% one core
threads_only,stddev,average_process_cpu,4.441,% one core
threads_only,median,minimum_free_ram,0.854,GiB
threads_only,stddev,minimum_free_ram,0.039,GiB
threads_only,median,peak_battery_temp,38.000,C
threads_only,stddev,peak_battery_temp,0.000,C
threads_only,median,mean_perf_core_clock,2300.000,MHz
threads_only,stddev,mean_perf_core_clock,0.000,MHz
threads_only,median,mean_little_core_clock,1710.069,MHz
threads_only,stddev,mean_little_core_clock,41.346,MHz
optimized,1,pp,125.000,tok/s
optimized,1,tg,16.000,tok/s
optimized,1,power,3.986,W
optimized,1,tok_per_w,4.014,tok/W
optimized,1,ttft_pp512_derived,4158.500,ms
optimized,1,start_temp,38.000,C
optimized,1,average_process_cpu,488.015,% one core
optimized,1,minimum_free_ram,0.850,GiB
optimized,1,peak_battery_temp,38.000,C
optimized,1,peak_thermal_status,1,Android PowerManager status
optimized,1:1,sample_elapsed,0,ms
optimized,1:1,sample_power,1.045,W
optimized,1:1,sample_process_cpu,0.000,% one core
optimized,1:1,sample_free_ram,0.928,GiB
optimized,1:1,sample_battery_temp,38.000,C
optimized,1:1,sample_thermal_status,1,Android PowerManager status
optimized,1:1,sample_cpu0_freq,700,MHz
optimized,1:1,sample_cpu1_freq,700,MHz
optimized,1:1,sample_cpu2_freq,800,MHz
optimized,1:1,sample_cpu3_freq,800,MHz
optimized,1:1,sample_cpu4_freq,1400,MHz
optimized,1:1,sample_cpu5_freq,1400,MHz
optimized,1:1,sample_cpu6_freq,1400,MHz
optimized,1:1,sample_cpu7_freq,1400,MHz
optimized,1:2,sample_elapsed,163,ms
optimized,1:2,sample_power,1.045,W
optimized,1:2,sample_process_cpu,423.926,% one core
optimized,1:2,sample_free_ram,0.880,GiB
optimized,1:2,sample_battery_temp,38.000,C
optimized,1:2,sample_thermal_status,1,Android PowerManager status
optimized,1:2,sample_cpu0_freq,1200,MHz
optimized,1:2,sample_cpu1_freq,1700,MHz
optimized,1:2,sample_cpu2_freq,1700,MHz
optimized,1:2,sample_cpu3_freq,1200,MHz
optimized,1:2,sample_cpu4_freq,2300,MHz
optimized,1:2,sample_cpu5_freq,2300,MHz
optimized,1:2,sample_cpu6_freq,2300,MHz
optimized,1:2,sample_cpu7_freq,2300,MHz
optimized,1:3,sample_elapsed,315,ms
optimized,1:3,sample_power,1.045,W
optimized,1:3,sample_process_cpu,464.474,% one core
optimized,1:3,sample_free_ram,0.851,GiB
optimized,1:3,sample_battery_temp,38.000,C
optimized,1:3,sample_thermal_status,1,Android PowerManager status
optimized,1:3,sample_cpu0_freq,1800,MHz
optimized,1:3,sample_cpu1_freq,1800,MHz
optimized,1:3,sample_cpu2_freq,1800,MHz
optimized,1:3,sample_cpu3_freq,1800,MHz
optimized,1:3,sample_cpu4_freq,2300,MHz
optimized,1:3,sample_cpu5_freq,2300,MHz
optimized,1:3,sample_cpu6_freq,2300,MHz
optimized,1:3,sample_cpu7_freq,2300,MHz
optimized,1:4,sample_elapsed,474,ms
optimized,1:4,sample_power,1.045,W
optimized,1:4,sample_process_cpu,465.409,% one core
optimized,1:4,sample_free_ram,0.850,GiB
optimized,1:4,sample_battery_temp,38.000,C
optimized,1:4,sample_thermal_status,1,Android PowerManager status
optimized,1:4,sample_cpu0_freq,1800,MHz
optimized,1:4,sample_cpu1_freq,1800,MHz
optimized,1:4,sample_cpu2_freq,1800,MHz
optimized,1:4,sample_cpu3_freq,1800,MHz
optimized,1:4,sample_cpu4_freq,2300,MHz
optimized,1:4,sample_cpu5_freq,2300,MHz
optimized,1:4,sample_cpu6_freq,2300,MHz
optimized,1:4,sample_cpu7_freq,2300,MHz
optimized,1:5,sample_elapsed,628,ms
optimized,1:5,sample_power,4.013,W
optimized,1:5,sample_process_cpu,505.195,% one core
optimized,1:5,sample_free_ram,0.853,GiB
optimized,1:5,sample_battery_temp,38.000,C
optimized,1:5,sample_thermal_status,1,Android PowerManager status
optimized,1:5,sample_cpu0_freq,1800,MHz
optimized,1:5,sample_cpu1_freq,1800,MHz
optimized,1:5,sample_cpu2_freq,1800,MHz
optimized,1:5,sample_cpu3_freq,1800,MHz
optimized,1:5,sample_cpu4_freq,2300,MHz
optimized,1:5,sample_cpu5_freq,2300,MHz
optimized,1:5,sample_cpu6_freq,2300,MHz
optimized,1:5,sample_cpu7_freq,2300,MHz
optimized,1:6,sample_elapsed,787,ms
optimized,1:6,sample_power,4.013,W
optimized,1:6,sample_process_cpu,455.346,% one core
optimized,1:6,sample_free_ram,0.853,GiB
optimized,1:6,sample_battery_temp,38.000,C
optimized,1:6,sample_thermal_status,1,Android PowerManager status
optimized,1:6,sample_cpu0_freq,1400,MHz
optimized,1:6,sample_cpu1_freq,1400,MHz
optimized,1:6,sample_cpu2_freq,1400,MHz
optimized,1:6,sample_cpu3_freq,1400,MHz
optimized,1:6,sample_cpu4_freq,2300,MHz
optimized,1:6,sample_cpu5_freq,2300,MHz
optimized,1:6,sample_cpu6_freq,2300,MHz
optimized,1:6,sample_cpu7_freq,2300,MHz
optimized,1:7,sample_elapsed,944,ms
optimized,1:7,sample_power,4.013,W
optimized,1:7,sample_process_cpu,463.057,% one core
optimized,1:7,sample_free_ram,0.854,GiB
optimized,1:7,sample_battery_temp,38.000,C
optimized,1:7,sample_thermal_status,1,Android PowerManager status
optimized,1:7,sample_cpu0_freq,1800,MHz
optimized,1:7,sample_cpu1_freq,1800,MHz
optimized,1:7,sample_cpu2_freq,1800,MHz
optimized,1:7,sample_cpu3_freq,1800,MHz
optimized,1:7,sample_cpu4_freq,2300,MHz
optimized,1:7,sample_cpu5_freq,2300,MHz
optimized,1:7,sample_cpu6_freq,2300,MHz
optimized,1:7,sample_cpu7_freq,2300,MHz
optimized,1:8,sample_elapsed,1099,ms
optimized,1:8,sample_power,4.013,W
optimized,1:8,sample_process_cpu,467.097,% one core
optimized,1:8,sample_free_ram,0.854,GiB
optimized,1:8,sample_battery_temp,38.000,C
optimized,1:8,sample_thermal_status,1,Android PowerManager status
optimized,1:8,sample_cpu0_freq,1800,MHz
optimized,1:8,sample_cpu1_freq,1800,MHz
optimized,1:8,sample_cpu2_freq,1800,MHz
optimized,1:8,sample_cpu3_freq,1800,MHz
optimized,1:8,sample_cpu4_freq,2300,MHz
optimized,1:8,sample_cpu5_freq,2300,MHz
optimized,1:8,sample_cpu6_freq,2300,MHz
optimized,1:8,sample_cpu7_freq,2300,MHz
optimized,1:9,sample_elapsed,1258,ms
optimized,1:9,sample_power,3.633,W
optimized,1:9,sample_process_cpu,471.069,% one core
optimized,1:9,sample_free_ram,0.854,GiB
optimized,1:9,sample_battery_temp,38.000,C
optimized,1:9,sample_thermal_status,1,Android PowerManager status
optimized,1:9,sample_cpu0_freq,1800,MHz
optimized,1:9,sample_cpu1_freq,1800,MHz
optimized,1:9,sample_cpu2_freq,1800,MHz
optimized,1:9,sample_cpu3_freq,1800,MHz
optimized,1:9,sample_cpu4_freq,2300,MHz
optimized,1:9,sample_cpu5_freq,2300,MHz
optimized,1:9,sample_cpu6_freq,2300,MHz
optimized,1:9,sample_cpu7_freq,2300,MHz
optimized,1:10,sample_elapsed,1421,ms
optimized,1:10,sample_power,3.633,W
optimized,1:10,sample_process_cpu,471.166,% one core
optimized,1:10,sample_free_ram,0.854,GiB
optimized,1:10,sample_battery_temp,38.000,C
optimized,1:10,sample_thermal_status,1,Android PowerManager status
optimized,1:10,sample_cpu0_freq,1100,MHz
optimized,1:10,sample_cpu1_freq,1100,MHz
optimized,1:10,sample_cpu2_freq,1100,MHz
optimized,1:10,sample_cpu3_freq,1100,MHz
optimized,1:10,sample_cpu4_freq,2300,MHz
optimized,1:10,sample_cpu5_freq,2300,MHz
optimized,1:10,sample_cpu6_freq,2300,MHz
optimized,1:10,sample_cpu7_freq,2300,MHz
optimized,1:11,sample_elapsed,1580,ms
optimized,1:11,sample_power,3.633,W
optimized,1:11,sample_process_cpu,457.862,% one core
optimized,1:11,sample_free_ram,0.854,GiB
optimized,1:11,sample_battery_temp,38.000,C
optimized,1:11,sample_thermal_status,1,Android PowerManager status
optimized,1:11,sample_cpu0_freq,1800,MHz
optimized,1:11,sample_cpu1_freq,800,MHz
optimized,1:11,sample_cpu2_freq,1800,MHz
optimized,1:11,sample_cpu3_freq,1000,MHz
optimized,1:11,sample_cpu4_freq,2300,MHz
optimized,1:11,sample_cpu5_freq,2300,MHz
optimized,1:11,sample_cpu6_freq,2300,MHz
optimized,1:11,sample_cpu7_freq,2300,MHz
optimized,1:12,sample_elapsed,1739,ms
optimized,1:12,sample_power,3.633,W
optimized,1:12,sample_process_cpu,466.038,% one core
optimized,1:12,sample_free_ram,0.854,GiB
optimized,1:12,sample_battery_temp,38.000,C
optimized,1:12,sample_thermal_status,1,Android PowerManager status
optimized,1:12,sample_cpu0_freq,1800,MHz
optimized,1:12,sample_cpu1_freq,1800,MHz
optimized,1:12,sample_cpu2_freq,1800,MHz
optimized,1:12,sample_cpu3_freq,1800,MHz
optimized,1:12,sample_cpu4_freq,2300,MHz
optimized,1:12,sample_cpu5_freq,2300,MHz
optimized,1:12,sample_cpu6_freq,2300,MHz
optimized,1:12,sample_cpu7_freq,2300,MHz
optimized,1:13,sample_elapsed,1895,ms
optimized,1:13,sample_power,3.735,W
optimized,1:13,sample_process_cpu,469.231,% one core
optimized,1:13,sample_free_ram,0.854,GiB
optimized,1:13,sample_battery_temp,38.000,C
optimized,1:13,sample_thermal_status,1,Android PowerManager status
optimized,1:13,sample_cpu0_freq,1800,MHz
optimized,1:13,sample_cpu1_freq,1000,MHz
optimized,1:13,sample_cpu2_freq,1800,MHz
optimized,1:13,sample_cpu3_freq,1800,MHz
optimized,1:13,sample_cpu4_freq,2300,MHz
optimized,1:13,sample_cpu5_freq,2300,MHz
optimized,1:13,sample_cpu6_freq,2300,MHz
optimized,1:13,sample_cpu7_freq,2300,MHz
optimized,1:14,sample_elapsed,2055,ms
optimized,1:14,sample_power,3.735,W
optimized,1:14,sample_process_cpu,467.500,% one core
optimized,1:14,sample_free_ram,0.853,GiB
optimized,1:14,sample_battery_temp,38.000,C
optimized,1:14,sample_thermal_status,1,Android PowerManager status
optimized,1:14,sample_cpu0_freq,1800,MHz
optimized,1:14,sample_cpu1_freq,1800,MHz
optimized,1:14,sample_cpu2_freq,1800,MHz
optimized,1:14,sample_cpu3_freq,1800,MHz
optimized,1:14,sample_cpu4_freq,2300,MHz
optimized,1:14,sample_cpu5_freq,2300,MHz
optimized,1:14,sample_cpu6_freq,2300,MHz
optimized,1:14,sample_cpu7_freq,2300,MHz
optimized,1:15,sample_elapsed,2213,ms
optimized,1:15,sample_power,3.735,W
optimized,1:15,sample_process_cpu,460.759,% one core
optimized,1:15,sample_free_ram,0.853,GiB
optimized,1:15,sample_battery_temp,38.000,C
optimized,1:15,sample_thermal_status,1,Android PowerManager status
optimized,1:15,sample_cpu0_freq,1800,MHz
optimized,1:15,sample_cpu1_freq,1800,MHz
optimized,1:15,sample_cpu2_freq,1800,MHz
optimized,1:15,sample_cpu3_freq,1800,MHz
optimized,1:15,sample_cpu4_freq,2300,MHz
optimized,1:15,sample_cpu5_freq,2300,MHz
optimized,1:15,sample_cpu6_freq,2300,MHz
optimized,1:15,sample_cpu7_freq,2300,MHz
optimized,1:16,sample_elapsed,2370,ms
optimized,1:16,sample_power,3.735,W
optimized,1:16,sample_process_cpu,477.070,% one core
optimized,1:16,sample_free_ram,0.853,GiB
optimized,1:16,sample_battery_temp,38.000,C
optimized,1:16,sample_thermal_status,1,Android PowerManager status
optimized,1:16,sample_cpu0_freq,1800,MHz
optimized,1:16,sample_cpu1_freq,1800,MHz
optimized,1:16,sample_cpu2_freq,1800,MHz
optimized,1:16,sample_cpu3_freq,1800,MHz
optimized,1:16,sample_cpu4_freq,2300,MHz
optimized,1:16,sample_cpu5_freq,2300,MHz
optimized,1:16,sample_cpu6_freq,2300,MHz
optimized,1:16,sample_cpu7_freq,2300,MHz
optimized,1:17,sample_elapsed,2527,ms
optimized,1:17,sample_power,4.030,W
optimized,1:17,sample_process_cpu,473.248,% one core
optimized,1:17,sample_free_ram,0.853,GiB
optimized,1:17,sample_battery_temp,38.000,C
optimized,1:17,sample_thermal_status,1,Android PowerManager status
optimized,1:17,sample_cpu0_freq,1800,MHz
optimized,1:17,sample_cpu1_freq,1800,MHz
optimized,1:17,sample_cpu2_freq,1800,MHz
optimized,1:17,sample_cpu3_freq,1800,MHz
optimized,1:17,sample_cpu4_freq,2300,MHz
optimized,1:17,sample_cpu5_freq,2300,MHz
optimized,1:17,sample_cpu6_freq,2300,MHz
optimized,1:17,sample_cpu7_freq,2300,MHz
optimized,1:18,sample_elapsed,2687,ms
optimized,1:18,sample_power,4.030,W
optimized,1:18,sample_process_cpu,455.000,% one core
optimized,1:18,sample_free_ram,0.853,GiB
optimized,1:18,sample_battery_temp,38.000,C
optimized,1:18,sample_thermal_status,1,Android PowerManager status
optimized,1:18,sample_cpu0_freq,1800,MHz
optimized,1:18,sample_cpu1_freq,1800,MHz
optimized,1:18,sample_cpu2_freq,1800,MHz
optimized,1:18,sample_cpu3_freq,1800,MHz
optimized,1:18,sample_cpu4_freq,2300,MHz
optimized,1:18,sample_cpu5_freq,2300,MHz
optimized,1:18,sample_cpu6_freq,2300,MHz
optimized,1:18,sample_cpu7_freq,2300,MHz
optimized,1:19,sample_elapsed,2842,ms
optimized,1:19,sample_power,4.030,W
optimized,1:19,sample_process_cpu,469.032,% one core
optimized,1:19,sample_free_ram,0.853,GiB
optimized,1:19,sample_battery_temp,38.000,C
optimized,1:19,sample_thermal_status,1,Android PowerManager status
optimized,1:19,sample_cpu0_freq,1800,MHz
optimized,1:19,sample_cpu1_freq,900,MHz
optimized,1:19,sample_cpu2_freq,1800,MHz
optimized,1:19,sample_cpu3_freq,1800,MHz
optimized,1:19,sample_cpu4_freq,2300,MHz
optimized,1:19,sample_cpu5_freq,2300,MHz
optimized,1:19,sample_cpu6_freq,2300,MHz
optimized,1:19,sample_cpu7_freq,2300,MHz
optimized,1:20,sample_elapsed,3002,ms
optimized,1:20,sample_power,4.030,W
optimized,1:20,sample_process_cpu,460.000,% one core
optimized,1:20,sample_free_ram,0.853,GiB
optimized,1:20,sample_battery_temp,38.000,C
optimized,1:20,sample_thermal_status,1,Android PowerManager status
optimized,1:20,sample_cpu0_freq,1800,MHz
optimized,1:20,sample_cpu1_freq,1800,MHz
optimized,1:20,sample_cpu2_freq,1300,MHz
optimized,1:20,sample_cpu3_freq,1400,MHz
optimized,1:20,sample_cpu4_freq,2300,MHz
optimized,1:20,sample_cpu5_freq,2300,MHz
optimized,1:20,sample_cpu6_freq,2300,MHz
optimized,1:20,sample_cpu7_freq,2300,MHz
optimized,1:21,sample_elapsed,3158,ms
optimized,1:21,sample_power,4.275,W
optimized,1:21,sample_process_cpu,475.000,% one core
optimized,1:21,sample_free_ram,0.853,GiB
optimized,1:21,sample_battery_temp,38.000,C
optimized,1:21,sample_thermal_status,1,Android PowerManager status
optimized,1:21,sample_cpu0_freq,1700,MHz
optimized,1:21,sample_cpu1_freq,1600,MHz
optimized,1:21,sample_cpu2_freq,1600,MHz
optimized,1:21,sample_cpu3_freq,1600,MHz
optimized,1:21,sample_cpu4_freq,2300,MHz
optimized,1:21,sample_cpu5_freq,2300,MHz
optimized,1:21,sample_cpu6_freq,2300,MHz
optimized,1:21,sample_cpu7_freq,2300,MHz
optimized,1:22,sample_elapsed,3317,ms
optimized,1:22,sample_power,4.275,W
optimized,1:22,sample_process_cpu,471.069,% one core
optimized,1:22,sample_free_ram,0.853,GiB
optimized,1:22,sample_battery_temp,38.000,C
optimized,1:22,sample_thermal_status,1,Android PowerManager status
optimized,1:22,sample_cpu0_freq,1600,MHz
optimized,1:22,sample_cpu1_freq,1600,MHz
optimized,1:22,sample_cpu2_freq,1600,MHz
optimized,1:22,sample_cpu3_freq,1600,MHz
optimized,1:22,sample_cpu4_freq,2300,MHz
optimized,1:22,sample_cpu5_freq,2300,MHz
optimized,1:22,sample_cpu6_freq,2300,MHz
optimized,1:22,sample_cpu7_freq,2300,MHz
optimized,1:23,sample_elapsed,3478,ms
optimized,1:23,sample_power,4.275,W
optimized,1:23,sample_process_cpu,462.733,% one core
optimized,1:23,sample_free_ram,0.852,GiB
optimized,1:23,sample_battery_temp,38.000,C
optimized,1:23,sample_thermal_status,1,Android PowerManager status
optimized,1:23,sample_cpu0_freq,1800,MHz
optimized,1:23,sample_cpu1_freq,1800,MHz
optimized,1:23,sample_cpu2_freq,1800,MHz
optimized,1:23,sample_cpu3_freq,1100,MHz
optimized,1:23,sample_cpu4_freq,2300,MHz
optimized,1:23,sample_cpu5_freq,2300,MHz
optimized,1:23,sample_cpu6_freq,2300,MHz
optimized,1:23,sample_cpu7_freq,2300,MHz
optimized,1:24,sample_elapsed,3636,ms
optimized,1:24,sample_power,4.275,W
optimized,1:24,sample_process_cpu,463.291,% one core
optimized,1:24,sample_free_ram,0.852,GiB
optimized,1:24,sample_battery_temp,38.000,C
optimized,1:24,sample_thermal_status,1,Android PowerManager status
optimized,1:24,sample_cpu0_freq,1600,MHz
optimized,1:24,sample_cpu1_freq,1600,MHz
optimized,1:24,sample_cpu2_freq,1600,MHz
optimized,1:24,sample_cpu3_freq,1800,MHz
optimized,1:24,sample_cpu4_freq,2300,MHz
optimized,1:24,sample_cpu5_freq,2300,MHz
optimized,1:24,sample_cpu6_freq,2300,MHz
optimized,1:24,sample_cpu7_freq,2300,MHz
optimized,1:25,sample_elapsed,3795,ms
optimized,1:25,sample_power,4.540,W
optimized,1:25,sample_process_cpu,471.698,% one core
optimized,1:25,sample_free_ram,0.852,GiB
optimized,1:25,sample_battery_temp,38.000,C
optimized,1:25,sample_thermal_status,1,Android PowerManager status
optimized,1:25,sample_cpu0_freq,1800,MHz
optimized,1:25,sample_cpu1_freq,1200,MHz
optimized,1:25,sample_cpu2_freq,1000,MHz
optimized,1:25,sample_cpu3_freq,1800,MHz
optimized,1:25,sample_cpu4_freq,2300,MHz
optimized,1:25,sample_cpu5_freq,2300,MHz
optimized,1:25,sample_cpu6_freq,2300,MHz
optimized,1:25,sample_cpu7_freq,2300,MHz
optimized,1:26,sample_elapsed,3959,ms
optimized,1:26,sample_power,4.540,W
optimized,1:26,sample_process_cpu,465.854,% one core
optimized,1:26,sample_free_ram,0.851,GiB
optimized,1:26,sample_battery_temp,38.000,C
optimized,1:26,sample_thermal_status,1,Android PowerManager status
optimized,1:26,sample_cpu0_freq,1600,MHz
optimized,1:26,sample_cpu1_freq,1600,MHz
optimized,1:26,sample_cpu2_freq,1600,MHz
optimized,1:26,sample_cpu3_freq,1800,MHz
optimized,1:26,sample_cpu4_freq,2300,MHz
optimized,1:26,sample_cpu5_freq,2300,MHz
optimized,1:26,sample_cpu6_freq,2300,MHz
optimized,1:26,sample_cpu7_freq,2300,MHz
optimized,1:27,sample_elapsed,4121,ms
optimized,1:27,sample_power,4.540,W
optimized,1:27,sample_process_cpu,491.975,% one core
optimized,1:27,sample_free_ram,0.851,GiB
optimized,1:27,sample_battery_temp,38.000,C
optimized,1:27,sample_thermal_status,1,Android PowerManager status
optimized,1:27,sample_cpu0_freq,1800,MHz
optimized,1:27,sample_cpu1_freq,1800,MHz
optimized,1:27,sample_cpu2_freq,1800,MHz
optimized,1:27,sample_cpu3_freq,1800,MHz
optimized,1:27,sample_cpu4_freq,2300,MHz
optimized,1:27,sample_cpu5_freq,2300,MHz
optimized,1:27,sample_cpu6_freq,2300,MHz
optimized,1:27,sample_cpu7_freq,2300,MHz
optimized,1:28,sample_elapsed,4309,ms
optimized,1:28,sample_power,4.323,W
optimized,1:28,sample_process_cpu,494.149,% one core
optimized,1:28,sample_free_ram,0.851,GiB
optimized,1:28,sample_battery_temp,38.000,C
optimized,1:28,sample_thermal_status,1,Android PowerManager status
optimized,1:28,sample_cpu0_freq,1800,MHz
optimized,1:28,sample_cpu1_freq,1800,MHz
optimized,1:28,sample_cpu2_freq,1800,MHz
optimized,1:28,sample_cpu3_freq,1800,MHz
optimized,1:28,sample_cpu4_freq,2300,MHz
optimized,1:28,sample_cpu5_freq,2300,MHz
optimized,1:28,sample_cpu6_freq,2300,MHz
optimized,1:28,sample_cpu7_freq,2300,MHz
optimized,1:29,sample_elapsed,4484,ms
optimized,1:29,sample_power,4.323,W
optimized,1:29,sample_process_cpu,491.429,% one core
optimized,1:29,sample_free_ram,0.851,GiB
optimized,1:29,sample_battery_temp,38.000,C
optimized,1:29,sample_thermal_status,1,Android PowerManager status
optimized,1:29,sample_cpu0_freq,1800,MHz
optimized,1:29,sample_cpu1_freq,1800,MHz
optimized,1:29,sample_cpu2_freq,1800,MHz
optimized,1:29,sample_cpu3_freq,1800,MHz
optimized,1:29,sample_cpu4_freq,2300,MHz
optimized,1:29,sample_cpu5_freq,2300,MHz
optimized,1:29,sample_cpu6_freq,2300,MHz
optimized,1:29,sample_cpu7_freq,2300,MHz
optimized,1:30,sample_elapsed,4655,ms
optimized,1:30,sample_power,4.323,W
optimized,1:30,sample_process_cpu,500.000,% one core
optimized,1:30,sample_free_ram,0.851,GiB
optimized,1:30,sample_battery_temp,38.000,C
optimized,1:30,sample_thermal_status,1,Android PowerManager status
optimized,1:30,sample_cpu0_freq,1800,MHz
optimized,1:30,sample_cpu1_freq,1800,MHz
optimized,1:30,sample_cpu2_freq,1800,MHz
optimized,1:30,sample_cpu3_freq,1800,MHz
optimized,1:30,sample_cpu4_freq,2300,MHz
optimized,1:30,sample_cpu5_freq,2300,MHz
optimized,1:30,sample_cpu6_freq,2300,MHz
optimized,1:30,sample_cpu7_freq,2300,MHz
optimized,1:31,sample_elapsed,4820,ms
optimized,1:31,sample_power,4.078,W
optimized,1:31,sample_process_cpu,529.091,% one core
optimized,1:31,sample_free_ram,0.851,GiB
optimized,1:31,sample_battery_temp,38.000,C
optimized,1:31,sample_thermal_status,1,Android PowerManager status
optimized,1:31,sample_cpu0_freq,1800,MHz
optimized,1:31,sample_cpu1_freq,1800,MHz
optimized,1:31,sample_cpu2_freq,1800,MHz
optimized,1:31,sample_cpu3_freq,1800,MHz
optimized,1:31,sample_cpu4_freq,2300,MHz
optimized,1:31,sample_cpu5_freq,2300,MHz
optimized,1:31,sample_cpu6_freq,2300,MHz
optimized,1:31,sample_cpu7_freq,2300,MHz
optimized,1:32,sample_elapsed,5001,ms
optimized,1:32,sample_power,4.078,W
optimized,1:32,sample_process_cpu,496.685,% one core
optimized,1:32,sample_free_ram,0.851,GiB
optimized,1:32,sample_battery_temp,38.000,C
optimized,1:32,sample_thermal_status,1,Android PowerManager status
optimized,1:32,sample_cpu0_freq,1800,MHz
optimized,1:32,sample_cpu1_freq,1800,MHz
optimized,1:32,sample_cpu2_freq,1800,MHz
optimized,1:32,sample_cpu3_freq,1800,MHz
optimized,1:32,sample_cpu4_freq,2300,MHz
optimized,1:32,sample_cpu5_freq,2300,MHz
optimized,1:32,sample_cpu6_freq,2300,MHz
optimized,1:32,sample_cpu7_freq,2300,MHz
optimized,1:33,sample_elapsed,5180,ms
optimized,1:33,sample_power,4.078,W
optimized,1:33,sample_process_cpu,491.620,% one core
optimized,1:33,sample_free_ram,0.850,GiB
optimized,1:33,sample_battery_temp,38.000,C
optimized,1:33,sample_thermal_status,1,Android PowerManager status
optimized,1:33,sample_cpu0_freq,1800,MHz
optimized,1:33,sample_cpu1_freq,1800,MHz
optimized,1:33,sample_cpu2_freq,1800,MHz
optimized,1:33,sample_cpu3_freq,1800,MHz
optimized,1:33,sample_cpu4_freq,2300,MHz
optimized,1:33,sample_cpu5_freq,2300,MHz
optimized,1:33,sample_cpu6_freq,2300,MHz
optimized,1:33,sample_cpu7_freq,2300,MHz
optimized,1:34,sample_elapsed,5336,ms
optimized,1:34,sample_power,4.151,W
optimized,1:34,sample_process_cpu,520.513,% one core
optimized,1:34,sample_free_ram,0.850,GiB
optimized,1:34,sample_battery_temp,38.000,C
optimized,1:34,sample_thermal_status,1,Android PowerManager status
optimized,1:34,sample_cpu0_freq,1800,MHz
optimized,1:34,sample_cpu1_freq,1800,MHz
optimized,1:34,sample_cpu2_freq,1800,MHz
optimized,1:34,sample_cpu3_freq,1800,MHz
optimized,1:34,sample_cpu4_freq,2300,MHz
optimized,1:34,sample_cpu5_freq,2300,MHz
optimized,1:34,sample_cpu6_freq,2300,MHz
optimized,1:34,sample_cpu7_freq,2300,MHz
optimized,1:35,sample_elapsed,5517,ms
optimized,1:35,sample_power,4.151,W
optimized,1:35,sample_process_cpu,483.978,% one core
optimized,1:35,sample_free_ram,0.850,GiB
optimized,1:35,sample_battery_temp,38.000,C
optimized,1:35,sample_thermal_status,1,Android PowerManager status
optimized,1:35,sample_cpu0_freq,1800,MHz
optimized,1:35,sample_cpu1_freq,1800,MHz
optimized,1:35,sample_cpu2_freq,1800,MHz
optimized,1:35,sample_cpu3_freq,1800,MHz
optimized,1:35,sample_cpu4_freq,2300,MHz
optimized,1:35,sample_cpu5_freq,2300,MHz
optimized,1:35,sample_cpu6_freq,2300,MHz
optimized,1:35,sample_cpu7_freq,2300,MHz
optimized,1:36,sample_elapsed,5695,ms
optimized,1:36,sample_power,4.151,W
optimized,1:36,sample_process_cpu,515.169,% one core
optimized,1:36,sample_free_ram,0.850,GiB
optimized,1:36,sample_battery_temp,38.000,C
optimized,1:36,sample_thermal_status,1,Android PowerManager status
optimized,1:36,sample_cpu0_freq,1800,MHz
optimized,1:36,sample_cpu1_freq,1800,MHz
optimized,1:36,sample_cpu2_freq,1800,MHz
optimized,1:36,sample_cpu3_freq,1800,MHz
optimized,1:36,sample_cpu4_freq,2300,MHz
optimized,1:36,sample_cpu5_freq,2300,MHz
optimized,1:36,sample_cpu6_freq,2300,MHz
optimized,1:36,sample_cpu7_freq,2300,MHz
optimized,1:37,sample_elapsed,5865,ms
optimized,1:37,sample_power,4.076,W
optimized,1:37,sample_process_cpu,496.471,% one core
optimized,1:37,sample_free_ram,0.850,GiB
optimized,1:37,sample_battery_temp,38.000,C
optimized,1:37,sample_thermal_status,1,Android PowerManager status
optimized,1:37,sample_cpu0_freq,1800,MHz
optimized,1:37,sample_cpu1_freq,1800,MHz
optimized,1:37,sample_cpu2_freq,1800,MHz
optimized,1:37,sample_cpu3_freq,1800,MHz
optimized,1:37,sample_cpu4_freq,2300,MHz
optimized,1:37,sample_cpu5_freq,2300,MHz
optimized,1:37,sample_cpu6_freq,2300,MHz
optimized,1:37,sample_cpu7_freq,2300,MHz
optimized,1:38,sample_elapsed,6039,ms
optimized,1:38,sample_power,4.076,W
optimized,1:38,sample_process_cpu,484.483,% one core
optimized,1:38,sample_free_ram,0.850,GiB
optimized,1:38,sample_battery_temp,38.000,C
optimized,1:38,sample_thermal_status,1,Android PowerManager status
optimized,1:38,sample_cpu0_freq,1800,MHz
optimized,1:38,sample_cpu1_freq,1800,MHz
optimized,1:38,sample_cpu2_freq,1800,MHz
optimized,1:38,sample_cpu3_freq,1800,MHz
optimized,1:38,sample_cpu4_freq,2300,MHz
optimized,1:38,sample_cpu5_freq,2300,MHz
optimized,1:38,sample_cpu6_freq,2300,MHz
optimized,1:38,sample_cpu7_freq,2300,MHz
optimized,1:39,sample_elapsed,6200,ms
optimized,1:39,sample_power,4.076,W
optimized,1:39,sample_process_cpu,495.652,% one core
optimized,1:39,sample_free_ram,0.850,GiB
optimized,1:39,sample_battery_temp,38.000,C
optimized,1:39,sample_thermal_status,1,Android PowerManager status
optimized,1:39,sample_cpu0_freq,1800,MHz
optimized,1:39,sample_cpu1_freq,1800,MHz
optimized,1:39,sample_cpu2_freq,1800,MHz
optimized,1:39,sample_cpu3_freq,1800,MHz
optimized,1:39,sample_cpu4_freq,2300,MHz
optimized,1:39,sample_cpu5_freq,2300,MHz
optimized,1:39,sample_cpu6_freq,2300,MHz
optimized,1:39,sample_cpu7_freq,2300,MHz
optimized,1:40,sample_elapsed,6375,ms
optimized,1:40,sample_power,3.993,W
optimized,1:40,sample_process_cpu,506.286,% one core
optimized,1:40,sample_free_ram,0.850,GiB
optimized,1:40,sample_battery_temp,38.000,C
optimized,1:40,sample_thermal_status,1,Android PowerManager status
optimized,1:40,sample_cpu0_freq,1800,MHz
optimized,1:40,sample_cpu1_freq,1800,MHz
optimized,1:40,sample_cpu2_freq,1800,MHz
optimized,1:40,sample_cpu3_freq,1800,MHz
optimized,1:40,sample_cpu4_freq,2300,MHz
optimized,1:40,sample_cpu5_freq,2300,MHz
optimized,1:40,sample_cpu6_freq,2300,MHz
optimized,1:40,sample_cpu7_freq,2300,MHz
optimized,1:41,sample_elapsed,6546,ms
optimized,1:41,sample_power,3.993,W
optimized,1:41,sample_process_cpu,495.322,% one core
optimized,1:41,sample_free_ram,0.850,GiB
optimized,1:41,sample_battery_temp,38.000,C
optimized,1:41,sample_thermal_status,1,Android PowerManager status
optimized,1:41,sample_cpu0_freq,1800,MHz
optimized,1:41,sample_cpu1_freq,1800,MHz
optimized,1:41,sample_cpu2_freq,1800,MHz
optimized,1:41,sample_cpu3_freq,1800,MHz
optimized,1:41,sample_cpu4_freq,2300,MHz
optimized,1:41,sample_cpu5_freq,2300,MHz
optimized,1:41,sample_cpu6_freq,2300,MHz
optimized,1:41,sample_cpu7_freq,2300,MHz
optimized,1:42,sample_elapsed,6712,ms
optimized,1:42,sample_power,3.993,W
optimized,1:42,sample_process_cpu,504.217,% one core
optimized,1:42,sample_free_ram,0.850,GiB
optimized,1:42,sample_battery_temp,38.000,C
optimized,1:42,sample_thermal_status,1,Android PowerManager status
optimized,1:42,sample_cpu0_freq,1800,MHz
optimized,1:42,sample_cpu1_freq,1800,MHz
optimized,1:42,sample_cpu2_freq,1800,MHz
optimized,1:42,sample_cpu3_freq,1800,MHz
optimized,1:42,sample_cpu4_freq,2300,MHz
optimized,1:42,sample_cpu5_freq,2300,MHz
optimized,1:42,sample_cpu6_freq,2300,MHz
optimized,1:42,sample_cpu7_freq,2300,MHz
optimized,1:43,sample_elapsed,6902,ms
optimized,1:43,sample_power,4.128,W
optimized,1:43,sample_process_cpu,530.526,% one core
optimized,1:43,sample_free_ram,0.863,GiB
optimized,1:43,sample_battery_temp,38.000,C
optimized,1:43,sample_thermal_status,1,Android PowerManager status
optimized,1:43,sample_cpu0_freq,1800,MHz
optimized,1:43,sample_cpu1_freq,1800,MHz
optimized,1:43,sample_cpu2_freq,1800,MHz
optimized,1:43,sample_cpu3_freq,1800,MHz
optimized,1:43,sample_cpu4_freq,2300,MHz
optimized,1:43,sample_cpu5_freq,2300,MHz
optimized,1:43,sample_cpu6_freq,2300,MHz
optimized,1:43,sample_cpu7_freq,2300,MHz
optimized,1:44,sample_elapsed,7088,ms
optimized,1:44,sample_power,4.128,W
optimized,1:44,sample_process_cpu,460.753,% one core
optimized,1:44,sample_free_ram,0.872,GiB
optimized,1:44,sample_battery_temp,38.000,C
optimized,1:44,sample_thermal_status,1,Android PowerManager status
optimized,1:44,sample_cpu0_freq,1800,MHz
optimized,1:44,sample_cpu1_freq,1800,MHz
optimized,1:44,sample_cpu2_freq,1800,MHz
optimized,1:44,sample_cpu3_freq,1800,MHz
optimized,1:44,sample_cpu4_freq,2300,MHz
optimized,1:44,sample_cpu5_freq,2300,MHz
optimized,1:44,sample_cpu6_freq,2300,MHz
optimized,1:44,sample_cpu7_freq,2300,MHz
optimized,1:45,sample_elapsed,7260,ms
optimized,1:45,sample_power,4.128,W
optimized,1:45,sample_process_cpu,511.628,% one core
optimized,1:45,sample_free_ram,0.872,GiB
optimized,1:45,sample_battery_temp,38.000,C
optimized,1:45,sample_thermal_status,1,Android PowerManager status
optimized,1:45,sample_cpu0_freq,1800,MHz
optimized,1:45,sample_cpu1_freq,1800,MHz
optimized,1:45,sample_cpu2_freq,1800,MHz
optimized,1:45,sample_cpu3_freq,1800,MHz
optimized,1:45,sample_cpu4_freq,2300,MHz
optimized,1:45,sample_cpu5_freq,2300,MHz
optimized,1:45,sample_cpu6_freq,2300,MHz
optimized,1:45,sample_cpu7_freq,2300,MHz
optimized,1:46,sample_elapsed,7433,ms
optimized,1:46,sample_power,4.095,W
optimized,1:46,sample_process_cpu,513.873,% one core
optimized,1:46,sample_free_ram,0.872,GiB
optimized,1:46,sample_battery_temp,38.000,C
optimized,1:46,sample_thermal_status,1,Android PowerManager status
optimized,1:46,sample_cpu0_freq,1800,MHz
optimized,1:46,sample_cpu1_freq,1800,MHz
optimized,1:46,sample_cpu2_freq,1800,MHz
optimized,1:46,sample_cpu3_freq,1800,MHz
optimized,1:46,sample_cpu4_freq,2300,MHz
optimized,1:46,sample_cpu5_freq,2300,MHz
optimized,1:46,sample_cpu6_freq,2300,MHz
optimized,1:46,sample_cpu7_freq,2300,MHz
optimized,1:47,sample_elapsed,7622,ms
optimized,1:47,sample_power,4.095,W
optimized,1:47,sample_process_cpu,493.122,% one core
optimized,1:47,sample_free_ram,0.872,GiB
optimized,1:47,sample_battery_temp,38.000,C
optimized,1:47,sample_thermal_status,1,Android PowerManager status
optimized,1:47,sample_cpu0_freq,1800,MHz
optimized,1:47,sample_cpu1_freq,1800,MHz
optimized,1:47,sample_cpu2_freq,1800,MHz
optimized,1:47,sample_cpu3_freq,1800,MHz
optimized,1:47,sample_cpu4_freq,2300,MHz
optimized,1:47,sample_cpu5_freq,2300,MHz
optimized,1:47,sample_cpu6_freq,2300,MHz
optimized,1:47,sample_cpu7_freq,2300,MHz
optimized,1:48,sample_elapsed,7810,ms
optimized,1:48,sample_power,4.095,W
optimized,1:48,sample_process_cpu,517.021,% one core
optimized,1:48,sample_free_ram,0.871,GiB
optimized,1:48,sample_battery_temp,38.000,C
optimized,1:48,sample_thermal_status,1,Android PowerManager status
optimized,1:48,sample_cpu0_freq,1800,MHz
optimized,1:48,sample_cpu1_freq,1800,MHz
optimized,1:48,sample_cpu2_freq,1800,MHz
optimized,1:48,sample_cpu3_freq,1800,MHz
optimized,1:48,sample_cpu4_freq,2300,MHz
optimized,1:48,sample_cpu5_freq,2300,MHz
optimized,1:48,sample_cpu6_freq,2300,MHz
optimized,1:48,sample_cpu7_freq,2300,MHz
optimized,1:49,sample_elapsed,7979,ms
optimized,1:49,sample_power,4.169,W
optimized,1:49,sample_process_cpu,475.740,% one core
optimized,1:49,sample_free_ram,0.871,GiB
optimized,1:49,sample_battery_temp,38.000,C
optimized,1:49,sample_thermal_status,1,Android PowerManager status
optimized,1:49,sample_cpu0_freq,1800,MHz
optimized,1:49,sample_cpu1_freq,1800,MHz
optimized,1:49,sample_cpu2_freq,1800,MHz
optimized,1:49,sample_cpu3_freq,1800,MHz
optimized,1:49,sample_cpu4_freq,2300,MHz
optimized,1:49,sample_cpu5_freq,2300,MHz
optimized,1:49,sample_cpu6_freq,2300,MHz
optimized,1:49,sample_cpu7_freq,2300,MHz
optimized,1:50,sample_elapsed,8151,ms
optimized,1:50,sample_power,4.169,W
optimized,1:50,sample_process_cpu,501.744,% one core
optimized,1:50,sample_free_ram,0.871,GiB
optimized,1:50,sample_battery_temp,38.000,C
optimized,1:50,sample_thermal_status,1,Android PowerManager status
optimized,1:50,sample_cpu0_freq,1800,MHz
optimized,1:50,sample_cpu1_freq,1800,MHz
optimized,1:50,sample_cpu2_freq,1800,MHz
optimized,1:50,sample_cpu3_freq,1800,MHz
optimized,1:50,sample_cpu4_freq,2300,MHz
optimized,1:50,sample_cpu5_freq,2300,MHz
optimized,1:50,sample_cpu6_freq,2300,MHz
optimized,1:50,sample_cpu7_freq,2300,MHz
optimized,1:51,sample_elapsed,8335,ms
optimized,1:51,sample_power,4.169,W
optimized,1:51,sample_process_cpu,490.761,% one core
optimized,1:51,sample_free_ram,0.870,GiB
optimized,1:51,sample_battery_temp,38.000,C
optimized,1:51,sample_thermal_status,1,Android PowerManager status
optimized,1:51,sample_cpu0_freq,1800,MHz
optimized,1:51,sample_cpu1_freq,1800,MHz
optimized,1:51,sample_cpu2_freq,1800,MHz
optimized,1:51,sample_cpu3_freq,1800,MHz
optimized,1:51,sample_cpu4_freq,2300,MHz
optimized,1:51,sample_cpu5_freq,2300,MHz
optimized,1:51,sample_cpu6_freq,2300,MHz
optimized,1:51,sample_cpu7_freq,2300,MHz
optimized,1:52,sample_elapsed,8509,ms
optimized,1:52,sample_power,4.316,W
optimized,1:52,sample_process_cpu,501.149,% one core
optimized,1:52,sample_free_ram,0.870,GiB
optimized,1:52,sample_battery_temp,38.000,C
optimized,1:52,sample_thermal_status,1,Android PowerManager status
optimized,1:52,sample_cpu0_freq,1800,MHz
optimized,1:52,sample_cpu1_freq,1800,MHz
optimized,1:52,sample_cpu2_freq,1800,MHz
optimized,1:52,sample_cpu3_freq,1800,MHz
optimized,1:52,sample_cpu4_freq,2300,MHz
optimized,1:52,sample_cpu5_freq,2300,MHz
optimized,1:52,sample_cpu6_freq,2300,MHz
optimized,1:52,sample_cpu7_freq,2300,MHz
optimized,1:53,sample_elapsed,8678,ms
optimized,1:53,sample_power,4.316,W
optimized,1:53,sample_process_cpu,485.207,% one core
optimized,1:53,sample_free_ram,0.870,GiB
optimized,1:53,sample_battery_temp,38.000,C
optimized,1:53,sample_thermal_status,1,Android PowerManager status
optimized,1:53,sample_cpu0_freq,1800,MHz
optimized,1:53,sample_cpu1_freq,1800,MHz
optimized,1:53,sample_cpu2_freq,1800,MHz
optimized,1:53,sample_cpu3_freq,1800,MHz
optimized,1:53,sample_cpu4_freq,2300,MHz
optimized,1:53,sample_cpu5_freq,2300,MHz
optimized,1:53,sample_cpu6_freq,2300,MHz
optimized,1:53,sample_cpu7_freq,2300,MHz
optimized,1:54,sample_elapsed,8850,ms
optimized,1:54,sample_power,4.316,W
optimized,1:54,sample_process_cpu,506.977,% one core
optimized,1:54,sample_free_ram,0.870,GiB
optimized,1:54,sample_battery_temp,38.000,C
optimized,1:54,sample_thermal_status,1,Android PowerManager status
optimized,1:54,sample_cpu0_freq,1800,MHz
optimized,1:54,sample_cpu1_freq,1800,MHz
optimized,1:54,sample_cpu2_freq,1800,MHz
optimized,1:54,sample_cpu3_freq,1800,MHz
optimized,1:54,sample_cpu4_freq,2300,MHz
optimized,1:54,sample_cpu5_freq,2300,MHz
optimized,1:54,sample_cpu6_freq,2300,MHz
optimized,1:54,sample_cpu7_freq,2300,MHz
optimized,1:55,sample_elapsed,9037,ms
optimized,1:55,sample_power,4.307,W
optimized,1:55,sample_process_cpu,566.310,% one core
optimized,1:55,sample_free_ram,0.870,GiB
optimized,1:55,sample_battery_temp,38.000,C
optimized,1:55,sample_thermal_status,1,Android PowerManager status
optimized,1:55,sample_cpu0_freq,1800,MHz
optimized,1:55,sample_cpu1_freq,1800,MHz
optimized,1:55,sample_cpu2_freq,1800,MHz
optimized,1:55,sample_cpu3_freq,1800,MHz
optimized,1:55,sample_cpu4_freq,2300,MHz
optimized,1:55,sample_cpu5_freq,2300,MHz
optimized,1:55,sample_cpu6_freq,2300,MHz
optimized,1:55,sample_cpu7_freq,2300,MHz
optimized,1:56,sample_elapsed,9231,ms
optimized,1:56,sample_power,4.307,W
optimized,1:56,sample_process_cpu,470.619,% one core
optimized,1:56,sample_free_ram,0.870,GiB
optimized,1:56,sample_battery_temp,38.000,C
optimized,1:56,sample_thermal_status,1,Android PowerManager status
optimized,1:56,sample_cpu0_freq,1800,MHz
optimized,1:56,sample_cpu1_freq,1800,MHz
optimized,1:56,sample_cpu2_freq,1800,MHz
optimized,1:56,sample_cpu3_freq,1800,MHz
optimized,1:56,sample_cpu4_freq,2300,MHz
optimized,1:56,sample_cpu5_freq,2300,MHz
optimized,1:56,sample_cpu6_freq,2300,MHz
optimized,1:56,sample_cpu7_freq,2300,MHz
optimized,1:57,sample_elapsed,9424,ms
optimized,1:57,sample_power,4.307,W
optimized,1:57,sample_process_cpu,470.466,% one core
optimized,1:57,sample_free_ram,0.870,GiB
optimized,1:57,sample_battery_temp,38.000,C
optimized,1:57,sample_thermal_status,1,Android PowerManager status
optimized,1:57,sample_cpu0_freq,1800,MHz
optimized,1:57,sample_cpu1_freq,1800,MHz
optimized,1:57,sample_cpu2_freq,1800,MHz
optimized,1:57,sample_cpu3_freq,1800,MHz
optimized,1:57,sample_cpu4_freq,2300,MHz
optimized,1:57,sample_cpu5_freq,2300,MHz
optimized,1:57,sample_cpu6_freq,2300,MHz
optimized,1:57,sample_cpu7_freq,2300,MHz
optimized,1:58,sample_elapsed,9603,ms
optimized,1:58,sample_power,4.544,W
optimized,1:58,sample_process_cpu,539.665,% one core
optimized,1:58,sample_free_ram,0.870,GiB
optimized,1:58,sample_battery_temp,38.000,C
optimized,1:58,sample_thermal_status,1,Android PowerManager status
optimized,1:58,sample_cpu0_freq,1800,MHz
optimized,1:58,sample_cpu1_freq,1800,MHz
optimized,1:58,sample_cpu2_freq,1800,MHz
optimized,1:58,sample_cpu3_freq,1800,MHz
optimized,1:58,sample_cpu4_freq,2300,MHz
optimized,1:58,sample_cpu5_freq,2300,MHz
optimized,1:58,sample_cpu6_freq,2300,MHz
optimized,1:58,sample_cpu7_freq,2300,MHz
optimized,1:59,sample_elapsed,9801,ms
optimized,1:59,sample_power,4.544,W
optimized,1:59,sample_process_cpu,479.798,% one core
optimized,1:59,sample_free_ram,0.870,GiB
optimized,1:59,sample_battery_temp,38.000,C
optimized,1:59,sample_thermal_status,1,Android PowerManager status
optimized,1:59,sample_cpu0_freq,1800,MHz
optimized,1:59,sample_cpu1_freq,1800,MHz
optimized,1:59,sample_cpu2_freq,1800,MHz
optimized,1:59,sample_cpu3_freq,1800,MHz
optimized,1:59,sample_cpu4_freq,2300,MHz
optimized,1:59,sample_cpu5_freq,2300,MHz
optimized,1:59,sample_cpu6_freq,2300,MHz
optimized,1:59,sample_cpu7_freq,2300,MHz
optimized,1:60,sample_elapsed,9978,ms
optimized,1:60,sample_power,4.544,W
optimized,1:60,sample_process_cpu,502.260,% one core
optimized,1:60,sample_free_ram,0.870,GiB
optimized,1:60,sample_battery_temp,38.000,C
optimized,1:60,sample_thermal_status,1,Android PowerManager status
optimized,1:60,sample_cpu0_freq,1800,MHz
optimized,1:60,sample_cpu1_freq,1800,MHz
optimized,1:60,sample_cpu2_freq,1800,MHz
optimized,1:60,sample_cpu3_freq,1800,MHz
optimized,1:60,sample_cpu4_freq,2300,MHz
optimized,1:60,sample_cpu5_freq,2300,MHz
optimized,1:60,sample_cpu6_freq,2300,MHz
optimized,1:60,sample_cpu7_freq,2300,MHz
optimized,1:61,sample_elapsed,10156,ms
optimized,1:61,sample_power,4.169,W
optimized,1:61,sample_process_cpu,519.101,% one core
optimized,1:61,sample_free_ram,0.870,GiB
optimized,1:61,sample_battery_temp,38.000,C
optimized,1:61,sample_thermal_status,1,Android PowerManager status
optimized,1:61,sample_cpu0_freq,1800,MHz
optimized,1:61,sample_cpu1_freq,1800,MHz
optimized,1:61,sample_cpu2_freq,1800,MHz
optimized,1:61,sample_cpu3_freq,1800,MHz
optimized,1:61,sample_cpu4_freq,2300,MHz
optimized,1:61,sample_cpu5_freq,2300,MHz
optimized,1:61,sample_cpu6_freq,2300,MHz
optimized,1:61,sample_cpu7_freq,2300,MHz
optimized,1:62,sample_elapsed,10341,ms
optimized,1:62,sample_power,4.169,W
optimized,1:62,sample_process_cpu,482.703,% one core
optimized,1:62,sample_free_ram,0.870,GiB
optimized,1:62,sample_battery_temp,38.000,C
optimized,1:62,sample_thermal_status,1,Android PowerManager status
optimized,1:62,sample_cpu0_freq,1800,MHz
optimized,1:62,sample_cpu1_freq,1800,MHz
optimized,1:62,sample_cpu2_freq,1800,MHz
optimized,1:62,sample_cpu3_freq,1800,MHz
optimized,1:62,sample_cpu4_freq,2300,MHz
optimized,1:62,sample_cpu5_freq,2300,MHz
optimized,1:62,sample_cpu6_freq,2300,MHz
optimized,1:62,sample_cpu7_freq,2300,MHz
optimized,1:63,sample_elapsed,10520,ms
optimized,1:63,sample_power,4.169,W
optimized,1:63,sample_process_cpu,492.179,% one core
optimized,1:63,sample_free_ram,0.870,GiB
optimized,1:63,sample_battery_temp,38.000,C
optimized,1:63,sample_thermal_status,1,Android PowerManager status
optimized,1:63,sample_cpu0_freq,1800,MHz
optimized,1:63,sample_cpu1_freq,1800,MHz
optimized,1:63,sample_cpu2_freq,1800,MHz
optimized,1:63,sample_cpu3_freq,1800,MHz
optimized,1:63,sample_cpu4_freq,2300,MHz
optimized,1:63,sample_cpu5_freq,2300,MHz
optimized,1:63,sample_cpu6_freq,2300,MHz
optimized,1:63,sample_cpu7_freq,2300,MHz
optimized,1:64,sample_elapsed,10682,ms
optimized,1:64,sample_power,4.863,W
optimized,1:64,sample_process_cpu,508.642,% one core
optimized,1:64,sample_free_ram,0.870,GiB
optimized,1:64,sample_battery_temp,38.000,C
optimized,1:64,sample_thermal_status,1,Android PowerManager status
optimized,1:64,sample_cpu0_freq,1800,MHz
optimized,1:64,sample_cpu1_freq,1800,MHz
optimized,1:64,sample_cpu2_freq,1800,MHz
optimized,1:64,sample_cpu3_freq,1800,MHz
optimized,1:64,sample_cpu4_freq,2300,MHz
optimized,1:64,sample_cpu5_freq,2300,MHz
optimized,1:64,sample_cpu6_freq,2300,MHz
optimized,1:64,sample_cpu7_freq,2300,MHz
optimized,1:65,sample_elapsed,10846,ms
optimized,1:65,sample_power,4.863,W
optimized,1:65,sample_process_cpu,496.341,% one core
optimized,1:65,sample_free_ram,0.869,GiB
optimized,1:65,sample_battery_temp,38.000,C
optimized,1:65,sample_thermal_status,1,Android PowerManager status
optimized,1:65,sample_cpu0_freq,1800,MHz
optimized,1:65,sample_cpu1_freq,1800,MHz
optimized,1:65,sample_cpu2_freq,1800,MHz
optimized,1:65,sample_cpu3_freq,1800,MHz
optimized,1:65,sample_cpu4_freq,2300,MHz
optimized,1:65,sample_cpu5_freq,2300,MHz
optimized,1:65,sample_cpu6_freq,2300,MHz
optimized,1:65,sample_cpu7_freq,2300,MHz
optimized,1:66,sample_elapsed,11022,ms
optimized,1:66,sample_power,4.863,W
optimized,1:66,sample_process_cpu,508.523,% one core
optimized,1:66,sample_free_ram,0.869,GiB
optimized,1:66,sample_battery_temp,38.000,C
optimized,1:66,sample_thermal_status,1,Android PowerManager status
optimized,1:66,sample_cpu0_freq,1800,MHz
optimized,1:66,sample_cpu1_freq,1800,MHz
optimized,1:66,sample_cpu2_freq,1800,MHz
optimized,1:66,sample_cpu3_freq,1800,MHz
optimized,1:66,sample_cpu4_freq,2300,MHz
optimized,1:66,sample_cpu5_freq,2300,MHz
optimized,1:66,sample_cpu6_freq,2300,MHz
optimized,1:66,sample_cpu7_freq,2300,MHz
optimized,1:67,sample_elapsed,11199,ms
optimized,1:67,sample_power,4.136,W
optimized,1:67,sample_process_cpu,514.124,% one core
optimized,1:67,sample_free_ram,0.869,GiB
optimized,1:67,sample_battery_temp,38.000,C
optimized,1:67,sample_thermal_status,1,Android PowerManager status
optimized,1:67,sample_cpu0_freq,1800,MHz
optimized,1:67,sample_cpu1_freq,1800,MHz
optimized,1:67,sample_cpu2_freq,1800,MHz
optimized,1:67,sample_cpu3_freq,1800,MHz
optimized,1:67,sample_cpu4_freq,2300,MHz
optimized,1:67,sample_cpu5_freq,2300,MHz
optimized,1:67,sample_cpu6_freq,2300,MHz
optimized,1:67,sample_cpu7_freq,2300,MHz
optimized,1:68,sample_elapsed,11371,ms
optimized,1:68,sample_power,4.136,W
optimized,1:68,sample_process_cpu,487.209,% one core
optimized,1:68,sample_free_ram,0.869,GiB
optimized,1:68,sample_battery_temp,38.000,C
optimized,1:68,sample_thermal_status,1,Android PowerManager status
optimized,1:68,sample_cpu0_freq,1800,MHz
optimized,1:68,sample_cpu1_freq,1800,MHz
optimized,1:68,sample_cpu2_freq,1800,MHz
optimized,1:68,sample_cpu3_freq,1800,MHz
optimized,1:68,sample_cpu4_freq,2300,MHz
optimized,1:68,sample_cpu5_freq,2300,MHz
optimized,1:68,sample_cpu6_freq,2300,MHz
optimized,1:68,sample_cpu7_freq,2300,MHz
optimized,1:69,sample_elapsed,11542,ms
optimized,1:69,sample_power,4.136,W
optimized,1:69,sample_process_cpu,518.713,% one core
optimized,1:69,sample_free_ram,0.869,GiB
optimized,1:69,sample_battery_temp,38.000,C
optimized,1:69,sample_thermal_status,1,Android PowerManager status
optimized,1:69,sample_cpu0_freq,1800,MHz
optimized,1:69,sample_cpu1_freq,1800,MHz
optimized,1:69,sample_cpu2_freq,1800,MHz
optimized,1:69,sample_cpu3_freq,1800,MHz
optimized,1:69,sample_cpu4_freq,2300,MHz
optimized,1:69,sample_cpu5_freq,2300,MHz
optimized,1:69,sample_cpu6_freq,2300,MHz
optimized,1:69,sample_cpu7_freq,2300,MHz
optimized,1:70,sample_elapsed,11791,ms
optimized,1:70,sample_power,4.206,W
optimized,1:70,sample_process_cpu,501.606,% one core
optimized,1:70,sample_free_ram,0.869,GiB
optimized,1:70,sample_battery_temp,38.000,C
optimized,1:70,sample_thermal_status,1,Android PowerManager status
optimized,1:70,sample_cpu0_freq,1800,MHz
optimized,1:70,sample_cpu1_freq,1800,MHz
optimized,1:70,sample_cpu2_freq,1800,MHz
optimized,1:70,sample_cpu3_freq,1800,MHz
optimized,1:70,sample_cpu4_freq,2300,MHz
optimized,1:70,sample_cpu5_freq,2300,MHz
optimized,1:70,sample_cpu6_freq,2300,MHz
optimized,1:70,sample_cpu7_freq,2300,MHz
optimized,1:71,sample_elapsed,11966,ms
optimized,1:71,sample_power,4.206,W
optimized,1:71,sample_process_cpu,465.143,% one core
optimized,1:71,sample_free_ram,0.868,GiB
optimized,1:71,sample_battery_temp,38.000,C
optimized,1:71,sample_thermal_status,1,Android PowerManager status
optimized,1:71,sample_cpu0_freq,1800,MHz
optimized,1:71,sample_cpu1_freq,1800,MHz
optimized,1:71,sample_cpu2_freq,1800,MHz
optimized,1:71,sample_cpu3_freq,1800,MHz
optimized,1:71,sample_cpu4_freq,2300,MHz
optimized,1:71,sample_cpu5_freq,2300,MHz
optimized,1:71,sample_cpu6_freq,2300,MHz
optimized,1:71,sample_cpu7_freq,2300,MHz
optimized,2,pp,126.000,tok/s
optimized,2,tg,16.700,tok/s
optimized,2,power,3.989,W
optimized,2,tok_per_w,4.187,tok/W
optimized,2,ttft_pp512_derived,4123.372,ms
optimized,2,start_temp,38.000,C
optimized,2,average_process_cpu,483.237,% one core
optimized,2,minimum_free_ram,0.864,GiB
optimized,2,peak_battery_temp,38.000,C
optimized,2,peak_thermal_status,1,Android PowerManager status
optimized,2:1,sample_elapsed,2,ms
optimized,2:1,sample_power,0.999,W
optimized,2:1,sample_process_cpu,300.000,% one core
optimized,2:1,sample_free_ram,0.956,GiB
optimized,2:1,sample_battery_temp,38.000,C
optimized,2:1,sample_thermal_status,1,Android PowerManager status
optimized,2:1,sample_cpu0_freq,1000,MHz
optimized,2:1,sample_cpu1_freq,1000,MHz
optimized,2:1,sample_cpu2_freq,1000,MHz
optimized,2:1,sample_cpu3_freq,1000,MHz
optimized,2:1,sample_cpu4_freq,500,MHz
optimized,2:1,sample_cpu5_freq,600,MHz
optimized,2:1,sample_cpu6_freq,600,MHz
optimized,2:1,sample_cpu7_freq,600,MHz
optimized,2:2,sample_elapsed,160,ms
optimized,2:2,sample_power,0.999,W
optimized,2:2,sample_process_cpu,389.873,% one core
optimized,2:2,sample_free_ram,0.911,GiB
optimized,2:2,sample_battery_temp,38.000,C
optimized,2:2,sample_thermal_status,1,Android PowerManager status
optimized,2:2,sample_cpu0_freq,1100,MHz
optimized,2:2,sample_cpu1_freq,1000,MHz
optimized,2:2,sample_cpu2_freq,1000,MHz
optimized,2:2,sample_cpu3_freq,1000,MHz
optimized,2:2,sample_cpu4_freq,2300,MHz
optimized,2:2,sample_cpu5_freq,2300,MHz
optimized,2:2,sample_cpu6_freq,2300,MHz
optimized,2:2,sample_cpu7_freq,2300,MHz
optimized,2:3,sample_elapsed,313,ms
optimized,2:3,sample_power,0.999,W
optimized,2:3,sample_process_cpu,472.549,% one core
optimized,2:3,sample_free_ram,0.867,GiB
optimized,2:3,sample_battery_temp,38.000,C
optimized,2:3,sample_thermal_status,1,Android PowerManager status
optimized,2:3,sample_cpu0_freq,1400,MHz
optimized,2:3,sample_cpu1_freq,1400,MHz
optimized,2:3,sample_cpu2_freq,1400,MHz
optimized,2:3,sample_cpu3_freq,1800,MHz
optimized,2:3,sample_cpu4_freq,2300,MHz
optimized,2:3,sample_cpu5_freq,2300,MHz
optimized,2:3,sample_cpu6_freq,2300,MHz
optimized,2:3,sample_cpu7_freq,2300,MHz
optimized,2:4,sample_elapsed,469,ms
optimized,2:4,sample_power,0.999,W
optimized,2:4,sample_process_cpu,453.846,% one core
optimized,2:4,sample_free_ram,0.867,GiB
optimized,2:4,sample_battery_temp,38.000,C
optimized,2:4,sample_thermal_status,1,Android PowerManager status
optimized,2:4,sample_cpu0_freq,1100,MHz
optimized,2:4,sample_cpu1_freq,1100,MHz
optimized,2:4,sample_cpu2_freq,1100,MHz
optimized,2:4,sample_cpu3_freq,1100,MHz
optimized,2:4,sample_cpu4_freq,2300,MHz
optimized,2:4,sample_cpu5_freq,2300,MHz
optimized,2:4,sample_cpu6_freq,2300,MHz
optimized,2:4,sample_cpu7_freq,2300,MHz
optimized,2:5,sample_elapsed,622,ms
optimized,2:5,sample_power,3.828,W
optimized,2:5,sample_process_cpu,471.895,% one core
optimized,2:5,sample_free_ram,0.867,GiB
optimized,2:5,sample_battery_temp,38.000,C
optimized,2:5,sample_thermal_status,1,Android PowerManager status
optimized,2:5,sample_cpu0_freq,1800,MHz
optimized,2:5,sample_cpu1_freq,1500,MHz
optimized,2:5,sample_cpu2_freq,1800,MHz
optimized,2:5,sample_cpu3_freq,1500,MHz
optimized,2:5,sample_cpu4_freq,2300,MHz
optimized,2:5,sample_cpu5_freq,2300,MHz
optimized,2:5,sample_cpu6_freq,2300,MHz
optimized,2:5,sample_cpu7_freq,2300,MHz
optimized,2:6,sample_elapsed,777,ms
optimized,2:6,sample_power,3.828,W
optimized,2:6,sample_process_cpu,460.645,% one core
optimized,2:6,sample_free_ram,0.867,GiB
optimized,2:6,sample_battery_temp,38.000,C
optimized,2:6,sample_thermal_status,1,Android PowerManager status
optimized,2:6,sample_cpu0_freq,1800,MHz
optimized,2:6,sample_cpu1_freq,1800,MHz
optimized,2:6,sample_cpu2_freq,1800,MHz
optimized,2:6,sample_cpu3_freq,1800,MHz
optimized,2:6,sample_cpu4_freq,2300,MHz
optimized,2:6,sample_cpu5_freq,2300,MHz
optimized,2:6,sample_cpu6_freq,2300,MHz
optimized,2:6,sample_cpu7_freq,2300,MHz
optimized,2:7,sample_elapsed,929,ms
optimized,2:7,sample_power,3.828,W
optimized,2:7,sample_process_cpu,460.526,% one core
optimized,2:7,sample_free_ram,0.866,GiB
optimized,2:7,sample_battery_temp,38.000,C
optimized,2:7,sample_thermal_status,1,Android PowerManager status
optimized,2:7,sample_cpu0_freq,1800,MHz
optimized,2:7,sample_cpu1_freq,1800,MHz
optimized,2:7,sample_cpu2_freq,1800,MHz
optimized,2:7,sample_cpu3_freq,1800,MHz
optimized,2:7,sample_cpu4_freq,2300,MHz
optimized,2:7,sample_cpu5_freq,2300,MHz
optimized,2:7,sample_cpu6_freq,2300,MHz
optimized,2:7,sample_cpu7_freq,2300,MHz
optimized,2:8,sample_elapsed,1082,ms
optimized,2:8,sample_power,4.030,W
optimized,2:8,sample_process_cpu,460.784,% one core
optimized,2:8,sample_free_ram,0.866,GiB
optimized,2:8,sample_battery_temp,38.000,C
optimized,2:8,sample_thermal_status,1,Android PowerManager status
optimized,2:8,sample_cpu0_freq,1800,MHz
optimized,2:8,sample_cpu1_freq,1800,MHz
optimized,2:8,sample_cpu2_freq,1800,MHz
optimized,2:8,sample_cpu3_freq,1800,MHz
optimized,2:8,sample_cpu4_freq,2300,MHz
optimized,2:8,sample_cpu5_freq,2300,MHz
optimized,2:8,sample_cpu6_freq,2300,MHz
optimized,2:8,sample_cpu7_freq,2300,MHz
optimized,2:9,sample_elapsed,1235,ms
optimized,2:9,sample_power,4.030,W
optimized,2:9,sample_process_cpu,471.242,% one core
optimized,2:9,sample_free_ram,0.866,GiB
optimized,2:9,sample_battery_temp,38.000,C
optimized,2:9,sample_thermal_status,1,Android PowerManager status
optimized,2:9,sample_cpu0_freq,1100,MHz
optimized,2:9,sample_cpu1_freq,1100,MHz
optimized,2:9,sample_cpu2_freq,1100,MHz
optimized,2:9,sample_cpu3_freq,1100,MHz
optimized,2:9,sample_cpu4_freq,2300,MHz
optimized,2:9,sample_cpu5_freq,2300,MHz
optimized,2:9,sample_cpu6_freq,2300,MHz
optimized,2:9,sample_cpu7_freq,2300,MHz
optimized,2:10,sample_elapsed,1389,ms
optimized,2:10,sample_power,4.030,W
optimized,2:10,sample_process_cpu,464.935,% one core
optimized,2:10,sample_free_ram,0.869,GiB
optimized,2:10,sample_battery_temp,38.000,C
optimized,2:10,sample_thermal_status,1,Android PowerManager status
optimized,2:10,sample_cpu0_freq,1800,MHz
optimized,2:10,sample_cpu1_freq,1800,MHz
optimized,2:10,sample_cpu2_freq,1800,MHz
optimized,2:10,sample_cpu3_freq,1800,MHz
optimized,2:10,sample_cpu4_freq,2300,MHz
optimized,2:10,sample_cpu5_freq,2300,MHz
optimized,2:10,sample_cpu6_freq,2300,MHz
optimized,2:10,sample_cpu7_freq,2300,MHz
optimized,2:11,sample_elapsed,1543,ms
optimized,2:11,sample_power,3.666,W
optimized,2:11,sample_process_cpu,480.519,% one core
optimized,2:11,sample_free_ram,0.870,GiB
optimized,2:11,sample_battery_temp,38.000,C
optimized,2:11,sample_thermal_status,1,Android PowerManager status
optimized,2:11,sample_cpu0_freq,1800,MHz
optimized,2:11,sample_cpu1_freq,1800,MHz
optimized,2:11,sample_cpu2_freq,1800,MHz
optimized,2:11,sample_cpu3_freq,1800,MHz
optimized,2:11,sample_cpu4_freq,2300,MHz
optimized,2:11,sample_cpu5_freq,2300,MHz
optimized,2:11,sample_cpu6_freq,2300,MHz
optimized,2:11,sample_cpu7_freq,2300,MHz
optimized,2:12,sample_elapsed,1702,ms
optimized,2:12,sample_power,3.666,W
optimized,2:12,sample_process_cpu,444.025,% one core
optimized,2:12,sample_free_ram,0.870,GiB
optimized,2:12,sample_battery_temp,38.000,C
optimized,2:12,sample_thermal_status,1,Android PowerManager status
optimized,2:12,sample_cpu0_freq,1800,MHz
optimized,2:12,sample_cpu1_freq,1800,MHz
optimized,2:12,sample_cpu2_freq,1800,MHz
optimized,2:12,sample_cpu3_freq,1800,MHz
optimized,2:12,sample_cpu4_freq,2300,MHz
optimized,2:12,sample_cpu5_freq,2300,MHz
optimized,2:12,sample_cpu6_freq,2300,MHz
optimized,2:12,sample_cpu7_freq,2300,MHz
optimized,2:13,sample_elapsed,1855,ms
optimized,2:13,sample_power,3.666,W
optimized,2:13,sample_process_cpu,472.549,% one core
optimized,2:13,sample_free_ram,0.870,GiB
optimized,2:13,sample_battery_temp,38.000,C
optimized,2:13,sample_thermal_status,1,Android PowerManager status
optimized,2:13,sample_cpu0_freq,1800,MHz
optimized,2:13,sample_cpu1_freq,1800,MHz
optimized,2:13,sample_cpu2_freq,1800,MHz
optimized,2:13,sample_cpu3_freq,1800,MHz
optimized,2:13,sample_cpu4_freq,2300,MHz
optimized,2:13,sample_cpu5_freq,2300,MHz
optimized,2:13,sample_cpu6_freq,2300,MHz
optimized,2:13,sample_cpu7_freq,2300,MHz
optimized,2:14,sample_elapsed,2009,ms
optimized,2:14,sample_power,3.666,W
optimized,2:14,sample_process_cpu,460.390,% one core
optimized,2:14,sample_free_ram,0.870,GiB
optimized,2:14,sample_battery_temp,38.000,C
optimized,2:14,sample_thermal_status,1,Android PowerManager status
optimized,2:14,sample_cpu0_freq,1800,MHz
optimized,2:14,sample_cpu1_freq,1800,MHz
optimized,2:14,sample_cpu2_freq,1800,MHz
optimized,2:14,sample_cpu3_freq,1800,MHz
optimized,2:14,sample_cpu4_freq,2300,MHz
optimized,2:14,sample_cpu5_freq,2300,MHz
optimized,2:14,sample_cpu6_freq,2300,MHz
optimized,2:14,sample_cpu7_freq,2300,MHz
optimized,2:15,sample_elapsed,2161,ms
optimized,2:15,sample_power,4.581,W
optimized,2:15,sample_process_cpu,475.000,% one core
optimized,2:15,sample_free_ram,0.870,GiB
optimized,2:15,sample_battery_temp,38.000,C
optimized,2:15,sample_thermal_status,1,Android PowerManager status
optimized,2:15,sample_cpu0_freq,1800,MHz
optimized,2:15,sample_cpu1_freq,1100,MHz
optimized,2:15,sample_cpu2_freq,450,MHz
optimized,2:15,sample_cpu3_freq,1200,MHz
optimized,2:15,sample_cpu4_freq,2300,MHz
optimized,2:15,sample_cpu5_freq,2300,MHz
optimized,2:15,sample_cpu6_freq,2300,MHz
optimized,2:15,sample_cpu7_freq,2300,MHz
optimized,2:16,sample_elapsed,2318,ms
optimized,2:16,sample_power,4.581,W
optimized,2:16,sample_process_cpu,459.873,% one core
optimized,2:16,sample_free_ram,0.870,GiB
optimized,2:16,sample_battery_temp,38.000,C
optimized,2:16,sample_thermal_status,1,Android PowerManager status
optimized,2:16,sample_cpu0_freq,1800,MHz
optimized,2:16,sample_cpu1_freq,1300,MHz
optimized,2:16,sample_cpu2_freq,1800,MHz
optimized,2:16,sample_cpu3_freq,1800,MHz
optimized,2:16,sample_cpu4_freq,2300,MHz
optimized,2:16,sample_cpu5_freq,2300,MHz
optimized,2:16,sample_cpu6_freq,2300,MHz
optimized,2:16,sample_cpu7_freq,2300,MHz
optimized,2:17,sample_elapsed,2474,ms
optimized,2:17,sample_power,4.581,W
optimized,2:17,sample_process_cpu,466.667,% one core
optimized,2:17,sample_free_ram,0.870,GiB
optimized,2:17,sample_battery_temp,38.000,C
optimized,2:17,sample_thermal_status,1,Android PowerManager status
optimized,2:17,sample_cpu0_freq,700,MHz
optimized,2:17,sample_cpu1_freq,700,MHz
optimized,2:17,sample_cpu2_freq,700,MHz
optimized,2:17,sample_cpu3_freq,700,MHz
optimized,2:17,sample_cpu4_freq,2300,MHz
optimized,2:17,sample_cpu5_freq,2300,MHz
optimized,2:17,sample_cpu6_freq,2300,MHz
optimized,2:17,sample_cpu7_freq,2300,MHz
optimized,2:18,sample_elapsed,2628,ms
optimized,2:18,sample_power,4.581,W
optimized,2:18,sample_process_cpu,457.792,% one core
optimized,2:18,sample_free_ram,0.870,GiB
optimized,2:18,sample_battery_temp,38.000,C
optimized,2:18,sample_thermal_status,1,Android PowerManager status
optimized,2:18,sample_cpu0_freq,1500,MHz
optimized,2:18,sample_cpu1_freq,1400,MHz
optimized,2:18,sample_cpu2_freq,1500,MHz
optimized,2:18,sample_cpu3_freq,1500,MHz
optimized,2:18,sample_cpu4_freq,2300,MHz
optimized,2:18,sample_cpu5_freq,2300,MHz
optimized,2:18,sample_cpu6_freq,2300,MHz
optimized,2:18,sample_cpu7_freq,2300,MHz
optimized,2:19,sample_elapsed,2785,ms
optimized,2:19,sample_power,4.128,W
optimized,2:19,sample_process_cpu,468.790,% one core
optimized,2:19,sample_free_ram,0.870,GiB
optimized,2:19,sample_battery_temp,38.000,C
optimized,2:19,sample_thermal_status,1,Android PowerManager status
optimized,2:19,sample_cpu0_freq,1800,MHz
optimized,2:19,sample_cpu1_freq,1800,MHz
optimized,2:19,sample_cpu2_freq,1800,MHz
optimized,2:19,sample_cpu3_freq,1800,MHz
optimized,2:19,sample_cpu4_freq,2300,MHz
optimized,2:19,sample_cpu5_freq,2300,MHz
optimized,2:19,sample_cpu6_freq,2300,MHz
optimized,2:19,sample_cpu7_freq,2300,MHz
optimized,2:20,sample_elapsed,2939,ms
optimized,2:20,sample_power,4.128,W
optimized,2:20,sample_process_cpu,459.091,% one core
optimized,2:20,sample_free_ram,0.870,GiB
optimized,2:20,sample_battery_temp,38.000,C
optimized,2:20,sample_thermal_status,1,Android PowerManager status
optimized,2:20,sample_cpu0_freq,1800,MHz
optimized,2:20,sample_cpu1_freq,1800,MHz
optimized,2:20,sample_cpu2_freq,1800,MHz
optimized,2:20,sample_cpu3_freq,1800,MHz
optimized,2:20,sample_cpu4_freq,2300,MHz
optimized,2:20,sample_cpu5_freq,2300,MHz
optimized,2:20,sample_cpu6_freq,2300,MHz
optimized,2:20,sample_cpu7_freq,2300,MHz
optimized,2:21,sample_elapsed,3092,ms
optimized,2:21,sample_power,4.128,W
optimized,2:21,sample_process_cpu,464.052,% one core
optimized,2:21,sample_free_ram,0.870,GiB
optimized,2:21,sample_battery_temp,38.000,C
optimized,2:21,sample_thermal_status,1,Android PowerManager status
optimized,2:21,sample_cpu0_freq,1800,MHz
optimized,2:21,sample_cpu1_freq,1800,MHz
optimized,2:21,sample_cpu2_freq,1800,MHz
optimized,2:21,sample_cpu3_freq,800,MHz
optimized,2:21,sample_cpu4_freq,2300,MHz
optimized,2:21,sample_cpu5_freq,2300,MHz
optimized,2:21,sample_cpu6_freq,2300,MHz
optimized,2:21,sample_cpu7_freq,2300,MHz
optimized,2:22,sample_elapsed,3245,ms
optimized,2:22,sample_power,4.128,W
optimized,2:22,sample_process_cpu,463.399,% one core
optimized,2:22,sample_free_ram,0.870,GiB
optimized,2:22,sample_battery_temp,38.000,C
optimized,2:22,sample_thermal_status,1,Android PowerManager status
optimized,2:22,sample_cpu0_freq,1000,MHz
optimized,2:22,sample_cpu1_freq,1000,MHz
optimized,2:22,sample_cpu2_freq,1600,MHz
optimized,2:22,sample_cpu3_freq,1600,MHz
optimized,2:22,sample_cpu4_freq,2300,MHz
optimized,2:22,sample_cpu5_freq,2300,MHz
optimized,2:22,sample_cpu6_freq,2300,MHz
optimized,2:22,sample_cpu7_freq,2300,MHz
optimized,2:23,sample_elapsed,3399,ms
optimized,2:23,sample_power,3.768,W
optimized,2:23,sample_process_cpu,465.584,% one core
optimized,2:23,sample_free_ram,0.870,GiB
optimized,2:23,sample_battery_temp,38.000,C
optimized,2:23,sample_thermal_status,1,Android PowerManager status
optimized,2:23,sample_cpu0_freq,1800,MHz
optimized,2:23,sample_cpu1_freq,1800,MHz
optimized,2:23,sample_cpu2_freq,1800,MHz
optimized,2:23,sample_cpu3_freq,1800,MHz
optimized,2:23,sample_cpu4_freq,2300,MHz
optimized,2:23,sample_cpu5_freq,2300,MHz
optimized,2:23,sample_cpu6_freq,2300,MHz
optimized,2:23,sample_cpu7_freq,2300,MHz
optimized,2:24,sample_elapsed,3553,ms
optimized,2:24,sample_power,3.768,W
optimized,2:24,sample_process_cpu,472.078,% one core
optimized,2:24,sample_free_ram,0.870,GiB
optimized,2:24,sample_battery_temp,38.000,C
optimized,2:24,sample_thermal_status,1,Android PowerManager status
optimized,2:24,sample_cpu0_freq,700,MHz
optimized,2:24,sample_cpu1_freq,700,MHz
optimized,2:24,sample_cpu2_freq,700,MHz
optimized,2:24,sample_cpu3_freq,700,MHz
optimized,2:24,sample_cpu4_freq,2300,MHz
optimized,2:24,sample_cpu5_freq,2300,MHz
optimized,2:24,sample_cpu6_freq,2300,MHz
optimized,2:24,sample_cpu7_freq,2300,MHz
optimized,2:25,sample_elapsed,3707,ms
optimized,2:25,sample_power,3.768,W
optimized,2:25,sample_process_cpu,462.987,% one core
optimized,2:25,sample_free_ram,0.870,GiB
optimized,2:25,sample_battery_temp,38.000,C
optimized,2:25,sample_thermal_status,1,Android PowerManager status
optimized,2:25,sample_cpu0_freq,1800,MHz
optimized,2:25,sample_cpu1_freq,1800,MHz
optimized,2:25,sample_cpu2_freq,1800,MHz
optimized,2:25,sample_cpu3_freq,1800,MHz
optimized,2:25,sample_cpu4_freq,2300,MHz
optimized,2:25,sample_cpu5_freq,2300,MHz
optimized,2:25,sample_cpu6_freq,2300,MHz
optimized,2:25,sample_cpu7_freq,2300,MHz
optimized,2:26,sample_elapsed,3860,ms
optimized,2:26,sample_power,3.768,W
optimized,2:26,sample_process_cpu,460.784,% one core
optimized,2:26,sample_free_ram,0.870,GiB
optimized,2:26,sample_battery_temp,38.000,C
optimized,2:26,sample_thermal_status,1,Android PowerManager status
optimized,2:26,sample_cpu0_freq,1800,MHz
optimized,2:26,sample_cpu1_freq,1800,MHz
optimized,2:26,sample_cpu2_freq,1800,MHz
optimized,2:26,sample_cpu3_freq,1800,MHz
optimized,2:26,sample_cpu4_freq,2300,MHz
optimized,2:26,sample_cpu5_freq,2300,MHz
optimized,2:26,sample_cpu6_freq,2300,MHz
optimized,2:26,sample_cpu7_freq,2300,MHz
optimized,2:27,sample_elapsed,4014,ms
optimized,2:27,sample_power,4.078,W
optimized,2:27,sample_process_cpu,468.182,% one core
optimized,2:27,sample_free_ram,0.870,GiB
optimized,2:27,sample_battery_temp,38.000,C
optimized,2:27,sample_thermal_status,1,Android PowerManager status
optimized,2:27,sample_cpu0_freq,1000,MHz
optimized,2:27,sample_cpu1_freq,1000,MHz
optimized,2:27,sample_cpu2_freq,1000,MHz
optimized,2:27,sample_cpu3_freq,1000,MHz
optimized,2:27,sample_cpu4_freq,2300,MHz
optimized,2:27,sample_cpu5_freq,2300,MHz
optimized,2:27,sample_cpu6_freq,2300,MHz
optimized,2:27,sample_cpu7_freq,2300,MHz
optimized,2:28,sample_elapsed,4168,ms
optimized,2:28,sample_power,4.078,W
optimized,2:28,sample_process_cpu,483.766,% one core
optimized,2:28,sample_free_ram,0.869,GiB
optimized,2:28,sample_battery_temp,38.000,C
optimized,2:28,sample_thermal_status,1,Android PowerManager status
optimized,2:28,sample_cpu0_freq,1800,MHz
optimized,2:28,sample_cpu1_freq,1800,MHz
optimized,2:28,sample_cpu2_freq,1800,MHz
optimized,2:28,sample_cpu3_freq,1800,MHz
optimized,2:28,sample_cpu4_freq,2300,MHz
optimized,2:28,sample_cpu5_freq,2300,MHz
optimized,2:28,sample_cpu6_freq,2300,MHz
optimized,2:28,sample_cpu7_freq,2300,MHz
optimized,2:29,sample_elapsed,4323,ms
optimized,2:29,sample_power,4.078,W
optimized,2:29,sample_process_cpu,490.323,% one core
optimized,2:29,sample_free_ram,0.869,GiB
optimized,2:29,sample_battery_temp,38.000,C
optimized,2:29,sample_thermal_status,1,Android PowerManager status
optimized,2:29,sample_cpu0_freq,1800,MHz
optimized,2:29,sample_cpu1_freq,1800,MHz
optimized,2:29,sample_cpu2_freq,1800,MHz
optimized,2:29,sample_cpu3_freq,1800,MHz
optimized,2:29,sample_cpu4_freq,2300,MHz
optimized,2:29,sample_cpu5_freq,2300,MHz
optimized,2:29,sample_cpu6_freq,2300,MHz
optimized,2:29,sample_cpu7_freq,2300,MHz
optimized,2:30,sample_elapsed,4481,ms
optimized,2:30,sample_power,4.078,W
optimized,2:30,sample_process_cpu,518.354,% one core
optimized,2:30,sample_free_ram,0.869,GiB
optimized,2:30,sample_battery_temp,38.000,C
optimized,2:30,sample_thermal_status,1,Android PowerManager status
optimized,2:30,sample_cpu0_freq,1800,MHz
optimized,2:30,sample_cpu1_freq,1800,MHz
optimized,2:30,sample_cpu2_freq,1800,MHz
optimized,2:30,sample_cpu3_freq,1800,MHz
optimized,2:30,sample_cpu4_freq,2300,MHz
optimized,2:30,sample_cpu5_freq,2300,MHz
optimized,2:30,sample_cpu6_freq,2300,MHz
optimized,2:30,sample_cpu7_freq,2300,MHz
optimized,2:31,sample_elapsed,4640,ms
optimized,2:31,sample_power,4.271,W
optimized,2:31,sample_process_cpu,506.918,% one core
optimized,2:31,sample_free_ram,0.869,GiB
optimized,2:31,sample_battery_temp,38.000,C
optimized,2:31,sample_thermal_status,1,Android PowerManager status
optimized,2:31,sample_cpu0_freq,1800,MHz
optimized,2:31,sample_cpu1_freq,1800,MHz
optimized,2:31,sample_cpu2_freq,1800,MHz
optimized,2:31,sample_cpu3_freq,1800,MHz
optimized,2:31,sample_cpu4_freq,2300,MHz
optimized,2:31,sample_cpu5_freq,2300,MHz
optimized,2:31,sample_cpu6_freq,2300,MHz
optimized,2:31,sample_cpu7_freq,2300,MHz
optimized,2:32,sample_elapsed,4804,ms
optimized,2:32,sample_power,4.271,W
optimized,2:32,sample_process_cpu,479.268,% one core
optimized,2:32,sample_free_ram,0.869,GiB
optimized,2:32,sample_battery_temp,38.000,C
optimized,2:32,sample_thermal_status,1,Android PowerManager status
optimized,2:32,sample_cpu0_freq,1800,MHz
optimized,2:32,sample_cpu1_freq,1800,MHz
optimized,2:32,sample_cpu2_freq,1800,MHz
optimized,2:32,sample_cpu3_freq,1800,MHz
optimized,2:32,sample_cpu4_freq,2300,MHz
optimized,2:32,sample_cpu5_freq,2300,MHz
optimized,2:32,sample_cpu6_freq,2300,MHz
optimized,2:32,sample_cpu7_freq,2300,MHz
optimized,2:33,sample_elapsed,4958,ms
optimized,2:33,sample_power,4.271,W
optimized,2:33,sample_process_cpu,480.519,% one core
optimized,2:33,sample_free_ram,0.869,GiB
optimized,2:33,sample_battery_temp,38.000,C
optimized,2:33,sample_thermal_status,1,Android PowerManager status
optimized,2:33,sample_cpu0_freq,1800,MHz
optimized,2:33,sample_cpu1_freq,1800,MHz
optimized,2:33,sample_cpu2_freq,1800,MHz
optimized,2:33,sample_cpu3_freq,1800,MHz
optimized,2:33,sample_cpu4_freq,2300,MHz
optimized,2:33,sample_cpu5_freq,2300,MHz
optimized,2:33,sample_cpu6_freq,2300,MHz
optimized,2:33,sample_cpu7_freq,2300,MHz
optimized,2:34,sample_elapsed,5114,ms
optimized,2:34,sample_power,4.271,W
optimized,2:34,sample_process_cpu,490.385,% one core
optimized,2:34,sample_free_ram,0.869,GiB
optimized,2:34,sample_battery_temp,38.000,C
optimized,2:34,sample_thermal_status,1,Android PowerManager status
optimized,2:34,sample_cpu0_freq,1800,MHz
optimized,2:34,sample_cpu1_freq,1800,MHz
optimized,2:34,sample_cpu2_freq,1800,MHz
optimized,2:34,sample_cpu3_freq,1800,MHz
optimized,2:34,sample_cpu4_freq,2300,MHz
optimized,2:34,sample_cpu5_freq,2300,MHz
optimized,2:34,sample_cpu6_freq,2300,MHz
optimized,2:34,sample_cpu7_freq,2300,MHz
optimized,2:35,sample_elapsed,5269,ms
optimized,2:35,sample_power,4.110,W
optimized,2:35,sample_process_cpu,506.452,% one core
optimized,2:35,sample_free_ram,0.869,GiB
optimized,2:35,sample_battery_temp,38.000,C
optimized,2:35,sample_thermal_status,1,Android PowerManager status
optimized,2:35,sample_cpu0_freq,1800,MHz
optimized,2:35,sample_cpu1_freq,1800,MHz
optimized,2:35,sample_cpu2_freq,1800,MHz
optimized,2:35,sample_cpu3_freq,1800,MHz
optimized,2:35,sample_cpu4_freq,2300,MHz
optimized,2:35,sample_cpu5_freq,2300,MHz
optimized,2:35,sample_cpu6_freq,2300,MHz
optimized,2:35,sample_cpu7_freq,2300,MHz
optimized,2:36,sample_elapsed,5423,ms
optimized,2:36,sample_power,4.110,W
optimized,2:36,sample_process_cpu,496.104,% one core
optimized,2:36,sample_free_ram,0.869,GiB
optimized,2:36,sample_battery_temp,38.000,C
optimized,2:36,sample_thermal_status,1,Android PowerManager status
optimized,2:36,sample_cpu0_freq,1800,MHz
optimized,2:36,sample_cpu1_freq,1800,MHz
optimized,2:36,sample_cpu2_freq,1800,MHz
optimized,2:36,sample_cpu3_freq,1800,MHz
optimized,2:36,sample_cpu4_freq,2300,MHz
optimized,2:36,sample_cpu5_freq,2300,MHz
optimized,2:36,sample_cpu6_freq,2300,MHz
optimized,2:36,sample_cpu7_freq,2300,MHz
optimized,2:37,sample_elapsed,5577,ms
optimized,2:37,sample_power,4.110,W
optimized,2:37,sample_process_cpu,497.403,% one core
optimized,2:37,sample_free_ram,0.869,GiB
optimized,2:37,sample_battery_temp,38.000,C
optimized,2:37,sample_thermal_status,1,Android PowerManager status
optimized,2:37,sample_cpu0_freq,1800,MHz
optimized,2:37,sample_cpu1_freq,1800,MHz
optimized,2:37,sample_cpu2_freq,1800,MHz
optimized,2:37,sample_cpu3_freq,1800,MHz
optimized,2:37,sample_cpu4_freq,2300,MHz
optimized,2:37,sample_cpu5_freq,2300,MHz
optimized,2:37,sample_cpu6_freq,2300,MHz
optimized,2:37,sample_cpu7_freq,2300,MHz
optimized,2:38,sample_elapsed,5735,ms
optimized,2:38,sample_power,4.110,W
optimized,2:38,sample_process_cpu,518.354,% one core
optimized,2:38,sample_free_ram,0.869,GiB
optimized,2:38,sample_battery_temp,38.000,C
optimized,2:38,sample_thermal_status,1,Android PowerManager status
optimized,2:38,sample_cpu0_freq,1800,MHz
optimized,2:38,sample_cpu1_freq,1800,MHz
optimized,2:38,sample_cpu2_freq,1800,MHz
optimized,2:38,sample_cpu3_freq,1800,MHz
optimized,2:38,sample_cpu4_freq,2300,MHz
optimized,2:38,sample_cpu5_freq,2300,MHz
optimized,2:38,sample_cpu6_freq,2300,MHz
optimized,2:38,sample_cpu7_freq,2300,MHz
optimized,2:39,sample_elapsed,5897,ms
optimized,2:39,sample_power,4.247,W
optimized,2:39,sample_process_cpu,492.593,% one core
optimized,2:39,sample_free_ram,0.869,GiB
optimized,2:39,sample_battery_temp,38.000,C
optimized,2:39,sample_thermal_status,1,Android PowerManager status
optimized,2:39,sample_cpu0_freq,1800,MHz
optimized,2:39,sample_cpu1_freq,1800,MHz
optimized,2:39,sample_cpu2_freq,1800,MHz
optimized,2:39,sample_cpu3_freq,1800,MHz
optimized,2:39,sample_cpu4_freq,2300,MHz
optimized,2:39,sample_cpu5_freq,2300,MHz
optimized,2:39,sample_cpu6_freq,2300,MHz
optimized,2:39,sample_cpu7_freq,2300,MHz
optimized,2:40,sample_elapsed,6056,ms
optimized,2:40,sample_power,4.247,W
optimized,2:40,sample_process_cpu,482.390,% one core
optimized,2:40,sample_free_ram,0.869,GiB
optimized,2:40,sample_battery_temp,38.000,C
optimized,2:40,sample_thermal_status,1,Android PowerManager status
optimized,2:40,sample_cpu0_freq,1800,MHz
optimized,2:40,sample_cpu1_freq,1800,MHz
optimized,2:40,sample_cpu2_freq,1800,MHz
optimized,2:40,sample_cpu3_freq,1800,MHz
optimized,2:40,sample_cpu4_freq,2300,MHz
optimized,2:40,sample_cpu5_freq,2300,MHz
optimized,2:40,sample_cpu6_freq,2300,MHz
optimized,2:40,sample_cpu7_freq,2300,MHz
optimized,2:41,sample_elapsed,6210,ms
optimized,2:41,sample_power,4.247,W
optimized,2:41,sample_process_cpu,514.935,% one core
optimized,2:41,sample_free_ram,0.869,GiB
optimized,2:41,sample_battery_temp,38.000,C
optimized,2:41,sample_thermal_status,1,Android PowerManager status
optimized,2:41,sample_cpu0_freq,1800,MHz
optimized,2:41,sample_cpu1_freq,1800,MHz
optimized,2:41,sample_cpu2_freq,1800,MHz
optimized,2:41,sample_cpu3_freq,1800,MHz
optimized,2:41,sample_cpu4_freq,2300,MHz
optimized,2:41,sample_cpu5_freq,2300,MHz
optimized,2:41,sample_cpu6_freq,2300,MHz
optimized,2:41,sample_cpu7_freq,2300,MHz
optimized,2:42,sample_elapsed,6371,ms
optimized,2:42,sample_power,4.247,W
optimized,2:42,sample_process_cpu,479.503,% one core
optimized,2:42,sample_free_ram,0.869,GiB
optimized,2:42,sample_battery_temp,38.000,C
optimized,2:42,sample_thermal_status,1,Android PowerManager status
optimized,2:42,sample_cpu0_freq,1800,MHz
optimized,2:42,sample_cpu1_freq,1800,MHz
optimized,2:42,sample_cpu2_freq,1800,MHz
optimized,2:42,sample_cpu3_freq,1800,MHz
optimized,2:42,sample_cpu4_freq,2300,MHz
optimized,2:42,sample_cpu5_freq,2300,MHz
optimized,2:42,sample_cpu6_freq,2300,MHz
optimized,2:42,sample_cpu7_freq,2300,MHz
optimized,2:43,sample_elapsed,6529,ms
optimized,2:43,sample_power,4.082,W
optimized,2:43,sample_process_cpu,516.456,% one core
optimized,2:43,sample_free_ram,0.869,GiB
optimized,2:43,sample_battery_temp,38.000,C
optimized,2:43,sample_thermal_status,1,Android PowerManager status
optimized,2:43,sample_cpu0_freq,1800,MHz
optimized,2:43,sample_cpu1_freq,1800,MHz
optimized,2:43,sample_cpu2_freq,1800,MHz
optimized,2:43,sample_cpu3_freq,1800,MHz
optimized,2:43,sample_cpu4_freq,2300,MHz
optimized,2:43,sample_cpu5_freq,2300,MHz
optimized,2:43,sample_cpu6_freq,2300,MHz
optimized,2:43,sample_cpu7_freq,2300,MHz
optimized,2:44,sample_elapsed,6691,ms
optimized,2:44,sample_power,4.082,W
optimized,2:44,sample_process_cpu,481.481,% one core
optimized,2:44,sample_free_ram,0.868,GiB
optimized,2:44,sample_battery_temp,38.000,C
optimized,2:44,sample_thermal_status,1,Android PowerManager status
optimized,2:44,sample_cpu0_freq,1800,MHz
optimized,2:44,sample_cpu1_freq,1800,MHz
optimized,2:44,sample_cpu2_freq,1800,MHz
optimized,2:44,sample_cpu3_freq,1800,MHz
optimized,2:44,sample_cpu4_freq,2300,MHz
optimized,2:44,sample_cpu5_freq,2300,MHz
optimized,2:44,sample_cpu6_freq,2300,MHz
optimized,2:44,sample_cpu7_freq,2300,MHz
optimized,2:45,sample_elapsed,6843,ms
optimized,2:45,sample_power,4.082,W
optimized,2:45,sample_process_cpu,488.158,% one core
optimized,2:45,sample_free_ram,0.868,GiB
optimized,2:45,sample_battery_temp,38.000,C
optimized,2:45,sample_thermal_status,1,Android PowerManager status
optimized,2:45,sample_cpu0_freq,1800,MHz
optimized,2:45,sample_cpu1_freq,1800,MHz
optimized,2:45,sample_cpu2_freq,1800,MHz
optimized,2:45,sample_cpu3_freq,1800,MHz
optimized,2:45,sample_cpu4_freq,2300,MHz
optimized,2:45,sample_cpu5_freq,2300,MHz
optimized,2:45,sample_cpu6_freq,2300,MHz
optimized,2:45,sample_cpu7_freq,2300,MHz
optimized,2:46,sample_elapsed,6995,ms
optimized,2:46,sample_power,4.082,W
optimized,2:46,sample_process_cpu,470.395,% one core
optimized,2:46,sample_free_ram,0.868,GiB
optimized,2:46,sample_battery_temp,38.000,C
optimized,2:46,sample_thermal_status,1,Android PowerManager status
optimized,2:46,sample_cpu0_freq,1800,MHz
optimized,2:46,sample_cpu1_freq,1800,MHz
optimized,2:46,sample_cpu2_freq,1800,MHz
optimized,2:46,sample_cpu3_freq,1800,MHz
optimized,2:46,sample_cpu4_freq,2300,MHz
optimized,2:46,sample_cpu5_freq,2300,MHz
optimized,2:46,sample_cpu6_freq,2300,MHz
optimized,2:46,sample_cpu7_freq,2300,MHz
optimized,2:47,sample_elapsed,7148,ms
optimized,2:47,sample_power,4.821,W
optimized,2:47,sample_process_cpu,475.163,% one core
optimized,2:47,sample_free_ram,0.868,GiB
optimized,2:47,sample_battery_temp,38.000,C
optimized,2:47,sample_thermal_status,1,Android PowerManager status
optimized,2:47,sample_cpu0_freq,1800,MHz
optimized,2:47,sample_cpu1_freq,1800,MHz
optimized,2:47,sample_cpu2_freq,1800,MHz
optimized,2:47,sample_cpu3_freq,1800,MHz
optimized,2:47,sample_cpu4_freq,2300,MHz
optimized,2:47,sample_cpu5_freq,2300,MHz
optimized,2:47,sample_cpu6_freq,2300,MHz
optimized,2:47,sample_cpu7_freq,2300,MHz
optimized,2:48,sample_elapsed,7302,ms
optimized,2:48,sample_power,4.821,W
optimized,2:48,sample_process_cpu,508.442,% one core
optimized,2:48,sample_free_ram,0.868,GiB
optimized,2:48,sample_battery_temp,38.000,C
optimized,2:48,sample_thermal_status,1,Android PowerManager status
optimized,2:48,sample_cpu0_freq,1800,MHz
optimized,2:48,sample_cpu1_freq,1800,MHz
optimized,2:48,sample_cpu2_freq,1800,MHz
optimized,2:48,sample_cpu3_freq,1800,MHz
optimized,2:48,sample_cpu4_freq,2300,MHz
optimized,2:48,sample_cpu5_freq,2300,MHz
optimized,2:48,sample_cpu6_freq,2300,MHz
optimized,2:48,sample_cpu7_freq,2300,MHz
optimized,2:49,sample_elapsed,7459,ms
optimized,2:49,sample_power,4.821,W
optimized,2:49,sample_process_cpu,487.898,% one core
optimized,2:49,sample_free_ram,0.868,GiB
optimized,2:49,sample_battery_temp,38.000,C
optimized,2:49,sample_thermal_status,1,Android PowerManager status
optimized,2:49,sample_cpu0_freq,1800,MHz
optimized,2:49,sample_cpu1_freq,1800,MHz
optimized,2:49,sample_cpu2_freq,1800,MHz
optimized,2:49,sample_cpu3_freq,1800,MHz
optimized,2:49,sample_cpu4_freq,2300,MHz
optimized,2:49,sample_cpu5_freq,2300,MHz
optimized,2:49,sample_cpu6_freq,2300,MHz
optimized,2:49,sample_cpu7_freq,2300,MHz
optimized,2:50,sample_elapsed,7622,ms
optimized,2:50,sample_power,4.821,W
optimized,2:50,sample_process_cpu,505.521,% one core
optimized,2:50,sample_free_ram,0.868,GiB
optimized,2:50,sample_battery_temp,38.000,C
optimized,2:50,sample_thermal_status,1,Android PowerManager status
optimized,2:50,sample_cpu0_freq,1800,MHz
optimized,2:50,sample_cpu1_freq,1800,MHz
optimized,2:50,sample_cpu2_freq,1800,MHz
optimized,2:50,sample_cpu3_freq,1800,MHz
optimized,2:50,sample_cpu4_freq,2300,MHz
optimized,2:50,sample_cpu5_freq,2300,MHz
optimized,2:50,sample_cpu6_freq,2300,MHz
optimized,2:50,sample_cpu7_freq,2300,MHz
optimized,2:51,sample_elapsed,7781,ms
optimized,2:51,sample_power,4.280,W
optimized,2:51,sample_process_cpu,492.453,% one core
optimized,2:51,sample_free_ram,0.868,GiB
optimized,2:51,sample_battery_temp,38.000,C
optimized,2:51,sample_thermal_status,1,Android PowerManager status
optimized,2:51,sample_cpu0_freq,1800,MHz
optimized,2:51,sample_cpu1_freq,1800,MHz
optimized,2:51,sample_cpu2_freq,1800,MHz
optimized,2:51,sample_cpu3_freq,1800,MHz
optimized,2:51,sample_cpu4_freq,2300,MHz
optimized,2:51,sample_cpu5_freq,2300,MHz
optimized,2:51,sample_cpu6_freq,2300,MHz
optimized,2:51,sample_cpu7_freq,2300,MHz
optimized,2:52,sample_elapsed,7938,ms
optimized,2:52,sample_power,4.280,W
optimized,2:52,sample_process_cpu,495.541,% one core
optimized,2:52,sample_free_ram,0.867,GiB
optimized,2:52,sample_battery_temp,38.000,C
optimized,2:52,sample_thermal_status,1,Android PowerManager status
optimized,2:52,sample_cpu0_freq,1800,MHz
optimized,2:52,sample_cpu1_freq,1800,MHz
optimized,2:52,sample_cpu2_freq,1800,MHz
optimized,2:52,sample_cpu3_freq,1800,MHz
optimized,2:52,sample_cpu4_freq,2300,MHz
optimized,2:52,sample_cpu5_freq,2300,MHz
optimized,2:52,sample_cpu6_freq,2300,MHz
optimized,2:52,sample_cpu7_freq,2300,MHz
optimized,2:53,sample_elapsed,8099,ms
optimized,2:53,sample_power,4.280,W
optimized,2:53,sample_process_cpu,497.516,% one core
optimized,2:53,sample_free_ram,0.867,GiB
optimized,2:53,sample_battery_temp,38.000,C
optimized,2:53,sample_thermal_status,1,Android PowerManager status
optimized,2:53,sample_cpu0_freq,1800,MHz
optimized,2:53,sample_cpu1_freq,1800,MHz
optimized,2:53,sample_cpu2_freq,1800,MHz
optimized,2:53,sample_cpu3_freq,1800,MHz
optimized,2:53,sample_cpu4_freq,2300,MHz
optimized,2:53,sample_cpu5_freq,2300,MHz
optimized,2:53,sample_cpu6_freq,2300,MHz
optimized,2:53,sample_cpu7_freq,2300,MHz
optimized,2:54,sample_elapsed,8256,ms
optimized,2:54,sample_power,4.280,W
optimized,2:54,sample_process_cpu,491.083,% one core
optimized,2:54,sample_free_ram,0.867,GiB
optimized,2:54,sample_battery_temp,38.000,C
optimized,2:54,sample_thermal_status,1,Android PowerManager status
optimized,2:54,sample_cpu0_freq,1800,MHz
optimized,2:54,sample_cpu1_freq,1800,MHz
optimized,2:54,sample_cpu2_freq,1800,MHz
optimized,2:54,sample_cpu3_freq,1800,MHz
optimized,2:54,sample_cpu4_freq,2300,MHz
optimized,2:54,sample_cpu5_freq,2300,MHz
optimized,2:54,sample_cpu6_freq,2300,MHz
optimized,2:54,sample_cpu7_freq,2300,MHz
optimized,2:55,sample_elapsed,8415,ms
optimized,2:55,sample_power,4.091,W
optimized,2:55,sample_process_cpu,511.321,% one core
optimized,2:55,sample_free_ram,0.867,GiB
optimized,2:55,sample_battery_temp,38.000,C
optimized,2:55,sample_thermal_status,1,Android PowerManager status
optimized,2:55,sample_cpu0_freq,1800,MHz
optimized,2:55,sample_cpu1_freq,1800,MHz
optimized,2:55,sample_cpu2_freq,1800,MHz
optimized,2:55,sample_cpu3_freq,1800,MHz
optimized,2:55,sample_cpu4_freq,2300,MHz
optimized,2:55,sample_cpu5_freq,2300,MHz
optimized,2:55,sample_cpu6_freq,2300,MHz
optimized,2:55,sample_cpu7_freq,2300,MHz
optimized,2:56,sample_elapsed,8574,ms
optimized,2:56,sample_power,4.091,W
optimized,2:56,sample_process_cpu,481.761,% one core
optimized,2:56,sample_free_ram,0.866,GiB
optimized,2:56,sample_battery_temp,38.000,C
optimized,2:56,sample_thermal_status,1,Android PowerManager status
optimized,2:56,sample_cpu0_freq,1800,MHz
optimized,2:56,sample_cpu1_freq,1800,MHz
optimized,2:56,sample_cpu2_freq,1800,MHz
optimized,2:56,sample_cpu3_freq,1800,MHz
optimized,2:56,sample_cpu4_freq,2300,MHz
optimized,2:56,sample_cpu5_freq,2300,MHz
optimized,2:56,sample_cpu6_freq,2300,MHz
optimized,2:56,sample_cpu7_freq,2300,MHz
optimized,2:57,sample_elapsed,8738,ms
optimized,2:57,sample_power,4.091,W
optimized,2:57,sample_process_cpu,498.780,% one core
optimized,2:57,sample_free_ram,0.866,GiB
optimized,2:57,sample_battery_temp,38.000,C
optimized,2:57,sample_thermal_status,1,Android PowerManager status
optimized,2:57,sample_cpu0_freq,1800,MHz
optimized,2:57,sample_cpu1_freq,1800,MHz
optimized,2:57,sample_cpu2_freq,1800,MHz
optimized,2:57,sample_cpu3_freq,1800,MHz
optimized,2:57,sample_cpu4_freq,2300,MHz
optimized,2:57,sample_cpu5_freq,2300,MHz
optimized,2:57,sample_cpu6_freq,2300,MHz
optimized,2:57,sample_cpu7_freq,2300,MHz
optimized,2:58,sample_elapsed,8899,ms
optimized,2:58,sample_power,4.091,W
optimized,2:58,sample_process_cpu,475.155,% one core
optimized,2:58,sample_free_ram,0.865,GiB
optimized,2:58,sample_battery_temp,38.000,C
optimized,2:58,sample_thermal_status,1,Android PowerManager status
optimized,2:58,sample_cpu0_freq,1800,MHz
optimized,2:58,sample_cpu1_freq,1800,MHz
optimized,2:58,sample_cpu2_freq,1800,MHz
optimized,2:58,sample_cpu3_freq,1800,MHz
optimized,2:58,sample_cpu4_freq,2300,MHz
optimized,2:58,sample_cpu5_freq,2300,MHz
optimized,2:58,sample_cpu6_freq,2300,MHz
optimized,2:58,sample_cpu7_freq,2300,MHz
optimized,2:59,sample_elapsed,9059,ms
optimized,2:59,sample_power,4.188,W
optimized,2:59,sample_process_cpu,498.125,% one core
optimized,2:59,sample_free_ram,0.865,GiB
optimized,2:59,sample_battery_temp,38.000,C
optimized,2:59,sample_thermal_status,1,Android PowerManager status
optimized,2:59,sample_cpu0_freq,1800,MHz
optimized,2:59,sample_cpu1_freq,1800,MHz
optimized,2:59,sample_cpu2_freq,1800,MHz
optimized,2:59,sample_cpu3_freq,1800,MHz
optimized,2:59,sample_cpu4_freq,2300,MHz
optimized,2:59,sample_cpu5_freq,2300,MHz
optimized,2:59,sample_cpu6_freq,2300,MHz
optimized,2:59,sample_cpu7_freq,2300,MHz
optimized,2:60,sample_elapsed,9217,ms
optimized,2:60,sample_power,4.188,W
optimized,2:60,sample_process_cpu,500.633,% one core
optimized,2:60,sample_free_ram,0.865,GiB
optimized,2:60,sample_battery_temp,38.000,C
optimized,2:60,sample_thermal_status,1,Android PowerManager status
optimized,2:60,sample_cpu0_freq,1800,MHz
optimized,2:60,sample_cpu1_freq,1800,MHz
optimized,2:60,sample_cpu2_freq,1800,MHz
optimized,2:60,sample_cpu3_freq,1800,MHz
optimized,2:60,sample_cpu4_freq,2300,MHz
optimized,2:60,sample_cpu5_freq,2300,MHz
optimized,2:60,sample_cpu6_freq,2300,MHz
optimized,2:60,sample_cpu7_freq,2300,MHz
optimized,2:61,sample_elapsed,9374,ms
optimized,2:61,sample_power,4.188,W
optimized,2:61,sample_process_cpu,488.535,% one core
optimized,2:61,sample_free_ram,0.865,GiB
optimized,2:61,sample_battery_temp,38.000,C
optimized,2:61,sample_thermal_status,1,Android PowerManager status
optimized,2:61,sample_cpu0_freq,1800,MHz
optimized,2:61,sample_cpu1_freq,1800,MHz
optimized,2:61,sample_cpu2_freq,1800,MHz
optimized,2:61,sample_cpu3_freq,1800,MHz
optimized,2:61,sample_cpu4_freq,2300,MHz
optimized,2:61,sample_cpu5_freq,2300,MHz
optimized,2:61,sample_cpu6_freq,2300,MHz
optimized,2:61,sample_cpu7_freq,2300,MHz
optimized,2:62,sample_elapsed,9528,ms
optimized,2:62,sample_power,4.299,W
optimized,2:62,sample_process_cpu,481.169,% one core
optimized,2:62,sample_free_ram,0.865,GiB
optimized,2:62,sample_battery_temp,38.000,C
optimized,2:62,sample_thermal_status,1,Android PowerManager status
optimized,2:62,sample_cpu0_freq,1800,MHz
optimized,2:62,sample_cpu1_freq,1800,MHz
optimized,2:62,sample_cpu2_freq,1800,MHz
optimized,2:62,sample_cpu3_freq,1800,MHz
optimized,2:62,sample_cpu4_freq,2300,MHz
optimized,2:62,sample_cpu5_freq,2300,MHz
optimized,2:62,sample_cpu6_freq,2300,MHz
optimized,2:62,sample_cpu7_freq,2300,MHz
optimized,2:63,sample_elapsed,9680,ms
optimized,2:63,sample_power,4.275,W
optimized,2:63,sample_process_cpu,520.395,% one core
optimized,2:63,sample_free_ram,0.865,GiB
optimized,2:63,sample_battery_temp,38.000,C
optimized,2:63,sample_thermal_status,1,Android PowerManager status
optimized,2:63,sample_cpu0_freq,1800,MHz
optimized,2:63,sample_cpu1_freq,1800,MHz
optimized,2:63,sample_cpu2_freq,1800,MHz
optimized,2:63,sample_cpu3_freq,1800,MHz
optimized,2:63,sample_cpu4_freq,2300,MHz
optimized,2:63,sample_cpu5_freq,2300,MHz
optimized,2:63,sample_cpu6_freq,2300,MHz
optimized,2:63,sample_cpu7_freq,2300,MHz
optimized,2:64,sample_elapsed,9846,ms
optimized,2:64,sample_power,4.275,W
optimized,2:64,sample_process_cpu,475.301,% one core
optimized,2:64,sample_free_ram,0.865,GiB
optimized,2:64,sample_battery_temp,38.000,C
optimized,2:64,sample_thermal_status,1,Android PowerManager status
optimized,2:64,sample_cpu0_freq,1800,MHz
optimized,2:64,sample_cpu1_freq,1800,MHz
optimized,2:64,sample_cpu2_freq,1800,MHz
optimized,2:64,sample_cpu3_freq,1800,MHz
optimized,2:64,sample_cpu4_freq,2300,MHz
optimized,2:64,sample_cpu5_freq,2300,MHz
optimized,2:64,sample_cpu6_freq,2300,MHz
optimized,2:64,sample_cpu7_freq,2300,MHz
optimized,2:65,sample_elapsed,10001,ms
optimized,2:65,sample_power,4.275,W
optimized,2:65,sample_process_cpu,505.161,% one core
optimized,2:65,sample_free_ram,0.865,GiB
optimized,2:65,sample_battery_temp,38.000,C
optimized,2:65,sample_thermal_status,1,Android PowerManager status
optimized,2:65,sample_cpu0_freq,1800,MHz
optimized,2:65,sample_cpu1_freq,1800,MHz
optimized,2:65,sample_cpu2_freq,1800,MHz
optimized,2:65,sample_cpu3_freq,1800,MHz
optimized,2:65,sample_cpu4_freq,2300,MHz
optimized,2:65,sample_cpu5_freq,2300,MHz
optimized,2:65,sample_cpu6_freq,2300,MHz
optimized,2:65,sample_cpu7_freq,2300,MHz
optimized,2:66,sample_elapsed,10160,ms
optimized,2:66,sample_power,4.128,W
optimized,2:66,sample_process_cpu,489.308,% one core
optimized,2:66,sample_free_ram,0.865,GiB
optimized,2:66,sample_battery_temp,38.000,C
optimized,2:66,sample_thermal_status,1,Android PowerManager status
optimized,2:66,sample_cpu0_freq,1800,MHz
optimized,2:66,sample_cpu1_freq,1800,MHz
optimized,2:66,sample_cpu2_freq,1800,MHz
optimized,2:66,sample_cpu3_freq,1800,MHz
optimized,2:66,sample_cpu4_freq,2300,MHz
optimized,2:66,sample_cpu5_freq,2300,MHz
optimized,2:66,sample_cpu6_freq,2300,MHz
optimized,2:66,sample_cpu7_freq,2300,MHz
optimized,2:67,sample_elapsed,10319,ms
optimized,2:67,sample_power,4.128,W
optimized,2:67,sample_process_cpu,497.484,% one core
optimized,2:67,sample_free_ram,0.865,GiB
optimized,2:67,sample_battery_temp,38.000,C
optimized,2:67,sample_thermal_status,1,Android PowerManager status
optimized,2:67,sample_cpu0_freq,1800,MHz
optimized,2:67,sample_cpu1_freq,1800,MHz
optimized,2:67,sample_cpu2_freq,1800,MHz
optimized,2:67,sample_cpu3_freq,1800,MHz
optimized,2:67,sample_cpu4_freq,2300,MHz
optimized,2:67,sample_cpu5_freq,2300,MHz
optimized,2:67,sample_cpu6_freq,2300,MHz
optimized,2:67,sample_cpu7_freq,2300,MHz
optimized,2:68,sample_elapsed,10477,ms
optimized,2:68,sample_power,4.128,W
optimized,2:68,sample_process_cpu,481.646,% one core
optimized,2:68,sample_free_ram,0.864,GiB
optimized,2:68,sample_battery_temp,38.000,C
optimized,2:68,sample_thermal_status,1,Android PowerManager status
optimized,2:68,sample_cpu0_freq,1800,MHz
optimized,2:68,sample_cpu1_freq,1800,MHz
optimized,2:68,sample_cpu2_freq,1800,MHz
optimized,2:68,sample_cpu3_freq,1800,MHz
optimized,2:68,sample_cpu4_freq,2300,MHz
optimized,2:68,sample_cpu5_freq,2300,MHz
optimized,2:68,sample_cpu6_freq,2300,MHz
optimized,2:68,sample_cpu7_freq,2300,MHz
optimized,2:69,sample_elapsed,10634,ms
optimized,2:69,sample_power,4.128,W
optimized,2:69,sample_process_cpu,495.541,% one core
optimized,2:69,sample_free_ram,0.864,GiB
optimized,2:69,sample_battery_temp,38.000,C
optimized,2:69,sample_thermal_status,1,Android PowerManager status
optimized,2:69,sample_cpu0_freq,1800,MHz
optimized,2:69,sample_cpu1_freq,1800,MHz
optimized,2:69,sample_cpu2_freq,1800,MHz
optimized,2:69,sample_cpu3_freq,1800,MHz
optimized,2:69,sample_cpu4_freq,2300,MHz
optimized,2:69,sample_cpu5_freq,2300,MHz
optimized,2:69,sample_cpu6_freq,2300,MHz
optimized,2:69,sample_cpu7_freq,2300,MHz
optimized,2:70,sample_elapsed,10800,ms
optimized,2:70,sample_power,4.147,W
optimized,2:70,sample_process_cpu,496.386,% one core
optimized,2:70,sample_free_ram,0.864,GiB
optimized,2:70,sample_battery_temp,38.000,C
optimized,2:70,sample_thermal_status,1,Android PowerManager status
optimized,2:70,sample_cpu0_freq,1800,MHz
optimized,2:70,sample_cpu1_freq,1800,MHz
optimized,2:70,sample_cpu2_freq,1800,MHz
optimized,2:70,sample_cpu3_freq,1800,MHz
optimized,2:70,sample_cpu4_freq,2300,MHz
optimized,2:70,sample_cpu5_freq,2300,MHz
optimized,2:70,sample_cpu6_freq,2300,MHz
optimized,2:70,sample_cpu7_freq,2300,MHz
optimized,2:71,sample_elapsed,10956,ms
optimized,2:71,sample_power,4.147,W
optimized,2:71,sample_process_cpu,491.667,% one core
optimized,2:71,sample_free_ram,0.864,GiB
optimized,2:71,sample_battery_temp,38.000,C
optimized,2:71,sample_thermal_status,1,Android PowerManager status
optimized,2:71,sample_cpu0_freq,1800,MHz
optimized,2:71,sample_cpu1_freq,1800,MHz
optimized,2:71,sample_cpu2_freq,1800,MHz
optimized,2:71,sample_cpu3_freq,1800,MHz
optimized,2:71,sample_cpu4_freq,2300,MHz
optimized,2:71,sample_cpu5_freq,2300,MHz
optimized,2:71,sample_cpu6_freq,2300,MHz
optimized,2:71,sample_cpu7_freq,2300,MHz
optimized,2:72,sample_elapsed,11111,ms
optimized,2:72,sample_power,4.147,W
optimized,2:72,sample_process_cpu,502.581,% one core
optimized,2:72,sample_free_ram,0.864,GiB
optimized,2:72,sample_battery_temp,38.000,C
optimized,2:72,sample_thermal_status,1,Android PowerManager status
optimized,2:72,sample_cpu0_freq,1800,MHz
optimized,2:72,sample_cpu1_freq,1800,MHz
optimized,2:72,sample_cpu2_freq,1800,MHz
optimized,2:72,sample_cpu3_freq,1800,MHz
optimized,2:72,sample_cpu4_freq,2300,MHz
optimized,2:72,sample_cpu5_freq,2300,MHz
optimized,2:72,sample_cpu6_freq,2300,MHz
optimized,2:72,sample_cpu7_freq,2300,MHz
optimized,2:73,sample_elapsed,11266,ms
optimized,2:73,sample_power,4.147,W
optimized,2:73,sample_process_cpu,500.000,% one core
optimized,2:73,sample_free_ram,0.864,GiB
optimized,2:73,sample_battery_temp,38.000,C
optimized,2:73,sample_thermal_status,1,Android PowerManager status
optimized,2:73,sample_cpu0_freq,1800,MHz
optimized,2:73,sample_cpu1_freq,1800,MHz
optimized,2:73,sample_cpu2_freq,1800,MHz
optimized,2:73,sample_cpu3_freq,1800,MHz
optimized,2:73,sample_cpu4_freq,2300,MHz
optimized,2:73,sample_cpu5_freq,2300,MHz
optimized,2:73,sample_cpu6_freq,2300,MHz
optimized,2:73,sample_cpu7_freq,2300,MHz
optimized,2:74,sample_elapsed,11420,ms
optimized,2:74,sample_power,4.104,W
optimized,2:74,sample_process_cpu,525.325,% one core
optimized,2:74,sample_free_ram,0.864,GiB
optimized,2:74,sample_battery_temp,38.000,C
optimized,2:74,sample_thermal_status,1,Android PowerManager status
optimized,2:74,sample_cpu0_freq,1800,MHz
optimized,2:74,sample_cpu1_freq,1800,MHz
optimized,2:74,sample_cpu2_freq,1800,MHz
optimized,2:74,sample_cpu3_freq,1800,MHz
optimized,2:74,sample_cpu4_freq,2300,MHz
optimized,2:74,sample_cpu5_freq,2300,MHz
optimized,2:74,sample_cpu6_freq,2300,MHz
optimized,2:74,sample_cpu7_freq,2300,MHz
optimized,2:75,sample_elapsed,11586,ms
optimized,2:75,sample_power,4.104,W
optimized,2:75,sample_process_cpu,471.084,% one core
optimized,2:75,sample_free_ram,0.864,GiB
optimized,2:75,sample_battery_temp,38.000,C
optimized,2:75,sample_thermal_status,1,Android PowerManager status
optimized,2:75,sample_cpu0_freq,1800,MHz
optimized,2:75,sample_cpu1_freq,1800,MHz
optimized,2:75,sample_cpu2_freq,1800,MHz
optimized,2:75,sample_cpu3_freq,1800,MHz
optimized,2:75,sample_cpu4_freq,2300,MHz
optimized,2:75,sample_cpu5_freq,2300,MHz
optimized,2:75,sample_cpu6_freq,2300,MHz
optimized,2:75,sample_cpu7_freq,2300,MHz
optimized,2:76,sample_elapsed,11746,ms
optimized,2:76,sample_power,4.104,W
optimized,2:76,sample_process_cpu,500.000,% one core
optimized,2:76,sample_free_ram,0.864,GiB
optimized,2:76,sample_battery_temp,38.000,C
optimized,2:76,sample_thermal_status,1,Android PowerManager status
optimized,2:76,sample_cpu0_freq,1800,MHz
optimized,2:76,sample_cpu1_freq,1800,MHz
optimized,2:76,sample_cpu2_freq,1800,MHz
optimized,2:76,sample_cpu3_freq,1800,MHz
optimized,2:76,sample_cpu4_freq,2300,MHz
optimized,2:76,sample_cpu5_freq,2300,MHz
optimized,2:76,sample_cpu6_freq,2300,MHz
optimized,2:76,sample_cpu7_freq,2300,MHz
optimized,3,pp,113.000,tok/s
optimized,3,tg,12.000,tok/s
optimized,3,power,4.402,W
optimized,3,tok_per_w,2.726,tok/W
optimized,3,ttft_pp512_derived,4614.307,ms
optimized,3,start_temp,38.000,C
optimized,3,average_process_cpu,454.159,% one core
optimized,3,minimum_free_ram,0.780,GiB
optimized,3,peak_battery_temp,38.000,C
optimized,3,peak_thermal_status,1,Android PowerManager status
optimized,3:1,sample_elapsed,0,ms
optimized,3:1,sample_power,1.294,W
optimized,3:1,sample_process_cpu,0.000,% one core
optimized,3:1,sample_free_ram,0.937,GiB
optimized,3:1,sample_battery_temp,38.000,C
optimized,3:1,sample_thermal_status,1,Android PowerManager status
optimized,3:1,sample_cpu0_freq,900,MHz
optimized,3:1,sample_cpu1_freq,900,MHz
optimized,3:1,sample_cpu2_freq,900,MHz
optimized,3:1,sample_cpu3_freq,900,MHz
optimized,3:1,sample_cpu4_freq,500,MHz
optimized,3:1,sample_cpu5_freq,500,MHz
optimized,3:1,sample_cpu6_freq,500,MHz
optimized,3:1,sample_cpu7_freq,500,MHz
optimized,3:2,sample_elapsed,164,ms
optimized,3:2,sample_power,1.294,W
optimized,3:2,sample_process_cpu,378.659,% one core
optimized,3:2,sample_free_ram,0.892,GiB
optimized,3:2,sample_battery_temp,38.000,C
optimized,3:2,sample_thermal_status,1,Android PowerManager status
optimized,3:2,sample_cpu0_freq,1800,MHz
optimized,3:2,sample_cpu1_freq,1800,MHz
optimized,3:2,sample_cpu2_freq,1800,MHz
optimized,3:2,sample_cpu3_freq,1800,MHz
optimized,3:2,sample_cpu4_freq,2300,MHz
optimized,3:2,sample_cpu5_freq,2300,MHz
optimized,3:2,sample_cpu6_freq,2300,MHz
optimized,3:2,sample_cpu7_freq,2300,MHz
optimized,3:3,sample_elapsed,317,ms
optimized,3:3,sample_power,1.294,W
optimized,3:3,sample_process_cpu,490.850,% one core
optimized,3:3,sample_free_ram,0.852,GiB
optimized,3:3,sample_battery_temp,38.000,C
optimized,3:3,sample_thermal_status,1,Android PowerManager status
optimized,3:3,sample_cpu0_freq,1300,MHz
optimized,3:3,sample_cpu1_freq,1300,MHz
optimized,3:3,sample_cpu2_freq,1300,MHz
optimized,3:3,sample_cpu3_freq,1300,MHz
optimized,3:3,sample_cpu4_freq,2300,MHz
optimized,3:3,sample_cpu5_freq,2300,MHz
optimized,3:3,sample_cpu6_freq,2300,MHz
optimized,3:3,sample_cpu7_freq,2300,MHz
optimized,3:4,sample_elapsed,470,ms
optimized,3:4,sample_power,1.294,W
optimized,3:4,sample_process_cpu,466.013,% one core
optimized,3:4,sample_free_ram,0.852,GiB
optimized,3:4,sample_battery_temp,38.000,C
optimized,3:4,sample_thermal_status,1,Android PowerManager status
optimized,3:4,sample_cpu0_freq,1300,MHz
optimized,3:4,sample_cpu1_freq,1300,MHz
optimized,3:4,sample_cpu2_freq,1300,MHz
optimized,3:4,sample_cpu3_freq,1300,MHz
optimized,3:4,sample_cpu4_freq,2300,MHz
optimized,3:4,sample_cpu5_freq,2300,MHz
optimized,3:4,sample_cpu6_freq,2300,MHz
optimized,3:4,sample_cpu7_freq,2300,MHz
optimized,3:5,sample_elapsed,623,ms
optimized,3:5,sample_power,4.271,W
optimized,3:5,sample_process_cpu,470.588,% one core
optimized,3:5,sample_free_ram,0.852,GiB
optimized,3:5,sample_battery_temp,38.000,C
optimized,3:5,sample_thermal_status,1,Android PowerManager status
optimized,3:5,sample_cpu0_freq,1200,MHz
optimized,3:5,sample_cpu1_freq,1200,MHz
optimized,3:5,sample_cpu2_freq,1200,MHz
optimized,3:5,sample_cpu3_freq,1200,MHz
optimized,3:5,sample_cpu4_freq,2300,MHz
optimized,3:5,sample_cpu5_freq,2300,MHz
optimized,3:5,sample_cpu6_freq,2300,MHz
optimized,3:5,sample_cpu7_freq,2300,MHz
optimized,3:6,sample_elapsed,777,ms
optimized,3:6,sample_power,4.271,W
optimized,3:6,sample_process_cpu,459.740,% one core
optimized,3:6,sample_free_ram,0.851,GiB
optimized,3:6,sample_battery_temp,38.000,C
optimized,3:6,sample_thermal_status,1,Android PowerManager status
optimized,3:6,sample_cpu0_freq,1300,MHz
optimized,3:6,sample_cpu1_freq,1300,MHz
optimized,3:6,sample_cpu2_freq,1300,MHz
optimized,3:6,sample_cpu3_freq,1300,MHz
optimized,3:6,sample_cpu4_freq,2300,MHz
optimized,3:6,sample_cpu5_freq,2300,MHz
optimized,3:6,sample_cpu6_freq,2300,MHz
optimized,3:6,sample_cpu7_freq,2300,MHz
optimized,3:7,sample_elapsed,931,ms
optimized,3:7,sample_power,4.271,W
optimized,3:7,sample_process_cpu,465.584,% one core
optimized,3:7,sample_free_ram,0.851,GiB
optimized,3:7,sample_battery_temp,38.000,C
optimized,3:7,sample_thermal_status,1,Android PowerManager status
optimized,3:7,sample_cpu0_freq,1500,MHz
optimized,3:7,sample_cpu1_freq,1500,MHz
optimized,3:7,sample_cpu2_freq,1500,MHz
optimized,3:7,sample_cpu3_freq,1500,MHz
optimized,3:7,sample_cpu4_freq,2300,MHz
optimized,3:7,sample_cpu5_freq,2300,MHz
optimized,3:7,sample_cpu6_freq,2300,MHz
optimized,3:7,sample_cpu7_freq,2300,MHz
optimized,3:8,sample_elapsed,1084,ms
optimized,3:8,sample_power,4.271,W
optimized,3:8,sample_process_cpu,460.131,% one core
optimized,3:8,sample_free_ram,0.851,GiB
optimized,3:8,sample_battery_temp,38.000,C
optimized,3:8,sample_thermal_status,1,Android PowerManager status
optimized,3:8,sample_cpu0_freq,1800,MHz
optimized,3:8,sample_cpu1_freq,1800,MHz
optimized,3:8,sample_cpu2_freq,1800,MHz
optimized,3:8,sample_cpu3_freq,1800,MHz
optimized,3:8,sample_cpu4_freq,2300,MHz
optimized,3:8,sample_cpu5_freq,2300,MHz
optimized,3:8,sample_cpu6_freq,2300,MHz
optimized,3:8,sample_cpu7_freq,2300,MHz
optimized,3:9,sample_elapsed,1236,ms
optimized,3:9,sample_power,3.584,W
optimized,3:9,sample_process_cpu,467.105,% one core
optimized,3:9,sample_free_ram,0.851,GiB
optimized,3:9,sample_battery_temp,38.000,C
optimized,3:9,sample_thermal_status,1,Android PowerManager status
optimized,3:9,sample_cpu0_freq,1500,MHz
optimized,3:9,sample_cpu1_freq,1500,MHz
optimized,3:9,sample_cpu2_freq,1500,MHz
optimized,3:9,sample_cpu3_freq,1500,MHz
optimized,3:9,sample_cpu4_freq,2300,MHz
optimized,3:9,sample_cpu5_freq,2300,MHz
optimized,3:9,sample_cpu6_freq,2300,MHz
optimized,3:9,sample_cpu7_freq,2300,MHz
optimized,3:10,sample_elapsed,1391,ms
optimized,3:10,sample_power,3.584,W
optimized,3:10,sample_process_cpu,463.871,% one core
optimized,3:10,sample_free_ram,0.851,GiB
optimized,3:10,sample_battery_temp,38.000,C
optimized,3:10,sample_thermal_status,1,Android PowerManager status
optimized,3:10,sample_cpu0_freq,1800,MHz
optimized,3:10,sample_cpu1_freq,1800,MHz
optimized,3:10,sample_cpu2_freq,1800,MHz
optimized,3:10,sample_cpu3_freq,1800,MHz
optimized,3:10,sample_cpu4_freq,2300,MHz
optimized,3:10,sample_cpu5_freq,2300,MHz
optimized,3:10,sample_cpu6_freq,2300,MHz
optimized,3:10,sample_cpu7_freq,2300,MHz
optimized,3:11,sample_elapsed,1545,ms
optimized,3:11,sample_power,3.584,W
optimized,3:11,sample_process_cpu,461.039,% one core
optimized,3:11,sample_free_ram,0.851,GiB
optimized,3:11,sample_battery_temp,38.000,C
optimized,3:11,sample_thermal_status,1,Android PowerManager status
optimized,3:11,sample_cpu0_freq,450,MHz
optimized,3:11,sample_cpu1_freq,450,MHz
optimized,3:11,sample_cpu2_freq,450,MHz
optimized,3:11,sample_cpu3_freq,450,MHz
optimized,3:11,sample_cpu4_freq,2300,MHz
optimized,3:11,sample_cpu5_freq,2300,MHz
optimized,3:11,sample_cpu6_freq,2300,MHz
optimized,3:11,sample_cpu7_freq,2300,MHz
optimized,3:12,sample_elapsed,1698,ms
optimized,3:12,sample_power,3.584,W
optimized,3:12,sample_process_cpu,468.627,% one core
optimized,3:12,sample_free_ram,0.851,GiB
optimized,3:12,sample_battery_temp,38.000,C
optimized,3:12,sample_thermal_status,1,Android PowerManager status
optimized,3:12,sample_cpu0_freq,1800,MHz
optimized,3:12,sample_cpu1_freq,1800,MHz
optimized,3:12,sample_cpu2_freq,1800,MHz
optimized,3:12,sample_cpu3_freq,1800,MHz
optimized,3:12,sample_cpu4_freq,2300,MHz
optimized,3:12,sample_cpu5_freq,2300,MHz
optimized,3:12,sample_cpu6_freq,2300,MHz
optimized,3:12,sample_cpu7_freq,2300,MHz
optimized,3:13,sample_elapsed,1851,ms
optimized,3:13,sample_power,4.709,W
optimized,3:13,sample_process_cpu,469.935,% one core
optimized,3:13,sample_free_ram,0.851,GiB
optimized,3:13,sample_battery_temp,38.000,C
optimized,3:13,sample_thermal_status,1,Android PowerManager status
optimized,3:13,sample_cpu0_freq,1800,MHz
optimized,3:13,sample_cpu1_freq,1800,MHz
optimized,3:13,sample_cpu2_freq,1800,MHz
optimized,3:13,sample_cpu3_freq,1800,MHz
optimized,3:13,sample_cpu4_freq,2300,MHz
optimized,3:13,sample_cpu5_freq,2300,MHz
optimized,3:13,sample_cpu6_freq,2300,MHz
optimized,3:13,sample_cpu7_freq,2300,MHz
optimized,3:14,sample_elapsed,2007,ms
optimized,3:14,sample_power,4.709,W
optimized,3:14,sample_process_cpu,444.872,% one core
optimized,3:14,sample_free_ram,0.852,GiB
optimized,3:14,sample_battery_temp,38.000,C
optimized,3:14,sample_thermal_status,1,Android PowerManager status
optimized,3:14,sample_cpu0_freq,1800,MHz
optimized,3:14,sample_cpu1_freq,1800,MHz
optimized,3:14,sample_cpu2_freq,1800,MHz
optimized,3:14,sample_cpu3_freq,1800,MHz
optimized,3:14,sample_cpu4_freq,2300,MHz
optimized,3:14,sample_cpu5_freq,2300,MHz
optimized,3:14,sample_cpu6_freq,2300,MHz
optimized,3:14,sample_cpu7_freq,2300,MHz
optimized,3:15,sample_elapsed,2159,ms
optimized,3:15,sample_power,4.709,W
optimized,3:15,sample_process_cpu,428.289,% one core
optimized,3:15,sample_free_ram,0.841,GiB
optimized,3:15,sample_battery_temp,38.000,C
optimized,3:15,sample_thermal_status,1,Android PowerManager status
optimized,3:15,sample_cpu0_freq,1800,MHz
optimized,3:15,sample_cpu1_freq,1800,MHz
optimized,3:15,sample_cpu2_freq,1800,MHz
optimized,3:15,sample_cpu3_freq,1800,MHz
optimized,3:15,sample_cpu4_freq,2300,MHz
optimized,3:15,sample_cpu5_freq,2300,MHz
optimized,3:15,sample_cpu6_freq,2300,MHz
optimized,3:15,sample_cpu7_freq,2300,MHz
optimized,3:16,sample_elapsed,2311,ms
optimized,3:16,sample_power,4.709,W
optimized,3:16,sample_process_cpu,384.868,% one core
optimized,3:16,sample_free_ram,0.869,GiB
optimized,3:16,sample_battery_temp,38.000,C
optimized,3:16,sample_thermal_status,1,Android PowerManager status
optimized,3:16,sample_cpu0_freq,1800,MHz
optimized,3:16,sample_cpu1_freq,1800,MHz
optimized,3:16,sample_cpu2_freq,1800,MHz
optimized,3:16,sample_cpu3_freq,1800,MHz
optimized,3:16,sample_cpu4_freq,2300,MHz
optimized,3:16,sample_cpu5_freq,2300,MHz
optimized,3:16,sample_cpu6_freq,2300,MHz
optimized,3:16,sample_cpu7_freq,2300,MHz
optimized,3:17,sample_elapsed,2471,ms
optimized,3:17,sample_power,5.745,W
optimized,3:17,sample_process_cpu,321.250,% one core
optimized,3:17,sample_free_ram,0.853,GiB
optimized,3:17,sample_battery_temp,38.000,C
optimized,3:17,sample_thermal_status,1,Android PowerManager status
optimized,3:17,sample_cpu0_freq,1800,MHz
optimized,3:17,sample_cpu1_freq,1800,MHz
optimized,3:17,sample_cpu2_freq,1800,MHz
optimized,3:17,sample_cpu3_freq,1800,MHz
optimized,3:17,sample_cpu4_freq,2300,MHz
optimized,3:17,sample_cpu5_freq,2300,MHz
optimized,3:17,sample_cpu6_freq,2300,MHz
optimized,3:17,sample_cpu7_freq,2300,MHz
optimized,3:18,sample_elapsed,2625,ms
optimized,3:18,sample_power,5.745,W
optimized,3:18,sample_process_cpu,365.584,% one core
optimized,3:18,sample_free_ram,0.844,GiB
optimized,3:18,sample_battery_temp,38.000,C
optimized,3:18,sample_thermal_status,1,Android PowerManager status
optimized,3:18,sample_cpu0_freq,1800,MHz
optimized,3:18,sample_cpu1_freq,1800,MHz
optimized,3:18,sample_cpu2_freq,1800,MHz
optimized,3:18,sample_cpu3_freq,1800,MHz
optimized,3:18,sample_cpu4_freq,2300,MHz
optimized,3:18,sample_cpu5_freq,2300,MHz
optimized,3:18,sample_cpu6_freq,2300,MHz
optimized,3:18,sample_cpu7_freq,2300,MHz
optimized,3:19,sample_elapsed,2777,ms
optimized,3:19,sample_power,5.745,W
optimized,3:19,sample_process_cpu,378.289,% one core
optimized,3:19,sample_free_ram,0.840,GiB
optimized,3:19,sample_battery_temp,38.000,C
optimized,3:19,sample_thermal_status,1,Android PowerManager status
optimized,3:19,sample_cpu0_freq,1800,MHz
optimized,3:19,sample_cpu1_freq,1800,MHz
optimized,3:19,sample_cpu2_freq,1800,MHz
optimized,3:19,sample_cpu3_freq,1800,MHz
optimized,3:19,sample_cpu4_freq,2300,MHz
optimized,3:19,sample_cpu5_freq,2300,MHz
optimized,3:19,sample_cpu6_freq,2300,MHz
optimized,3:19,sample_cpu7_freq,2300,MHz
optimized,3:20,sample_elapsed,2930,ms
optimized,3:20,sample_power,5.745,W
optimized,3:20,sample_process_cpu,456.209,% one core
optimized,3:20,sample_free_ram,0.883,GiB
optimized,3:20,sample_battery_temp,38.000,C
optimized,3:20,sample_thermal_status,1,Android PowerManager status
optimized,3:20,sample_cpu0_freq,1800,MHz
optimized,3:20,sample_cpu1_freq,1800,MHz
optimized,3:20,sample_cpu2_freq,1800,MHz
optimized,3:20,sample_cpu3_freq,1800,MHz
optimized,3:20,sample_cpu4_freq,2300,MHz
optimized,3:20,sample_cpu5_freq,2300,MHz
optimized,3:20,sample_cpu6_freq,2300,MHz
optimized,3:20,sample_cpu7_freq,2300,MHz
optimized,3:21,sample_elapsed,3083,ms
optimized,3:21,sample_power,4.895,W
optimized,3:21,sample_process_cpu,432.680,% one core
optimized,3:21,sample_free_ram,0.876,GiB
optimized,3:21,sample_battery_temp,38.000,C
optimized,3:21,sample_thermal_status,1,Android PowerManager status
optimized,3:21,sample_cpu0_freq,1800,MHz
optimized,3:21,sample_cpu1_freq,1800,MHz
optimized,3:21,sample_cpu2_freq,1800,MHz
optimized,3:21,sample_cpu3_freq,1800,MHz
optimized,3:21,sample_cpu4_freq,2300,MHz
optimized,3:21,sample_cpu5_freq,2300,MHz
optimized,3:21,sample_cpu6_freq,2300,MHz
optimized,3:21,sample_cpu7_freq,2300,MHz
optimized,3:22,sample_elapsed,3237,ms
optimized,3:22,sample_power,4.895,W
optimized,3:22,sample_process_cpu,445.455,% one core
optimized,3:22,sample_free_ram,0.864,GiB
optimized,3:22,sample_battery_temp,38.000,C
optimized,3:22,sample_thermal_status,1,Android PowerManager status
optimized,3:22,sample_cpu0_freq,1800,MHz
optimized,3:22,sample_cpu1_freq,1800,MHz
optimized,3:22,sample_cpu2_freq,1800,MHz
optimized,3:22,sample_cpu3_freq,1800,MHz
optimized,3:22,sample_cpu4_freq,2300,MHz
optimized,3:22,sample_cpu5_freq,2300,MHz
optimized,3:22,sample_cpu6_freq,2300,MHz
optimized,3:22,sample_cpu7_freq,2300,MHz
optimized,3:23,sample_elapsed,3390,ms
optimized,3:23,sample_power,4.895,W
optimized,3:23,sample_process_cpu,445.098,% one core
optimized,3:23,sample_free_ram,0.858,GiB
optimized,3:23,sample_battery_temp,38.000,C
optimized,3:23,sample_thermal_status,1,Android PowerManager status
optimized,3:23,sample_cpu0_freq,1800,MHz
optimized,3:23,sample_cpu1_freq,1800,MHz
optimized,3:23,sample_cpu2_freq,1800,MHz
optimized,3:23,sample_cpu3_freq,1800,MHz
optimized,3:23,sample_cpu4_freq,2300,MHz
optimized,3:23,sample_cpu5_freq,2300,MHz
optimized,3:23,sample_cpu6_freq,2300,MHz
optimized,3:23,sample_cpu7_freq,2300,MHz
optimized,3:24,sample_elapsed,3544,ms
optimized,3:24,sample_power,4.895,W
optimized,3:24,sample_process_cpu,450.649,% one core
optimized,3:24,sample_free_ram,0.866,GiB
optimized,3:24,sample_battery_temp,38.000,C
optimized,3:24,sample_thermal_status,1,Android PowerManager status
optimized,3:24,sample_cpu0_freq,1800,MHz
optimized,3:24,sample_cpu1_freq,1800,MHz
optimized,3:24,sample_cpu2_freq,1800,MHz
optimized,3:24,sample_cpu3_freq,1800,MHz
optimized,3:24,sample_cpu4_freq,2300,MHz
optimized,3:24,sample_cpu5_freq,2300,MHz
optimized,3:24,sample_cpu6_freq,2300,MHz
optimized,3:24,sample_cpu7_freq,2300,MHz
optimized,3:25,sample_elapsed,3699,ms
optimized,3:25,sample_power,5.995,W
optimized,3:25,sample_process_cpu,454.839,% one core
optimized,3:25,sample_free_ram,0.860,GiB
optimized,3:25,sample_battery_temp,38.000,C
optimized,3:25,sample_thermal_status,1,Android PowerManager status
optimized,3:25,sample_cpu0_freq,1800,MHz
optimized,3:25,sample_cpu1_freq,1800,MHz
optimized,3:25,sample_cpu2_freq,1800,MHz
optimized,3:25,sample_cpu3_freq,1800,MHz
optimized,3:25,sample_cpu4_freq,2300,MHz
optimized,3:25,sample_cpu5_freq,2300,MHz
optimized,3:25,sample_cpu6_freq,2300,MHz
optimized,3:25,sample_cpu7_freq,2300,MHz
optimized,3:26,sample_elapsed,3853,ms
optimized,3:26,sample_power,5.995,W
optimized,3:26,sample_process_cpu,459.091,% one core
optimized,3:26,sample_free_ram,0.862,GiB
optimized,3:26,sample_battery_temp,38.000,C
optimized,3:26,sample_thermal_status,1,Android PowerManager status
optimized,3:26,sample_cpu0_freq,1800,MHz
optimized,3:26,sample_cpu1_freq,1800,MHz
optimized,3:26,sample_cpu2_freq,1800,MHz
optimized,3:26,sample_cpu3_freq,1800,MHz
optimized,3:26,sample_cpu4_freq,2300,MHz
optimized,3:26,sample_cpu5_freq,2300,MHz
optimized,3:26,sample_cpu6_freq,2300,MHz
optimized,3:26,sample_cpu7_freq,2300,MHz
optimized,3:27,sample_elapsed,4006,ms
optimized,3:27,sample_power,5.995,W
optimized,3:27,sample_process_cpu,443.791,% one core
optimized,3:27,sample_free_ram,0.859,GiB
optimized,3:27,sample_battery_temp,38.000,C
optimized,3:27,sample_thermal_status,1,Android PowerManager status
optimized,3:27,sample_cpu0_freq,1800,MHz
optimized,3:27,sample_cpu1_freq,1800,MHz
optimized,3:27,sample_cpu2_freq,1800,MHz
optimized,3:27,sample_cpu3_freq,1800,MHz
optimized,3:27,sample_cpu4_freq,2300,MHz
optimized,3:27,sample_cpu5_freq,2300,MHz
optimized,3:27,sample_cpu6_freq,2300,MHz
optimized,3:27,sample_cpu7_freq,2300,MHz
optimized,3:28,sample_elapsed,4158,ms
optimized,3:28,sample_power,5.995,W
optimized,3:28,sample_process_cpu,465.132,% one core
optimized,3:28,sample_free_ram,0.875,GiB
optimized,3:28,sample_battery_temp,38.000,C
optimized,3:28,sample_thermal_status,1,Android PowerManager status
optimized,3:28,sample_cpu0_freq,1800,MHz
optimized,3:28,sample_cpu1_freq,1800,MHz
optimized,3:28,sample_cpu2_freq,1800,MHz
optimized,3:28,sample_cpu3_freq,1800,MHz
optimized,3:28,sample_cpu4_freq,2300,MHz
optimized,3:28,sample_cpu5_freq,2300,MHz
optimized,3:28,sample_cpu6_freq,2300,MHz
optimized,3:28,sample_cpu7_freq,2300,MHz
optimized,3:29,sample_elapsed,4315,ms
optimized,3:29,sample_power,4.461,W
optimized,3:29,sample_process_cpu,435.669,% one core
optimized,3:29,sample_free_ram,0.867,GiB
optimized,3:29,sample_battery_temp,38.000,C
optimized,3:29,sample_thermal_status,1,Android PowerManager status
optimized,3:29,sample_cpu0_freq,1800,MHz
optimized,3:29,sample_cpu1_freq,1800,MHz
optimized,3:29,sample_cpu2_freq,1800,MHz
optimized,3:29,sample_cpu3_freq,1800,MHz
optimized,3:29,sample_cpu4_freq,2300,MHz
optimized,3:29,sample_cpu5_freq,2300,MHz
optimized,3:29,sample_cpu6_freq,2300,MHz
optimized,3:29,sample_cpu7_freq,2300,MHz
optimized,3:30,sample_elapsed,4470,ms
optimized,3:30,sample_power,4.461,W
optimized,3:30,sample_process_cpu,444.516,% one core
optimized,3:30,sample_free_ram,0.858,GiB
optimized,3:30,sample_battery_temp,38.000,C
optimized,3:30,sample_thermal_status,1,Android PowerManager status
optimized,3:30,sample_cpu0_freq,1800,MHz
optimized,3:30,sample_cpu1_freq,1800,MHz
optimized,3:30,sample_cpu2_freq,1800,MHz
optimized,3:30,sample_cpu3_freq,1800,MHz
optimized,3:30,sample_cpu4_freq,2300,MHz
optimized,3:30,sample_cpu5_freq,2300,MHz
optimized,3:30,sample_cpu6_freq,2300,MHz
optimized,3:30,sample_cpu7_freq,2300,MHz
optimized,3:31,sample_elapsed,4622,ms
optimized,3:31,sample_power,4.461,W
optimized,3:31,sample_process_cpu,441.447,% one core
optimized,3:31,sample_free_ram,0.869,GiB
optimized,3:31,sample_battery_temp,38.000,C
optimized,3:31,sample_thermal_status,1,Android PowerManager status
optimized,3:31,sample_cpu0_freq,1800,MHz
optimized,3:31,sample_cpu1_freq,1800,MHz
optimized,3:31,sample_cpu2_freq,1800,MHz
optimized,3:31,sample_cpu3_freq,1800,MHz
optimized,3:31,sample_cpu4_freq,2300,MHz
optimized,3:31,sample_cpu5_freq,2300,MHz
optimized,3:31,sample_cpu6_freq,2300,MHz
optimized,3:31,sample_cpu7_freq,2300,MHz
optimized,3:32,sample_elapsed,4775,ms
optimized,3:32,sample_power,4.461,W
optimized,3:32,sample_process_cpu,472.549,% one core
optimized,3:32,sample_free_ram,0.862,GiB
optimized,3:32,sample_battery_temp,38.000,C
optimized,3:32,sample_thermal_status,1,Android PowerManager status
optimized,3:32,sample_cpu0_freq,1800,MHz
optimized,3:32,sample_cpu1_freq,1800,MHz
optimized,3:32,sample_cpu2_freq,1800,MHz
optimized,3:32,sample_cpu3_freq,1800,MHz
optimized,3:32,sample_cpu4_freq,2300,MHz
optimized,3:32,sample_cpu5_freq,2300,MHz
optimized,3:32,sample_cpu6_freq,2300,MHz
optimized,3:32,sample_cpu7_freq,2300,MHz
optimized,3:33,sample_elapsed,4928,ms
optimized,3:33,sample_power,4.997,W
optimized,3:33,sample_process_cpu,428.758,% one core
optimized,3:33,sample_free_ram,0.863,GiB
optimized,3:33,sample_battery_temp,38.000,C
optimized,3:33,sample_thermal_status,1,Android PowerManager status
optimized,3:33,sample_cpu0_freq,1800,MHz
optimized,3:33,sample_cpu1_freq,1800,MHz
optimized,3:33,sample_cpu2_freq,1800,MHz
optimized,3:33,sample_cpu3_freq,1800,MHz
optimized,3:33,sample_cpu4_freq,2300,MHz
optimized,3:33,sample_cpu5_freq,2300,MHz
optimized,3:33,sample_cpu6_freq,2300,MHz
optimized,3:33,sample_cpu7_freq,2300,MHz
optimized,3:34,sample_elapsed,5080,ms
optimized,3:34,sample_power,4.997,W
optimized,3:34,sample_process_cpu,470.395,% one core
optimized,3:34,sample_free_ram,0.857,GiB
optimized,3:34,sample_battery_temp,38.000,C
optimized,3:34,sample_thermal_status,1,Android PowerManager status
optimized,3:34,sample_cpu0_freq,1800,MHz
optimized,3:34,sample_cpu1_freq,1800,MHz
optimized,3:34,sample_cpu2_freq,1800,MHz
optimized,3:34,sample_cpu3_freq,1800,MHz
optimized,3:34,sample_cpu4_freq,2300,MHz
optimized,3:34,sample_cpu5_freq,2300,MHz
optimized,3:34,sample_cpu6_freq,2300,MHz
optimized,3:34,sample_cpu7_freq,2300,MHz
optimized,3:35,sample_elapsed,5235,ms
optimized,3:35,sample_power,4.997,W
optimized,3:35,sample_process_cpu,450.323,% one core
optimized,3:35,sample_free_ram,0.843,GiB
optimized,3:35,sample_battery_temp,38.000,C
optimized,3:35,sample_thermal_status,1,Android PowerManager status
optimized,3:35,sample_cpu0_freq,1800,MHz
optimized,3:35,sample_cpu1_freq,1800,MHz
optimized,3:35,sample_cpu2_freq,1800,MHz
optimized,3:35,sample_cpu3_freq,1800,MHz
optimized,3:35,sample_cpu4_freq,2300,MHz
optimized,3:35,sample_cpu5_freq,2300,MHz
optimized,3:35,sample_cpu6_freq,2300,MHz
optimized,3:35,sample_cpu7_freq,2300,MHz
optimized,3:36,sample_elapsed,5387,ms
optimized,3:36,sample_power,4.997,W
optimized,3:36,sample_process_cpu,469.079,% one core
optimized,3:36,sample_free_ram,0.839,GiB
optimized,3:36,sample_battery_temp,38.000,C
optimized,3:36,sample_thermal_status,1,Android PowerManager status
optimized,3:36,sample_cpu0_freq,1800,MHz
optimized,3:36,sample_cpu1_freq,1800,MHz
optimized,3:36,sample_cpu2_freq,1800,MHz
optimized,3:36,sample_cpu3_freq,1800,MHz
optimized,3:36,sample_cpu4_freq,2300,MHz
optimized,3:36,sample_cpu5_freq,2300,MHz
optimized,3:36,sample_cpu6_freq,2300,MHz
optimized,3:36,sample_cpu7_freq,2300,MHz
optimized,3:37,sample_elapsed,5545,ms
optimized,3:37,sample_power,4.353,W
optimized,3:37,sample_process_cpu,446.835,% one core
optimized,3:37,sample_free_ram,0.847,GiB
optimized,3:37,sample_battery_temp,38.000,C
optimized,3:37,sample_thermal_status,1,Android PowerManager status
optimized,3:37,sample_cpu0_freq,1800,MHz
optimized,3:37,sample_cpu1_freq,1800,MHz
optimized,3:37,sample_cpu2_freq,1800,MHz
optimized,3:37,sample_cpu3_freq,1800,MHz
optimized,3:37,sample_cpu4_freq,2300,MHz
optimized,3:37,sample_cpu5_freq,2300,MHz
optimized,3:37,sample_cpu6_freq,2300,MHz
optimized,3:37,sample_cpu7_freq,2300,MHz
optimized,3:38,sample_elapsed,5711,ms
optimized,3:38,sample_power,4.353,W
optimized,3:38,sample_process_cpu,446.386,% one core
optimized,3:38,sample_free_ram,0.858,GiB
optimized,3:38,sample_battery_temp,38.000,C
optimized,3:38,sample_thermal_status,1,Android PowerManager status
optimized,3:38,sample_cpu0_freq,1800,MHz
optimized,3:38,sample_cpu1_freq,1800,MHz
optimized,3:38,sample_cpu2_freq,1800,MHz
optimized,3:38,sample_cpu3_freq,1800,MHz
optimized,3:38,sample_cpu4_freq,2300,MHz
optimized,3:38,sample_cpu5_freq,2300,MHz
optimized,3:38,sample_cpu6_freq,2300,MHz
optimized,3:38,sample_cpu7_freq,2300,MHz
optimized,3:39,sample_elapsed,5864,ms
optimized,3:39,sample_power,4.353,W
optimized,3:39,sample_process_cpu,410.458,% one core
optimized,3:39,sample_free_ram,0.848,GiB
optimized,3:39,sample_battery_temp,38.000,C
optimized,3:39,sample_thermal_status,1,Android PowerManager status
optimized,3:39,sample_cpu0_freq,1800,MHz
optimized,3:39,sample_cpu1_freq,1800,MHz
optimized,3:39,sample_cpu2_freq,1800,MHz
optimized,3:39,sample_cpu3_freq,1800,MHz
optimized,3:39,sample_cpu4_freq,2300,MHz
optimized,3:39,sample_cpu5_freq,2300,MHz
optimized,3:39,sample_cpu6_freq,2300,MHz
optimized,3:39,sample_cpu7_freq,2300,MHz
optimized,3:40,sample_elapsed,6016,ms
optimized,3:40,sample_power,4.353,W
optimized,3:40,sample_process_cpu,423.684,% one core
optimized,3:40,sample_free_ram,0.835,GiB
optimized,3:40,sample_battery_temp,38.000,C
optimized,3:40,sample_thermal_status,1,Android PowerManager status
optimized,3:40,sample_cpu0_freq,1800,MHz
optimized,3:40,sample_cpu1_freq,1800,MHz
optimized,3:40,sample_cpu2_freq,1800,MHz
optimized,3:40,sample_cpu3_freq,1800,MHz
optimized,3:40,sample_cpu4_freq,2300,MHz
optimized,3:40,sample_cpu5_freq,2300,MHz
optimized,3:40,sample_cpu6_freq,2300,MHz
optimized,3:40,sample_cpu7_freq,2300,MHz
optimized,3:41,sample_elapsed,6168,ms
optimized,3:41,sample_power,4.280,W
optimized,3:41,sample_process_cpu,444.737,% one core
optimized,3:41,sample_free_ram,0.852,GiB
optimized,3:41,sample_battery_temp,38.000,C
optimized,3:41,sample_thermal_status,1,Android PowerManager status
optimized,3:41,sample_cpu0_freq,1800,MHz
optimized,3:41,sample_cpu1_freq,1800,MHz
optimized,3:41,sample_cpu2_freq,1800,MHz
optimized,3:41,sample_cpu3_freq,1800,MHz
optimized,3:41,sample_cpu4_freq,2300,MHz
optimized,3:41,sample_cpu5_freq,2300,MHz
optimized,3:41,sample_cpu6_freq,2300,MHz
optimized,3:41,sample_cpu7_freq,2300,MHz
optimized,3:42,sample_elapsed,6328,ms
optimized,3:42,sample_power,4.280,W
optimized,3:42,sample_process_cpu,469.375,% one core
optimized,3:42,sample_free_ram,0.845,GiB
optimized,3:42,sample_battery_temp,38.000,C
optimized,3:42,sample_thermal_status,1,Android PowerManager status
optimized,3:42,sample_cpu0_freq,1800,MHz
optimized,3:42,sample_cpu1_freq,1800,MHz
optimized,3:42,sample_cpu2_freq,1800,MHz
optimized,3:42,sample_cpu3_freq,1800,MHz
optimized,3:42,sample_cpu4_freq,2300,MHz
optimized,3:42,sample_cpu5_freq,2300,MHz
optimized,3:42,sample_cpu6_freq,2300,MHz
optimized,3:42,sample_cpu7_freq,2300,MHz
optimized,3:43,sample_elapsed,6481,ms
optimized,3:43,sample_power,4.280,W
optimized,3:43,sample_process_cpu,469.281,% one core
optimized,3:43,sample_free_ram,0.840,GiB
optimized,3:43,sample_battery_temp,38.000,C
optimized,3:43,sample_thermal_status,1,Android PowerManager status
optimized,3:43,sample_cpu0_freq,1800,MHz
optimized,3:43,sample_cpu1_freq,1800,MHz
optimized,3:43,sample_cpu2_freq,1800,MHz
optimized,3:43,sample_cpu3_freq,1800,MHz
optimized,3:43,sample_cpu4_freq,2300,MHz
optimized,3:43,sample_cpu5_freq,2300,MHz
optimized,3:43,sample_cpu6_freq,2300,MHz
optimized,3:43,sample_cpu7_freq,2300,MHz
optimized,3:44,sample_elapsed,6636,ms
optimized,3:44,sample_power,4.280,W
optimized,3:44,sample_process_cpu,419.355,% one core
optimized,3:44,sample_free_ram,0.839,GiB
optimized,3:44,sample_battery_temp,38.000,C
optimized,3:44,sample_thermal_status,1,Android PowerManager status
optimized,3:44,sample_cpu0_freq,1800,MHz
optimized,3:44,sample_cpu1_freq,1800,MHz
optimized,3:44,sample_cpu2_freq,1800,MHz
optimized,3:44,sample_cpu3_freq,1800,MHz
optimized,3:44,sample_cpu4_freq,2300,MHz
optimized,3:44,sample_cpu5_freq,2300,MHz
optimized,3:44,sample_cpu6_freq,2300,MHz
optimized,3:44,sample_cpu7_freq,2300,MHz
optimized,3:45,sample_elapsed,6790,ms
optimized,3:45,sample_power,5.030,W
optimized,3:45,sample_process_cpu,452.597,% one core
optimized,3:45,sample_free_ram,0.850,GiB
optimized,3:45,sample_battery_temp,38.000,C
optimized,3:45,sample_thermal_status,1,Android PowerManager status
optimized,3:45,sample_cpu0_freq,1800,MHz
optimized,3:45,sample_cpu1_freq,1800,MHz
optimized,3:45,sample_cpu2_freq,1800,MHz
optimized,3:45,sample_cpu3_freq,1800,MHz
optimized,3:45,sample_cpu4_freq,2300,MHz
optimized,3:45,sample_cpu5_freq,2300,MHz
optimized,3:45,sample_cpu6_freq,2300,MHz
optimized,3:45,sample_cpu7_freq,2300,MHz
optimized,3:46,sample_elapsed,6944,ms
optimized,3:46,sample_power,5.030,W
optimized,3:46,sample_process_cpu,449.351,% one core
optimized,3:46,sample_free_ram,0.847,GiB
optimized,3:46,sample_battery_temp,38.000,C
optimized,3:46,sample_thermal_status,1,Android PowerManager status
optimized,3:46,sample_cpu0_freq,1800,MHz
optimized,3:46,sample_cpu1_freq,1800,MHz
optimized,3:46,sample_cpu2_freq,1800,MHz
optimized,3:46,sample_cpu3_freq,1800,MHz
optimized,3:46,sample_cpu4_freq,2300,MHz
optimized,3:46,sample_cpu5_freq,2300,MHz
optimized,3:46,sample_cpu6_freq,2300,MHz
optimized,3:46,sample_cpu7_freq,2300,MHz
optimized,3:47,sample_elapsed,7098,ms
optimized,3:47,sample_power,5.030,W
optimized,3:47,sample_process_cpu,475.325,% one core
optimized,3:47,sample_free_ram,0.839,GiB
optimized,3:47,sample_battery_temp,38.000,C
optimized,3:47,sample_thermal_status,1,Android PowerManager status
optimized,3:47,sample_cpu0_freq,1800,MHz
optimized,3:47,sample_cpu1_freq,1800,MHz
optimized,3:47,sample_cpu2_freq,1800,MHz
optimized,3:47,sample_cpu3_freq,1800,MHz
optimized,3:47,sample_cpu4_freq,2300,MHz
optimized,3:47,sample_cpu5_freq,2300,MHz
optimized,3:47,sample_cpu6_freq,2300,MHz
optimized,3:47,sample_cpu7_freq,2300,MHz
optimized,3:48,sample_elapsed,7251,ms
optimized,3:48,sample_power,5.030,W
optimized,3:48,sample_process_cpu,460.131,% one core
optimized,3:48,sample_free_ram,0.855,GiB
optimized,3:48,sample_battery_temp,38.000,C
optimized,3:48,sample_thermal_status,1,Android PowerManager status
optimized,3:48,sample_cpu0_freq,1800,MHz
optimized,3:48,sample_cpu1_freq,1800,MHz
optimized,3:48,sample_cpu2_freq,1800,MHz
optimized,3:48,sample_cpu3_freq,1800,MHz
optimized,3:48,sample_cpu4_freq,2300,MHz
optimized,3:48,sample_cpu5_freq,2300,MHz
optimized,3:48,sample_cpu6_freq,2300,MHz
optimized,3:48,sample_cpu7_freq,2300,MHz
optimized,3:49,sample_elapsed,7403,ms
optimized,3:49,sample_power,4.160,W
optimized,3:49,sample_process_cpu,482.237,% one core
optimized,3:49,sample_free_ram,0.848,GiB
optimized,3:49,sample_battery_temp,38.000,C
optimized,3:49,sample_thermal_status,1,Android PowerManager status
optimized,3:49,sample_cpu0_freq,1800,MHz
optimized,3:49,sample_cpu1_freq,1800,MHz
optimized,3:49,sample_cpu2_freq,1800,MHz
optimized,3:49,sample_cpu3_freq,1800,MHz
optimized,3:49,sample_cpu4_freq,2300,MHz
optimized,3:49,sample_cpu5_freq,2300,MHz
optimized,3:49,sample_cpu6_freq,2300,MHz
optimized,3:49,sample_cpu7_freq,2300,MHz
optimized,3:50,sample_elapsed,7556,ms
optimized,3:50,sample_power,4.160,W
optimized,3:50,sample_process_cpu,414.379,% one core
optimized,3:50,sample_free_ram,0.852,GiB
optimized,3:50,sample_battery_temp,38.000,C
optimized,3:50,sample_thermal_status,1,Android PowerManager status
optimized,3:50,sample_cpu0_freq,1800,MHz
optimized,3:50,sample_cpu1_freq,1800,MHz
optimized,3:50,sample_cpu2_freq,1800,MHz
optimized,3:50,sample_cpu3_freq,1800,MHz
optimized,3:50,sample_cpu4_freq,2300,MHz
optimized,3:50,sample_cpu5_freq,2300,MHz
optimized,3:50,sample_cpu6_freq,2300,MHz
optimized,3:50,sample_cpu7_freq,2300,MHz
optimized,3:51,sample_elapsed,7708,ms
optimized,3:51,sample_power,4.160,W
optimized,3:51,sample_process_cpu,455.921,% one core
optimized,3:51,sample_free_ram,0.846,GiB
optimized,3:51,sample_battery_temp,38.000,C
optimized,3:51,sample_thermal_status,1,Android PowerManager status
optimized,3:51,sample_cpu0_freq,1800,MHz
optimized,3:51,sample_cpu1_freq,1800,MHz
optimized,3:51,sample_cpu2_freq,1800,MHz
optimized,3:51,sample_cpu3_freq,1800,MHz
optimized,3:51,sample_cpu4_freq,2300,MHz
optimized,3:51,sample_cpu5_freq,2300,MHz
optimized,3:51,sample_cpu6_freq,2300,MHz
optimized,3:51,sample_cpu7_freq,2300,MHz
optimized,3:52,sample_elapsed,7861,ms
optimized,3:52,sample_power,4.160,W
optimized,3:52,sample_process_cpu,442.484,% one core
optimized,3:52,sample_free_ram,0.853,GiB
optimized,3:52,sample_battery_temp,38.000,C
optimized,3:52,sample_thermal_status,1,Android PowerManager status
optimized,3:52,sample_cpu0_freq,1800,MHz
optimized,3:52,sample_cpu1_freq,1800,MHz
optimized,3:52,sample_cpu2_freq,1800,MHz
optimized,3:52,sample_cpu3_freq,1800,MHz
optimized,3:52,sample_cpu4_freq,2300,MHz
optimized,3:52,sample_cpu5_freq,2300,MHz
optimized,3:52,sample_cpu6_freq,2300,MHz
optimized,3:52,sample_cpu7_freq,2300,MHz
optimized,3:53,sample_elapsed,8014,ms
optimized,3:53,sample_power,4.141,W
optimized,3:53,sample_process_cpu,473.856,% one core
optimized,3:53,sample_free_ram,0.849,GiB
optimized,3:53,sample_battery_temp,38.000,C
optimized,3:53,sample_thermal_status,1,Android PowerManager status
optimized,3:53,sample_cpu0_freq,1800,MHz
optimized,3:53,sample_cpu1_freq,1800,MHz
optimized,3:53,sample_cpu2_freq,1800,MHz
optimized,3:53,sample_cpu3_freq,1800,MHz
optimized,3:53,sample_cpu4_freq,2300,MHz
optimized,3:53,sample_cpu5_freq,2300,MHz
optimized,3:53,sample_cpu6_freq,2300,MHz
optimized,3:53,sample_cpu7_freq,2300,MHz
optimized,3:54,sample_elapsed,8167,ms
optimized,3:54,sample_power,4.141,W
optimized,3:54,sample_process_cpu,462.092,% one core
optimized,3:54,sample_free_ram,0.836,GiB
optimized,3:54,sample_battery_temp,38.000,C
optimized,3:54,sample_thermal_status,1,Android PowerManager status
optimized,3:54,sample_cpu0_freq,1800,MHz
optimized,3:54,sample_cpu1_freq,1800,MHz
optimized,3:54,sample_cpu2_freq,1800,MHz
optimized,3:54,sample_cpu3_freq,1800,MHz
optimized,3:54,sample_cpu4_freq,2300,MHz
optimized,3:54,sample_cpu5_freq,2300,MHz
optimized,3:54,sample_cpu6_freq,2300,MHz
optimized,3:54,sample_cpu7_freq,2300,MHz
optimized,3:55,sample_elapsed,8328,ms
optimized,3:55,sample_power,4.141,W
optimized,3:55,sample_process_cpu,437.888,% one core
optimized,3:55,sample_free_ram,0.846,GiB
optimized,3:55,sample_battery_temp,38.000,C
optimized,3:55,sample_thermal_status,1,Android PowerManager status
optimized,3:55,sample_cpu0_freq,1800,MHz
optimized,3:55,sample_cpu1_freq,1800,MHz
optimized,3:55,sample_cpu2_freq,1800,MHz
optimized,3:55,sample_cpu3_freq,1800,MHz
optimized,3:55,sample_cpu4_freq,2300,MHz
optimized,3:55,sample_cpu5_freq,2300,MHz
optimized,3:55,sample_cpu6_freq,2300,MHz
optimized,3:55,sample_cpu7_freq,2300,MHz
optimized,3:56,sample_elapsed,8486,ms
optimized,3:56,sample_power,4.141,W
optimized,3:56,sample_process_cpu,443.038,% one core
optimized,3:56,sample_free_ram,0.840,GiB
optimized,3:56,sample_battery_temp,38.000,C
optimized,3:56,sample_thermal_status,1,Android PowerManager status
optimized,3:56,sample_cpu0_freq,1800,MHz
optimized,3:56,sample_cpu1_freq,1800,MHz
optimized,3:56,sample_cpu2_freq,1800,MHz
optimized,3:56,sample_cpu3_freq,1800,MHz
optimized,3:56,sample_cpu4_freq,2300,MHz
optimized,3:56,sample_cpu5_freq,2300,MHz
optimized,3:56,sample_cpu6_freq,2300,MHz
optimized,3:56,sample_cpu7_freq,2300,MHz
optimized,3:57,sample_elapsed,8639,ms
optimized,3:57,sample_power,3.965,W
optimized,3:57,sample_process_cpu,431.373,% one core
optimized,3:57,sample_free_ram,0.819,GiB
optimized,3:57,sample_battery_temp,38.000,C
optimized,3:57,sample_thermal_status,1,Android PowerManager status
optimized,3:57,sample_cpu0_freq,1800,MHz
optimized,3:57,sample_cpu1_freq,1800,MHz
optimized,3:57,sample_cpu2_freq,1800,MHz
optimized,3:57,sample_cpu3_freq,1800,MHz
optimized,3:57,sample_cpu4_freq,2300,MHz
optimized,3:57,sample_cpu5_freq,2300,MHz
optimized,3:57,sample_cpu6_freq,2300,MHz
optimized,3:57,sample_cpu7_freq,2300,MHz
optimized,3:58,sample_elapsed,8796,ms
optimized,3:58,sample_power,3.965,W
optimized,3:58,sample_process_cpu,436.943,% one core
optimized,3:58,sample_free_ram,0.839,GiB
optimized,3:58,sample_battery_temp,38.000,C
optimized,3:58,sample_thermal_status,1,Android PowerManager status
optimized,3:58,sample_cpu0_freq,1800,MHz
optimized,3:58,sample_cpu1_freq,1800,MHz
optimized,3:58,sample_cpu2_freq,1800,MHz
optimized,3:58,sample_cpu3_freq,1800,MHz
optimized,3:58,sample_cpu4_freq,2300,MHz
optimized,3:58,sample_cpu5_freq,2300,MHz
optimized,3:58,sample_cpu6_freq,2300,MHz
optimized,3:58,sample_cpu7_freq,2300,MHz
optimized,3:59,sample_elapsed,8962,ms
optimized,3:59,sample_power,3.965,W
optimized,3:59,sample_process_cpu,459.639,% one core
optimized,3:59,sample_free_ram,0.837,GiB
optimized,3:59,sample_battery_temp,38.000,C
optimized,3:59,sample_thermal_status,1,Android PowerManager status
optimized,3:59,sample_cpu0_freq,1800,MHz
optimized,3:59,sample_cpu1_freq,1800,MHz
optimized,3:59,sample_cpu2_freq,1800,MHz
optimized,3:59,sample_cpu3_freq,1800,MHz
optimized,3:59,sample_cpu4_freq,2300,MHz
optimized,3:59,sample_cpu5_freq,2300,MHz
optimized,3:59,sample_cpu6_freq,2300,MHz
optimized,3:59,sample_cpu7_freq,2300,MHz
optimized,3:60,sample_elapsed,9116,ms
optimized,3:60,sample_power,3.965,W
optimized,3:60,sample_process_cpu,485.065,% one core
optimized,3:60,sample_free_ram,0.836,GiB
optimized,3:60,sample_battery_temp,38.000,C
optimized,3:60,sample_thermal_status,1,Android PowerManager status
optimized,3:60,sample_cpu0_freq,1800,MHz
optimized,3:60,sample_cpu1_freq,1800,MHz
optimized,3:60,sample_cpu2_freq,1800,MHz
optimized,3:60,sample_cpu3_freq,1800,MHz
optimized,3:60,sample_cpu4_freq,2300,MHz
optimized,3:60,sample_cpu5_freq,2300,MHz
optimized,3:60,sample_cpu6_freq,2300,MHz
optimized,3:60,sample_cpu7_freq,2300,MHz
optimized,3:61,sample_elapsed,9269,ms
optimized,3:61,sample_power,4.087,W
optimized,3:61,sample_process_cpu,481.046,% one core
optimized,3:61,sample_free_ram,0.831,GiB
optimized,3:61,sample_battery_temp,38.000,C
optimized,3:61,sample_thermal_status,1,Android PowerManager status
optimized,3:61,sample_cpu0_freq,1800,MHz
optimized,3:61,sample_cpu1_freq,1800,MHz
optimized,3:61,sample_cpu2_freq,1800,MHz
optimized,3:61,sample_cpu3_freq,1800,MHz
optimized,3:61,sample_cpu4_freq,2300,MHz
optimized,3:61,sample_cpu5_freq,2300,MHz
optimized,3:61,sample_cpu6_freq,2300,MHz
optimized,3:61,sample_cpu7_freq,2300,MHz
optimized,3:62,sample_elapsed,9425,ms
optimized,3:62,sample_power,4.087,W
optimized,3:62,sample_process_cpu,451.923,% one core
optimized,3:62,sample_free_ram,0.820,GiB
optimized,3:62,sample_battery_temp,38.000,C
optimized,3:62,sample_thermal_status,1,Android PowerManager status
optimized,3:62,sample_cpu0_freq,1800,MHz
optimized,3:62,sample_cpu1_freq,1800,MHz
optimized,3:62,sample_cpu2_freq,1800,MHz
optimized,3:62,sample_cpu3_freq,1800,MHz
optimized,3:62,sample_cpu4_freq,2300,MHz
optimized,3:62,sample_cpu5_freq,2300,MHz
optimized,3:62,sample_cpu6_freq,2300,MHz
optimized,3:62,sample_cpu7_freq,2300,MHz
optimized,3:63,sample_elapsed,9589,ms
optimized,3:63,sample_power,4.087,W
optimized,3:63,sample_process_cpu,442.683,% one core
optimized,3:63,sample_free_ram,0.813,GiB
optimized,3:63,sample_battery_temp,38.000,C
optimized,3:63,sample_thermal_status,1,Android PowerManager status
optimized,3:63,sample_cpu0_freq,1800,MHz
optimized,3:63,sample_cpu1_freq,1800,MHz
optimized,3:63,sample_cpu2_freq,1800,MHz
optimized,3:63,sample_cpu3_freq,1800,MHz
optimized,3:63,sample_cpu4_freq,2300,MHz
optimized,3:63,sample_cpu5_freq,2300,MHz
optimized,3:63,sample_cpu6_freq,2300,MHz
optimized,3:63,sample_cpu7_freq,2300,MHz
optimized,3:64,sample_elapsed,9743,ms
optimized,3:64,sample_power,4.087,W
optimized,3:64,sample_process_cpu,455.195,% one core
optimized,3:64,sample_free_ram,0.806,GiB
optimized,3:64,sample_battery_temp,38.000,C
optimized,3:64,sample_thermal_status,1,Android PowerManager status
optimized,3:64,sample_cpu0_freq,1800,MHz
optimized,3:64,sample_cpu1_freq,1800,MHz
optimized,3:64,sample_cpu2_freq,1800,MHz
optimized,3:64,sample_cpu3_freq,1800,MHz
optimized,3:64,sample_cpu4_freq,2300,MHz
optimized,3:64,sample_cpu5_freq,2300,MHz
optimized,3:64,sample_cpu6_freq,2300,MHz
optimized,3:64,sample_cpu7_freq,2300,MHz
optimized,3:65,sample_elapsed,9904,ms
optimized,3:65,sample_power,4.381,W
optimized,3:65,sample_process_cpu,445.963,% one core
optimized,3:65,sample_free_ram,0.791,GiB
optimized,3:65,sample_battery_temp,38.000,C
optimized,3:65,sample_thermal_status,1,Android PowerManager status
optimized,3:65,sample_cpu0_freq,1800,MHz
optimized,3:65,sample_cpu1_freq,1800,MHz
optimized,3:65,sample_cpu2_freq,1800,MHz
optimized,3:65,sample_cpu3_freq,1800,MHz
optimized,3:65,sample_cpu4_freq,2300,MHz
optimized,3:65,sample_cpu5_freq,2300,MHz
optimized,3:65,sample_cpu6_freq,2300,MHz
optimized,3:65,sample_cpu7_freq,2300,MHz
optimized,3:66,sample_elapsed,10058,ms
optimized,3:66,sample_power,4.381,W
optimized,3:66,sample_process_cpu,448.701,% one core
optimized,3:66,sample_free_ram,0.780,GiB
optimized,3:66,sample_battery_temp,38.000,C
optimized,3:66,sample_thermal_status,1,Android PowerManager status
optimized,3:66,sample_cpu0_freq,1800,MHz
optimized,3:66,sample_cpu1_freq,1800,MHz
optimized,3:66,sample_cpu2_freq,1800,MHz
optimized,3:66,sample_cpu3_freq,1800,MHz
optimized,3:66,sample_cpu4_freq,2300,MHz
optimized,3:66,sample_cpu5_freq,2300,MHz
optimized,3:66,sample_cpu6_freq,2300,MHz
optimized,3:66,sample_cpu7_freq,2300,MHz
optimized,3:67,sample_elapsed,10220,ms
optimized,3:67,sample_power,4.381,W
optimized,3:67,sample_process_cpu,400.000,% one core
optimized,3:67,sample_free_ram,0.889,GiB
optimized,3:67,sample_battery_temp,38.000,C
optimized,3:67,sample_thermal_status,1,Android PowerManager status
optimized,3:67,sample_cpu0_freq,1800,MHz
optimized,3:67,sample_cpu1_freq,1800,MHz
optimized,3:67,sample_cpu2_freq,1800,MHz
optimized,3:67,sample_cpu3_freq,1800,MHz
optimized,3:67,sample_cpu4_freq,2300,MHz
optimized,3:67,sample_cpu5_freq,2300,MHz
optimized,3:67,sample_cpu6_freq,2300,MHz
optimized,3:67,sample_cpu7_freq,2300,MHz
optimized,3:68,sample_elapsed,10372,ms
optimized,3:68,sample_power,4.381,W
optimized,3:68,sample_process_cpu,442.105,% one core
optimized,3:68,sample_free_ram,0.898,GiB
optimized,3:68,sample_battery_temp,38.000,C
optimized,3:68,sample_thermal_status,1,Android PowerManager status
optimized,3:68,sample_cpu0_freq,1800,MHz
optimized,3:68,sample_cpu1_freq,1800,MHz
optimized,3:68,sample_cpu2_freq,1800,MHz
optimized,3:68,sample_cpu3_freq,1800,MHz
optimized,3:68,sample_cpu4_freq,2300,MHz
optimized,3:68,sample_cpu5_freq,2300,MHz
optimized,3:68,sample_cpu6_freq,2300,MHz
optimized,3:68,sample_cpu7_freq,2300,MHz
optimized,3:69,sample_elapsed,10524,ms
optimized,3:69,sample_power,4.470,W
optimized,3:69,sample_process_cpu,467.105,% one core
optimized,3:69,sample_free_ram,0.886,GiB
optimized,3:69,sample_battery_temp,38.000,C
optimized,3:69,sample_thermal_status,1,Android PowerManager status
optimized,3:69,sample_cpu0_freq,1800,MHz
optimized,3:69,sample_cpu1_freq,1800,MHz
optimized,3:69,sample_cpu2_freq,1800,MHz
optimized,3:69,sample_cpu3_freq,1800,MHz
optimized,3:69,sample_cpu4_freq,2300,MHz
optimized,3:69,sample_cpu5_freq,2300,MHz
optimized,3:69,sample_cpu6_freq,2300,MHz
optimized,3:69,sample_cpu7_freq,2300,MHz
optimized,3:70,sample_elapsed,10678,ms
optimized,3:70,sample_power,4.470,W
optimized,3:70,sample_process_cpu,455.195,% one core
optimized,3:70,sample_free_ram,0.891,GiB
optimized,3:70,sample_battery_temp,38.000,C
optimized,3:70,sample_thermal_status,1,Android PowerManager status
optimized,3:70,sample_cpu0_freq,1800,MHz
optimized,3:70,sample_cpu1_freq,1800,MHz
optimized,3:70,sample_cpu2_freq,1800,MHz
optimized,3:70,sample_cpu3_freq,1800,MHz
optimized,3:70,sample_cpu4_freq,2300,MHz
optimized,3:70,sample_cpu5_freq,2300,MHz
optimized,3:70,sample_cpu6_freq,2300,MHz
optimized,3:70,sample_cpu7_freq,2300,MHz
optimized,3:71,sample_elapsed,10830,ms
optimized,3:71,sample_power,4.470,W
optimized,3:71,sample_process_cpu,454.605,% one core
optimized,3:71,sample_free_ram,0.876,GiB
optimized,3:71,sample_battery_temp,38.000,C
optimized,3:71,sample_thermal_status,1,Android PowerManager status
optimized,3:71,sample_cpu0_freq,1800,MHz
optimized,3:71,sample_cpu1_freq,1800,MHz
optimized,3:71,sample_cpu2_freq,1800,MHz
optimized,3:71,sample_cpu3_freq,1800,MHz
optimized,3:71,sample_cpu4_freq,2300,MHz
optimized,3:71,sample_cpu5_freq,2300,MHz
optimized,3:71,sample_cpu6_freq,2300,MHz
optimized,3:71,sample_cpu7_freq,2300,MHz
optimized,3:72,sample_elapsed,10982,ms
optimized,3:72,sample_power,4.470,W
optimized,3:72,sample_process_cpu,449.342,% one core
optimized,3:72,sample_free_ram,0.870,GiB
optimized,3:72,sample_battery_temp,38.000,C
optimized,3:72,sample_thermal_status,1,Android PowerManager status
optimized,3:72,sample_cpu0_freq,1800,MHz
optimized,3:72,sample_cpu1_freq,1800,MHz
optimized,3:72,sample_cpu2_freq,1800,MHz
optimized,3:72,sample_cpu3_freq,1800,MHz
optimized,3:72,sample_cpu4_freq,2300,MHz
optimized,3:72,sample_cpu5_freq,2300,MHz
optimized,3:72,sample_cpu6_freq,2300,MHz
optimized,3:72,sample_cpu7_freq,2300,MHz
optimized,3:73,sample_elapsed,11140,ms
optimized,3:73,sample_power,5.038,W
optimized,3:73,sample_process_cpu,420.886,% one core
optimized,3:73,sample_free_ram,0.889,GiB
optimized,3:73,sample_battery_temp,38.000,C
optimized,3:73,sample_thermal_status,1,Android PowerManager status
optimized,3:73,sample_cpu0_freq,1800,MHz
optimized,3:73,sample_cpu1_freq,1800,MHz
optimized,3:73,sample_cpu2_freq,1800,MHz
optimized,3:73,sample_cpu3_freq,1800,MHz
optimized,3:73,sample_cpu4_freq,2300,MHz
optimized,3:73,sample_cpu5_freq,2300,MHz
optimized,3:73,sample_cpu6_freq,2300,MHz
optimized,3:73,sample_cpu7_freq,2300,MHz
optimized,3:74,sample_elapsed,11293,ms
optimized,3:74,sample_power,5.038,W
optimized,3:74,sample_process_cpu,444.444,% one core
optimized,3:74,sample_free_ram,0.873,GiB
optimized,3:74,sample_battery_temp,38.000,C
optimized,3:74,sample_thermal_status,1,Android PowerManager status
optimized,3:74,sample_cpu0_freq,1800,MHz
optimized,3:74,sample_cpu1_freq,1800,MHz
optimized,3:74,sample_cpu2_freq,1800,MHz
optimized,3:74,sample_cpu3_freq,1800,MHz
optimized,3:74,sample_cpu4_freq,2300,MHz
optimized,3:74,sample_cpu5_freq,2300,MHz
optimized,3:74,sample_cpu6_freq,2300,MHz
optimized,3:74,sample_cpu7_freq,2300,MHz
optimized,3:75,sample_elapsed,11449,ms
optimized,3:75,sample_power,5.038,W
optimized,3:75,sample_process_cpu,453.846,% one core
optimized,3:75,sample_free_ram,0.878,GiB
optimized,3:75,sample_battery_temp,38.000,C
optimized,3:75,sample_thermal_status,1,Android PowerManager status
optimized,3:75,sample_cpu0_freq,1800,MHz
optimized,3:75,sample_cpu1_freq,1800,MHz
optimized,3:75,sample_cpu2_freq,1800,MHz
optimized,3:75,sample_cpu3_freq,1800,MHz
optimized,3:75,sample_cpu4_freq,2300,MHz
optimized,3:75,sample_cpu5_freq,2300,MHz
optimized,3:75,sample_cpu6_freq,2300,MHz
optimized,3:75,sample_cpu7_freq,2300,MHz
optimized,3:76,sample_elapsed,11605,ms
optimized,3:76,sample_power,5.038,W
optimized,3:76,sample_process_cpu,456.410,% one core
optimized,3:76,sample_free_ram,0.878,GiB
optimized,3:76,sample_battery_temp,38.000,C
optimized,3:76,sample_thermal_status,1,Android PowerManager status
optimized,3:76,sample_cpu0_freq,1800,MHz
optimized,3:76,sample_cpu1_freq,1800,MHz
optimized,3:76,sample_cpu2_freq,1800,MHz
optimized,3:76,sample_cpu3_freq,1800,MHz
optimized,3:76,sample_cpu4_freq,2300,MHz
optimized,3:76,sample_cpu5_freq,2300,MHz
optimized,3:76,sample_cpu6_freq,2300,MHz
optimized,3:76,sample_cpu7_freq,2300,MHz
optimized,3:77,sample_elapsed,11758,ms
optimized,3:77,sample_power,4.496,W
optimized,3:77,sample_process_cpu,482.353,% one core
optimized,3:77,sample_free_ram,0.874,GiB
optimized,3:77,sample_battery_temp,38.000,C
optimized,3:77,sample_thermal_status,1,Android PowerManager status
optimized,3:77,sample_cpu0_freq,1800,MHz
optimized,3:77,sample_cpu1_freq,1800,MHz
optimized,3:77,sample_cpu2_freq,1800,MHz
optimized,3:77,sample_cpu3_freq,1800,MHz
optimized,3:77,sample_cpu4_freq,2300,MHz
optimized,3:77,sample_cpu5_freq,2300,MHz
optimized,3:77,sample_cpu6_freq,2300,MHz
optimized,3:77,sample_cpu7_freq,2300,MHz
optimized,3:78,sample_elapsed,11916,ms
optimized,3:78,sample_power,4.496,W
optimized,3:78,sample_process_cpu,458.861,% one core
optimized,3:78,sample_free_ram,0.871,GiB
optimized,3:78,sample_battery_temp,38.000,C
optimized,3:78,sample_thermal_status,1,Android PowerManager status
optimized,3:78,sample_cpu0_freq,1800,MHz
optimized,3:78,sample_cpu1_freq,1800,MHz
optimized,3:78,sample_cpu2_freq,1800,MHz
optimized,3:78,sample_cpu3_freq,1800,MHz
optimized,3:78,sample_cpu4_freq,2300,MHz
optimized,3:78,sample_cpu5_freq,2300,MHz
optimized,3:78,sample_cpu6_freq,2300,MHz
optimized,3:78,sample_cpu7_freq,2300,MHz
optimized,3:79,sample_elapsed,12072,ms
optimized,3:79,sample_power,4.496,W
optimized,3:79,sample_process_cpu,446.795,% one core
optimized,3:79,sample_free_ram,0.886,GiB
optimized,3:79,sample_battery_temp,38.000,C
optimized,3:79,sample_thermal_status,1,Android PowerManager status
optimized,3:79,sample_cpu0_freq,1800,MHz
optimized,3:79,sample_cpu1_freq,1800,MHz
optimized,3:79,sample_cpu2_freq,1800,MHz
optimized,3:79,sample_cpu3_freq,1800,MHz
optimized,3:79,sample_cpu4_freq,2300,MHz
optimized,3:79,sample_cpu5_freq,2300,MHz
optimized,3:79,sample_cpu6_freq,2300,MHz
optimized,3:79,sample_cpu7_freq,2300,MHz
optimized,3:80,sample_elapsed,12226,ms
optimized,3:80,sample_power,4.496,W
optimized,3:80,sample_process_cpu,479.870,% one core
optimized,3:80,sample_free_ram,0.885,GiB
optimized,3:80,sample_battery_temp,38.000,C
optimized,3:80,sample_thermal_status,1,Android PowerManager status
optimized,3:80,sample_cpu0_freq,1800,MHz
optimized,3:80,sample_cpu1_freq,1800,MHz
optimized,3:80,sample_cpu2_freq,1800,MHz
optimized,3:80,sample_cpu3_freq,1800,MHz
optimized,3:80,sample_cpu4_freq,2300,MHz
optimized,3:80,sample_cpu5_freq,2300,MHz
optimized,3:80,sample_cpu6_freq,2300,MHz
optimized,3:80,sample_cpu7_freq,2300,MHz
optimized,3:81,sample_elapsed,12385,ms
optimized,3:81,sample_power,4.711,W
optimized,3:81,sample_process_cpu,470.440,% one core
optimized,3:81,sample_free_ram,0.880,GiB
optimized,3:81,sample_battery_temp,38.000,C
optimized,3:81,sample_thermal_status,1,Android PowerManager status
optimized,3:81,sample_cpu0_freq,1800,MHz
optimized,3:81,sample_cpu1_freq,1800,MHz
optimized,3:81,sample_cpu2_freq,1800,MHz
optimized,3:81,sample_cpu3_freq,1800,MHz
optimized,3:81,sample_cpu4_freq,2300,MHz
optimized,3:81,sample_cpu5_freq,2300,MHz
optimized,3:81,sample_cpu6_freq,2300,MHz
optimized,3:81,sample_cpu7_freq,2300,MHz
optimized,3:82,sample_elapsed,12541,ms
optimized,3:82,sample_power,4.711,W
optimized,3:82,sample_process_cpu,439.744,% one core
optimized,3:82,sample_free_ram,0.874,GiB
optimized,3:82,sample_battery_temp,38.000,C
optimized,3:82,sample_thermal_status,1,Android PowerManager status
optimized,3:82,sample_cpu0_freq,1800,MHz
optimized,3:82,sample_cpu1_freq,1800,MHz
optimized,3:82,sample_cpu2_freq,1800,MHz
optimized,3:82,sample_cpu3_freq,1800,MHz
optimized,3:82,sample_cpu4_freq,2300,MHz
optimized,3:82,sample_cpu5_freq,2300,MHz
optimized,3:82,sample_cpu6_freq,2300,MHz
optimized,3:82,sample_cpu7_freq,2300,MHz
optimized,3:83,sample_elapsed,12697,ms
optimized,3:83,sample_power,4.711,W
optimized,3:83,sample_process_cpu,469.872,% one core
optimized,3:83,sample_free_ram,0.892,GiB
optimized,3:83,sample_battery_temp,38.000,C
optimized,3:83,sample_thermal_status,1,Android PowerManager status
optimized,3:83,sample_cpu0_freq,1800,MHz
optimized,3:83,sample_cpu1_freq,1800,MHz
optimized,3:83,sample_cpu2_freq,1800,MHz
optimized,3:83,sample_cpu3_freq,1800,MHz
optimized,3:83,sample_cpu4_freq,2300,MHz
optimized,3:83,sample_cpu5_freq,2300,MHz
optimized,3:83,sample_cpu6_freq,2300,MHz
optimized,3:83,sample_cpu7_freq,2300,MHz
optimized,3:84,sample_elapsed,12856,ms
optimized,3:84,sample_power,4.711,W
optimized,3:84,sample_process_cpu,459.119,% one core
optimized,3:84,sample_free_ram,0.886,GiB
optimized,3:84,sample_battery_temp,38.000,C
optimized,3:84,sample_thermal_status,1,Android PowerManager status
optimized,3:84,sample_cpu0_freq,1800,MHz
optimized,3:84,sample_cpu1_freq,1800,MHz
optimized,3:84,sample_cpu2_freq,1800,MHz
optimized,3:84,sample_cpu3_freq,1800,MHz
optimized,3:84,sample_cpu4_freq,2300,MHz
optimized,3:84,sample_cpu5_freq,2300,MHz
optimized,3:84,sample_cpu6_freq,2300,MHz
optimized,3:84,sample_cpu7_freq,2300,MHz
optimized,3:85,sample_elapsed,13011,ms
optimized,3:85,sample_power,4.451,W
optimized,3:85,sample_process_cpu,484.516,% one core
optimized,3:85,sample_free_ram,0.882,GiB
optimized,3:85,sample_battery_temp,38.000,C
optimized,3:85,sample_thermal_status,1,Android PowerManager status
optimized,3:85,sample_cpu0_freq,1800,MHz
optimized,3:85,sample_cpu1_freq,1800,MHz
optimized,3:85,sample_cpu2_freq,1800,MHz
optimized,3:85,sample_cpu3_freq,1800,MHz
optimized,3:85,sample_cpu4_freq,2300,MHz
optimized,3:85,sample_cpu5_freq,2300,MHz
optimized,3:85,sample_cpu6_freq,2300,MHz
optimized,3:85,sample_cpu7_freq,2300,MHz
optimized,3:86,sample_elapsed,13165,ms
optimized,3:86,sample_power,4.451,W
optimized,3:86,sample_process_cpu,432.468,% one core
optimized,3:86,sample_free_ram,0.900,GiB
optimized,3:86,sample_battery_temp,38.000,C
optimized,3:86,sample_thermal_status,1,Android PowerManager status
optimized,3:86,sample_cpu0_freq,1800,MHz
optimized,3:86,sample_cpu1_freq,1800,MHz
optimized,3:86,sample_cpu2_freq,1800,MHz
optimized,3:86,sample_cpu3_freq,1800,MHz
optimized,3:86,sample_cpu4_freq,2300,MHz
optimized,3:86,sample_cpu5_freq,2300,MHz
optimized,3:86,sample_cpu6_freq,2300,MHz
optimized,3:86,sample_cpu7_freq,2300,MHz
optimized,3:87,sample_elapsed,13317,ms
optimized,3:87,sample_power,4.451,W
optimized,3:87,sample_process_cpu,480.263,% one core
optimized,3:87,sample_free_ram,0.894,GiB
optimized,3:87,sample_battery_temp,38.000,C
optimized,3:87,sample_thermal_status,1,Android PowerManager status
optimized,3:87,sample_cpu0_freq,1800,MHz
optimized,3:87,sample_cpu1_freq,1800,MHz
optimized,3:87,sample_cpu2_freq,1800,MHz
optimized,3:87,sample_cpu3_freq,1800,MHz
optimized,3:87,sample_cpu4_freq,2300,MHz
optimized,3:87,sample_cpu5_freq,2300,MHz
optimized,3:87,sample_cpu6_freq,2300,MHz
optimized,3:87,sample_cpu7_freq,2300,MHz
optimized,3:88,sample_elapsed,13470,ms
optimized,3:88,sample_power,4.451,W
optimized,3:88,sample_process_cpu,489.542,% one core
optimized,3:88,sample_free_ram,0.886,GiB
optimized,3:88,sample_battery_temp,38.000,C
optimized,3:88,sample_thermal_status,1,Android PowerManager status
optimized,3:88,sample_cpu0_freq,1800,MHz
optimized,3:88,sample_cpu1_freq,1800,MHz
optimized,3:88,sample_cpu2_freq,1800,MHz
optimized,3:88,sample_cpu3_freq,1800,MHz
optimized,3:88,sample_cpu4_freq,2300,MHz
optimized,3:88,sample_cpu5_freq,2300,MHz
optimized,3:88,sample_cpu6_freq,2300,MHz
optimized,3:88,sample_cpu7_freq,2300,MHz
optimized,3:89,sample_elapsed,13626,ms
optimized,3:89,sample_power,4.041,W
optimized,3:89,sample_process_cpu,485.256,% one core
optimized,3:89,sample_free_ram,0.882,GiB
optimized,3:89,sample_battery_temp,38.000,C
optimized,3:89,sample_thermal_status,1,Android PowerManager status
optimized,3:89,sample_cpu0_freq,1800,MHz
optimized,3:89,sample_cpu1_freq,700,MHz
optimized,3:89,sample_cpu2_freq,1800,MHz
optimized,3:89,sample_cpu3_freq,1800,MHz
optimized,3:89,sample_cpu4_freq,2300,MHz
optimized,3:89,sample_cpu5_freq,2300,MHz
optimized,3:89,sample_cpu6_freq,2300,MHz
optimized,3:89,sample_cpu7_freq,2300,MHz
optimized,3:90,sample_elapsed,13783,ms
optimized,3:90,sample_power,4.041,W
optimized,3:90,sample_process_cpu,502.548,% one core
optimized,3:90,sample_free_ram,0.882,GiB
optimized,3:90,sample_battery_temp,38.000,C
optimized,3:90,sample_thermal_status,1,Android PowerManager status
optimized,3:90,sample_cpu0_freq,1800,MHz
optimized,3:90,sample_cpu1_freq,1800,MHz
optimized,3:90,sample_cpu2_freq,1800,MHz
optimized,3:90,sample_cpu3_freq,1800,MHz
optimized,3:90,sample_cpu4_freq,2300,MHz
optimized,3:90,sample_cpu5_freq,2300,MHz
optimized,3:90,sample_cpu6_freq,2300,MHz
optimized,3:90,sample_cpu7_freq,2300,MHz
optimized,3:91,sample_elapsed,13941,ms
optimized,3:91,sample_power,4.041,W
optimized,3:91,sample_process_cpu,505.696,% one core
optimized,3:91,sample_free_ram,0.881,GiB
optimized,3:91,sample_battery_temp,38.000,C
optimized,3:91,sample_thermal_status,1,Android PowerManager status
optimized,3:91,sample_cpu0_freq,1800,MHz
optimized,3:91,sample_cpu1_freq,1800,MHz
optimized,3:91,sample_cpu2_freq,1800,MHz
optimized,3:91,sample_cpu3_freq,1800,MHz
optimized,3:91,sample_cpu4_freq,2300,MHz
optimized,3:91,sample_cpu5_freq,2300,MHz
optimized,3:91,sample_cpu6_freq,2300,MHz
optimized,3:91,sample_cpu7_freq,2300,MHz
optimized,3:92,sample_elapsed,14104,ms
optimized,3:92,sample_power,4.041,W
optimized,3:92,sample_process_cpu,476.074,% one core
optimized,3:92,sample_free_ram,0.881,GiB
optimized,3:92,sample_battery_temp,38.000,C
optimized,3:92,sample_thermal_status,1,Android PowerManager status
optimized,3:92,sample_cpu0_freq,1800,MHz
optimized,3:92,sample_cpu1_freq,1800,MHz
optimized,3:92,sample_cpu2_freq,1800,MHz
optimized,3:92,sample_cpu3_freq,1800,MHz
optimized,3:92,sample_cpu4_freq,2300,MHz
optimized,3:92,sample_cpu5_freq,2300,MHz
optimized,3:92,sample_cpu6_freq,2300,MHz
optimized,3:92,sample_cpu7_freq,2300,MHz
optimized,3:93,sample_elapsed,14256,ms
optimized,3:93,sample_power,4.251,W
optimized,3:93,sample_process_cpu,517.105,% one core
optimized,3:93,sample_free_ram,0.880,GiB
optimized,3:93,sample_battery_temp,38.000,C
optimized,3:93,sample_thermal_status,1,Android PowerManager status
optimized,3:93,sample_cpu0_freq,1800,MHz
optimized,3:93,sample_cpu1_freq,1800,MHz
optimized,3:93,sample_cpu2_freq,1800,MHz
optimized,3:93,sample_cpu3_freq,1800,MHz
optimized,3:93,sample_cpu4_freq,2300,MHz
optimized,3:93,sample_cpu5_freq,2300,MHz
optimized,3:93,sample_cpu6_freq,2300,MHz
optimized,3:93,sample_cpu7_freq,2300,MHz
optimized,3:94,sample_elapsed,14421,ms
optimized,3:94,sample_power,4.251,W
optimized,3:94,sample_process_cpu,478.788,% one core
optimized,3:94,sample_free_ram,0.880,GiB
optimized,3:94,sample_battery_temp,38.000,C
optimized,3:94,sample_thermal_status,1,Android PowerManager status
optimized,3:94,sample_cpu0_freq,1800,MHz
optimized,3:94,sample_cpu1_freq,1800,MHz
optimized,3:94,sample_cpu2_freq,1800,MHz
optimized,3:94,sample_cpu3_freq,1800,MHz
optimized,3:94,sample_cpu4_freq,2300,MHz
optimized,3:94,sample_cpu5_freq,2300,MHz
optimized,3:94,sample_cpu6_freq,2300,MHz
optimized,3:94,sample_cpu7_freq,2300,MHz
optimized,3:95,sample_elapsed,14582,ms
optimized,3:95,sample_power,4.251,W
optimized,3:95,sample_process_cpu,501.863,% one core
optimized,3:95,sample_free_ram,0.880,GiB
optimized,3:95,sample_battery_temp,38.000,C
optimized,3:95,sample_thermal_status,1,Android PowerManager status
optimized,3:95,sample_cpu0_freq,1800,MHz
optimized,3:95,sample_cpu1_freq,1800,MHz
optimized,3:95,sample_cpu2_freq,1800,MHz
optimized,3:95,sample_cpu3_freq,1800,MHz
optimized,3:95,sample_cpu4_freq,2300,MHz
optimized,3:95,sample_cpu5_freq,2300,MHz
optimized,3:95,sample_cpu6_freq,2300,MHz
optimized,3:95,sample_cpu7_freq,2300,MHz
optimized,3:96,sample_elapsed,14738,ms
optimized,3:96,sample_power,4.251,W
optimized,3:96,sample_process_cpu,486.538,% one core
optimized,3:96,sample_free_ram,0.880,GiB
optimized,3:96,sample_battery_temp,38.000,C
optimized,3:96,sample_thermal_status,1,Android PowerManager status
optimized,3:96,sample_cpu0_freq,1800,MHz
optimized,3:96,sample_cpu1_freq,1800,MHz
optimized,3:96,sample_cpu2_freq,1800,MHz
optimized,3:96,sample_cpu3_freq,1800,MHz
optimized,3:96,sample_cpu4_freq,2300,MHz
optimized,3:96,sample_cpu5_freq,2300,MHz
optimized,3:96,sample_cpu6_freq,2300,MHz
optimized,3:96,sample_cpu7_freq,2300,MHz
optimized,3:97,sample_elapsed,14898,ms
optimized,3:97,sample_power,4.128,W
optimized,3:97,sample_process_cpu,523.125,% one core
optimized,3:97,sample_free_ram,0.880,GiB
optimized,3:97,sample_battery_temp,38.000,C
optimized,3:97,sample_thermal_status,1,Android PowerManager status
optimized,3:97,sample_cpu0_freq,1800,MHz
optimized,3:97,sample_cpu1_freq,1800,MHz
optimized,3:97,sample_cpu2_freq,1800,MHz
optimized,3:97,sample_cpu3_freq,1800,MHz
optimized,3:97,sample_cpu4_freq,2300,MHz
optimized,3:97,sample_cpu5_freq,2300,MHz
optimized,3:97,sample_cpu6_freq,2300,MHz
optimized,3:97,sample_cpu7_freq,2300,MHz
optimized,3:98,sample_elapsed,15064,ms
optimized,3:98,sample_power,4.128,W
optimized,3:98,sample_process_cpu,474.699,% one core
optimized,3:98,sample_free_ram,0.880,GiB
optimized,3:98,sample_battery_temp,38.000,C
optimized,3:98,sample_thermal_status,1,Android PowerManager status
optimized,3:98,sample_cpu0_freq,1800,MHz
optimized,3:98,sample_cpu1_freq,1800,MHz
optimized,3:98,sample_cpu2_freq,1800,MHz
optimized,3:98,sample_cpu3_freq,1800,MHz
optimized,3:98,sample_cpu4_freq,2300,MHz
optimized,3:98,sample_cpu5_freq,2300,MHz
optimized,3:98,sample_cpu6_freq,2300,MHz
optimized,3:98,sample_cpu7_freq,2300,MHz
optimized,3:99,sample_elapsed,15221,ms
optimized,3:99,sample_power,4.358,W
optimized,3:99,sample_process_cpu,489.172,% one core
optimized,3:99,sample_free_ram,0.880,GiB
optimized,3:99,sample_battery_temp,38.000,C
optimized,3:99,sample_thermal_status,1,Android PowerManager status
optimized,3:99,sample_cpu0_freq,1800,MHz
optimized,3:99,sample_cpu1_freq,1800,MHz
optimized,3:99,sample_cpu2_freq,1800,MHz
optimized,3:99,sample_cpu3_freq,1800,MHz
optimized,3:99,sample_cpu4_freq,2300,MHz
optimized,3:99,sample_cpu5_freq,2300,MHz
optimized,3:99,sample_cpu6_freq,2300,MHz
optimized,3:99,sample_cpu7_freq,2300,MHz
optimized,median,pp,125.000,tok/s
optimized,stddev,pp,5.907,tok/s
optimized,median,tg,16.000,tok/s
optimized,stddev,tg,2.070,tok/s
optimized,median,power,3.989,W
optimized,stddev,power,0.196,W
optimized,median,tok_per_w,4.014,tok/W
optimized,stddev,tok_per_w,0.652,tok/W
optimized,median,ttft_pp512_derived,4158.500,ms
optimized,stddev,ttft_pp512_derived,223.609,ms
optimized,median,start_temp,38.000,C
optimized,stddev,start_temp,0.000,C
optimized,median,average_process_cpu,483.237,% one core
optimized,stddev,average_process_cpu,14.962,% one core
optimized,median,minimum_free_ram,0.850,GiB
optimized,stddev,minimum_free_ram,0.036,GiB
optimized,median,peak_battery_temp,38.000,C
optimized,stddev,peak_battery_temp,0.000,C
optimized,median,mean_perf_core_clock,2300.000,MHz
optimized,stddev,mean_perf_core_clock,0.000,MHz
optimized,median,mean_little_core_clock,1746.429,MHz
optimized,stddev,mean_little_core_clock,24.340,MHz
