config,run_index,metric,value,unit
meta,,app,ENTITY,
meta,,app_version,2.2.0,
meta,,app_version_code,6,
meta,,exported_at_epoch_ms,1784134101317,ms
meta,,model,Llama-3.2-1B-Instruct-Q4_0,
meta,,device,Nothing A015,
meta,,device_manufacturer,Nothing,
meta,,device_model,A015,
meta,,device_fingerprint,Nothing/TetrisIND/Tetris:16/BP2A.250605.031.A3/2606151652:user/release-keys,
meta,,android,16,
meta,,android_sdk,36,
meta,,supported_abis,arm64-v8a,
meta,,charging,false,
meta,,benchmark_start_temp,36.000,C
meta,,benchmark_start_thermal_status,1,Android PowerManager status
meta,,pp,512,tokens
meta,,tg,128,tokens
meta,,runs_per_config,3,
meta,,warmup,PP 64 / TG 16 / discarded,
meta,,configuration_order,naive_then_threads_only_then_optimized,
meta,,threads_naive,8,
meta,,threads_threads_only,4,
meta,,threads_optimized,4,
meta,,affinity_naive,mask_all_cores_effectively_unpinned,
meta,,affinity_threads_only,none_scheduler_placed,
meta,,affinity_optimized,pinned_fast_cores,
meta,,cooldown_minimum,15,s
meta,,cooldown_maximum,90,s
meta,,cooldown_target_margin,0.500,C above benchmark-start temperature
meta,,perf_cores,4 5 6 7,cpu index
meta,,little_cores,0 1 2 3,cpu index
meta,,cpu_max_clocks,2000 2000 2000 2000 2500 2500 2500 2500,MHz per cpu index
naive,1,pp,101.000,tok/s
naive,1,tg,8.600,tok/s
naive,1,power,4.330,W
naive,1,tok_per_w,1.986,tok/W
naive,1,ttft_pp512_derived,5185.586,ms
naive,1,start_temp,36.000,C
naive,1,average_process_cpu,465.867,% one core
naive,1,minimum_free_ram,1.183,GiB
naive,1,peak_battery_temp,36.000,C
naive,1,peak_thermal_status,1,Android PowerManager status
naive,1:1,sample_elapsed,2,ms
naive,1:1,sample_power,0.983,W
naive,1:1,sample_process_cpu,400.000,% one core
naive,1:1,sample_free_ram,1.268,GiB
naive,1:1,sample_battery_temp,36.000,C
naive,1:1,sample_thermal_status,1,Android PowerManager status
naive,1:1,sample_cpu0_freq,1200,MHz
naive,1:1,sample_cpu1_freq,1200,MHz
naive,1:1,sample_cpu2_freq,1700,MHz
naive,1:1,sample_cpu3_freq,1700,MHz
naive,1:1,sample_cpu4_freq,400,MHz
naive,1:1,sample_cpu5_freq,400,MHz
naive,1:1,sample_cpu6_freq,400,MHz
naive,1:1,sample_cpu7_freq,400,MHz
naive,1:2,sample_elapsed,164,ms
naive,1:2,sample_power,0.983,W
naive,1:2,sample_process_cpu,379.630,% one core
naive,1:2,sample_free_ram,1.245,GiB
naive,1:2,sample_battery_temp,36.000,C
naive,1:2,sample_thermal_status,1,Android PowerManager status
naive,1:2,sample_cpu0_freq,600,MHz
naive,1:2,sample_cpu1_freq,600,MHz
naive,1:2,sample_cpu2_freq,600,MHz
naive,1:2,sample_cpu3_freq,600,MHz
naive,1:2,sample_cpu4_freq,2500,MHz
naive,1:2,sample_cpu5_freq,2500,MHz
naive,1:2,sample_cpu6_freq,2500,MHz
naive,1:2,sample_cpu7_freq,2500,MHz
naive,1:3,sample_elapsed,316,ms
naive,1:3,sample_power,0.983,W
naive,1:3,sample_process_cpu,457.237,% one core
naive,1:3,sample_free_ram,1.201,GiB
naive,1:3,sample_battery_temp,36.000,C
naive,1:3,sample_thermal_status,1,Android PowerManager status
naive,1:3,sample_cpu0_freq,2000,MHz
naive,1:3,sample_cpu1_freq,2000,MHz
naive,1:3,sample_cpu2_freq,2000,MHz
naive,1:3,sample_cpu3_freq,2000,MHz
naive,1:3,sample_cpu4_freq,2500,MHz
naive,1:3,sample_cpu5_freq,2500,MHz
naive,1:3,sample_cpu6_freq,2500,MHz
naive,1:3,sample_cpu7_freq,2500,MHz
naive,1:4,sample_elapsed,470,ms
naive,1:4,sample_power,0.983,W
naive,1:4,sample_process_cpu,461.688,% one core
naive,1:4,sample_free_ram,1.199,GiB
naive,1:4,sample_battery_temp,36.000,C
naive,1:4,sample_thermal_status,1,Android PowerManager status
naive,1:4,sample_cpu0_freq,2000,MHz
naive,1:4,sample_cpu1_freq,2000,MHz
naive,1:4,sample_cpu2_freq,2000,MHz
naive,1:4,sample_cpu3_freq,2000,MHz
naive,1:4,sample_cpu4_freq,2500,MHz
naive,1:4,sample_cpu5_freq,2500,MHz
naive,1:4,sample_cpu6_freq,2500,MHz
naive,1:4,sample_cpu7_freq,2500,MHz
naive,1:5,sample_elapsed,623,ms
naive,1:5,sample_power,4.091,W
naive,1:5,sample_process_cpu,460.131,% one core
naive,1:5,sample_free_ram,1.199,GiB
naive,1:5,sample_battery_temp,36.000,C
naive,1:5,sample_thermal_status,1,Android PowerManager status
naive,1:5,sample_cpu0_freq,1100,MHz
naive,1:5,sample_cpu1_freq,1100,MHz
naive,1:5,sample_cpu2_freq,1700,MHz
naive,1:5,sample_cpu3_freq,1700,MHz
naive,1:5,sample_cpu4_freq,2500,MHz
naive,1:5,sample_cpu5_freq,2500,MHz
naive,1:5,sample_cpu6_freq,2500,MHz
naive,1:5,sample_cpu7_freq,2500,MHz
naive,1:6,sample_elapsed,777,ms
naive,1:6,sample_power,4.091,W
naive,1:6,sample_process_cpu,455.844,% one core
naive,1:6,sample_free_ram,1.199,GiB
naive,1:6,sample_battery_temp,36.000,C
naive,1:6,sample_thermal_status,1,Android PowerManager status
naive,1:6,sample_cpu0_freq,900,MHz
naive,1:6,sample_cpu1_freq,450,MHz
naive,1:6,sample_cpu2_freq,450,MHz
naive,1:6,sample_cpu3_freq,500,MHz
naive,1:6,sample_cpu4_freq,2500,MHz
naive,1:6,sample_cpu5_freq,2500,MHz
naive,1:6,sample_cpu6_freq,2500,MHz
naive,1:6,sample_cpu7_freq,2500,MHz
naive,1:7,sample_elapsed,933,ms
naive,1:7,sample_power,4.091,W
naive,1:7,sample_process_cpu,457.051,% one core
naive,1:7,sample_free_ram,1.198,GiB
naive,1:7,sample_battery_temp,36.000,C
naive,1:7,sample_thermal_status,1,Android PowerManager status
naive,1:7,sample_cpu0_freq,1700,MHz
naive,1:7,sample_cpu1_freq,1700,MHz
naive,1:7,sample_cpu2_freq,1300,MHz
naive,1:7,sample_cpu3_freq,1400,MHz
naive,1:7,sample_cpu4_freq,2500,MHz
naive,1:7,sample_cpu5_freq,2500,MHz
naive,1:7,sample_cpu6_freq,2500,MHz
naive,1:7,sample_cpu7_freq,2500,MHz
naive,1:8,sample_elapsed,1085,ms
naive,1:8,sample_power,4.091,W
naive,1:8,sample_process_cpu,462.500,% one core
naive,1:8,sample_free_ram,1.198,GiB
naive,1:8,sample_battery_temp,36.000,C
naive,1:8,sample_thermal_status,1,Android PowerManager status
naive,1:8,sample_cpu0_freq,1600,MHz
naive,1:8,sample_cpu1_freq,1600,MHz
naive,1:8,sample_cpu2_freq,1600,MHz
naive,1:8,sample_cpu3_freq,1600,MHz
naive,1:8,sample_cpu4_freq,2500,MHz
naive,1:8,sample_cpu5_freq,2500,MHz
naive,1:8,sample_cpu6_freq,2500,MHz
naive,1:8,sample_cpu7_freq,2500,MHz
naive,1:9,sample_elapsed,1239,ms
naive,1:9,sample_power,4.095,W
naive,1:9,sample_process_cpu,463.636,% one core
naive,1:9,sample_free_ram,1.198,GiB
naive,1:9,sample_battery_temp,36.000,C
naive,1:9,sample_thermal_status,1,Android PowerManager status
naive,1:9,sample_cpu0_freq,1500,MHz
naive,1:9,sample_cpu1_freq,1500,MHz
naive,1:9,sample_cpu2_freq,1500,MHz
naive,1:9,sample_cpu3_freq,1500,MHz
naive,1:9,sample_cpu4_freq,2500,MHz
naive,1:9,sample_cpu5_freq,2500,MHz
naive,1:9,sample_cpu6_freq,2500,MHz
naive,1:9,sample_cpu7_freq,2500,MHz
naive,1:10,sample_elapsed,1396,ms
naive,1:10,sample_power,4.095,W
naive,1:10,sample_process_cpu,453.503,% one core
naive,1:10,sample_free_ram,1.198,GiB
naive,1:10,sample_battery_temp,36.000,C
naive,1:10,sample_thermal_status,1,Android PowerManager status
naive,1:10,sample_cpu0_freq,2000,MHz
naive,1:10,sample_cpu1_freq,2000,MHz
naive,1:10,sample_cpu2_freq,2000,MHz
naive,1:10,sample_cpu3_freq,2000,MHz
naive,1:10,sample_cpu4_freq,2500,MHz
naive,1:10,sample_cpu5_freq,2500,MHz
naive,1:10,sample_cpu6_freq,2500,MHz
naive,1:10,sample_cpu7_freq,2500,MHz
naive,1:11,sample_elapsed,1550,ms
naive,1:11,sample_power,4.095,W
naive,1:11,sample_process_cpu,468.182,% one core
naive,1:11,sample_free_ram,1.198,GiB
naive,1:11,sample_battery_temp,36.000,C
naive,1:11,sample_thermal_status,1,Android PowerManager status
naive,1:11,sample_cpu0_freq,800,MHz
naive,1:11,sample_cpu1_freq,450,MHz
naive,1:11,sample_cpu2_freq,450,MHz
naive,1:11,sample_cpu3_freq,450,MHz
naive,1:11,sample_cpu4_freq,2500,MHz
naive,1:11,sample_cpu5_freq,2500,MHz
naive,1:11,sample_cpu6_freq,2500,MHz
naive,1:11,sample_cpu7_freq,2500,MHz
naive,1:12,sample_elapsed,1703,ms
naive,1:12,sample_power,4.095,W
naive,1:12,sample_process_cpu,466.667,% one core
naive,1:12,sample_free_ram,1.198,GiB
naive,1:12,sample_battery_temp,36.000,C
naive,1:12,sample_thermal_status,1,Android PowerManager status
naive,1:12,sample_cpu0_freq,1000,MHz
naive,1:12,sample_cpu1_freq,1000,MHz
naive,1:12,sample_cpu2_freq,1000,MHz
naive,1:12,sample_cpu3_freq,1000,MHz
naive,1:12,sample_cpu4_freq,2500,MHz
naive,1:12,sample_cpu5_freq,2500,MHz
naive,1:12,sample_cpu6_freq,2500,MHz
naive,1:12,sample_cpu7_freq,2500,MHz
naive,1:13,sample_elapsed,1861,ms
naive,1:13,sample_power,4.213,W
naive,1:13,sample_process_cpu,455.063,% one core
naive,1:13,sample_free_ram,1.197,GiB
naive,1:13,sample_battery_temp,36.000,C
naive,1:13,sample_thermal_status,1,Android PowerManager status
naive,1:13,sample_cpu0_freq,1400,MHz
naive,1:13,sample_cpu1_freq,1400,MHz
naive,1:13,sample_cpu2_freq,1400,MHz
naive,1:13,sample_cpu3_freq,1400,MHz
naive,1:13,sample_cpu4_freq,2500,MHz
naive,1:13,sample_cpu5_freq,2500,MHz
naive,1:13,sample_cpu6_freq,2500,MHz
naive,1:13,sample_cpu7_freq,2500,MHz
naive,1:14,sample_elapsed,2015,ms
naive,1:14,sample_power,4.213,W
naive,1:14,sample_process_cpu,479.870,% one core
naive,1:14,sample_free_ram,1.197,GiB
naive,1:14,sample_battery_temp,36.000,C
naive,1:14,sample_thermal_status,1,Android PowerManager status
naive,1:14,sample_cpu0_freq,600,MHz
naive,1:14,sample_cpu1_freq,1200,MHz
naive,1:14,sample_cpu2_freq,1200,MHz
naive,1:14,sample_cpu3_freq,1200,MHz
naive,1:14,sample_cpu4_freq,2500,MHz
naive,1:14,sample_cpu5_freq,2500,MHz
naive,1:14,sample_cpu6_freq,2500,MHz
naive,1:14,sample_cpu7_freq,2500,MHz
naive,1:15,sample_elapsed,2171,ms
naive,1:15,sample_power,4.213,W
naive,1:15,sample_process_cpu,455.769,% one core
naive,1:15,sample_free_ram,1.197,GiB
naive,1:15,sample_battery_temp,36.000,C
naive,1:15,sample_thermal_status,1,Android PowerManager status
naive,1:15,sample_cpu0_freq,800,MHz
naive,1:15,sample_cpu1_freq,800,MHz
naive,1:15,sample_cpu2_freq,800,MHz
naive,1:15,sample_cpu3_freq,800,MHz
naive,1:15,sample_cpu4_freq,2500,MHz
naive,1:15,sample_cpu5_freq,2500,MHz
naive,1:15,sample_cpu6_freq,2500,MHz
naive,1:15,sample_cpu7_freq,2500,MHz
naive,1:16,sample_elapsed,2324,ms
naive,1:16,sample_power,4.213,W
naive,1:16,sample_process_cpu,473.203,% one core
naive,1:16,sample_free_ram,1.197,GiB
naive,1:16,sample_battery_temp,36.000,C
naive,1:16,sample_thermal_status,1,Android PowerManager status
naive,1:16,sample_cpu0_freq,1300,MHz
naive,1:16,sample_cpu1_freq,1300,MHz
naive,1:16,sample_cpu2_freq,1300,MHz
naive,1:16,sample_cpu3_freq,1300,MHz
naive,1:16,sample_cpu4_freq,2500,MHz
naive,1:16,sample_cpu5_freq,2500,MHz
naive,1:16,sample_cpu6_freq,2500,MHz
naive,1:16,sample_cpu7_freq,2500,MHz
naive,1:17,sample_elapsed,2481,ms
naive,1:17,sample_power,4.116,W
naive,1:17,sample_process_cpu,461.783,% one core
naive,1:17,sample_free_ram,1.202,GiB
naive,1:17,sample_battery_temp,36.000,C
naive,1:17,sample_thermal_status,1,Android PowerManager status
naive,1:17,sample_cpu0_freq,1200,MHz
naive,1:17,sample_cpu1_freq,1200,MHz
naive,1:17,sample_cpu2_freq,1200,MHz
naive,1:17,sample_cpu3_freq,1200,MHz
naive,1:17,sample_cpu4_freq,2500,MHz
naive,1:17,sample_cpu5_freq,2500,MHz
naive,1:17,sample_cpu6_freq,2500,MHz
naive,1:17,sample_cpu7_freq,2500,MHz
naive,1:18,sample_elapsed,2636,ms
naive,1:18,sample_power,4.116,W
naive,1:18,sample_process_cpu,450.323,% one core
naive,1:18,sample_free_ram,1.202,GiB
naive,1:18,sample_battery_temp,36.000,C
naive,1:18,sample_thermal_status,1,Android PowerManager status
naive,1:18,sample_cpu0_freq,1300,MHz
naive,1:18,sample_cpu1_freq,1500,MHz
naive,1:18,sample_cpu2_freq,1500,MHz
naive,1:18,sample_cpu3_freq,1500,MHz
naive,1:18,sample_cpu4_freq,2500,MHz
naive,1:18,sample_cpu5_freq,2500,MHz
naive,1:18,sample_cpu6_freq,2500,MHz
naive,1:18,sample_cpu7_freq,2500,MHz
naive,1:19,sample_elapsed,2789,ms
naive,1:19,sample_power,4.116,W
naive,1:19,sample_process_cpu,462.092,% one core
naive,1:19,sample_free_ram,1.201,GiB
naive,1:19,sample_battery_temp,36.000,C
naive,1:19,sample_thermal_status,1,Android PowerManager status
naive,1:19,sample_cpu0_freq,1700,MHz
naive,1:19,sample_cpu1_freq,1700,MHz
naive,1:19,sample_cpu2_freq,1700,MHz
naive,1:19,sample_cpu3_freq,1000,MHz
naive,1:19,sample_cpu4_freq,2500,MHz
naive,1:19,sample_cpu5_freq,2500,MHz
naive,1:19,sample_cpu6_freq,2500,MHz
naive,1:19,sample_cpu7_freq,2500,MHz
naive,1:20,sample_elapsed,2942,ms
naive,1:20,sample_power,4.116,W
naive,1:20,sample_process_cpu,457.516,% one core
naive,1:20,sample_free_ram,1.201,GiB
naive,1:20,sample_battery_temp,36.000,C
naive,1:20,sample_thermal_status,1,Android PowerManager status
naive,1:20,sample_cpu0_freq,450,MHz
naive,1:20,sample_cpu1_freq,450,MHz
naive,1:20,sample_cpu2_freq,1100,MHz
naive,1:20,sample_cpu3_freq,1100,MHz
naive,1:20,sample_cpu4_freq,2500,MHz
naive,1:20,sample_cpu5_freq,2500,MHz
naive,1:20,sample_cpu6_freq,2500,MHz
naive,1:20,sample_cpu7_freq,2500,MHz
naive,1:21,sample_elapsed,3099,ms
naive,1:21,sample_power,4.082,W
naive,1:21,sample_process_cpu,459.873,% one core
naive,1:21,sample_free_ram,1.201,GiB
naive,1:21,sample_battery_temp,36.000,C
naive,1:21,sample_thermal_status,1,Android PowerManager status
naive,1:21,sample_cpu0_freq,1600,MHz
naive,1:21,sample_cpu1_freq,1600,MHz
naive,1:21,sample_cpu2_freq,1600,MHz
naive,1:21,sample_cpu3_freq,1600,MHz
naive,1:21,sample_cpu4_freq,2500,MHz
naive,1:21,sample_cpu5_freq,2500,MHz
naive,1:21,sample_cpu6_freq,2500,MHz
naive,1:21,sample_cpu7_freq,2500,MHz
naive,1:22,sample_elapsed,3254,ms
naive,1:22,sample_power,4.082,W
naive,1:22,sample_process_cpu,462.581,% one core
naive,1:22,sample_free_ram,1.201,GiB
naive,1:22,sample_battery_temp,36.000,C
naive,1:22,sample_thermal_status,1,Android PowerManager status
naive,1:22,sample_cpu0_freq,1500,MHz
naive,1:22,sample_cpu1_freq,1800,MHz
naive,1:22,sample_cpu2_freq,1800,MHz
naive,1:22,sample_cpu3_freq,2000,MHz
naive,1:22,sample_cpu4_freq,2500,MHz
naive,1:22,sample_cpu5_freq,2500,MHz
naive,1:22,sample_cpu6_freq,2500,MHz
naive,1:22,sample_cpu7_freq,2500,MHz
naive,1:23,sample_elapsed,3407,ms
naive,1:23,sample_power,4.082,W
naive,1:23,sample_process_cpu,474.510,% one core
naive,1:23,sample_free_ram,1.201,GiB
naive,1:23,sample_battery_temp,36.000,C
naive,1:23,sample_thermal_status,1,Android PowerManager status
naive,1:23,sample_cpu0_freq,800,MHz
naive,1:23,sample_cpu1_freq,800,MHz
naive,1:23,sample_cpu2_freq,800,MHz
naive,1:23,sample_cpu3_freq,800,MHz
naive,1:23,sample_cpu4_freq,2500,MHz
naive,1:23,sample_cpu5_freq,2500,MHz
naive,1:23,sample_cpu6_freq,2500,MHz
naive,1:23,sample_cpu7_freq,2500,MHz
naive,1:24,sample_elapsed,3561,ms
naive,1:24,sample_power,4.091,W
naive,1:24,sample_process_cpu,461.688,% one core
naive,1:24,sample_free_ram,1.201,GiB
naive,1:24,sample_battery_temp,36.000,C
naive,1:24,sample_thermal_status,1,Android PowerManager status
naive,1:24,sample_cpu0_freq,1300,MHz
naive,1:24,sample_cpu1_freq,1300,MHz
naive,1:24,sample_cpu2_freq,1300,MHz
naive,1:24,sample_cpu3_freq,1300,MHz
naive,1:24,sample_cpu4_freq,2500,MHz
naive,1:24,sample_cpu5_freq,2500,MHz
naive,1:24,sample_cpu6_freq,2500,MHz
naive,1:24,sample_cpu7_freq,2500,MHz
naive,1:25,sample_elapsed,3714,ms
naive,1:25,sample_power,4.091,W
naive,1:25,sample_process_cpu,466.013,% one core
naive,1:25,sample_free_ram,1.201,GiB
naive,1:25,sample_battery_temp,36.000,C
naive,1:25,sample_thermal_status,1,Android PowerManager status
naive,1:25,sample_cpu0_freq,1500,MHz
naive,1:25,sample_cpu1_freq,1500,MHz
naive,1:25,sample_cpu2_freq,1500,MHz
naive,1:25,sample_cpu3_freq,1500,MHz
naive,1:25,sample_cpu4_freq,2500,MHz
naive,1:25,sample_cpu5_freq,2500,MHz
naive,1:25,sample_cpu6_freq,2500,MHz
naive,1:25,sample_cpu7_freq,2500,MHz
naive,1:26,sample_elapsed,3867,ms
naive,1:26,sample_power,4.091,W
naive,1:26,sample_process_cpu,465.359,% one core
naive,1:26,sample_free_ram,1.200,GiB
naive,1:26,sample_battery_temp,36.000,C
naive,1:26,sample_thermal_status,1,Android PowerManager status
naive,1:26,sample_cpu0_freq,1400,MHz
naive,1:26,sample_cpu1_freq,1300,MHz
naive,1:26,sample_cpu2_freq,800,MHz
naive,1:26,sample_cpu3_freq,800,MHz
naive,1:26,sample_cpu4_freq,2500,MHz
naive,1:26,sample_cpu5_freq,2500,MHz
naive,1:26,sample_cpu6_freq,2500,MHz
naive,1:26,sample_cpu7_freq,2500,MHz
naive,1:27,sample_elapsed,4020,ms
naive,1:27,sample_power,4.057,W
naive,1:27,sample_process_cpu,463.399,% one core
naive,1:27,sample_free_ram,1.200,GiB
naive,1:27,sample_battery_temp,36.000,C
naive,1:27,sample_thermal_status,1,Android PowerManager status
naive,1:27,sample_cpu0_freq,1400,MHz
naive,1:27,sample_cpu1_freq,1400,MHz
naive,1:27,sample_cpu2_freq,1400,MHz
naive,1:27,sample_cpu3_freq,1400,MHz
naive,1:27,sample_cpu4_freq,2500,MHz
naive,1:27,sample_cpu5_freq,2500,MHz
naive,1:27,sample_cpu6_freq,2500,MHz
naive,1:27,sample_cpu7_freq,2500,MHz
naive,1:28,sample_elapsed,4178,ms
naive,1:28,sample_power,4.057,W
naive,1:28,sample_process_cpu,456.962,% one core
naive,1:28,sample_free_ram,1.200,GiB
naive,1:28,sample_battery_temp,36.000,C
naive,1:28,sample_thermal_status,1,Android PowerManager status
naive,1:28,sample_cpu0_freq,900,MHz
naive,1:28,sample_cpu1_freq,900,MHz
naive,1:28,sample_cpu2_freq,900,MHz
naive,1:28,sample_cpu3_freq,900,MHz
naive,1:28,sample_cpu4_freq,2500,MHz
naive,1:28,sample_cpu5_freq,2500,MHz
naive,1:28,sample_cpu6_freq,2500,MHz
naive,1:28,sample_cpu7_freq,2500,MHz
naive,1:29,sample_elapsed,4331,ms
naive,1:29,sample_power,4.057,W
naive,1:29,sample_process_cpu,473.203,% one core
naive,1:29,sample_free_ram,1.200,GiB
naive,1:29,sample_battery_temp,36.000,C
naive,1:29,sample_thermal_status,1,Android PowerManager status
naive,1:29,sample_cpu0_freq,2000,MHz
naive,1:29,sample_cpu1_freq,2000,MHz
naive,1:29,sample_cpu2_freq,2000,MHz
naive,1:29,sample_cpu3_freq,2000,MHz
naive,1:29,sample_cpu4_freq,2500,MHz
naive,1:29,sample_cpu5_freq,2500,MHz
naive,1:29,sample_cpu6_freq,2500,MHz
naive,1:29,sample_cpu7_freq,2500,MHz
naive,1:30,sample_elapsed,4487,ms
naive,1:30,sample_power,4.057,W
naive,1:30,sample_process_cpu,467.949,% one core
naive,1:30,sample_free_ram,1.199,GiB
naive,1:30,sample_battery_temp,36.000,C
naive,1:30,sample_thermal_status,1,Android PowerManager status
naive,1:30,sample_cpu0_freq,2000,MHz
naive,1:30,sample_cpu1_freq,2000,MHz
naive,1:30,sample_cpu2_freq,2000,MHz
naive,1:30,sample_cpu3_freq,2000,MHz
naive,1:30,sample_cpu4_freq,2500,MHz
naive,1:30,sample_cpu5_freq,2500,MHz
naive,1:30,sample_cpu6_freq,2500,MHz
naive,1:30,sample_cpu7_freq,2500,MHz
naive,1:31,sample_elapsed,4640,ms
naive,1:31,sample_power,4.438,W
naive,1:31,sample_process_cpu,466.013,% one core
naive,1:31,sample_free_ram,1.199,GiB
naive,1:31,sample_battery_temp,36.000,C
naive,1:31,sample_thermal_status,1,Android PowerManager status
naive,1:31,sample_cpu0_freq,2000,MHz
naive,1:31,sample_cpu1_freq,2000,MHz
naive,1:31,sample_cpu2_freq,2000,MHz
naive,1:31,sample_cpu3_freq,2000,MHz
naive,1:31,sample_cpu4_freq,2500,MHz
naive,1:31,sample_cpu5_freq,2500,MHz
naive,1:31,sample_cpu6_freq,2500,MHz
naive,1:31,sample_cpu7_freq,2500,MHz
naive,1:32,sample_elapsed,4795,ms
naive,1:32,sample_power,4.438,W
naive,1:32,sample_process_cpu,455.484,% one core
naive,1:32,sample_free_ram,1.199,GiB
naive,1:32,sample_battery_temp,36.000,C
naive,1:32,sample_thermal_status,1,Android PowerManager status
naive,1:32,sample_cpu0_freq,900,MHz
naive,1:32,sample_cpu1_freq,900,MHz
naive,1:32,sample_cpu2_freq,900,MHz
naive,1:32,sample_cpu3_freq,900,MHz
naive,1:32,sample_cpu4_freq,2500,MHz
naive,1:32,sample_cpu5_freq,2500,MHz
naive,1:32,sample_cpu6_freq,2500,MHz
naive,1:32,sample_cpu7_freq,2500,MHz
naive,1:33,sample_elapsed,4948,ms
naive,1:33,sample_power,4.438,W
naive,1:33,sample_process_cpu,458.824,% one core
naive,1:33,sample_free_ram,1.199,GiB
naive,1:33,sample_battery_temp,36.000,C
naive,1:33,sample_thermal_status,1,Android PowerManager status
naive,1:33,sample_cpu0_freq,600,MHz
naive,1:33,sample_cpu1_freq,600,MHz
naive,1:33,sample_cpu2_freq,450,MHz
naive,1:33,sample_cpu3_freq,450,MHz
naive,1:33,sample_cpu4_freq,2500,MHz
naive,1:33,sample_cpu5_freq,2500,MHz
naive,1:33,sample_cpu6_freq,2500,MHz
naive,1:33,sample_cpu7_freq,2500,MHz
naive,1:34,sample_elapsed,5101,ms
naive,1:34,sample_power,4.438,W
naive,1:34,sample_process_cpu,460.131,% one core
naive,1:34,sample_free_ram,1.199,GiB
naive,1:34,sample_battery_temp,36.000,C
naive,1:34,sample_thermal_status,1,Android PowerManager status
naive,1:34,sample_cpu0_freq,2000,MHz
naive,1:34,sample_cpu1_freq,2000,MHz
naive,1:34,sample_cpu2_freq,2000,MHz
naive,1:34,sample_cpu3_freq,2000,MHz
naive,1:34,sample_cpu4_freq,2500,MHz
naive,1:34,sample_cpu5_freq,2500,MHz
naive,1:34,sample_cpu6_freq,2500,MHz
naive,1:34,sample_cpu7_freq,2500,MHz
naive,1:35,sample_elapsed,5253,ms
naive,1:35,sample_power,4.220,W
naive,1:35,sample_process_cpu,475.658,% one core
naive,1:35,sample_free_ram,1.199,GiB
naive,1:35,sample_battery_temp,36.000,C
naive,1:35,sample_thermal_status,1,Android PowerManager status
naive,1:35,sample_cpu0_freq,1900,MHz
naive,1:35,sample_cpu1_freq,1000,MHz
naive,1:35,sample_cpu2_freq,1000,MHz
naive,1:35,sample_cpu3_freq,1000,MHz
naive,1:35,sample_cpu4_freq,2500,MHz
naive,1:35,sample_cpu5_freq,2500,MHz
naive,1:35,sample_cpu6_freq,2500,MHz
naive,1:35,sample_cpu7_freq,2500,MHz
naive,1:36,sample_elapsed,5410,ms
naive,1:36,sample_power,4.220,W
naive,1:36,sample_process_cpu,453.503,% one core
naive,1:36,sample_free_ram,1.198,GiB
naive,1:36,sample_battery_temp,36.000,C
naive,1:36,sample_thermal_status,1,Android PowerManager status
naive,1:36,sample_cpu0_freq,1900,MHz
naive,1:36,sample_cpu1_freq,1900,MHz
naive,1:36,sample_cpu2_freq,1900,MHz
naive,1:36,sample_cpu3_freq,1900,MHz
naive,1:36,sample_cpu4_freq,2500,MHz
naive,1:36,sample_cpu5_freq,2500,MHz
naive,1:36,sample_cpu6_freq,2500,MHz
naive,1:36,sample_cpu7_freq,2500,MHz
naive,1:37,sample_elapsed,5563,ms
naive,1:37,sample_power,4.220,W
naive,1:37,sample_process_cpu,479.739,% one core
naive,1:37,sample_free_ram,1.198,GiB
naive,1:37,sample_battery_temp,36.000,C
naive,1:37,sample_thermal_status,1,Android PowerManager status
naive,1:37,sample_cpu0_freq,1000,MHz
naive,1:37,sample_cpu1_freq,700,MHz
naive,1:37,sample_cpu2_freq,700,MHz
naive,1:37,sample_cpu3_freq,700,MHz
naive,1:37,sample_cpu4_freq,2500,MHz
naive,1:37,sample_cpu5_freq,2500,MHz
naive,1:37,sample_cpu6_freq,2500,MHz
naive,1:37,sample_cpu7_freq,2500,MHz
naive,1:38,sample_elapsed,5719,ms
naive,1:38,sample_power,4.220,W
naive,1:38,sample_process_cpu,493.590,% one core
naive,1:38,sample_free_ram,1.197,GiB
naive,1:38,sample_battery_temp,36.000,C
naive,1:38,sample_thermal_status,1,Android PowerManager status
naive,1:38,sample_cpu0_freq,1100,MHz
naive,1:38,sample_cpu1_freq,1000,MHz
naive,1:38,sample_cpu2_freq,1000,MHz
naive,1:38,sample_cpu3_freq,1100,MHz
naive,1:38,sample_cpu4_freq,2500,MHz
naive,1:38,sample_cpu5_freq,2500,MHz
naive,1:38,sample_cpu6_freq,2500,MHz
naive,1:38,sample_cpu7_freq,2500,MHz
naive,1:39,sample_elapsed,5874,ms
naive,1:39,sample_power,4.351,W
naive,1:39,sample_process_cpu,474.194,% one core
naive,1:39,sample_free_ram,1.197,GiB
naive,1:39,sample_battery_temp,36.000,C
naive,1:39,sample_thermal_status,1,Android PowerManager status
naive,1:39,sample_cpu0_freq,1500,MHz
naive,1:39,sample_cpu1_freq,1300,MHz
naive,1:39,sample_cpu2_freq,1500,MHz
naive,1:39,sample_cpu3_freq,1500,MHz
naive,1:39,sample_cpu4_freq,2500,MHz
naive,1:39,sample_cpu5_freq,2500,MHz
naive,1:39,sample_cpu6_freq,2500,MHz
naive,1:39,sample_cpu7_freq,2500,MHz
naive,1:40,sample_elapsed,6033,ms
naive,1:40,sample_power,4.351,W
naive,1:40,sample_process_cpu,460.377,% one core
naive,1:40,sample_free_ram,1.197,GiB
naive,1:40,sample_battery_temp,36.000,C
naive,1:40,sample_thermal_status,1,Android PowerManager status
naive,1:40,sample_cpu0_freq,700,MHz
naive,1:40,sample_cpu1_freq,700,MHz
naive,1:40,sample_cpu2_freq,700,MHz
naive,1:40,sample_cpu3_freq,700,MHz
naive,1:40,sample_cpu4_freq,2500,MHz
naive,1:40,sample_cpu5_freq,2500,MHz
naive,1:40,sample_cpu6_freq,2500,MHz
naive,1:40,sample_cpu7_freq,2500,MHz
naive,1:41,sample_elapsed,6186,ms
naive,1:41,sample_power,4.351,W
naive,1:41,sample_process_cpu,458.824,% one core
naive,1:41,sample_free_ram,1.197,GiB
naive,1:41,sample_battery_temp,36.000,C
naive,1:41,sample_thermal_status,1,Android PowerManager status
naive,1:41,sample_cpu0_freq,1700,MHz
naive,1:41,sample_cpu1_freq,1700,MHz
naive,1:41,sample_cpu2_freq,1700,MHz
naive,1:41,sample_cpu3_freq,1700,MHz
naive,1:41,sample_cpu4_freq,2500,MHz
naive,1:41,sample_cpu5_freq,2500,MHz
naive,1:41,sample_cpu6_freq,2500,MHz
naive,1:41,sample_cpu7_freq,2500,MHz
naive,1:42,sample_elapsed,6340,ms
naive,1:42,sample_power,4.351,W
naive,1:42,sample_process_cpu,457.792,% one core
naive,1:42,sample_free_ram,1.197,GiB
naive,1:42,sample_battery_temp,36.000,C
naive,1:42,sample_thermal_status,1,Android PowerManager status
naive,1:42,sample_cpu0_freq,2000,MHz
naive,1:42,sample_cpu1_freq,2000,MHz
naive,1:42,sample_cpu2_freq,2000,MHz
naive,1:42,sample_cpu3_freq,2000,MHz
naive,1:42,sample_cpu4_freq,2500,MHz
naive,1:42,sample_cpu5_freq,2500,MHz
naive,1:42,sample_cpu6_freq,2500,MHz
naive,1:42,sample_cpu7_freq,2500,MHz
naive,1:43,sample_elapsed,6493,ms
naive,1:43,sample_power,4.394,W
naive,1:43,sample_process_cpu,483.007,% one core
naive,1:43,sample_free_ram,1.196,GiB
naive,1:43,sample_battery_temp,36.000,C
naive,1:43,sample_thermal_status,1,Android PowerManager status
naive,1:43,sample_cpu0_freq,2000,MHz
naive,1:43,sample_cpu1_freq,2000,MHz
naive,1:43,sample_cpu2_freq,2000,MHz
naive,1:43,sample_cpu3_freq,2000,MHz
naive,1:43,sample_cpu4_freq,2500,MHz
naive,1:43,sample_cpu5_freq,2500,MHz
naive,1:43,sample_cpu6_freq,2500,MHz
naive,1:43,sample_cpu7_freq,2500,MHz
naive,1:44,sample_elapsed,6650,ms
naive,1:44,sample_power,4.394,W
naive,1:44,sample_process_cpu,459.236,% one core
naive,1:44,sample_free_ram,1.196,GiB
naive,1:44,sample_battery_temp,36.000,C
naive,1:44,sample_thermal_status,1,Android PowerManager status
naive,1:44,sample_cpu0_freq,700,MHz
naive,1:44,sample_cpu1_freq,700,MHz
naive,1:44,sample_cpu2_freq,700,MHz
naive,1:44,sample_cpu3_freq,700,MHz
naive,1:44,sample_cpu4_freq,2500,MHz
naive,1:44,sample_cpu5_freq,2500,MHz
naive,1:44,sample_cpu6_freq,2500,MHz
naive,1:44,sample_cpu7_freq,2500,MHz
naive,1:45,sample_elapsed,6806,ms
naive,1:45,sample_power,4.394,W
naive,1:45,sample_process_cpu,487.179,% one core
naive,1:45,sample_free_ram,1.196,GiB
naive,1:45,sample_battery_temp,36.000,C
naive,1:45,sample_thermal_status,1,Android PowerManager status
naive,1:45,sample_cpu0_freq,1000,MHz
naive,1:45,sample_cpu1_freq,1000,MHz
naive,1:45,sample_cpu2_freq,450,MHz
naive,1:45,sample_cpu3_freq,450,MHz
naive,1:45,sample_cpu4_freq,2500,MHz
naive,1:45,sample_cpu5_freq,2500,MHz
naive,1:45,sample_cpu6_freq,2500,MHz
naive,1:45,sample_cpu7_freq,2500,MHz
naive,1:46,sample_elapsed,6966,ms
naive,1:46,sample_power,4.394,W
naive,1:46,sample_process_cpu,470.000,% one core
naive,1:46,sample_free_ram,1.196,GiB
naive,1:46,sample_battery_temp,36.000,C
naive,1:46,sample_thermal_status,1,Android PowerManager status
naive,1:46,sample_cpu0_freq,2000,MHz
naive,1:46,sample_cpu1_freq,700,MHz
naive,1:46,sample_cpu2_freq,700,MHz
naive,1:46,sample_cpu3_freq,700,MHz
naive,1:46,sample_cpu4_freq,2500,MHz
naive,1:46,sample_cpu5_freq,2500,MHz
naive,1:46,sample_cpu6_freq,2500,MHz
naive,1:46,sample_cpu7_freq,2500,MHz
naive,1:47,sample_elapsed,7123,ms
naive,1:47,sample_power,4.623,W
naive,1:47,sample_process_cpu,454.777,% one core
naive,1:47,sample_free_ram,1.195,GiB
naive,1:47,sample_battery_temp,36.000,C
naive,1:47,sample_thermal_status,1,Android PowerManager status
naive,1:47,sample_cpu0_freq,1400,MHz
naive,1:47,sample_cpu1_freq,1400,MHz
naive,1:47,sample_cpu2_freq,1400,MHz
naive,1:47,sample_cpu3_freq,1400,MHz
naive,1:47,sample_cpu4_freq,2500,MHz
naive,1:47,sample_cpu5_freq,2500,MHz
naive,1:47,sample_cpu6_freq,2500,MHz
naive,1:47,sample_cpu7_freq,2500,MHz
naive,1:48,sample_elapsed,7279,ms
naive,1:48,sample_power,4.623,W
naive,1:48,sample_process_cpu,458.974,% one core
naive,1:48,sample_free_ram,1.195,GiB
naive,1:48,sample_battery_temp,36.000,C
naive,1:48,sample_thermal_status,1,Android PowerManager status
naive,1:48,sample_cpu0_freq,2000,MHz
naive,1:48,sample_cpu1_freq,2000,MHz
naive,1:48,sample_cpu2_freq,2000,MHz
naive,1:48,sample_cpu3_freq,2000,MHz
naive,1:48,sample_cpu4_freq,2500,MHz
naive,1:48,sample_cpu5_freq,2500,MHz
naive,1:48,sample_cpu6_freq,2500,MHz
naive,1:48,sample_cpu7_freq,2500,MHz
naive,1:49,sample_elapsed,7433,ms
naive,1:49,sample_power,4.623,W
naive,1:49,sample_process_cpu,453.247,% one core
naive,1:49,sample_free_ram,1.194,GiB
naive,1:49,sample_battery_temp,36.000,C
naive,1:49,sample_thermal_status,1,Android PowerManager status
naive,1:49,sample_cpu0_freq,2000,MHz
naive,1:49,sample_cpu1_freq,2000,MHz
naive,1:49,sample_cpu2_freq,2000,MHz
naive,1:49,sample_cpu3_freq,2000,MHz
naive,1:49,sample_cpu4_freq,2500,MHz
naive,1:49,sample_cpu5_freq,2500,MHz
naive,1:49,sample_cpu6_freq,2500,MHz
naive,1:49,sample_cpu7_freq,2500,MHz
naive,1:50,sample_elapsed,7587,ms
naive,1:50,sample_power,4.623,W
naive,1:50,sample_process_cpu,464.935,% one core
naive,1:50,sample_free_ram,1.194,GiB
naive,1:50,sample_battery_temp,36.000,C
naive,1:50,sample_thermal_status,1,Android PowerManager status
naive,1:50,sample_cpu0_freq,2000,MHz
naive,1:50,sample_cpu1_freq,2000,MHz
naive,1:50,sample_cpu2_freq,2000,MHz
naive,1:50,sample_cpu3_freq,2000,MHz
naive,1:50,sample_cpu4_freq,2500,MHz
naive,1:50,sample_cpu5_freq,2500,MHz
naive,1:50,sample_cpu6_freq,2500,MHz
naive,1:50,sample_cpu7_freq,2500,MHz
naive,1:51,sample_elapsed,7742,ms
naive,1:51,sample_power,4.599,W
naive,1:51,sample_process_cpu,467.742,% one core
naive,1:51,sample_free_ram,1.194,GiB
naive,1:51,sample_battery_temp,36.000,C
naive,1:51,sample_thermal_status,1,Android PowerManager status
naive,1:51,sample_cpu0_freq,2000,MHz
naive,1:51,sample_cpu1_freq,2000,MHz
naive,1:51,sample_cpu2_freq,2000,MHz
naive,1:51,sample_cpu3_freq,2000,MHz
naive,1:51,sample_cpu4_freq,2500,MHz
naive,1:51,sample_cpu5_freq,2500,MHz
naive,1:51,sample_cpu6_freq,2500,MHz
naive,1:51,sample_cpu7_freq,2500,MHz
naive,1:52,sample_elapsed,7898,ms
naive,1:52,sample_power,4.599,W
naive,1:52,sample_process_cpu,467.308,% one core
naive,1:52,sample_free_ram,1.194,GiB
naive,1:52,sample_battery_temp,36.000,C
naive,1:52,sample_thermal_status,1,Android PowerManager status
naive,1:52,sample_cpu0_freq,900,MHz
naive,1:52,sample_cpu1_freq,900,MHz
naive,1:52,sample_cpu2_freq,900,MHz
naive,1:52,sample_cpu3_freq,900,MHz
naive,1:52,sample_cpu4_freq,2500,MHz
naive,1:52,sample_cpu5_freq,2500,MHz
naive,1:52,sample_cpu6_freq,2500,MHz
naive,1:52,sample_cpu7_freq,2500,MHz
naive,1:53,sample_elapsed,8052,ms
naive,1:53,sample_power,4.599,W
naive,1:53,sample_process_cpu,465.584,% one core
naive,1:53,sample_free_ram,1.200,GiB
naive,1:53,sample_battery_temp,36.000,C
naive,1:53,sample_thermal_status,1,Android PowerManager status
naive,1:53,sample_cpu0_freq,2000,MHz
naive,1:53,sample_cpu1_freq,2000,MHz
naive,1:53,sample_cpu2_freq,2000,MHz
naive,1:53,sample_cpu3_freq,2000,MHz
naive,1:53,sample_cpu4_freq,2500,MHz
naive,1:53,sample_cpu5_freq,2500,MHz
naive,1:53,sample_cpu6_freq,2500,MHz
naive,1:53,sample_cpu7_freq,2500,MHz
naive,1:54,sample_elapsed,8205,ms
naive,1:54,sample_power,4.599,W
naive,1:54,sample_process_cpu,470.588,% one core
naive,1:54,sample_free_ram,1.200,GiB
naive,1:54,sample_battery_temp,36.000,C
naive,1:54,sample_thermal_status,1,Android PowerManager status
naive,1:54,sample_cpu0_freq,2000,MHz
naive,1:54,sample_cpu1_freq,2000,MHz
naive,1:54,sample_cpu2_freq,2000,MHz
naive,1:54,sample_cpu3_freq,1300,MHz
naive,1:54,sample_cpu4_freq,2500,MHz
naive,1:54,sample_cpu5_freq,2500,MHz
naive,1:54,sample_cpu6_freq,2500,MHz
naive,1:54,sample_cpu7_freq,2500,MHz
naive,1:55,sample_elapsed,8359,ms
naive,1:55,sample_power,4.469,W
naive,1:55,sample_process_cpu,481.169,% one core
naive,1:55,sample_free_ram,1.200,GiB
naive,1:55,sample_battery_temp,36.000,C
naive,1:55,sample_thermal_status,1,Android PowerManager status
naive,1:55,sample_cpu0_freq,2000,MHz
naive,1:55,sample_cpu1_freq,2000,MHz
naive,1:55,sample_cpu2_freq,2000,MHz
naive,1:55,sample_cpu3_freq,2000,MHz
naive,1:55,sample_cpu4_freq,2500,MHz
naive,1:55,sample_cpu5_freq,2500,MHz
naive,1:55,sample_cpu6_freq,2500,MHz
naive,1:55,sample_cpu7_freq,2500,MHz
naive,1:56,sample_elapsed,8516,ms
naive,1:56,sample_power,4.469,W
naive,1:56,sample_process_cpu,465.605,% one core
naive,1:56,sample_free_ram,1.200,GiB
naive,1:56,sample_battery_temp,36.000,C
naive,1:56,sample_thermal_status,1,Android PowerManager status
naive,1:56,sample_cpu0_freq,1300,MHz
naive,1:56,sample_cpu1_freq,1300,MHz
naive,1:56,sample_cpu2_freq,1300,MHz
naive,1:56,sample_cpu3_freq,1300,MHz
naive,1:56,sample_cpu4_freq,2500,MHz
naive,1:56,sample_cpu5_freq,2500,MHz
naive,1:56,sample_cpu6_freq,2500,MHz
naive,1:56,sample_cpu7_freq,2500,MHz
naive,1:57,sample_elapsed,8670,ms
naive,1:57,sample_power,4.469,W
naive,1:57,sample_process_cpu,472.727,% one core
naive,1:57,sample_free_ram,1.200,GiB
naive,1:57,sample_battery_temp,36.000,C
naive,1:57,sample_thermal_status,1,Android PowerManager status
naive,1:57,sample_cpu0_freq,2000,MHz
naive,1:57,sample_cpu1_freq,2000,MHz
naive,1:57,sample_cpu2_freq,2000,MHz
naive,1:57,sample_cpu3_freq,2000,MHz
naive,1:57,sample_cpu4_freq,2500,MHz
naive,1:57,sample_cpu5_freq,2500,MHz
naive,1:57,sample_cpu6_freq,2500,MHz
naive,1:57,sample_cpu7_freq,2500,MHz
naive,1:58,sample_elapsed,8824,ms
naive,1:58,sample_power,4.469,W
naive,1:58,sample_process_cpu,479.221,% one core
naive,1:58,sample_free_ram,1.200,GiB
naive,1:58,sample_battery_temp,36.000,C
naive,1:58,sample_thermal_status,1,Android PowerManager status
naive,1:58,sample_cpu0_freq,2000,MHz
naive,1:58,sample_cpu1_freq,1500,MHz
naive,1:58,sample_cpu2_freq,1500,MHz
naive,1:58,sample_cpu3_freq,1500,MHz
naive,1:58,sample_cpu4_freq,2500,MHz
naive,1:58,sample_cpu5_freq,2500,MHz
naive,1:58,sample_cpu6_freq,2500,MHz
naive,1:58,sample_cpu7_freq,2500,MHz
naive,1:59,sample_elapsed,8987,ms
naive,1:59,sample_power,4.360,W
naive,1:59,sample_process_cpu,468.098,% one core
naive,1:59,sample_free_ram,1.200,GiB
naive,1:59,sample_battery_temp,36.000,C
naive,1:59,sample_thermal_status,1,Android PowerManager status
naive,1:59,sample_cpu0_freq,2000,MHz
naive,1:59,sample_cpu1_freq,2000,MHz
naive,1:59,sample_cpu2_freq,2000,MHz
naive,1:59,sample_cpu3_freq,2000,MHz
naive,1:59,sample_cpu4_freq,2500,MHz
naive,1:59,sample_cpu5_freq,2500,MHz
naive,1:59,sample_cpu6_freq,2500,MHz
naive,1:59,sample_cpu7_freq,2500,MHz
naive,1:60,sample_elapsed,9147,ms
naive,1:60,sample_power,4.360,W
naive,1:60,sample_process_cpu,464.375,% one core
naive,1:60,sample_free_ram,1.200,GiB
naive,1:60,sample_battery_temp,36.000,C
naive,1:60,sample_thermal_status,1,Android PowerManager status
naive,1:60,sample_cpu0_freq,2000,MHz
naive,1:60,sample_cpu1_freq,2000,MHz
naive,1:60,sample_cpu2_freq,2000,MHz
naive,1:60,sample_cpu3_freq,2000,MHz
naive,1:60,sample_cpu4_freq,2500,MHz
naive,1:60,sample_cpu5_freq,2500,MHz
naive,1:60,sample_cpu6_freq,2500,MHz
naive,1:60,sample_cpu7_freq,2500,MHz
naive,1:61,sample_elapsed,9301,ms
naive,1:61,sample_power,4.360,W
naive,1:61,sample_process_cpu,472.078,% one core
naive,1:61,sample_free_ram,1.200,GiB
naive,1:61,sample_battery_temp,36.000,C
naive,1:61,sample_thermal_status,1,Android PowerManager status
naive,1:61,sample_cpu0_freq,2000,MHz
naive,1:61,sample_cpu1_freq,2000,MHz
naive,1:61,sample_cpu2_freq,2000,MHz
naive,1:61,sample_cpu3_freq,800,MHz
naive,1:61,sample_cpu4_freq,2500,MHz
naive,1:61,sample_cpu5_freq,2500,MHz
naive,1:61,sample_cpu6_freq,2500,MHz
naive,1:61,sample_cpu7_freq,2500,MHz
naive,1:62,sample_elapsed,9455,ms
naive,1:62,sample_power,4.360,W
naive,1:62,sample_process_cpu,476.623,% one core
naive,1:62,sample_free_ram,1.199,GiB
naive,1:62,sample_battery_temp,36.000,C
naive,1:62,sample_thermal_status,1,Android PowerManager status
naive,1:62,sample_cpu0_freq,2000,MHz
naive,1:62,sample_cpu1_freq,2000,MHz
naive,1:62,sample_cpu2_freq,2000,MHz
naive,1:62,sample_cpu3_freq,2000,MHz
naive,1:62,sample_cpu4_freq,2500,MHz
naive,1:62,sample_cpu5_freq,2500,MHz
naive,1:62,sample_cpu6_freq,2500,MHz
naive,1:62,sample_cpu7_freq,2500,MHz
naive,1:63,sample_elapsed,9610,ms
naive,1:63,sample_power,4.541,W
naive,1:63,sample_process_cpu,476.129,% one core
naive,1:63,sample_free_ram,1.199,GiB
naive,1:63,sample_battery_temp,36.000,C
naive,1:63,sample_thermal_status,1,Android PowerManager status
naive,1:63,sample_cpu0_freq,700,MHz
naive,1:63,sample_cpu1_freq,700,MHz
naive,1:63,sample_cpu2_freq,700,MHz
naive,1:63,sample_cpu3_freq,700,MHz
naive,1:63,sample_cpu4_freq,2500,MHz
naive,1:63,sample_cpu5_freq,2500,MHz
naive,1:63,sample_cpu6_freq,2500,MHz
naive,1:63,sample_cpu7_freq,2500,MHz
naive,1:64,sample_elapsed,9767,ms
naive,1:64,sample_power,4.541,W
naive,1:64,sample_process_cpu,452.866,% one core
naive,1:64,sample_free_ram,1.199,GiB
naive,1:64,sample_battery_temp,36.000,C
naive,1:64,sample_thermal_status,1,Android PowerManager status
naive,1:64,sample_cpu0_freq,2000,MHz
naive,1:64,sample_cpu1_freq,2000,MHz
naive,1:64,sample_cpu2_freq,2000,MHz
naive,1:64,sample_cpu3_freq,2000,MHz
naive,1:64,sample_cpu4_freq,2500,MHz
naive,1:64,sample_cpu5_freq,2500,MHz
naive,1:64,sample_cpu6_freq,2500,MHz
naive,1:64,sample_cpu7_freq,2500,MHz
naive,1:65,sample_elapsed,9920,ms
naive,1:65,sample_power,4.541,W
naive,1:65,sample_process_cpu,473.856,% one core
naive,1:65,sample_free_ram,1.199,GiB
naive,1:65,sample_battery_temp,36.000,C
naive,1:65,sample_thermal_status,1,Android PowerManager status
naive,1:65,sample_cpu0_freq,700,MHz
naive,1:65,sample_cpu1_freq,700,MHz
naive,1:65,sample_cpu2_freq,700,MHz
naive,1:65,sample_cpu3_freq,700,MHz
naive,1:65,sample_cpu4_freq,2500,MHz
naive,1:65,sample_cpu5_freq,2500,MHz
naive,1:65,sample_cpu6_freq,2500,MHz
naive,1:65,sample_cpu7_freq,2500,MHz
naive,1:66,sample_elapsed,10076,ms
naive,1:66,sample_power,4.541,W
naive,1:66,sample_process_cpu,467.949,% one core
naive,1:66,sample_free_ram,1.196,GiB
naive,1:66,sample_battery_temp,36.000,C
naive,1:66,sample_thermal_status,1,Android PowerManager status
naive,1:66,sample_cpu0_freq,2000,MHz
naive,1:66,sample_cpu1_freq,2000,MHz
naive,1:66,sample_cpu2_freq,2000,MHz
naive,1:66,sample_cpu3_freq,2000,MHz
naive,1:66,sample_cpu4_freq,2500,MHz
naive,1:66,sample_cpu5_freq,2500,MHz
naive,1:66,sample_cpu6_freq,2500,MHz
naive,1:66,sample_cpu7_freq,2500,MHz
naive,1:67,sample_elapsed,10234,ms
naive,1:67,sample_power,4.476,W
naive,1:67,sample_process_cpu,474.684,% one core
naive,1:67,sample_free_ram,1.196,GiB
naive,1:67,sample_battery_temp,36.000,C
naive,1:67,sample_thermal_status,1,Android PowerManager status
naive,1:67,sample_cpu0_freq,2000,MHz
naive,1:67,sample_cpu1_freq,2000,MHz
naive,1:67,sample_cpu2_freq,2000,MHz
naive,1:67,sample_cpu3_freq,2000,MHz
naive,1:67,sample_cpu4_freq,2500,MHz
naive,1:67,sample_cpu5_freq,2500,MHz
naive,1:67,sample_cpu6_freq,2500,MHz
naive,1:67,sample_cpu7_freq,2500,MHz
naive,1:68,sample_elapsed,10389,ms
naive,1:68,sample_power,4.476,W
naive,1:68,sample_process_cpu,464.516,% one core
naive,1:68,sample_free_ram,1.195,GiB
naive,1:68,sample_battery_temp,36.000,C
naive,1:68,sample_thermal_status,1,Android PowerManager status
naive,1:68,sample_cpu0_freq,2000,MHz
naive,1:68,sample_cpu1_freq,1300,MHz
naive,1:68,sample_cpu2_freq,1200,MHz
naive,1:68,sample_cpu3_freq,1200,MHz
naive,1:68,sample_cpu4_freq,2500,MHz
naive,1:68,sample_cpu5_freq,2500,MHz
naive,1:68,sample_cpu6_freq,2500,MHz
naive,1:68,sample_cpu7_freq,2500,MHz
naive,1:69,sample_elapsed,10544,ms
naive,1:69,sample_power,4.476,W
naive,1:69,sample_process_cpu,472.903,% one core
naive,1:69,sample_free_ram,1.196,GiB
naive,1:69,sample_battery_temp,36.000,C
naive,1:69,sample_thermal_status,1,Android PowerManager status
naive,1:69,sample_cpu0_freq,600,MHz
naive,1:69,sample_cpu1_freq,1300,MHz
naive,1:69,sample_cpu2_freq,1300,MHz
naive,1:69,sample_cpu3_freq,1300,MHz
naive,1:69,sample_cpu4_freq,2500,MHz
naive,1:69,sample_cpu5_freq,2500,MHz
naive,1:69,sample_cpu6_freq,2500,MHz
naive,1:69,sample_cpu7_freq,2500,MHz
naive,1:70,sample_elapsed,10703,ms
naive,1:70,sample_power,4.476,W
naive,1:70,sample_process_cpu,476.101,% one core
naive,1:70,sample_free_ram,1.195,GiB
naive,1:70,sample_battery_temp,36.000,C
naive,1:70,sample_thermal_status,1,Android PowerManager status
naive,1:70,sample_cpu0_freq,2000,MHz
naive,1:70,sample_cpu1_freq,2000,MHz
naive,1:70,sample_cpu2_freq,2000,MHz
naive,1:70,sample_cpu3_freq,2000,MHz
naive,1:70,sample_cpu4_freq,2500,MHz
naive,1:70,sample_cpu5_freq,2500,MHz
naive,1:70,sample_cpu6_freq,2500,MHz
naive,1:70,sample_cpu7_freq,2500,MHz
naive,1:71,sample_elapsed,10858,ms
naive,1:71,sample_power,4.338,W
naive,1:71,sample_process_cpu,479.355,% one core
naive,1:71,sample_free_ram,1.195,GiB
naive,1:71,sample_battery_temp,36.000,C
naive,1:71,sample_thermal_status,1,Android PowerManager status
naive,1:71,sample_cpu0_freq,2000,MHz
naive,1:71,sample_cpu1_freq,2000,MHz
naive,1:71,sample_cpu2_freq,2000,MHz
naive,1:71,sample_cpu3_freq,2000,MHz
naive,1:71,sample_cpu4_freq,2500,MHz
naive,1:71,sample_cpu5_freq,2500,MHz
naive,1:71,sample_cpu6_freq,2500,MHz
naive,1:71,sample_cpu7_freq,2500,MHz
naive,1:72,sample_elapsed,11015,ms
naive,1:72,sample_power,4.338,W
naive,1:72,sample_process_cpu,463.057,% one core
naive,1:72,sample_free_ram,1.195,GiB
naive,1:72,sample_battery_temp,36.000,C
naive,1:72,sample_thermal_status,1,Android PowerManager status
naive,1:72,sample_cpu0_freq,900,MHz
naive,1:72,sample_cpu1_freq,900,MHz
naive,1:72,sample_cpu2_freq,1400,MHz
naive,1:72,sample_cpu3_freq,900,MHz
naive,1:72,sample_cpu4_freq,2500,MHz
naive,1:72,sample_cpu5_freq,2500,MHz
naive,1:72,sample_cpu6_freq,2500,MHz
naive,1:72,sample_cpu7_freq,2500,MHz
naive,1:73,sample_elapsed,11172,ms
naive,1:73,sample_power,4.338,W
naive,1:73,sample_process_cpu,471.338,% one core
naive,1:73,sample_free_ram,1.195,GiB
naive,1:73,sample_battery_temp,36.000,C
naive,1:73,sample_thermal_status,1,Android PowerManager status
naive,1:73,sample_cpu0_freq,2000,MHz
naive,1:73,sample_cpu1_freq,2000,MHz
naive,1:73,sample_cpu2_freq,2000,MHz
naive,1:73,sample_cpu3_freq,2000,MHz
naive,1:73,sample_cpu4_freq,2500,MHz
naive,1:73,sample_cpu5_freq,2500,MHz
naive,1:73,sample_cpu6_freq,2500,MHz
naive,1:73,sample_cpu7_freq,2500,MHz
naive,1:74,sample_elapsed,11326,ms
naive,1:74,sample_power,4.338,W
naive,1:74,sample_process_cpu,465.584,% one core
naive,1:74,sample_free_ram,1.195,GiB
naive,1:74,sample_battery_temp,36.000,C
naive,1:74,sample_thermal_status,1,Android PowerManager status
naive,1:74,sample_cpu0_freq,600,MHz
naive,1:74,sample_cpu1_freq,600,MHz
naive,1:74,sample_cpu2_freq,600,MHz
naive,1:74,sample_cpu3_freq,2000,MHz
naive,1:74,sample_cpu4_freq,2500,MHz
naive,1:74,sample_cpu5_freq,2500,MHz
naive,1:74,sample_cpu6_freq,2500,MHz
naive,1:74,sample_cpu7_freq,2500,MHz
naive,1:75,sample_elapsed,11482,ms
naive,1:75,sample_power,4.955,W
naive,1:75,sample_process_cpu,514.744,% one core
naive,1:75,sample_free_ram,1.195,GiB
naive,1:75,sample_battery_temp,36.000,C
naive,1:75,sample_thermal_status,1,Android PowerManager status
naive,1:75,sample_cpu0_freq,1100,MHz
naive,1:75,sample_cpu1_freq,1100,MHz
naive,1:75,sample_cpu2_freq,1100,MHz
naive,1:75,sample_cpu3_freq,1100,MHz
naive,1:75,sample_cpu4_freq,2500,MHz
naive,1:75,sample_cpu5_freq,2500,MHz
naive,1:75,sample_cpu6_freq,2500,MHz
naive,1:75,sample_cpu7_freq,2500,MHz
naive,1:76,sample_elapsed,11646,ms
naive,1:76,sample_power,4.955,W
naive,1:76,sample_process_cpu,438.415,% one core
naive,1:76,sample_free_ram,1.195,GiB
naive,1:76,sample_battery_temp,36.000,C
naive,1:76,sample_thermal_status,1,Android PowerManager status
naive,1:76,sample_cpu0_freq,900,MHz
naive,1:76,sample_cpu1_freq,900,MHz
naive,1:76,sample_cpu2_freq,900,MHz
naive,1:76,sample_cpu3_freq,2000,MHz
naive,1:76,sample_cpu4_freq,2500,MHz
naive,1:76,sample_cpu5_freq,2500,MHz
naive,1:76,sample_cpu6_freq,2500,MHz
naive,1:76,sample_cpu7_freq,2500,MHz
naive,1:77,sample_elapsed,11800,ms
naive,1:77,sample_power,4.955,W
naive,1:77,sample_process_cpu,467.532,% one core
naive,1:77,sample_free_ram,1.195,GiB
naive,1:77,sample_battery_temp,36.000,C
naive,1:77,sample_thermal_status,1,Android PowerManager status
naive,1:77,sample_cpu0_freq,2000,MHz
naive,1:77,sample_cpu1_freq,2000,MHz
naive,1:77,sample_cpu2_freq,2000,MHz
naive,1:77,sample_cpu3_freq,2000,MHz
naive,1:77,sample_cpu4_freq,2500,MHz
naive,1:77,sample_cpu5_freq,2500,MHz
naive,1:77,sample_cpu6_freq,2500,MHz
naive,1:77,sample_cpu7_freq,2500,MHz
naive,1:78,sample_elapsed,11953,ms
naive,1:78,sample_power,4.955,W
naive,1:78,sample_process_cpu,471.242,% one core
naive,1:78,sample_free_ram,1.194,GiB
naive,1:78,sample_battery_temp,36.000,C
naive,1:78,sample_thermal_status,1,Android PowerManager status
naive,1:78,sample_cpu0_freq,1100,MHz
naive,1:78,sample_cpu1_freq,1200,MHz
naive,1:78,sample_cpu2_freq,1200,MHz
naive,1:78,sample_cpu3_freq,1200,MHz
naive,1:78,sample_cpu4_freq,2500,MHz
naive,1:78,sample_cpu5_freq,2500,MHz
naive,1:78,sample_cpu6_freq,2500,MHz
naive,1:78,sample_cpu7_freq,2500,MHz
naive,1:79,sample_elapsed,12107,ms
naive,1:79,sample_power,4.599,W
naive,1:79,sample_process_cpu,481.169,% one core
naive,1:79,sample_free_ram,1.194,GiB
naive,1:79,sample_battery_temp,36.000,C
naive,1:79,sample_thermal_status,1,Android PowerManager status
naive,1:79,sample_cpu0_freq,2000,MHz
naive,1:79,sample_cpu1_freq,800,MHz
naive,1:79,sample_cpu2_freq,800,MHz
naive,1:79,sample_cpu3_freq,800,MHz
naive,1:79,sample_cpu4_freq,2500,MHz
naive,1:79,sample_cpu5_freq,2500,MHz
naive,1:79,sample_cpu6_freq,2500,MHz
naive,1:79,sample_cpu7_freq,2500,MHz
naive,1:80,sample_elapsed,12266,ms
naive,1:80,sample_power,4.599,W
naive,1:80,sample_process_cpu,466.667,% one core
naive,1:80,sample_free_ram,1.194,GiB
naive,1:80,sample_battery_temp,36.000,C
naive,1:80,sample_thermal_status,1,Android PowerManager status
naive,1:80,sample_cpu0_freq,2000,MHz
naive,1:80,sample_cpu1_freq,2000,MHz
naive,1:80,sample_cpu2_freq,2000,MHz
naive,1:80,sample_cpu3_freq,2000,MHz
naive,1:80,sample_cpu4_freq,2500,MHz
naive,1:80,sample_cpu5_freq,2500,MHz
naive,1:80,sample_cpu6_freq,2500,MHz
naive,1:80,sample_cpu7_freq,2500,MHz
naive,1:81,sample_elapsed,12421,ms
naive,1:81,sample_power,4.599,W
naive,1:81,sample_process_cpu,472.258,% one core
naive,1:81,sample_free_ram,1.194,GiB
naive,1:81,sample_battery_temp,36.000,C
naive,1:81,sample_thermal_status,1,Android PowerManager status
naive,1:81,sample_cpu0_freq,1700,MHz
naive,1:81,sample_cpu1_freq,1700,MHz
naive,1:81,sample_cpu2_freq,1000,MHz
naive,1:81,sample_cpu3_freq,700,MHz
naive,1:81,sample_cpu4_freq,2500,MHz
naive,1:81,sample_cpu5_freq,2500,MHz
naive,1:81,sample_cpu6_freq,2500,MHz
naive,1:81,sample_cpu7_freq,2500,MHz
naive,1:82,sample_elapsed,12576,ms
naive,1:82,sample_power,4.599,W
naive,1:82,sample_process_cpu,470.968,% one core
naive,1:82,sample_free_ram,1.194,GiB
naive,1:82,sample_battery_temp,36.000,C
naive,1:82,sample_thermal_status,1,Android PowerManager status
naive,1:82,sample_cpu0_freq,2000,MHz
naive,1:82,sample_cpu1_freq,2000,MHz
naive,1:82,sample_cpu2_freq,2000,MHz
naive,1:82,sample_cpu3_freq,2000,MHz
naive,1:82,sample_cpu4_freq,2500,MHz
naive,1:82,sample_cpu5_freq,2500,MHz
naive,1:82,sample_cpu6_freq,2500,MHz
naive,1:82,sample_cpu7_freq,2500,MHz
naive,1:83,sample_elapsed,12729,ms
naive,1:83,sample_power,4.351,W
naive,1:83,sample_process_cpu,488.235,% one core
naive,1:83,sample_free_ram,1.194,GiB
naive,1:83,sample_battery_temp,36.000,C
naive,1:83,sample_thermal_status,1,Android PowerManager status
naive,1:83,sample_cpu0_freq,2000,MHz
naive,1:83,sample_cpu1_freq,2000,MHz
naive,1:83,sample_cpu2_freq,2000,MHz
naive,1:83,sample_cpu3_freq,2000,MHz
naive,1:83,sample_cpu4_freq,2500,MHz
naive,1:83,sample_cpu5_freq,2500,MHz
naive,1:83,sample_cpu6_freq,2500,MHz
naive,1:83,sample_cpu7_freq,2500,MHz
naive,1:84,sample_elapsed,12888,ms
naive,1:84,sample_power,4.351,W
naive,1:84,sample_process_cpu,455.346,% one core
naive,1:84,sample_free_ram,1.193,GiB
naive,1:84,sample_battery_temp,36.000,C
naive,1:84,sample_thermal_status,1,Android PowerManager status
naive,1:84,sample_cpu0_freq,2000,MHz
naive,1:84,sample_cpu1_freq,2000,MHz
naive,1:84,sample_cpu2_freq,2000,MHz
naive,1:84,sample_cpu3_freq,2000,MHz
naive,1:84,sample_cpu4_freq,2500,MHz
naive,1:84,sample_cpu5_freq,2500,MHz
naive,1:84,sample_cpu6_freq,2500,MHz
naive,1:84,sample_cpu7_freq,2500,MHz
naive,1:85,sample_elapsed,13046,ms
naive,1:85,sample_power,4.351,W
naive,1:85,sample_process_cpu,471.519,% one core
naive,1:85,sample_free_ram,1.193,GiB
naive,1:85,sample_battery_temp,36.000,C
naive,1:85,sample_thermal_status,1,Android PowerManager status
naive,1:85,sample_cpu0_freq,2000,MHz
naive,1:85,sample_cpu1_freq,2000,MHz
naive,1:85,sample_cpu2_freq,2000,MHz
naive,1:85,sample_cpu3_freq,2000,MHz
naive,1:85,sample_cpu4_freq,2500,MHz
naive,1:85,sample_cpu5_freq,2500,MHz
naive,1:85,sample_cpu6_freq,2500,MHz
naive,1:85,sample_cpu7_freq,2500,MHz
naive,1:86,sample_elapsed,13199,ms
naive,1:86,sample_power,4.351,W
naive,1:86,sample_process_cpu,456.209,% one core
naive,1:86,sample_free_ram,1.193,GiB
naive,1:86,sample_battery_temp,36.000,C
naive,1:86,sample_thermal_status,1,Android PowerManager status
naive,1:86,sample_cpu0_freq,2000,MHz
naive,1:86,sample_cpu1_freq,2000,MHz
naive,1:86,sample_cpu2_freq,2000,MHz
naive,1:86,sample_cpu3_freq,2000,MHz
naive,1:86,sample_cpu4_freq,2500,MHz
naive,1:86,sample_cpu5_freq,2500,MHz
naive,1:86,sample_cpu6_freq,2500,MHz
naive,1:86,sample_cpu7_freq,2500,MHz
naive,1:87,sample_elapsed,13353,ms
naive,1:87,sample_power,5.324,W
naive,1:87,sample_process_cpu,467.532,% one core
naive,1:87,sample_free_ram,1.193,GiB
naive,1:87,sample_battery_temp,36.000,C
naive,1:87,sample_thermal_status,1,Android PowerManager status
naive,1:87,sample_cpu0_freq,2000,MHz
naive,1:87,sample_cpu1_freq,2000,MHz
naive,1:87,sample_cpu2_freq,2000,MHz
naive,1:87,sample_cpu3_freq,2000,MHz
naive,1:87,sample_cpu4_freq,2500,MHz
naive,1:87,sample_cpu5_freq,2500,MHz
naive,1:87,sample_cpu6_freq,2500,MHz
naive,1:87,sample_cpu7_freq,2500,MHz
naive,1:88,sample_elapsed,13508,ms
naive,1:88,sample_power,5.324,W
naive,1:88,sample_process_cpu,455.484,% one core
naive,1:88,sample_free_ram,1.192,GiB
naive,1:88,sample_battery_temp,36.000,C
naive,1:88,sample_thermal_status,1,Android PowerManager status
naive,1:88,sample_cpu0_freq,1000,MHz
naive,1:88,sample_cpu1_freq,2000,MHz
naive,1:88,sample_cpu2_freq,700,MHz
naive,1:88,sample_cpu3_freq,700,MHz
naive,1:88,sample_cpu4_freq,2500,MHz
naive,1:88,sample_cpu5_freq,2500,MHz
naive,1:88,sample_cpu6_freq,2500,MHz
naive,1:88,sample_cpu7_freq,2500,MHz
naive,1:89,sample_elapsed,13661,ms
naive,1:89,sample_power,5.324,W
naive,1:89,sample_process_cpu,460.131,% one core
naive,1:89,sample_free_ram,1.192,GiB
naive,1:89,sample_battery_temp,36.000,C
naive,1:89,sample_thermal_status,1,Android PowerManager status
naive,1:89,sample_cpu0_freq,450,MHz
naive,1:89,sample_cpu1_freq,2000,MHz
naive,1:89,sample_cpu2_freq,2000,MHz
naive,1:89,sample_cpu3_freq,2000,MHz
naive,1:89,sample_cpu4_freq,2500,MHz
naive,1:89,sample_cpu5_freq,2500,MHz
naive,1:89,sample_cpu6_freq,2500,MHz
naive,1:89,sample_cpu7_freq,2500,MHz
naive,1:90,sample_elapsed,13815,ms
naive,1:90,sample_power,4.578,W
naive,1:90,sample_process_cpu,454.545,% one core
naive,1:90,sample_free_ram,1.192,GiB
naive,1:90,sample_battery_temp,36.000,C
naive,1:90,sample_thermal_status,1,Android PowerManager status
naive,1:90,sample_cpu0_freq,2000,MHz
naive,1:90,sample_cpu1_freq,2000,MHz
naive,1:90,sample_cpu2_freq,2000,MHz
naive,1:90,sample_cpu3_freq,2000,MHz
naive,1:90,sample_cpu4_freq,2500,MHz
naive,1:90,sample_cpu5_freq,2500,MHz
naive,1:90,sample_cpu6_freq,2500,MHz
naive,1:90,sample_cpu7_freq,2500,MHz
naive,1:91,sample_elapsed,13967,ms
naive,1:91,sample_power,4.578,W
naive,1:91,sample_process_cpu,468.421,% one core
naive,1:91,sample_free_ram,1.192,GiB
naive,1:91,sample_battery_temp,36.000,C
naive,1:91,sample_thermal_status,1,Android PowerManager status
naive,1:91,sample_cpu0_freq,2000,MHz
naive,1:91,sample_cpu1_freq,2000,MHz
naive,1:91,sample_cpu2_freq,2000,MHz
naive,1:91,sample_cpu3_freq,2000,MHz
naive,1:91,sample_cpu4_freq,2500,MHz
naive,1:91,sample_cpu5_freq,2500,MHz
naive,1:91,sample_cpu6_freq,2500,MHz
naive,1:91,sample_cpu7_freq,2500,MHz
naive,1:92,sample_elapsed,14122,ms
naive,1:92,sample_power,4.578,W
naive,1:92,sample_process_cpu,470.323,% one core
naive,1:92,sample_free_ram,1.192,GiB
naive,1:92,sample_battery_temp,36.000,C
naive,1:92,sample_thermal_status,1,Android PowerManager status
naive,1:92,sample_cpu0_freq,1500,MHz
naive,1:92,sample_cpu1_freq,1500,MHz
naive,1:92,sample_cpu2_freq,1500,MHz
naive,1:92,sample_cpu3_freq,1500,MHz
naive,1:92,sample_cpu4_freq,2500,MHz
naive,1:92,sample_cpu5_freq,2500,MHz
naive,1:92,sample_cpu6_freq,2500,MHz
naive,1:92,sample_cpu7_freq,2500,MHz
naive,1:93,sample_elapsed,14275,ms
naive,1:93,sample_power,4.494,W
naive,1:93,sample_process_cpu,482.353,% one core
naive,1:93,sample_free_ram,1.192,GiB
naive,1:93,sample_battery_temp,36.000,C
naive,1:93,sample_thermal_status,1,Android PowerManager status
naive,1:93,sample_cpu0_freq,2000,MHz
naive,1:93,sample_cpu1_freq,2000,MHz
naive,1:93,sample_cpu2_freq,2000,MHz
naive,1:93,sample_cpu3_freq,2000,MHz
naive,1:93,sample_cpu4_freq,2500,MHz
naive,1:93,sample_cpu5_freq,2500,MHz
naive,1:93,sample_cpu6_freq,2500,MHz
naive,1:93,sample_cpu7_freq,2500,MHz
naive,1:94,sample_elapsed,14432,ms
naive,1:94,sample_power,4.494,W
naive,1:94,sample_process_cpu,461.783,% one core
naive,1:94,sample_free_ram,1.192,GiB
naive,1:94,sample_battery_temp,36.000,C
naive,1:94,sample_thermal_status,1,Android PowerManager status
naive,1:94,sample_cpu0_freq,2000,MHz
naive,1:94,sample_cpu1_freq,2000,MHz
naive,1:94,sample_cpu2_freq,2000,MHz
naive,1:94,sample_cpu3_freq,2000,MHz
naive,1:94,sample_cpu4_freq,2500,MHz
naive,1:94,sample_cpu5_freq,2500,MHz
naive,1:94,sample_cpu6_freq,2500,MHz
naive,1:94,sample_cpu7_freq,2500,MHz
naive,1:95,sample_elapsed,14590,ms
naive,1:95,sample_power,4.494,W
naive,1:95,sample_process_cpu,472.785,% one core
naive,1:95,sample_free_ram,1.192,GiB
naive,1:95,sample_battery_temp,36.000,C
naive,1:95,sample_thermal_status,1,Android PowerManager status
naive,1:95,sample_cpu0_freq,1100,MHz
naive,1:95,sample_cpu1_freq,1100,MHz
naive,1:95,sample_cpu2_freq,1100,MHz
naive,1:95,sample_cpu3_freq,1100,MHz
naive,1:95,sample_cpu4_freq,2500,MHz
naive,1:95,sample_cpu5_freq,2500,MHz
naive,1:95,sample_cpu6_freq,2500,MHz
naive,1:95,sample_cpu7_freq,2500,MHz
naive,1:96,sample_elapsed,14743,ms
naive,1:96,sample_power,4.494,W
naive,1:96,sample_process_cpu,488.235,% one core
naive,1:96,sample_free_ram,1.191,GiB
naive,1:96,sample_battery_temp,36.000,C
naive,1:96,sample_thermal_status,1,Android PowerManager status
naive,1:96,sample_cpu0_freq,2000,MHz
naive,1:96,sample_cpu1_freq,2000,MHz
naive,1:96,sample_cpu2_freq,2000,MHz
naive,1:96,sample_cpu3_freq,2000,MHz
naive,1:96,sample_cpu4_freq,2500,MHz
naive,1:96,sample_cpu5_freq,2500,MHz
naive,1:96,sample_cpu6_freq,2500,MHz
naive,1:96,sample_cpu7_freq,2500,MHz
naive,1:97,sample_elapsed,14899,ms
naive,1:97,sample_power,4.536,W
naive,1:97,sample_process_cpu,462.821,% one core
naive,1:97,sample_free_ram,1.190,GiB
naive,1:97,sample_battery_temp,36.000,C
naive,1:97,sample_thermal_status,1,Android PowerManager status
naive,1:97,sample_cpu0_freq,2000,MHz
naive,1:97,sample_cpu1_freq,2000,MHz
naive,1:97,sample_cpu2_freq,2000,MHz
naive,1:97,sample_cpu3_freq,2000,MHz
naive,1:97,sample_cpu4_freq,2500,MHz
naive,1:97,sample_cpu5_freq,2500,MHz
naive,1:97,sample_cpu6_freq,2500,MHz
naive,1:97,sample_cpu7_freq,2500,MHz
naive,1:98,sample_elapsed,15054,ms
naive,1:98,sample_power,4.536,W
naive,1:98,sample_process_cpu,461.935,% one core
naive,1:98,sample_free_ram,1.189,GiB
naive,1:98,sample_battery_temp,36.000,C
naive,1:98,sample_thermal_status,1,Android PowerManager status
naive,1:98,sample_cpu0_freq,2000,MHz
naive,1:98,sample_cpu1_freq,2000,MHz
naive,1:98,sample_cpu2_freq,2000,MHz
naive,1:98,sample_cpu3_freq,2000,MHz
naive,1:98,sample_cpu4_freq,2500,MHz
naive,1:98,sample_cpu5_freq,2500,MHz
naive,1:98,sample_cpu6_freq,2500,MHz
naive,1:98,sample_cpu7_freq,2500,MHz
naive,1:99,sample_elapsed,15207,ms
naive,1:99,sample_power,4.536,W
naive,1:99,sample_process_cpu,470.588,% one core
naive,1:99,sample_free_ram,1.188,GiB
naive,1:99,sample_battery_temp,36.000,C
naive,1:99,sample_thermal_status,1,Android PowerManager status
naive,1:99,sample_cpu0_freq,2000,MHz
naive,1:99,sample_cpu1_freq,2000,MHz
naive,1:99,sample_cpu2_freq,2000,MHz
naive,1:99,sample_cpu3_freq,2000,MHz
naive,1:99,sample_cpu4_freq,2500,MHz
naive,1:99,sample_cpu5_freq,2500,MHz
naive,1:99,sample_cpu6_freq,2500,MHz
naive,1:99,sample_cpu7_freq,2500,MHz
naive,1:100,sample_elapsed,15360,ms
naive,1:100,sample_power,4.536,W
naive,1:100,sample_process_cpu,449.673,% one core
naive,1:100,sample_free_ram,1.183,GiB
naive,1:100,sample_battery_temp,36.000,C
naive,1:100,sample_thermal_status,1,Android PowerManager status
naive,1:100,sample_cpu0_freq,2000,MHz
naive,1:100,sample_cpu1_freq,2000,MHz
naive,1:100,sample_cpu2_freq,2000,MHz
naive,1:100,sample_cpu3_freq,2000,MHz
naive,1:100,sample_cpu4_freq,2500,MHz
naive,1:100,sample_cpu5_freq,2500,MHz
naive,1:100,sample_cpu6_freq,2500,MHz
naive,1:100,sample_cpu7_freq,2500,MHz
naive,1:101,sample_elapsed,15518,ms
naive,1:101,sample_power,4.456,W
naive,1:101,sample_process_cpu,475.949,% one core
naive,1:101,sample_free_ram,1.227,GiB
naive,1:101,sample_battery_temp,36.000,C
naive,1:101,sample_thermal_status,1,Android PowerManager status
naive,1:101,sample_cpu0_freq,2000,MHz
naive,1:101,sample_cpu1_freq,2000,MHz
naive,1:101,sample_cpu2_freq,2000,MHz
naive,1:101,sample_cpu3_freq,2000,MHz
naive,1:101,sample_cpu4_freq,2500,MHz
naive,1:101,sample_cpu5_freq,2500,MHz
naive,1:101,sample_cpu6_freq,2500,MHz
naive,1:101,sample_cpu7_freq,2500,MHz
naive,1:102,sample_elapsed,15673,ms
naive,1:102,sample_power,4.456,W
naive,1:102,sample_process_cpu,471.613,% one core
naive,1:102,sample_free_ram,1.227,GiB
naive,1:102,sample_battery_temp,36.000,C
naive,1:102,sample_thermal_status,1,Android PowerManager status
naive,1:102,sample_cpu0_freq,2000,MHz
naive,1:102,sample_cpu1_freq,2000,MHz
naive,1:102,sample_cpu2_freq,2000,MHz
naive,1:102,sample_cpu3_freq,2000,MHz
naive,1:102,sample_cpu4_freq,2500,MHz
naive,1:102,sample_cpu5_freq,2500,MHz
naive,1:102,sample_cpu6_freq,2500,MHz
naive,1:102,sample_cpu7_freq,2500,MHz
naive,1:103,sample_elapsed,15826,ms
naive,1:103,sample_power,4.456,W
naive,1:103,sample_process_cpu,467.974,% one core
naive,1:103,sample_free_ram,1.227,GiB
naive,1:103,sample_battery_temp,36.000,C
naive,1:103,sample_thermal_status,1,Android PowerManager status
naive,1:103,sample_cpu0_freq,2000,MHz
naive,1:103,sample_cpu1_freq,2000,MHz
naive,1:103,sample_cpu2_freq,2000,MHz
naive,1:103,sample_cpu3_freq,2000,MHz
naive,1:103,sample_cpu4_freq,2500,MHz
naive,1:103,sample_cpu5_freq,2500,MHz
naive,1:103,sample_cpu6_freq,2500,MHz
naive,1:103,sample_cpu7_freq,2500,MHz
naive,1:104,sample_elapsed,15980,ms
naive,1:104,sample_power,4.456,W
naive,1:104,sample_process_cpu,461.039,% one core
naive,1:104,sample_free_ram,1.226,GiB
naive,1:104,sample_battery_temp,36.000,C
naive,1:104,sample_thermal_status,1,Android PowerManager status
naive,1:104,sample_cpu0_freq,2000,MHz
naive,1:104,sample_cpu1_freq,2000,MHz
naive,1:104,sample_cpu2_freq,2000,MHz
naive,1:104,sample_cpu3_freq,2000,MHz
naive,1:104,sample_cpu4_freq,2500,MHz
naive,1:104,sample_cpu5_freq,2500,MHz
naive,1:104,sample_cpu6_freq,2500,MHz
naive,1:104,sample_cpu7_freq,2500,MHz
naive,1:105,sample_elapsed,16134,ms
naive,1:105,sample_power,4.367,W
naive,1:105,sample_process_cpu,468.831,% one core
naive,1:105,sample_free_ram,1.226,GiB
naive,1:105,sample_battery_temp,36.000,C
naive,1:105,sample_thermal_status,1,Android PowerManager status
naive,1:105,sample_cpu0_freq,450,MHz
naive,1:105,sample_cpu1_freq,450,MHz
naive,1:105,sample_cpu2_freq,450,MHz
naive,1:105,sample_cpu3_freq,450,MHz
naive,1:105,sample_cpu4_freq,2500,MHz
naive,1:105,sample_cpu5_freq,2500,MHz
naive,1:105,sample_cpu6_freq,2500,MHz
naive,1:105,sample_cpu7_freq,2500,MHz
naive,1:106,sample_elapsed,16289,ms
naive,1:106,sample_power,4.367,W
naive,1:106,sample_process_cpu,454.839,% one core
naive,1:106,sample_free_ram,1.225,GiB
naive,1:106,sample_battery_temp,36.000,C
naive,1:106,sample_thermal_status,1,Android PowerManager status
naive,1:106,sample_cpu0_freq,2000,MHz
naive,1:106,sample_cpu1_freq,2000,MHz
naive,1:106,sample_cpu2_freq,2000,MHz
naive,1:106,sample_cpu3_freq,2000,MHz
naive,1:106,sample_cpu4_freq,2500,MHz
naive,1:106,sample_cpu5_freq,2500,MHz
naive,1:106,sample_cpu6_freq,2500,MHz
naive,1:106,sample_cpu7_freq,2500,MHz
naive,1:107,sample_elapsed,16442,ms
naive,1:107,sample_power,4.367,W
naive,1:107,sample_process_cpu,471.242,% one core
naive,1:107,sample_free_ram,1.225,GiB
naive,1:107,sample_battery_temp,36.000,C
naive,1:107,sample_thermal_status,1,Android PowerManager status
naive,1:107,sample_cpu0_freq,2000,MHz
naive,1:107,sample_cpu1_freq,2000,MHz
naive,1:107,sample_cpu2_freq,2000,MHz
naive,1:107,sample_cpu3_freq,2000,MHz
naive,1:107,sample_cpu4_freq,2500,MHz
naive,1:107,sample_cpu5_freq,2500,MHz
naive,1:107,sample_cpu6_freq,2500,MHz
naive,1:107,sample_cpu7_freq,2500,MHz
naive,1:108,sample_elapsed,16598,ms
naive,1:108,sample_power,4.367,W
naive,1:108,sample_process_cpu,451.282,% one core
naive,1:108,sample_free_ram,1.225,GiB
naive,1:108,sample_battery_temp,36.000,C
naive,1:108,sample_thermal_status,1,Android PowerManager status
naive,1:108,sample_cpu0_freq,800,MHz
naive,1:108,sample_cpu1_freq,800,MHz
naive,1:108,sample_cpu2_freq,800,MHz
naive,1:108,sample_cpu3_freq,2000,MHz
naive,1:108,sample_cpu4_freq,2500,MHz
naive,1:108,sample_cpu5_freq,2500,MHz
naive,1:108,sample_cpu6_freq,2500,MHz
naive,1:108,sample_cpu7_freq,2500,MHz
naive,1:109,sample_elapsed,16751,ms
naive,1:109,sample_power,4.679,W
naive,1:109,sample_process_cpu,474.510,% one core
naive,1:109,sample_free_ram,1.225,GiB
naive,1:109,sample_battery_temp,36.000,C
naive,1:109,sample_thermal_status,1,Android PowerManager status
naive,1:109,sample_cpu0_freq,2000,MHz
naive,1:109,sample_cpu1_freq,2000,MHz
naive,1:109,sample_cpu2_freq,2000,MHz
naive,1:109,sample_cpu3_freq,2000,MHz
naive,1:109,sample_cpu4_freq,2500,MHz
naive,1:109,sample_cpu5_freq,2500,MHz
naive,1:109,sample_cpu6_freq,2500,MHz
naive,1:109,sample_cpu7_freq,2500,MHz
naive,1:110,sample_elapsed,16910,ms
naive,1:110,sample_power,4.679,W
naive,1:110,sample_process_cpu,458.491,% one core
naive,1:110,sample_free_ram,1.225,GiB
naive,1:110,sample_battery_temp,36.000,C
naive,1:110,sample_thermal_status,1,Android PowerManager status
naive,1:110,sample_cpu0_freq,600,MHz
naive,1:110,sample_cpu1_freq,500,MHz
naive,1:110,sample_cpu2_freq,500,MHz
naive,1:110,sample_cpu3_freq,500,MHz
naive,1:110,sample_cpu4_freq,2500,MHz
naive,1:110,sample_cpu5_freq,2500,MHz
naive,1:110,sample_cpu6_freq,2500,MHz
naive,1:110,sample_cpu7_freq,2500,MHz
naive,1:111,sample_elapsed,17066,ms
naive,1:111,sample_power,4.679,W
naive,1:111,sample_process_cpu,448.718,% one core
naive,1:111,sample_free_ram,1.225,GiB
naive,1:111,sample_battery_temp,36.000,C
naive,1:111,sample_thermal_status,1,Android PowerManager status
naive,1:111,sample_cpu0_freq,1400,MHz
naive,1:111,sample_cpu1_freq,1600,MHz
naive,1:111,sample_cpu2_freq,1600,MHz
naive,1:111,sample_cpu3_freq,1400,MHz
naive,1:111,sample_cpu4_freq,2500,MHz
naive,1:111,sample_cpu5_freq,2500,MHz
naive,1:111,sample_cpu6_freq,2500,MHz
naive,1:111,sample_cpu7_freq,2500,MHz
naive,1:112,sample_elapsed,17220,ms
naive,1:112,sample_power,4.679,W
naive,1:112,sample_process_cpu,455.195,% one core
naive,1:112,sample_free_ram,1.224,GiB
naive,1:112,sample_battery_temp,36.000,C
naive,1:112,sample_thermal_status,1,Android PowerManager status
naive,1:112,sample_cpu0_freq,2000,MHz
naive,1:112,sample_cpu1_freq,2000,MHz
naive,1:112,sample_cpu2_freq,2000,MHz
naive,1:112,sample_cpu3_freq,2000,MHz
naive,1:112,sample_cpu4_freq,2500,MHz
naive,1:112,sample_cpu5_freq,2500,MHz
naive,1:112,sample_cpu6_freq,2500,MHz
naive,1:112,sample_cpu7_freq,2500,MHz
naive,1:113,sample_elapsed,17372,ms
naive,1:113,sample_power,4.645,W
naive,1:113,sample_process_cpu,475.000,% one core
naive,1:113,sample_free_ram,1.224,GiB
naive,1:113,sample_battery_temp,36.000,C
naive,1:113,sample_thermal_status,1,Android PowerManager status
naive,1:113,sample_cpu0_freq,1000,MHz
naive,1:113,sample_cpu1_freq,600,MHz
naive,1:113,sample_cpu2_freq,600,MHz
naive,1:113,sample_cpu3_freq,1400,MHz
naive,1:113,sample_cpu4_freq,2500,MHz
naive,1:113,sample_cpu5_freq,2500,MHz
naive,1:113,sample_cpu6_freq,2500,MHz
naive,1:113,sample_cpu7_freq,2500,MHz
naive,1:114,sample_elapsed,17528,ms
naive,1:114,sample_power,4.728,W
naive,1:114,sample_process_cpu,609.615,% one core
naive,1:114,sample_free_ram,1.224,GiB
naive,1:114,sample_battery_temp,36.000,C
naive,1:114,sample_thermal_status,1,Android PowerManager status
naive,1:114,sample_cpu0_freq,1600,MHz
naive,1:114,sample_cpu1_freq,1600,MHz
naive,1:114,sample_cpu2_freq,1300,MHz
naive,1:114,sample_cpu3_freq,1500,MHz
naive,1:114,sample_cpu4_freq,2500,MHz
naive,1:114,sample_cpu5_freq,2500,MHz
naive,1:114,sample_cpu6_freq,2500,MHz
naive,1:114,sample_cpu7_freq,2500,MHz
naive,1:115,sample_elapsed,17737,ms
naive,1:115,sample_power,4.728,W
naive,1:115,sample_process_cpu,342.105,% one core
naive,1:115,sample_free_ram,1.224,GiB
naive,1:115,sample_battery_temp,36.000,C
naive,1:115,sample_thermal_status,1,Android PowerManager status
naive,1:115,sample_cpu0_freq,2000,MHz
naive,1:115,sample_cpu1_freq,2000,MHz
naive,1:115,sample_cpu2_freq,2000,MHz
naive,1:115,sample_cpu3_freq,2000,MHz
naive,1:115,sample_cpu4_freq,2500,MHz
naive,1:115,sample_cpu5_freq,2500,MHz
naive,1:115,sample_cpu6_freq,2500,MHz
naive,1:115,sample_cpu7_freq,2500,MHz
naive,1:116,sample_elapsed,17891,ms
naive,1:116,sample_power,4.728,W
naive,1:116,sample_process_cpu,462.338,% one core
naive,1:116,sample_free_ram,1.224,GiB
naive,1:116,sample_battery_temp,36.000,C
naive,1:116,sample_thermal_status,1,Android PowerManager status
naive,1:116,sample_cpu0_freq,700,MHz
naive,1:116,sample_cpu1_freq,1000,MHz
naive,1:116,sample_cpu2_freq,1000,MHz
naive,1:116,sample_cpu3_freq,1000,MHz
naive,1:116,sample_cpu4_freq,2500,MHz
naive,1:116,sample_cpu5_freq,2500,MHz
naive,1:116,sample_cpu6_freq,2500,MHz
naive,1:116,sample_cpu7_freq,2500,MHz
naive,1:117,sample_elapsed,18044,ms
naive,1:117,sample_power,4.523,W
naive,1:117,sample_process_cpu,462.092,% one core
naive,1:117,sample_free_ram,1.224,GiB
naive,1:117,sample_battery_temp,36.000,C
naive,1:117,sample_thermal_status,1,Android PowerManager status
naive,1:117,sample_cpu0_freq,2000,MHz
naive,1:117,sample_cpu1_freq,2000,MHz
naive,1:117,sample_cpu2_freq,2000,MHz
naive,1:117,sample_cpu3_freq,2000,MHz
naive,1:117,sample_cpu4_freq,2500,MHz
naive,1:117,sample_cpu5_freq,2500,MHz
naive,1:117,sample_cpu6_freq,2500,MHz
naive,1:117,sample_cpu7_freq,2500,MHz
naive,1:118,sample_elapsed,18198,ms
naive,1:118,sample_power,4.523,W
naive,1:118,sample_process_cpu,468.831,% one core
naive,1:118,sample_free_ram,1.223,GiB
naive,1:118,sample_battery_temp,36.000,C
naive,1:118,sample_thermal_status,1,Android PowerManager status
naive,1:118,sample_cpu0_freq,450,MHz
naive,1:118,sample_cpu1_freq,450,MHz
naive,1:118,sample_cpu2_freq,450,MHz
naive,1:118,sample_cpu3_freq,450,MHz
naive,1:118,sample_cpu4_freq,2500,MHz
naive,1:118,sample_cpu5_freq,2500,MHz
naive,1:118,sample_cpu6_freq,2500,MHz
naive,1:118,sample_cpu7_freq,2500,MHz
naive,1:119,sample_elapsed,18355,ms
naive,1:119,sample_power,4.523,W
naive,1:119,sample_process_cpu,450.955,% one core
naive,1:119,sample_free_ram,1.224,GiB
naive,1:119,sample_battery_temp,36.000,C
naive,1:119,sample_thermal_status,1,Android PowerManager status
naive,1:119,sample_cpu0_freq,1300,MHz
naive,1:119,sample_cpu1_freq,1300,MHz
naive,1:119,sample_cpu2_freq,1300,MHz
naive,1:119,sample_cpu3_freq,1300,MHz
naive,1:119,sample_cpu4_freq,2500,MHz
naive,1:119,sample_cpu5_freq,2500,MHz
naive,1:119,sample_cpu6_freq,2500,MHz
naive,1:119,sample_cpu7_freq,2500,MHz
naive,1:120,sample_elapsed,18513,ms
naive,1:120,sample_power,4.523,W
naive,1:120,sample_process_cpu,462.658,% one core
naive,1:120,sample_free_ram,1.223,GiB
naive,1:120,sample_battery_temp,36.000,C
naive,1:120,sample_thermal_status,1,Android PowerManager status
naive,1:120,sample_cpu0_freq,2000,MHz
naive,1:120,sample_cpu1_freq,2000,MHz
naive,1:120,sample_cpu2_freq,2000,MHz
naive,1:120,sample_cpu3_freq,2000,MHz
naive,1:120,sample_cpu4_freq,2500,MHz
naive,1:120,sample_cpu5_freq,2500,MHz
naive,1:120,sample_cpu6_freq,2500,MHz
naive,1:120,sample_cpu7_freq,2500,MHz
naive,1:121,sample_elapsed,18668,ms
naive,1:121,sample_power,4.447,W
naive,1:121,sample_process_cpu,461.935,% one core
naive,1:121,sample_free_ram,1.223,GiB
naive,1:121,sample_battery_temp,36.000,C
naive,1:121,sample_thermal_status,1,Android PowerManager status
naive,1:121,sample_cpu0_freq,2000,MHz
naive,1:121,sample_cpu1_freq,2000,MHz
naive,1:121,sample_cpu2_freq,2000,MHz
naive,1:121,sample_cpu3_freq,2000,MHz
naive,1:121,sample_cpu4_freq,2500,MHz
naive,1:121,sample_cpu5_freq,2500,MHz
naive,1:121,sample_cpu6_freq,2500,MHz
naive,1:121,sample_cpu7_freq,2500,MHz
naive,1:122,sample_elapsed,18823,ms
naive,1:122,sample_power,4.447,W
naive,1:122,sample_process_cpu,458.065,% one core
naive,1:122,sample_free_ram,1.223,GiB
naive,1:122,sample_battery_temp,36.000,C
naive,1:122,sample_thermal_status,1,Android PowerManager status
naive,1:122,sample_cpu0_freq,2000,MHz
naive,1:122,sample_cpu1_freq,2000,MHz
naive,1:122,sample_cpu2_freq,2000,MHz
naive,1:122,sample_cpu3_freq,2000,MHz
naive,1:122,sample_cpu4_freq,2500,MHz
naive,1:122,sample_cpu5_freq,2500,MHz
naive,1:122,sample_cpu6_freq,2500,MHz
naive,1:122,sample_cpu7_freq,2500,MHz
naive,1:123,sample_elapsed,18976,ms
naive,1:123,sample_power,4.447,W
naive,1:123,sample_process_cpu,460.784,% one core
naive,1:123,sample_free_ram,1.223,GiB
naive,1:123,sample_battery_temp,36.000,C
naive,1:123,sample_thermal_status,1,Android PowerManager status
naive,1:123,sample_cpu0_freq,2000,MHz
naive,1:123,sample_cpu1_freq,2000,MHz
naive,1:123,sample_cpu2_freq,2000,MHz
naive,1:123,sample_cpu3_freq,2000,MHz
naive,1:123,sample_cpu4_freq,2500,MHz
naive,1:123,sample_cpu5_freq,2500,MHz
naive,1:123,sample_cpu6_freq,2500,MHz
naive,1:123,sample_cpu7_freq,2500,MHz
naive,1:124,sample_elapsed,19130,ms
naive,1:124,sample_power,4.447,W
naive,1:124,sample_process_cpu,474.026,% one core
naive,1:124,sample_free_ram,1.223,GiB
naive,1:124,sample_battery_temp,36.000,C
naive,1:124,sample_thermal_status,1,Android PowerManager status
naive,1:124,sample_cpu0_freq,800,MHz
naive,1:124,sample_cpu1_freq,800,MHz
naive,1:124,sample_cpu2_freq,800,MHz
naive,1:124,sample_cpu3_freq,800,MHz
naive,1:124,sample_cpu4_freq,2500,MHz
naive,1:124,sample_cpu5_freq,2500,MHz
naive,1:124,sample_cpu6_freq,2500,MHz
naive,1:124,sample_cpu7_freq,2500,MHz
naive,1:125,sample_elapsed,19284,ms
naive,1:125,sample_power,4.465,W
naive,1:125,sample_process_cpu,472.078,% one core
naive,1:125,sample_free_ram,1.222,GiB
naive,1:125,sample_battery_temp,36.000,C
naive,1:125,sample_thermal_status,1,Android PowerManager status
naive,1:125,sample_cpu0_freq,1200,MHz
naive,1:125,sample_cpu1_freq,2000,MHz
naive,1:125,sample_cpu2_freq,2000,MHz
naive,1:125,sample_cpu3_freq,2000,MHz
naive,1:125,sample_cpu4_freq,2500,MHz
naive,1:125,sample_cpu5_freq,2500,MHz
naive,1:125,sample_cpu6_freq,2500,MHz
naive,1:125,sample_cpu7_freq,2500,MHz
naive,1:126,sample_elapsed,19441,ms
naive,1:126,sample_power,4.465,W
naive,1:126,sample_process_cpu,469.427,% one core
naive,1:126,sample_free_ram,1.222,GiB
naive,1:126,sample_battery_temp,36.000,C
naive,1:126,sample_thermal_status,1,Android PowerManager status
naive,1:126,sample_cpu0_freq,700,MHz
naive,1:126,sample_cpu1_freq,2000,MHz
naive,1:126,sample_cpu2_freq,2000,MHz
naive,1:126,sample_cpu3_freq,2000,MHz
naive,1:126,sample_cpu4_freq,2500,MHz
naive,1:126,sample_cpu5_freq,2500,MHz
naive,1:126,sample_cpu6_freq,2500,MHz
naive,1:126,sample_cpu7_freq,2500,MHz
naive,1:127,sample_elapsed,19594,ms
naive,1:127,sample_power,4.465,W
naive,1:127,sample_process_cpu,472.549,% one core
naive,1:127,sample_free_ram,1.222,GiB
naive,1:127,sample_battery_temp,36.000,C
naive,1:127,sample_thermal_status,1,Android PowerManager status
naive,1:127,sample_cpu0_freq,2000,MHz
naive,1:127,sample_cpu1_freq,2000,MHz
naive,1:127,sample_cpu2_freq,2000,MHz
naive,1:127,sample_cpu3_freq,2000,MHz
naive,1:127,sample_cpu4_freq,2500,MHz
naive,1:127,sample_cpu5_freq,2500,MHz
naive,1:127,sample_cpu6_freq,2500,MHz
naive,1:127,sample_cpu7_freq,2500,MHz
naive,1:128,sample_elapsed,19750,ms
naive,1:128,sample_power,4.465,W
naive,1:128,sample_process_cpu,469.231,% one core
naive,1:128,sample_free_ram,1.222,GiB
naive,1:128,sample_battery_temp,36.000,C
naive,1:128,sample_thermal_status,1,Android PowerManager status
naive,1:128,sample_cpu0_freq,900,MHz
naive,1:128,sample_cpu1_freq,600,MHz
naive,1:128,sample_cpu2_freq,600,MHz
naive,1:128,sample_cpu3_freq,600,MHz
naive,1:128,sample_cpu4_freq,2500,MHz
naive,1:128,sample_cpu5_freq,2500,MHz
naive,1:128,sample_cpu6_freq,2500,MHz
naive,1:128,sample_cpu7_freq,2500,MHz
naive,1:129,sample_elapsed,19903,ms
naive,1:129,sample_power,4.574,W
naive,1:129,sample_process_cpu,470.588,% one core
naive,1:129,sample_free_ram,1.222,GiB
naive,1:129,sample_battery_temp,36.000,C
naive,1:129,sample_thermal_status,1,Android PowerManager status
naive,1:129,sample_cpu0_freq,2000,MHz
naive,1:129,sample_cpu1_freq,2000,MHz
naive,1:129,sample_cpu2_freq,1400,MHz
naive,1:129,sample_cpu3_freq,1400,MHz
naive,1:129,sample_cpu4_freq,2500,MHz
naive,1:129,sample_cpu5_freq,2500,MHz
naive,1:129,sample_cpu6_freq,2500,MHz
naive,1:129,sample_cpu7_freq,2500,MHz
naive,2,pp,101.000,tok/s
naive,2,tg,7.040,tok/s
naive,2,power,4.649,W
naive,2,tok_per_w,1.514,tok/W
naive,2,ttft_pp512_derived,5211.352,ms
naive,2,start_temp,36.000,C
naive,2,average_process_cpu,513.759,% one core
naive,2,minimum_free_ram,1.069,GiB
naive,2,peak_battery_temp,37.000,C
naive,2,peak_thermal_status,1,Android PowerManager status
naive,2:1,sample_elapsed,0,ms
naive,2:1,sample_power,1.206,W
naive,2:1,sample_process_cpu,0.000,% one core
naive,2:1,sample_free_ram,1.295,GiB
naive,2:1,sample_battery_temp,36.000,C
naive,2:1,sample_thermal_status,1,Android PowerManager status
naive,2:1,sample_cpu0_freq,800,MHz
naive,2:1,sample_cpu1_freq,500,MHz
naive,2:1,sample_cpu2_freq,500,MHz
naive,2:1,sample_cpu3_freq,500,MHz
naive,2:1,sample_cpu4_freq,500,MHz
naive,2:1,sample_cpu5_freq,500,MHz
naive,2:1,sample_cpu6_freq,500,MHz
naive,2:1,sample_cpu7_freq,500,MHz
naive,2:2,sample_elapsed,160,ms
naive,2:2,sample_power,1.206,W
naive,2:2,sample_process_cpu,408.750,% one core
naive,2:2,sample_free_ram,1.261,GiB
naive,2:2,sample_battery_temp,36.000,C
naive,2:2,sample_thermal_status,1,Android PowerManager status
naive,2:2,sample_cpu0_freq,1000,MHz
naive,2:2,sample_cpu1_freq,1000,MHz
naive,2:2,sample_cpu2_freq,900,MHz
naive,2:2,sample_cpu3_freq,450,MHz
naive,2:2,sample_cpu4_freq,2500,MHz
naive,2:2,sample_cpu5_freq,2500,MHz
naive,2:2,sample_cpu6_freq,2500,MHz
naive,2:2,sample_cpu7_freq,2500,MHz
naive,2:3,sample_elapsed,315,ms
naive,2:3,sample_power,1.206,W
naive,2:3,sample_process_cpu,488.387,% one core
naive,2:3,sample_free_ram,1.221,GiB
naive,2:3,sample_battery_temp,36.000,C
naive,2:3,sample_thermal_status,1,Android PowerManager status
naive,2:3,sample_cpu0_freq,1900,MHz
naive,2:3,sample_cpu1_freq,1900,MHz
naive,2:3,sample_cpu2_freq,1900,MHz
naive,2:3,sample_cpu3_freq,1900,MHz
naive,2:3,sample_cpu4_freq,2500,MHz
naive,2:3,sample_cpu5_freq,2500,MHz
naive,2:3,sample_cpu6_freq,2500,MHz
naive,2:3,sample_cpu7_freq,2500,MHz
naive,2:4,sample_elapsed,468,ms
naive,2:4,sample_power,1.206,W
naive,2:4,sample_process_cpu,536.601,% one core
naive,2:4,sample_free_ram,1.216,GiB
naive,2:4,sample_battery_temp,36.000,C
naive,2:4,sample_thermal_status,1,Android PowerManager status
naive,2:4,sample_cpu0_freq,1900,MHz
naive,2:4,sample_cpu1_freq,1900,MHz
naive,2:4,sample_cpu2_freq,1900,MHz
naive,2:4,sample_cpu3_freq,1900,MHz
naive,2:4,sample_cpu4_freq,2500,MHz
naive,2:4,sample_cpu5_freq,2500,MHz
naive,2:4,sample_cpu6_freq,2500,MHz
naive,2:4,sample_cpu7_freq,2500,MHz
naive,2:5,sample_elapsed,621,ms
naive,2:5,sample_power,4.688,W
naive,2:5,sample_process_cpu,538.562,% one core
naive,2:5,sample_free_ram,1.216,GiB
naive,2:5,sample_battery_temp,36.000,C
naive,2:5,sample_thermal_status,1,Android PowerManager status
naive,2:5,sample_cpu0_freq,1900,MHz
naive,2:5,sample_cpu1_freq,1900,MHz
naive,2:5,sample_cpu2_freq,1900,MHz
naive,2:5,sample_cpu3_freq,1900,MHz
naive,2:5,sample_cpu4_freq,2500,MHz
naive,2:5,sample_cpu5_freq,2500,MHz
naive,2:5,sample_cpu6_freq,2500,MHz
naive,2:5,sample_cpu7_freq,2500,MHz
naive,2:6,sample_elapsed,775,ms
naive,2:6,sample_power,4.688,W
naive,2:6,sample_process_cpu,529.870,% one core
naive,2:6,sample_free_ram,1.216,GiB
naive,2:6,sample_battery_temp,36.000,C
naive,2:6,sample_thermal_status,1,Android PowerManager status
naive,2:6,sample_cpu0_freq,1900,MHz
naive,2:6,sample_cpu1_freq,1900,MHz
naive,2:6,sample_cpu2_freq,1900,MHz
naive,2:6,sample_cpu3_freq,1900,MHz
naive,2:6,sample_cpu4_freq,2500,MHz
naive,2:6,sample_cpu5_freq,2500,MHz
naive,2:6,sample_cpu6_freq,2500,MHz
naive,2:6,sample_cpu7_freq,2500,MHz
naive,2:7,sample_elapsed,928,ms
naive,2:7,sample_power,4.688,W
naive,2:7,sample_process_cpu,535.948,% one core
naive,2:7,sample_free_ram,1.216,GiB
naive,2:7,sample_battery_temp,36.000,C
naive,2:7,sample_thermal_status,1,Android PowerManager status
naive,2:7,sample_cpu0_freq,1900,MHz
naive,2:7,sample_cpu1_freq,1900,MHz
naive,2:7,sample_cpu2_freq,1900,MHz
naive,2:7,sample_cpu3_freq,1900,MHz
naive,2:7,sample_cpu4_freq,2500,MHz
naive,2:7,sample_cpu5_freq,2500,MHz
naive,2:7,sample_cpu6_freq,2500,MHz
naive,2:7,sample_cpu7_freq,2500,MHz
naive,2:8,sample_elapsed,1081,ms
naive,2:8,sample_power,4.688,W
naive,2:8,sample_process_cpu,543.791,% one core
naive,2:8,sample_free_ram,1.215,GiB
naive,2:8,sample_battery_temp,36.000,C
naive,2:8,sample_thermal_status,1,Android PowerManager status
naive,2:8,sample_cpu0_freq,1900,MHz
naive,2:8,sample_cpu1_freq,1900,MHz
naive,2:8,sample_cpu2_freq,1900,MHz
naive,2:8,sample_cpu3_freq,1900,MHz
naive,2:8,sample_cpu4_freq,2500,MHz
naive,2:8,sample_cpu5_freq,2500,MHz
naive,2:8,sample_cpu6_freq,2500,MHz
naive,2:8,sample_cpu7_freq,2500,MHz
naive,2:9,sample_elapsed,1234,ms
naive,2:9,sample_power,4.158,W
naive,2:9,sample_process_cpu,537.255,% one core
naive,2:9,sample_free_ram,1.215,GiB
naive,2:9,sample_battery_temp,36.000,C
naive,2:9,sample_thermal_status,1,Android PowerManager status
naive,2:9,sample_cpu0_freq,1900,MHz
naive,2:9,sample_cpu1_freq,1900,MHz
naive,2:9,sample_cpu2_freq,1900,MHz
naive,2:9,sample_cpu3_freq,1900,MHz
naive,2:9,sample_cpu4_freq,2500,MHz
naive,2:9,sample_cpu5_freq,2500,MHz
naive,2:9,sample_cpu6_freq,2500,MHz
naive,2:9,sample_cpu7_freq,2500,MHz
naive,2:10,sample_elapsed,1387,ms
naive,2:10,sample_power,4.158,W
naive,2:10,sample_process_cpu,537.908,% one core
naive,2:10,sample_free_ram,1.215,GiB
naive,2:10,sample_battery_temp,36.000,C
naive,2:10,sample_thermal_status,1,Android PowerManager status
naive,2:10,sample_cpu0_freq,1900,MHz
naive,2:10,sample_cpu1_freq,1900,MHz
naive,2:10,sample_cpu2_freq,1900,MHz
naive,2:10,sample_cpu3_freq,1900,MHz
naive,2:10,sample_cpu4_freq,2500,MHz
naive,2:10,sample_cpu5_freq,2500,MHz
naive,2:10,sample_cpu6_freq,2500,MHz
naive,2:10,sample_cpu7_freq,2500,MHz
naive,2:11,sample_elapsed,1540,ms
naive,2:11,sample_power,4.158,W
naive,2:11,sample_process_cpu,560.131,% one core
naive,2:11,sample_free_ram,1.218,GiB
naive,2:11,sample_battery_temp,36.000,C
naive,2:11,sample_thermal_status,1,Android PowerManager status
naive,2:11,sample_cpu0_freq,1300,MHz
naive,2:11,sample_cpu1_freq,1400,MHz
naive,2:11,sample_cpu2_freq,1000,MHz
naive,2:11,sample_cpu3_freq,1000,MHz
naive,2:11,sample_cpu4_freq,2500,MHz
naive,2:11,sample_cpu5_freq,2500,MHz
naive,2:11,sample_cpu6_freq,2500,MHz
naive,2:11,sample_cpu7_freq,2500,MHz
naive,2:12,sample_elapsed,1695,ms
naive,2:12,sample_power,4.158,W
naive,2:12,sample_process_cpu,538.710,% one core
naive,2:12,sample_free_ram,1.218,GiB
naive,2:12,sample_battery_temp,36.000,C
naive,2:12,sample_thermal_status,1,Android PowerManager status
naive,2:12,sample_cpu0_freq,1900,MHz
naive,2:12,sample_cpu1_freq,1900,MHz
naive,2:12,sample_cpu2_freq,1900,MHz
naive,2:12,sample_cpu3_freq,1900,MHz
naive,2:12,sample_cpu4_freq,2500,MHz
naive,2:12,sample_cpu5_freq,2500,MHz
naive,2:12,sample_cpu6_freq,2500,MHz
naive,2:12,sample_cpu7_freq,2500,MHz
naive,2:13,sample_elapsed,1847,ms
naive,2:13,sample_power,4.365,W
naive,2:13,sample_process_cpu,551.974,% one core
naive,2:13,sample_free_ram,1.218,GiB
naive,2:13,sample_battery_temp,36.000,C
naive,2:13,sample_thermal_status,1,Android PowerManager status
naive,2:13,sample_cpu0_freq,1900,MHz
naive,2:13,sample_cpu1_freq,1900,MHz
naive,2:13,sample_cpu2_freq,1900,MHz
naive,2:13,sample_cpu3_freq,1900,MHz
naive,2:13,sample_cpu4_freq,2500,MHz
naive,2:13,sample_cpu5_freq,2500,MHz
naive,2:13,sample_cpu6_freq,2500,MHz
naive,2:13,sample_cpu7_freq,2500,MHz
naive,2:14,sample_elapsed,2006,ms
naive,2:14,sample_power,4.365,W
naive,2:14,sample_process_cpu,500.629,% one core
naive,2:14,sample_free_ram,1.217,GiB
naive,2:14,sample_battery_temp,36.000,C
naive,2:14,sample_thermal_status,1,Android PowerManager status
naive,2:14,sample_cpu0_freq,1900,MHz
naive,2:14,sample_cpu1_freq,1900,MHz
naive,2:14,sample_cpu2_freq,1900,MHz
naive,2:14,sample_cpu3_freq,1900,MHz
naive,2:14,sample_cpu4_freq,2500,MHz
naive,2:14,sample_cpu5_freq,2500,MHz
naive,2:14,sample_cpu6_freq,2500,MHz
naive,2:14,sample_cpu7_freq,2500,MHz
naive,2:15,sample_elapsed,2158,ms
naive,2:15,sample_power,4.365,W
naive,2:15,sample_process_cpu,541.447,% one core
naive,2:15,sample_free_ram,1.217,GiB
naive,2:15,sample_battery_temp,36.000,C
naive,2:15,sample_thermal_status,1,Android PowerManager status
naive,2:15,sample_cpu0_freq,1900,MHz
naive,2:15,sample_cpu1_freq,1900,MHz
naive,2:15,sample_cpu2_freq,1900,MHz
naive,2:15,sample_cpu3_freq,1900,MHz
naive,2:15,sample_cpu4_freq,2500,MHz
naive,2:15,sample_cpu5_freq,2500,MHz
naive,2:15,sample_cpu6_freq,2500,MHz
naive,2:15,sample_cpu7_freq,2500,MHz
naive,2:16,sample_elapsed,2310,ms
naive,2:16,sample_power,4.365,W
naive,2:16,sample_process_cpu,540.789,% one core
naive,2:16,sample_free_ram,1.217,GiB
naive,2:16,sample_battery_temp,36.000,C
naive,2:16,sample_thermal_status,1,Android PowerManager status
naive,2:16,sample_cpu0_freq,1900,MHz
naive,2:16,sample_cpu1_freq,1900,MHz
naive,2:16,sample_cpu2_freq,1900,MHz
naive,2:16,sample_cpu3_freq,1900,MHz
naive,2:16,sample_cpu4_freq,2500,MHz
naive,2:16,sample_cpu5_freq,2500,MHz
naive,2:16,sample_cpu6_freq,2500,MHz
naive,2:16,sample_cpu7_freq,2500,MHz
naive,2:17,sample_elapsed,2463,ms
naive,2:17,sample_power,4.196,W
naive,2:17,sample_process_cpu,536.601,% one core
naive,2:17,sample_free_ram,1.217,GiB
naive,2:17,sample_battery_temp,36.000,C
naive,2:17,sample_thermal_status,1,Android PowerManager status
naive,2:17,sample_cpu0_freq,1900,MHz
naive,2:17,sample_cpu1_freq,1900,MHz
naive,2:17,sample_cpu2_freq,1900,MHz
naive,2:17,sample_cpu3_freq,1900,MHz
naive,2:17,sample_cpu4_freq,2500,MHz
naive,2:17,sample_cpu5_freq,2500,MHz
naive,2:17,sample_cpu6_freq,2500,MHz
naive,2:17,sample_cpu7_freq,2500,MHz
naive,2:18,sample_elapsed,2616,ms
naive,2:18,sample_power,4.196,W
naive,2:18,sample_process_cpu,534.641,% one core
naive,2:18,sample_free_ram,1.217,GiB
naive,2:18,sample_battery_temp,36.000,C
naive,2:18,sample_thermal_status,1,Android PowerManager status
naive,2:18,sample_cpu0_freq,1900,MHz
naive,2:18,sample_cpu1_freq,1900,MHz
naive,2:18,sample_cpu2_freq,1900,MHz
naive,2:18,sample_cpu3_freq,1900,MHz
naive,2:18,sample_cpu4_freq,2500,MHz
naive,2:18,sample_cpu5_freq,2500,MHz
naive,2:18,sample_cpu6_freq,2500,MHz
naive,2:18,sample_cpu7_freq,2500,MHz
naive,2:19,sample_elapsed,2769,ms
naive,2:19,sample_power,4.196,W
naive,2:19,sample_process_cpu,537.908,% one core
naive,2:19,sample_free_ram,1.217,GiB
naive,2:19,sample_battery_temp,36.000,C
naive,2:19,sample_thermal_status,1,Android PowerManager status
naive,2:19,sample_cpu0_freq,1900,MHz
naive,2:19,sample_cpu1_freq,1900,MHz
naive,2:19,sample_cpu2_freq,1900,MHz
naive,2:19,sample_cpu3_freq,1900,MHz
naive,2:19,sample_cpu4_freq,2500,MHz
naive,2:19,sample_cpu5_freq,2500,MHz
naive,2:19,sample_cpu6_freq,2500,MHz
naive,2:19,sample_cpu7_freq,2500,MHz
naive,2:20,sample_elapsed,2923,ms
naive,2:20,sample_power,4.196,W
naive,2:20,sample_process_cpu,542.208,% one core
naive,2:20,sample_free_ram,1.217,GiB
naive,2:20,sample_battery_temp,36.000,C
naive,2:20,sample_thermal_status,1,Android PowerManager status
naive,2:20,sample_cpu0_freq,1900,MHz
naive,2:20,sample_cpu1_freq,1900,MHz
naive,2:20,sample_cpu2_freq,1900,MHz
naive,2:20,sample_cpu3_freq,1900,MHz
naive,2:20,sample_cpu4_freq,2500,MHz
naive,2:20,sample_cpu5_freq,2500,MHz
naive,2:20,sample_cpu6_freq,2500,MHz
naive,2:20,sample_cpu7_freq,2500,MHz
naive,2:21,sample_elapsed,3075,ms
naive,2:21,sample_power,4.276,W
naive,2:21,sample_process_cpu,539.474,% one core
naive,2:21,sample_free_ram,1.216,GiB
naive,2:21,sample_battery_temp,36.000,C
naive,2:21,sample_thermal_status,1,Android PowerManager status
naive,2:21,sample_cpu0_freq,1900,MHz
naive,2:21,sample_cpu1_freq,1900,MHz
naive,2:21,sample_cpu2_freq,1900,MHz
naive,2:21,sample_cpu3_freq,1900,MHz
naive,2:21,sample_cpu4_freq,2500,MHz
naive,2:21,sample_cpu5_freq,2500,MHz
naive,2:21,sample_cpu6_freq,2500,MHz
naive,2:21,sample_cpu7_freq,2500,MHz
naive,2:22,sample_elapsed,3230,ms
naive,2:22,sample_power,4.276,W
naive,2:22,sample_process_cpu,523.226,% one core
naive,2:22,sample_free_ram,1.216,GiB
naive,2:22,sample_battery_temp,36.000,C
naive,2:22,sample_thermal_status,1,Android PowerManager status
naive,2:22,sample_cpu0_freq,1900,MHz
naive,2:22,sample_cpu1_freq,1900,MHz
naive,2:22,sample_cpu2_freq,1900,MHz
naive,2:22,sample_cpu3_freq,1900,MHz
naive,2:22,sample_cpu4_freq,2500,MHz
naive,2:22,sample_cpu5_freq,2500,MHz
naive,2:22,sample_cpu6_freq,2500,MHz
naive,2:22,sample_cpu7_freq,2500,MHz
naive,2:23,sample_elapsed,3384,ms
naive,2:23,sample_power,4.276,W
naive,2:23,sample_process_cpu,536.364,% one core
naive,2:23,sample_free_ram,1.216,GiB
naive,2:23,sample_battery_temp,36.000,C
naive,2:23,sample_thermal_status,1,Android PowerManager status
naive,2:23,sample_cpu0_freq,1900,MHz
naive,2:23,sample_cpu1_freq,1900,MHz
naive,2:23,sample_cpu2_freq,1900,MHz
naive,2:23,sample_cpu3_freq,1900,MHz
naive,2:23,sample_cpu4_freq,2500,MHz
naive,2:23,sample_cpu5_freq,2500,MHz
naive,2:23,sample_cpu6_freq,2500,MHz
naive,2:23,sample_cpu7_freq,2500,MHz
naive,2:24,sample_elapsed,3537,ms
naive,2:24,sample_power,4.276,W
naive,2:24,sample_process_cpu,533.987,% one core
naive,2:24,sample_free_ram,1.216,GiB
naive,2:24,sample_battery_temp,36.000,C
naive,2:24,sample_thermal_status,1,Android PowerManager status
naive,2:24,sample_cpu0_freq,1900,MHz
naive,2:24,sample_cpu1_freq,1900,MHz
naive,2:24,sample_cpu2_freq,1900,MHz
naive,2:24,sample_cpu3_freq,1900,MHz
naive,2:24,sample_cpu4_freq,2500,MHz
naive,2:24,sample_cpu5_freq,2500,MHz
naive,2:24,sample_cpu6_freq,2500,MHz
naive,2:24,sample_cpu7_freq,2500,MHz
naive,2:25,sample_elapsed,3689,ms
naive,2:25,sample_power,4.474,W
naive,2:25,sample_process_cpu,544.737,% one core
naive,2:25,sample_free_ram,1.216,GiB
naive,2:25,sample_battery_temp,36.000,C
naive,2:25,sample_thermal_status,1,Android PowerManager status
naive,2:25,sample_cpu0_freq,1900,MHz
naive,2:25,sample_cpu1_freq,1900,MHz
naive,2:25,sample_cpu2_freq,1900,MHz
naive,2:25,sample_cpu3_freq,1900,MHz
naive,2:25,sample_cpu4_freq,2500,MHz
naive,2:25,sample_cpu5_freq,2500,MHz
naive,2:25,sample_cpu6_freq,2500,MHz
naive,2:25,sample_cpu7_freq,2500,MHz
naive,2:26,sample_elapsed,3843,ms
naive,2:26,sample_power,4.474,W
naive,2:26,sample_process_cpu,525.325,% one core
naive,2:26,sample_free_ram,1.216,GiB
naive,2:26,sample_battery_temp,36.000,C
naive,2:26,sample_thermal_status,1,Android PowerManager status
naive,2:26,sample_cpu0_freq,1900,MHz
naive,2:26,sample_cpu1_freq,1900,MHz
naive,2:26,sample_cpu2_freq,1900,MHz
naive,2:26,sample_cpu3_freq,1900,MHz
naive,2:26,sample_cpu4_freq,2500,MHz
naive,2:26,sample_cpu5_freq,2500,MHz
naive,2:26,sample_cpu6_freq,2500,MHz
naive,2:26,sample_cpu7_freq,2500,MHz
naive,2:27,sample_elapsed,3995,ms
naive,2:27,sample_power,4.474,W
naive,2:27,sample_process_cpu,542.763,% one core
naive,2:27,sample_free_ram,1.216,GiB
naive,2:27,sample_battery_temp,36.000,C
naive,2:27,sample_thermal_status,1,Android PowerManager status
naive,2:27,sample_cpu0_freq,1900,MHz
naive,2:27,sample_cpu1_freq,1900,MHz
naive,2:27,sample_cpu2_freq,1900,MHz
naive,2:27,sample_cpu3_freq,1900,MHz
naive,2:27,sample_cpu4_freq,2500,MHz
naive,2:27,sample_cpu5_freq,2500,MHz
naive,2:27,sample_cpu6_freq,2500,MHz
naive,2:27,sample_cpu7_freq,2500,MHz
naive,2:28,sample_elapsed,4148,ms
naive,2:28,sample_power,4.474,W
naive,2:28,sample_process_cpu,515.686,% one core
naive,2:28,sample_free_ram,1.215,GiB
naive,2:28,sample_battery_temp,36.000,C
naive,2:28,sample_thermal_status,1,Android PowerManager status
naive,2:28,sample_cpu0_freq,1900,MHz
naive,2:28,sample_cpu1_freq,1900,MHz
naive,2:28,sample_cpu2_freq,1900,MHz
naive,2:28,sample_cpu3_freq,1900,MHz
naive,2:28,sample_cpu4_freq,2500,MHz
naive,2:28,sample_cpu5_freq,2500,MHz
naive,2:28,sample_cpu6_freq,2500,MHz
naive,2:28,sample_cpu7_freq,2500,MHz
naive,2:29,sample_elapsed,4302,ms
naive,2:29,sample_power,4.398,W
naive,2:29,sample_process_cpu,523.377,% one core
naive,2:29,sample_free_ram,1.215,GiB
naive,2:29,sample_battery_temp,36.000,C
naive,2:29,sample_thermal_status,1,Android PowerManager status
naive,2:29,sample_cpu0_freq,1900,MHz
naive,2:29,sample_cpu1_freq,1900,MHz
naive,2:29,sample_cpu2_freq,1900,MHz
naive,2:29,sample_cpu3_freq,1900,MHz
naive,2:29,sample_cpu4_freq,2500,MHz
naive,2:29,sample_cpu5_freq,2500,MHz
naive,2:29,sample_cpu6_freq,2500,MHz
naive,2:29,sample_cpu7_freq,2500,MHz
naive,2:30,sample_elapsed,4456,ms
naive,2:30,sample_power,4.398,W
naive,2:30,sample_process_cpu,516.234,% one core
naive,2:30,sample_free_ram,1.213,GiB
naive,2:30,sample_battery_temp,36.000,C
naive,2:30,sample_thermal_status,1,Android PowerManager status
naive,2:30,sample_cpu0_freq,1900,MHz
naive,2:30,sample_cpu1_freq,1900,MHz
naive,2:30,sample_cpu2_freq,1900,MHz
naive,2:30,sample_cpu3_freq,1900,MHz
naive,2:30,sample_cpu4_freq,2500,MHz
naive,2:30,sample_cpu5_freq,2500,MHz
naive,2:30,sample_cpu6_freq,2500,MHz
naive,2:30,sample_cpu7_freq,2500,MHz
naive,2:31,sample_elapsed,4609,ms
naive,2:31,sample_power,4.398,W
naive,2:31,sample_process_cpu,533.987,% one core
naive,2:31,sample_free_ram,1.213,GiB
naive,2:31,sample_battery_temp,36.000,C
naive,2:31,sample_thermal_status,1,Android PowerManager status
naive,2:31,sample_cpu0_freq,1900,MHz
naive,2:31,sample_cpu1_freq,1900,MHz
naive,2:31,sample_cpu2_freq,1900,MHz
naive,2:31,sample_cpu3_freq,1900,MHz
naive,2:31,sample_cpu4_freq,2500,MHz
naive,2:31,sample_cpu5_freq,2500,MHz
naive,2:31,sample_cpu6_freq,2500,MHz
naive,2:31,sample_cpu7_freq,2500,MHz
naive,2:32,sample_elapsed,4762,ms
naive,2:32,sample_power,4.398,W
naive,2:32,sample_process_cpu,536.601,% one core
naive,2:32,sample_free_ram,1.213,GiB
naive,2:32,sample_battery_temp,36.000,C
naive,2:32,sample_thermal_status,1,Android PowerManager status
naive,2:32,sample_cpu0_freq,500,MHz
naive,2:32,sample_cpu1_freq,500,MHz
naive,2:32,sample_cpu2_freq,500,MHz
naive,2:32,sample_cpu3_freq,500,MHz
naive,2:32,sample_cpu4_freq,2500,MHz
naive,2:32,sample_cpu5_freq,2500,MHz
naive,2:32,sample_cpu6_freq,2500,MHz
naive,2:32,sample_cpu7_freq,2500,MHz
naive,2:33,sample_elapsed,4914,ms
naive,2:33,sample_power,4.129,W
naive,2:33,sample_process_cpu,528.947,% one core
naive,2:33,sample_free_ram,1.213,GiB
naive,2:33,sample_battery_temp,36.000,C
naive,2:33,sample_thermal_status,1,Android PowerManager status
naive,2:33,sample_cpu0_freq,1900,MHz
naive,2:33,sample_cpu1_freq,1900,MHz
naive,2:33,sample_cpu2_freq,1900,MHz
naive,2:33,sample_cpu3_freq,1900,MHz
naive,2:33,sample_cpu4_freq,2500,MHz
naive,2:33,sample_cpu5_freq,2500,MHz
naive,2:33,sample_cpu6_freq,2500,MHz
naive,2:33,sample_cpu7_freq,2500,MHz
naive,2:34,sample_elapsed,5068,ms
naive,2:34,sample_power,4.129,W
naive,2:34,sample_process_cpu,526.623,% one core
naive,2:34,sample_free_ram,1.213,GiB
naive,2:34,sample_battery_temp,36.000,C
naive,2:34,sample_thermal_status,1,Android PowerManager status
naive,2:34,sample_cpu0_freq,1900,MHz
naive,2:34,sample_cpu1_freq,1900,MHz
naive,2:34,sample_cpu2_freq,1900,MHz
naive,2:34,sample_cpu3_freq,1900,MHz
naive,2:34,sample_cpu4_freq,2500,MHz
naive,2:34,sample_cpu5_freq,2500,MHz
naive,2:34,sample_cpu6_freq,2500,MHz
naive,2:34,sample_cpu7_freq,2500,MHz
naive,2:35,sample_elapsed,5222,ms
naive,2:35,sample_power,4.129,W
naive,2:35,sample_process_cpu,533.117,% one core
naive,2:35,sample_free_ram,1.213,GiB
naive,2:35,sample_battery_temp,36.000,C
naive,2:35,sample_thermal_status,1,Android PowerManager status
naive,2:35,sample_cpu0_freq,1900,MHz
naive,2:35,sample_cpu1_freq,1900,MHz
naive,2:35,sample_cpu2_freq,1900,MHz
naive,2:35,sample_cpu3_freq,1900,MHz
naive,2:35,sample_cpu4_freq,2500,MHz
naive,2:35,sample_cpu5_freq,2500,MHz
naive,2:35,sample_cpu6_freq,2500,MHz
naive,2:35,sample_cpu7_freq,2500,MHz
naive,2:36,sample_elapsed,5374,ms
naive,2:36,sample_power,4.129,W
naive,2:36,sample_process_cpu,555.263,% one core
naive,2:36,sample_free_ram,1.213,GiB
naive,2:36,sample_battery_temp,36.000,C
naive,2:36,sample_thermal_status,1,Android PowerManager status
naive,2:36,sample_cpu0_freq,1900,MHz
naive,2:36,sample_cpu1_freq,1900,MHz
naive,2:36,sample_cpu2_freq,1900,MHz
naive,2:36,sample_cpu3_freq,1900,MHz
naive,2:36,sample_cpu4_freq,2500,MHz
naive,2:36,sample_cpu5_freq,2500,MHz
naive,2:36,sample_cpu6_freq,2500,MHz
naive,2:36,sample_cpu7_freq,2500,MHz
naive,2:37,sample_elapsed,5527,ms
naive,2:37,sample_power,4.296,W
naive,2:37,sample_process_cpu,552.941,% one core
naive,2:37,sample_free_ram,1.213,GiB
naive,2:37,sample_battery_temp,36.000,C
naive,2:37,sample_thermal_status,1,Android PowerManager status
naive,2:37,sample_cpu0_freq,1900,MHz
naive,2:37,sample_cpu1_freq,1900,MHz
naive,2:37,sample_cpu2_freq,1900,MHz
naive,2:37,sample_cpu3_freq,1900,MHz
naive,2:37,sample_cpu4_freq,2500,MHz
naive,2:37,sample_cpu5_freq,2500,MHz
naive,2:37,sample_cpu6_freq,2500,MHz
naive,2:37,sample_cpu7_freq,2500,MHz
naive,2:38,sample_elapsed,5682,ms
naive,2:38,sample_power,4.296,W
naive,2:38,sample_process_cpu,550.968,% one core
naive,2:38,sample_free_ram,1.213,GiB
naive,2:38,sample_battery_temp,36.000,C
naive,2:38,sample_thermal_status,1,Android PowerManager status
naive,2:38,sample_cpu0_freq,1900,MHz
naive,2:38,sample_cpu1_freq,1900,MHz
naive,2:38,sample_cpu2_freq,1900,MHz
naive,2:38,sample_cpu3_freq,1900,MHz
naive,2:38,sample_cpu4_freq,2500,MHz
naive,2:38,sample_cpu5_freq,2500,MHz
naive,2:38,sample_cpu6_freq,2500,MHz
naive,2:38,sample_cpu7_freq,2500,MHz
naive,2:39,sample_elapsed,5841,ms
naive,2:39,sample_power,4.296,W
naive,2:39,sample_process_cpu,540.881,% one core
naive,2:39,sample_free_ram,1.213,GiB
naive,2:39,sample_battery_temp,36.000,C
naive,2:39,sample_thermal_status,1,Android PowerManager status
naive,2:39,sample_cpu0_freq,1900,MHz
naive,2:39,sample_cpu1_freq,1900,MHz
naive,2:39,sample_cpu2_freq,1900,MHz
naive,2:39,sample_cpu3_freq,1900,MHz
naive,2:39,sample_cpu4_freq,2500,MHz
naive,2:39,sample_cpu5_freq,2500,MHz
naive,2:39,sample_cpu6_freq,2500,MHz
naive,2:39,sample_cpu7_freq,2500,MHz
naive,2:40,sample_elapsed,5994,ms
naive,2:40,sample_power,4.296,W
naive,2:40,sample_process_cpu,545.098,% one core
naive,2:40,sample_free_ram,1.212,GiB
naive,2:40,sample_battery_temp,36.000,C
naive,2:40,sample_thermal_status,1,Android PowerManager status
naive,2:40,sample_cpu0_freq,1900,MHz
naive,2:40,sample_cpu1_freq,1900,MHz
naive,2:40,sample_cpu2_freq,1900,MHz
naive,2:40,sample_cpu3_freq,1900,MHz
naive,2:40,sample_cpu4_freq,2500,MHz
naive,2:40,sample_cpu5_freq,2500,MHz
naive,2:40,sample_cpu6_freq,2500,MHz
naive,2:40,sample_cpu7_freq,2500,MHz
naive,2:41,sample_elapsed,6147,ms
naive,2:41,sample_power,4.465,W
naive,2:41,sample_process_cpu,560.131,% one core
naive,2:41,sample_free_ram,1.212,GiB
naive,2:41,sample_battery_temp,36.000,C
naive,2:41,sample_thermal_status,1,Android PowerManager status
naive,2:41,sample_cpu0_freq,1900,MHz
naive,2:41,sample_cpu1_freq,1900,MHz
naive,2:41,sample_cpu2_freq,1900,MHz
naive,2:41,sample_cpu3_freq,1900,MHz
naive,2:41,sample_cpu4_freq,2500,MHz
naive,2:41,sample_cpu5_freq,2500,MHz
naive,2:41,sample_cpu6_freq,2500,MHz
naive,2:41,sample_cpu7_freq,2500,MHz
naive,2:42,sample_elapsed,6304,ms
naive,2:42,sample_power,4.465,W
naive,2:42,sample_process_cpu,528.662,% one core
naive,2:42,sample_free_ram,1.212,GiB
naive,2:42,sample_battery_temp,36.000,C
naive,2:42,sample_thermal_status,1,Android PowerManager status
naive,2:42,sample_cpu0_freq,1900,MHz
naive,2:42,sample_cpu1_freq,1900,MHz
naive,2:42,sample_cpu2_freq,1900,MHz
naive,2:42,sample_cpu3_freq,1900,MHz
naive,2:42,sample_cpu4_freq,2500,MHz
naive,2:42,sample_cpu5_freq,2500,MHz
naive,2:42,sample_cpu6_freq,2500,MHz
naive,2:42,sample_cpu7_freq,2500,MHz
naive,2:43,sample_elapsed,6457,ms
naive,2:43,sample_power,4.465,W
naive,2:43,sample_process_cpu,550.327,% one core
naive,2:43,sample_free_ram,1.212,GiB
naive,2:43,sample_battery_temp,36.000,C
naive,2:43,sample_thermal_status,1,Android PowerManager status
naive,2:43,sample_cpu0_freq,1900,MHz
naive,2:43,sample_cpu1_freq,1900,MHz
naive,2:43,sample_cpu2_freq,1900,MHz
naive,2:43,sample_cpu3_freq,1900,MHz
naive,2:43,sample_cpu4_freq,2500,MHz
naive,2:43,sample_cpu5_freq,2500,MHz
naive,2:43,sample_cpu6_freq,2500,MHz
naive,2:43,sample_cpu7_freq,2500,MHz
naive,2:44,sample_elapsed,6617,ms
naive,2:44,sample_power,4.465,W
naive,2:44,sample_process_cpu,555.000,% one core
naive,2:44,sample_free_ram,1.212,GiB
naive,2:44,sample_battery_temp,36.000,C
naive,2:44,sample_thermal_status,1,Android PowerManager status
naive,2:44,sample_cpu0_freq,1900,MHz
naive,2:44,sample_cpu1_freq,1900,MHz
naive,2:44,sample_cpu2_freq,1900,MHz
naive,2:44,sample_cpu3_freq,1900,MHz
naive,2:44,sample_cpu4_freq,2500,MHz
naive,2:44,sample_cpu5_freq,2500,MHz
naive,2:44,sample_cpu6_freq,2500,MHz
naive,2:44,sample_cpu7_freq,2500,MHz
naive,2:45,sample_elapsed,6771,ms
naive,2:45,sample_power,4.251,W
naive,2:45,sample_process_cpu,541.558,% one core
naive,2:45,sample_free_ram,1.212,GiB
naive,2:45,sample_battery_temp,36.000,C
naive,2:45,sample_thermal_status,1,Android PowerManager status
naive,2:45,sample_cpu0_freq,1900,MHz
naive,2:45,sample_cpu1_freq,1900,MHz
naive,2:45,sample_cpu2_freq,1900,MHz
naive,2:45,sample_cpu3_freq,1900,MHz
naive,2:45,sample_cpu4_freq,2500,MHz
naive,2:45,sample_cpu5_freq,2500,MHz
naive,2:45,sample_cpu6_freq,2500,MHz
naive,2:45,sample_cpu7_freq,2500,MHz
naive,2:46,sample_elapsed,6924,ms
naive,2:46,sample_power,4.251,W
naive,2:46,sample_process_cpu,559.477,% one core
naive,2:46,sample_free_ram,1.212,GiB
naive,2:46,sample_battery_temp,36.000,C
naive,2:46,sample_thermal_status,1,Android PowerManager status
naive,2:46,sample_cpu0_freq,1900,MHz
naive,2:46,sample_cpu1_freq,1900,MHz
naive,2:46,sample_cpu2_freq,1900,MHz
naive,2:46,sample_cpu3_freq,1900,MHz
naive,2:46,sample_cpu4_freq,2500,MHz
naive,2:46,sample_cpu5_freq,2500,MHz
naive,2:46,sample_cpu6_freq,2500,MHz
naive,2:46,sample_cpu7_freq,2500,MHz
naive,2:47,sample_elapsed,7081,ms
naive,2:47,sample_power,4.251,W
naive,2:47,sample_process_cpu,536.943,% one core
naive,2:47,sample_free_ram,1.211,GiB
naive,2:47,sample_battery_temp,36.000,C
naive,2:47,sample_thermal_status,1,Android PowerManager status
naive,2:47,sample_cpu0_freq,1900,MHz
naive,2:47,sample_cpu1_freq,1900,MHz
naive,2:47,sample_cpu2_freq,1900,MHz
naive,2:47,sample_cpu3_freq,1900,MHz
naive,2:47,sample_cpu4_freq,2500,MHz
naive,2:47,sample_cpu5_freq,2500,MHz
naive,2:47,sample_cpu6_freq,2500,MHz
naive,2:47,sample_cpu7_freq,2500,MHz
naive,2:48,sample_elapsed,7234,ms
naive,2:48,sample_power,4.251,W
naive,2:48,sample_process_cpu,546.405,% one core
naive,2:48,sample_free_ram,1.212,GiB
naive,2:48,sample_battery_temp,36.000,C
naive,2:48,sample_thermal_status,1,Android PowerManager status
naive,2:48,sample_cpu0_freq,1900,MHz
naive,2:48,sample_cpu1_freq,1900,MHz
naive,2:48,sample_cpu2_freq,1900,MHz
naive,2:48,sample_cpu3_freq,1900,MHz
naive,2:48,sample_cpu4_freq,2500,MHz
naive,2:48,sample_cpu5_freq,2500,MHz
naive,2:48,sample_cpu6_freq,2500,MHz
naive,2:48,sample_cpu7_freq,2500,MHz
naive,2:49,sample_elapsed,7387,ms
naive,2:49,sample_power,4.636,W
naive,2:49,sample_process_cpu,547.059,% one core
naive,2:49,sample_free_ram,1.212,GiB
naive,2:49,sample_battery_temp,36.000,C
naive,2:49,sample_thermal_status,1,Android PowerManager status
naive,2:49,sample_cpu0_freq,1900,MHz
naive,2:49,sample_cpu1_freq,1900,MHz
naive,2:49,sample_cpu2_freq,1900,MHz
naive,2:49,sample_cpu3_freq,1900,MHz
naive,2:49,sample_cpu4_freq,2500,MHz
naive,2:49,sample_cpu5_freq,2500,MHz
naive,2:49,sample_cpu6_freq,2500,MHz
naive,2:49,sample_cpu7_freq,2500,MHz
naive,2:50,sample_elapsed,7544,ms
naive,2:50,sample_power,4.636,W
naive,2:50,sample_process_cpu,520.382,% one core
naive,2:50,sample_free_ram,1.212,GiB
naive,2:50,sample_battery_temp,36.000,C
naive,2:50,sample_thermal_status,1,Android PowerManager status
naive,2:50,sample_cpu0_freq,1900,MHz
naive,2:50,sample_cpu1_freq,1900,MHz
naive,2:50,sample_cpu2_freq,1900,MHz
naive,2:50,sample_cpu3_freq,1900,MHz
naive,2:50,sample_cpu4_freq,2500,MHz
naive,2:50,sample_cpu5_freq,2500,MHz
naive,2:50,sample_cpu6_freq,2500,MHz
naive,2:50,sample_cpu7_freq,2500,MHz
naive,2:51,sample_elapsed,7698,ms
naive,2:51,sample_power,4.636,W
naive,2:51,sample_process_cpu,531.818,% one core
naive,2:51,sample_free_ram,1.212,GiB
naive,2:51,sample_battery_temp,36.000,C
naive,2:51,sample_thermal_status,1,Android PowerManager status
naive,2:51,sample_cpu0_freq,1900,MHz
naive,2:51,sample_cpu1_freq,1900,MHz
naive,2:51,sample_cpu2_freq,1900,MHz
naive,2:51,sample_cpu3_freq,1900,MHz
naive,2:51,sample_cpu4_freq,2500,MHz
naive,2:51,sample_cpu5_freq,2500,MHz
naive,2:51,sample_cpu6_freq,2500,MHz
naive,2:51,sample_cpu7_freq,2500,MHz
naive,2:52,sample_elapsed,7851,ms
naive,2:52,sample_power,4.636,W
naive,2:52,sample_process_cpu,547.712,% one core
naive,2:52,sample_free_ram,1.211,GiB
naive,2:52,sample_battery_temp,36.000,C
naive,2:52,sample_thermal_status,1,Android PowerManager status
naive,2:52,sample_cpu0_freq,1900,MHz
naive,2:52,sample_cpu1_freq,1900,MHz
naive,2:52,sample_cpu2_freq,1900,MHz
naive,2:52,sample_cpu3_freq,1900,MHz
naive,2:52,sample_cpu4_freq,2500,MHz
naive,2:52,sample_cpu5_freq,2500,MHz
naive,2:52,sample_cpu6_freq,2500,MHz
naive,2:52,sample_cpu7_freq,2500,MHz
naive,2:53,sample_elapsed,8004,ms
naive,2:53,sample_power,4.656,W
naive,2:53,sample_process_cpu,558.824,% one core
naive,2:53,sample_free_ram,1.211,GiB
naive,2:53,sample_battery_temp,36.000,C
naive,2:53,sample_thermal_status,1,Android PowerManager status
naive,2:53,sample_cpu0_freq,1900,MHz
naive,2:53,sample_cpu1_freq,1900,MHz
naive,2:53,sample_cpu2_freq,1900,MHz
naive,2:53,sample_cpu3_freq,1900,MHz
naive,2:53,sample_cpu4_freq,2500,MHz
naive,2:53,sample_cpu5_freq,2500,MHz
naive,2:53,sample_cpu6_freq,2500,MHz
naive,2:53,sample_cpu7_freq,2500,MHz
naive,2:54,sample_elapsed,8162,ms
naive,2:54,sample_power,4.656,W
naive,2:54,sample_process_cpu,531.013,% one core
naive,2:54,sample_free_ram,1.211,GiB
naive,2:54,sample_battery_temp,36.000,C
naive,2:54,sample_thermal_status,1,Android PowerManager status
naive,2:54,sample_cpu0_freq,1900,MHz
naive,2:54,sample_cpu1_freq,1900,MHz
naive,2:54,sample_cpu2_freq,1900,MHz
naive,2:54,sample_cpu3_freq,1900,MHz
naive,2:54,sample_cpu4_freq,2500,MHz
naive,2:54,sample_cpu5_freq,2500,MHz
naive,2:54,sample_cpu6_freq,2500,MHz
naive,2:54,sample_cpu7_freq,2500,MHz
naive,2:55,sample_elapsed,8315,ms
naive,2:55,sample_power,4.656,W
naive,2:55,sample_process_cpu,538.562,% one core
naive,2:55,sample_free_ram,1.211,GiB
naive,2:55,sample_battery_temp,36.000,C
naive,2:55,sample_thermal_status,1,Android PowerManager status
naive,2:55,sample_cpu0_freq,1900,MHz
naive,2:55,sample_cpu1_freq,1900,MHz
naive,2:55,sample_cpu2_freq,1900,MHz
naive,2:55,sample_cpu3_freq,1900,MHz
naive,2:55,sample_cpu4_freq,2500,MHz
naive,2:55,sample_cpu5_freq,2500,MHz
naive,2:55,sample_cpu6_freq,2500,MHz
naive,2:55,sample_cpu7_freq,2500,MHz
naive,2:56,sample_elapsed,8467,ms
naive,2:56,sample_power,4.656,W
naive,2:56,sample_process_cpu,557.895,% one core
naive,2:56,sample_free_ram,1.211,GiB
naive,2:56,sample_battery_temp,36.000,C
naive,2:56,sample_thermal_status,1,Android PowerManager status
naive,2:56,sample_cpu0_freq,1900,MHz
naive,2:56,sample_cpu1_freq,1900,MHz
naive,2:56,sample_cpu2_freq,1900,MHz
naive,2:56,sample_cpu3_freq,1900,MHz
naive,2:56,sample_cpu4_freq,2500,MHz
naive,2:56,sample_cpu5_freq,2500,MHz
naive,2:56,sample_cpu6_freq,2500,MHz
naive,2:56,sample_cpu7_freq,2500,MHz
naive,2:57,sample_elapsed,8621,ms
naive,2:57,sample_power,4.654,W
naive,2:57,sample_process_cpu,542.208,% one core
naive,2:57,sample_free_ram,1.211,GiB
naive,2:57,sample_battery_temp,36.000,C
naive,2:57,sample_thermal_status,1,Android PowerManager status
naive,2:57,sample_cpu0_freq,1900,MHz
naive,2:57,sample_cpu1_freq,1900,MHz
naive,2:57,sample_cpu2_freq,1900,MHz
naive,2:57,sample_cpu3_freq,1900,MHz
naive,2:57,sample_cpu4_freq,2500,MHz
naive,2:57,sample_cpu5_freq,2500,MHz
naive,2:57,sample_cpu6_freq,2500,MHz
naive,2:57,sample_cpu7_freq,2500,MHz
naive,2:58,sample_elapsed,8776,ms
naive,2:58,sample_power,4.654,W
naive,2:58,sample_process_cpu,534.839,% one core
naive,2:58,sample_free_ram,1.211,GiB
naive,2:58,sample_battery_temp,36.000,C
naive,2:58,sample_thermal_status,1,Android PowerManager status
naive,2:58,sample_cpu0_freq,1900,MHz
naive,2:58,sample_cpu1_freq,1900,MHz
naive,2:58,sample_cpu2_freq,1900,MHz
naive,2:58,sample_cpu3_freq,1900,MHz
naive,2:58,sample_cpu4_freq,2500,MHz
naive,2:58,sample_cpu5_freq,2500,MHz
naive,2:58,sample_cpu6_freq,2500,MHz
naive,2:58,sample_cpu7_freq,2500,MHz
naive,2:59,sample_elapsed,8931,ms
naive,2:59,sample_power,4.654,W
naive,2:59,sample_process_cpu,545.806,% one core
naive,2:59,sample_free_ram,1.211,GiB
naive,2:59,sample_battery_temp,36.000,C
naive,2:59,sample_thermal_status,1,Android PowerManager status
naive,2:59,sample_cpu0_freq,1900,MHz
naive,2:59,sample_cpu1_freq,1900,MHz
naive,2:59,sample_cpu2_freq,1900,MHz
naive,2:59,sample_cpu3_freq,1900,MHz
naive,2:59,sample_cpu4_freq,2500,MHz
naive,2:59,sample_cpu5_freq,2500,MHz
naive,2:59,sample_cpu6_freq,2500,MHz
naive,2:59,sample_cpu7_freq,2500,MHz
naive,2:60,sample_elapsed,9084,ms
naive,2:60,sample_power,4.654,W
naive,2:60,sample_process_cpu,534.641,% one core
naive,2:60,sample_free_ram,1.211,GiB
naive,2:60,sample_battery_temp,36.000,C
naive,2:60,sample_thermal_status,1,Android PowerManager status
naive,2:60,sample_cpu0_freq,1900,MHz
naive,2:60,sample_cpu1_freq,1900,MHz
naive,2:60,sample_cpu2_freq,1900,MHz
naive,2:60,sample_cpu3_freq,1900,MHz
naive,2:60,sample_cpu4_freq,2500,MHz
naive,2:60,sample_cpu5_freq,2500,MHz
naive,2:60,sample_cpu6_freq,2500,MHz
naive,2:60,sample_cpu7_freq,2500,MHz
naive,2:61,sample_elapsed,9237,ms
naive,2:61,sample_power,4.360,W
naive,2:61,sample_process_cpu,552.288,% one core
naive,2:61,sample_free_ram,1.210,GiB
naive,2:61,sample_battery_temp,36.000,C
naive,2:61,sample_thermal_status,1,Android PowerManager status
naive,2:61,sample_cpu0_freq,1900,MHz
naive,2:61,sample_cpu1_freq,1900,MHz
naive,2:61,sample_cpu2_freq,1900,MHz
naive,2:61,sample_cpu3_freq,1900,MHz
naive,2:61,sample_cpu4_freq,2500,MHz
naive,2:61,sample_cpu5_freq,2500,MHz
naive,2:61,sample_cpu6_freq,2500,MHz
naive,2:61,sample_cpu7_freq,2500,MHz
naive,2:62,sample_elapsed,9392,ms
naive,2:62,sample_power,4.067,W
naive,2:62,sample_process_cpu,540.645,% one core
naive,2:62,sample_free_ram,1.210,GiB
naive,2:62,sample_battery_temp,36.000,C
naive,2:62,sample_thermal_status,1,Android PowerManager status
naive,2:62,sample_cpu0_freq,1900,MHz
naive,2:62,sample_cpu1_freq,1900,MHz
naive,2:62,sample_cpu2_freq,1900,MHz
naive,2:62,sample_cpu3_freq,1900,MHz
naive,2:62,sample_cpu4_freq,2500,MHz
naive,2:62,sample_cpu5_freq,2500,MHz
naive,2:62,sample_cpu6_freq,2500,MHz
naive,2:62,sample_cpu7_freq,2500,MHz
naive,2:63,sample_elapsed,9546,ms
naive,2:63,sample_power,4.067,W
naive,2:63,sample_process_cpu,553.247,% one core
naive,2:63,sample_free_ram,1.210,GiB
naive,2:63,sample_battery_temp,36.000,C
naive,2:63,sample_thermal_status,1,Android PowerManager status
naive,2:63,sample_cpu0_freq,1900,MHz
naive,2:63,sample_cpu1_freq,1900,MHz
naive,2:63,sample_cpu2_freq,1900,MHz
naive,2:63,sample_cpu3_freq,1900,MHz
naive,2:63,sample_cpu4_freq,2500,MHz
naive,2:63,sample_cpu5_freq,2500,MHz
naive,2:63,sample_cpu6_freq,2500,MHz
naive,2:63,sample_cpu7_freq,2500,MHz
naive,2:64,sample_elapsed,9700,ms
naive,2:64,sample_power,4.067,W
naive,2:64,sample_process_cpu,541.558,% one core
naive,2:64,sample_free_ram,1.210,GiB
naive,2:64,sample_battery_temp,36.000,C
naive,2:64,sample_thermal_status,1,Android PowerManager status
naive,2:64,sample_cpu0_freq,1900,MHz
naive,2:64,sample_cpu1_freq,1900,MHz
naive,2:64,sample_cpu2_freq,1900,MHz
naive,2:64,sample_cpu3_freq,1900,MHz
naive,2:64,sample_cpu4_freq,2500,MHz
naive,2:64,sample_cpu5_freq,2500,MHz
naive,2:64,sample_cpu6_freq,2500,MHz
naive,2:64,sample_cpu7_freq,2500,MHz
naive,2:65,sample_elapsed,9854,ms
naive,2:65,sample_power,4.318,W
naive,2:65,sample_process_cpu,567.532,% one core
naive,2:65,sample_free_ram,1.210,GiB
naive,2:65,sample_battery_temp,36.000,C
naive,2:65,sample_thermal_status,1,Android PowerManager status
naive,2:65,sample_cpu0_freq,1900,MHz
naive,2:65,sample_cpu1_freq,1900,MHz
naive,2:65,sample_cpu2_freq,1900,MHz
naive,2:65,sample_cpu3_freq,1900,MHz
naive,2:65,sample_cpu4_freq,2500,MHz
naive,2:65,sample_cpu5_freq,2500,MHz
naive,2:65,sample_cpu6_freq,2500,MHz
naive,2:65,sample_cpu7_freq,2500,MHz
naive,2:66,sample_elapsed,10018,ms
naive,2:66,sample_power,4.318,W
naive,2:66,sample_process_cpu,527.439,% one core
naive,2:66,sample_free_ram,1.210,GiB
naive,2:66,sample_battery_temp,36.000,C
naive,2:66,sample_thermal_status,1,Android PowerManager status
naive,2:66,sample_cpu0_freq,1900,MHz
naive,2:66,sample_cpu1_freq,1900,MHz
naive,2:66,sample_cpu2_freq,1900,MHz
naive,2:66,sample_cpu3_freq,1900,MHz
naive,2:66,sample_cpu4_freq,2500,MHz
naive,2:66,sample_cpu5_freq,2500,MHz
naive,2:66,sample_cpu6_freq,2500,MHz
naive,2:66,sample_cpu7_freq,2500,MHz
naive,2:67,sample_elapsed,10171,ms
naive,2:67,sample_power,4.318,W
naive,2:67,sample_process_cpu,551.634,% one core
naive,2:67,sample_free_ram,1.210,GiB
naive,2:67,sample_battery_temp,36.000,C
naive,2:67,sample_thermal_status,1,Android PowerManager status
naive,2:67,sample_cpu0_freq,1900,MHz
naive,2:67,sample_cpu1_freq,1900,MHz
naive,2:67,sample_cpu2_freq,1900,MHz
naive,2:67,sample_cpu3_freq,1900,MHz
naive,2:67,sample_cpu4_freq,2500,MHz
naive,2:67,sample_cpu5_freq,2500,MHz
naive,2:67,sample_cpu6_freq,2500,MHz
naive,2:67,sample_cpu7_freq,2500,MHz
naive,2:68,sample_elapsed,10324,ms
naive,2:68,sample_power,4.318,W
naive,2:68,sample_process_cpu,516.993,% one core
naive,2:68,sample_free_ram,1.210,GiB
naive,2:68,sample_battery_temp,36.000,C
naive,2:68,sample_thermal_status,1,Android PowerManager status
naive,2:68,sample_cpu0_freq,1900,MHz
naive,2:68,sample_cpu1_freq,1900,MHz
naive,2:68,sample_cpu2_freq,1900,MHz
naive,2:68,sample_cpu3_freq,1900,MHz
naive,2:68,sample_cpu4_freq,2500,MHz
naive,2:68,sample_cpu5_freq,2500,MHz
naive,2:68,sample_cpu6_freq,2500,MHz
naive,2:68,sample_cpu7_freq,2500,MHz
naive,2:69,sample_elapsed,10477,ms
naive,2:69,sample_power,4.556,W
naive,2:69,sample_process_cpu,550.327,% one core
naive,2:69,sample_free_ram,1.209,GiB
naive,2:69,sample_battery_temp,36.000,C
naive,2:69,sample_thermal_status,1,Android PowerManager status
naive,2:69,sample_cpu0_freq,1900,MHz
naive,2:69,sample_cpu1_freq,1900,MHz
naive,2:69,sample_cpu2_freq,1900,MHz
naive,2:69,sample_cpu3_freq,1900,MHz
naive,2:69,sample_cpu4_freq,2500,MHz
naive,2:69,sample_cpu5_freq,2500,MHz
naive,2:69,sample_cpu6_freq,2500,MHz
naive,2:69,sample_cpu7_freq,2500,MHz
naive,2:70,sample_elapsed,10633,ms
naive,2:70,sample_power,4.556,W
naive,2:70,sample_process_cpu,546.154,% one core
naive,2:70,sample_free_ram,1.209,GiB
naive,2:70,sample_battery_temp,36.000,C
naive,2:70,sample_thermal_status,1,Android PowerManager status
naive,2:70,sample_cpu0_freq,1900,MHz
naive,2:70,sample_cpu1_freq,1900,MHz
naive,2:70,sample_cpu2_freq,1900,MHz
naive,2:70,sample_cpu3_freq,1900,MHz
naive,2:70,sample_cpu4_freq,2500,MHz
naive,2:70,sample_cpu5_freq,2500,MHz
naive,2:70,sample_cpu6_freq,2500,MHz
naive,2:70,sample_cpu7_freq,2500,MHz
naive,2:71,sample_elapsed,10787,ms
naive,2:71,sample_power,4.556,W
naive,2:71,sample_process_cpu,540.260,% one core
naive,2:71,sample_free_ram,1.209,GiB
naive,2:71,sample_battery_temp,36.000,C
naive,2:71,sample_thermal_status,1,Android PowerManager status
naive,2:71,sample_cpu0_freq,1900,MHz
naive,2:71,sample_cpu1_freq,1900,MHz
naive,2:71,sample_cpu2_freq,1900,MHz
naive,2:71,sample_cpu3_freq,1900,MHz
naive,2:71,sample_cpu4_freq,2500,MHz
naive,2:71,sample_cpu5_freq,2500,MHz
naive,2:71,sample_cpu6_freq,2500,MHz
naive,2:71,sample_cpu7_freq,2500,MHz
naive,2:72,sample_elapsed,10940,ms
naive,2:72,sample_power,4.556,W
naive,2:72,sample_process_cpu,535.294,% one core
naive,2:72,sample_free_ram,1.209,GiB
naive,2:72,sample_battery_temp,36.000,C
naive,2:72,sample_thermal_status,1,Android PowerManager status
naive,2:72,sample_cpu0_freq,1900,MHz
naive,2:72,sample_cpu1_freq,1900,MHz
naive,2:72,sample_cpu2_freq,1900,MHz
naive,2:72,sample_cpu3_freq,1900,MHz
naive,2:72,sample_cpu4_freq,2500,MHz
naive,2:72,sample_cpu5_freq,2500,MHz
naive,2:72,sample_cpu6_freq,2500,MHz
naive,2:72,sample_cpu7_freq,2500,MHz
naive,2:73,sample_elapsed,11093,ms
naive,2:73,sample_power,4.541,W
naive,2:73,sample_process_cpu,558.170,% one core
naive,2:73,sample_free_ram,1.209,GiB
naive,2:73,sample_battery_temp,36.000,C
naive,2:73,sample_thermal_status,1,Android PowerManager status
naive,2:73,sample_cpu0_freq,1900,MHz
naive,2:73,sample_cpu1_freq,1900,MHz
naive,2:73,sample_cpu2_freq,1900,MHz
naive,2:73,sample_cpu3_freq,1900,MHz
naive,2:73,sample_cpu4_freq,2500,MHz
naive,2:73,sample_cpu5_freq,2500,MHz
naive,2:73,sample_cpu6_freq,2500,MHz
naive,2:73,sample_cpu7_freq,2500,MHz
naive,2:74,sample_elapsed,11255,ms
naive,2:74,sample_power,4.541,W
naive,2:74,sample_process_cpu,535.802,% one core
naive,2:74,sample_free_ram,1.209,GiB
naive,2:74,sample_battery_temp,36.000,C
naive,2:74,sample_thermal_status,1,Android PowerManager status
naive,2:74,sample_cpu0_freq,1900,MHz
naive,2:74,sample_cpu1_freq,1900,MHz
naive,2:74,sample_cpu2_freq,1900,MHz
naive,2:74,sample_cpu3_freq,1900,MHz
naive,2:74,sample_cpu4_freq,2500,MHz
naive,2:74,sample_cpu5_freq,2500,MHz
naive,2:74,sample_cpu6_freq,2500,MHz
naive,2:74,sample_cpu7_freq,2500,MHz
naive,2:75,sample_elapsed,11408,ms
naive,2:75,sample_power,4.541,W
naive,2:75,sample_process_cpu,534.641,% one core
naive,2:75,sample_free_ram,1.209,GiB
naive,2:75,sample_battery_temp,36.000,C
naive,2:75,sample_thermal_status,1,Android PowerManager status
naive,2:75,sample_cpu0_freq,1900,MHz
naive,2:75,sample_cpu1_freq,1900,MHz
naive,2:75,sample_cpu2_freq,1900,MHz
naive,2:75,sample_cpu3_freq,1900,MHz
naive,2:75,sample_cpu4_freq,2500,MHz
naive,2:75,sample_cpu5_freq,2500,MHz
naive,2:75,sample_cpu6_freq,2500,MHz
naive,2:75,sample_cpu7_freq,2500,MHz
naive,2:76,sample_elapsed,11562,ms
naive,2:76,sample_power,4.541,W
naive,2:76,sample_process_cpu,543.506,% one core
naive,2:76,sample_free_ram,1.209,GiB
naive,2:76,sample_battery_temp,36.000,C
naive,2:76,sample_thermal_status,1,Android PowerManager status
naive,2:76,sample_cpu0_freq,1900,MHz
naive,2:76,sample_cpu1_freq,1900,MHz
naive,2:76,sample_cpu2_freq,1900,MHz
naive,2:76,sample_cpu3_freq,1900,MHz
naive,2:76,sample_cpu4_freq,2500,MHz
naive,2:76,sample_cpu5_freq,2500,MHz
naive,2:76,sample_cpu6_freq,2500,MHz
naive,2:76,sample_cpu7_freq,2500,MHz
naive,2:77,sample_elapsed,11715,ms
naive,2:77,sample_power,4.618,W
naive,2:77,sample_process_cpu,547.712,% one core
naive,2:77,sample_free_ram,1.209,GiB
naive,2:77,sample_battery_temp,36.000,C
naive,2:77,sample_thermal_status,1,Android PowerManager status
naive,2:77,sample_cpu0_freq,1900,MHz
naive,2:77,sample_cpu1_freq,1900,MHz
naive,2:77,sample_cpu2_freq,1900,MHz
naive,2:77,sample_cpu3_freq,1900,MHz
naive,2:77,sample_cpu4_freq,2500,MHz
naive,2:77,sample_cpu5_freq,2500,MHz
naive,2:77,sample_cpu6_freq,2500,MHz
naive,2:77,sample_cpu7_freq,2500,MHz
naive,2:78,sample_elapsed,11874,ms
naive,2:78,sample_power,4.618,W
naive,2:78,sample_process_cpu,526.415,% one core
naive,2:78,sample_free_ram,1.209,GiB
naive,2:78,sample_battery_temp,36.000,C
naive,2:78,sample_thermal_status,1,Android PowerManager status
naive,2:78,sample_cpu0_freq,1900,MHz
naive,2:78,sample_cpu1_freq,1900,MHz
naive,2:78,sample_cpu2_freq,1900,MHz
naive,2:78,sample_cpu3_freq,1900,MHz
naive,2:78,sample_cpu4_freq,2500,MHz
naive,2:78,sample_cpu5_freq,2500,MHz
naive,2:78,sample_cpu6_freq,2500,MHz
naive,2:78,sample_cpu7_freq,2500,MHz
naive,2:79,sample_elapsed,12032,ms
naive,2:79,sample_power,4.618,W
naive,2:79,sample_process_cpu,567.722,% one core
naive,2:79,sample_free_ram,1.209,GiB
naive,2:79,sample_battery_temp,36.000,C
naive,2:79,sample_thermal_status,1,Android PowerManager status
naive,2:79,sample_cpu0_freq,1900,MHz
naive,2:79,sample_cpu1_freq,1900,MHz
naive,2:79,sample_cpu2_freq,1900,MHz
naive,2:79,sample_cpu3_freq,1900,MHz
naive,2:79,sample_cpu4_freq,2500,MHz
naive,2:79,sample_cpu5_freq,2500,MHz
naive,2:79,sample_cpu6_freq,2500,MHz
naive,2:79,sample_cpu7_freq,2500,MHz
naive,2:80,sample_elapsed,12192,ms
naive,2:80,sample_power,4.618,W
naive,2:80,sample_process_cpu,528.750,% one core
naive,2:80,sample_free_ram,1.208,GiB
naive,2:80,sample_battery_temp,36.000,C
naive,2:80,sample_thermal_status,1,Android PowerManager status
naive,2:80,sample_cpu0_freq,1900,MHz
naive,2:80,sample_cpu1_freq,1900,MHz
naive,2:80,sample_cpu2_freq,1900,MHz
naive,2:80,sample_cpu3_freq,1900,MHz
naive,2:80,sample_cpu4_freq,2500,MHz
naive,2:80,sample_cpu5_freq,2500,MHz
naive,2:80,sample_cpu6_freq,2500,MHz
naive,2:80,sample_cpu7_freq,2500,MHz
naive,2:81,sample_elapsed,12354,ms
naive,2:81,sample_power,4.545,W
naive,2:81,sample_process_cpu,560.494,% one core
naive,2:81,sample_free_ram,1.208,GiB
naive,2:81,sample_battery_temp,36.000,C
naive,2:81,sample_thermal_status,1,Android PowerManager status
naive,2:81,sample_cpu0_freq,1900,MHz
naive,2:81,sample_cpu1_freq,1900,MHz
naive,2:81,sample_cpu2_freq,1900,MHz
naive,2:81,sample_cpu3_freq,1900,MHz
naive,2:81,sample_cpu4_freq,2500,MHz
naive,2:81,sample_cpu5_freq,2500,MHz
naive,2:81,sample_cpu6_freq,2500,MHz
naive,2:81,sample_cpu7_freq,2500,MHz
naive,2:82,sample_elapsed,12512,ms
naive,2:82,sample_power,4.545,W
naive,2:82,sample_process_cpu,530.380,% one core
naive,2:82,sample_free_ram,1.208,GiB
naive,2:82,sample_battery_temp,36.000,C
naive,2:82,sample_thermal_status,1,Android PowerManager status
naive,2:82,sample_cpu0_freq,1900,MHz
naive,2:82,sample_cpu1_freq,1900,MHz
naive,2:82,sample_cpu2_freq,1900,MHz
naive,2:82,sample_cpu3_freq,1900,MHz
naive,2:82,sample_cpu4_freq,2500,MHz
naive,2:82,sample_cpu5_freq,2500,MHz
naive,2:82,sample_cpu6_freq,2500,MHz
naive,2:82,sample_cpu7_freq,2500,MHz
naive,2:83,sample_elapsed,12665,ms
naive,2:83,sample_power,4.545,W
naive,2:83,sample_process_cpu,550.327,% one core
naive,2:83,sample_free_ram,1.208,GiB
naive,2:83,sample_battery_temp,36.000,C
naive,2:83,sample_thermal_status,1,Android PowerManager status
naive,2:83,sample_cpu0_freq,1300,MHz
naive,2:83,sample_cpu1_freq,1900,MHz
naive,2:83,sample_cpu2_freq,1900,MHz
naive,2:83,sample_cpu3_freq,1900,MHz
naive,2:83,sample_cpu4_freq,2500,MHz
naive,2:83,sample_cpu5_freq,2500,MHz
naive,2:83,sample_cpu6_freq,2500,MHz
naive,2:83,sample_cpu7_freq,2500,MHz
naive,2:84,sample_elapsed,12819,ms
naive,2:84,sample_power,4.545,W
naive,2:84,sample_process_cpu,522.727,% one core
naive,2:84,sample_free_ram,1.208,GiB
naive,2:84,sample_battery_temp,36.000,C
naive,2:84,sample_thermal_status,1,Android PowerManager status
naive,2:84,sample_cpu0_freq,1900,MHz
naive,2:84,sample_cpu1_freq,1900,MHz
naive,2:84,sample_cpu2_freq,1900,MHz
naive,2:84,sample_cpu3_freq,1900,MHz
naive,2:84,sample_cpu4_freq,2500,MHz
naive,2:84,sample_cpu5_freq,2500,MHz
naive,2:84,sample_cpu6_freq,2500,MHz
naive,2:84,sample_cpu7_freq,2500,MHz
naive,2:85,sample_elapsed,12971,ms
naive,2:85,sample_power,4.423,W
naive,2:85,sample_process_cpu,555.921,% one core
naive,2:85,sample_free_ram,1.208,GiB
naive,2:85,sample_battery_temp,36.000,C
naive,2:85,sample_thermal_status,1,Android PowerManager status
naive,2:85,sample_cpu0_freq,1900,MHz
naive,2:85,sample_cpu1_freq,1900,MHz
naive,2:85,sample_cpu2_freq,1900,MHz
naive,2:85,sample_cpu3_freq,1900,MHz
naive,2:85,sample_cpu4_freq,2500,MHz
naive,2:85,sample_cpu5_freq,2500,MHz
naive,2:85,sample_cpu6_freq,2500,MHz
naive,2:85,sample_cpu7_freq,2500,MHz
naive,2:86,sample_elapsed,13128,ms
naive,2:86,sample_power,4.423,W
naive,2:86,sample_process_cpu,538.217,% one core
naive,2:86,sample_free_ram,1.208,GiB
naive,2:86,sample_battery_temp,36.000,C
naive,2:86,sample_thermal_status,1,Android PowerManager status
naive,2:86,sample_cpu0_freq,1900,MHz
naive,2:86,sample_cpu1_freq,1900,MHz
naive,2:86,sample_cpu2_freq,1900,MHz
naive,2:86,sample_cpu3_freq,1900,MHz
naive,2:86,sample_cpu4_freq,2500,MHz
naive,2:86,sample_cpu5_freq,2500,MHz
naive,2:86,sample_cpu6_freq,2500,MHz
naive,2:86,sample_cpu7_freq,2500,MHz
naive,2:87,sample_elapsed,13282,ms
naive,2:87,sample_power,4.423,W
naive,2:87,sample_process_cpu,546.753,% one core
naive,2:87,sample_free_ram,1.207,GiB
naive,2:87,sample_battery_temp,36.000,C
naive,2:87,sample_thermal_status,1,Android PowerManager status
naive,2:87,sample_cpu0_freq,1900,MHz
naive,2:87,sample_cpu1_freq,1900,MHz
naive,2:87,sample_cpu2_freq,1900,MHz
naive,2:87,sample_cpu3_freq,1900,MHz
naive,2:87,sample_cpu4_freq,2500,MHz
naive,2:87,sample_cpu5_freq,2500,MHz
naive,2:87,sample_cpu6_freq,2500,MHz
naive,2:87,sample_cpu7_freq,2500,MHz
naive,2:88,sample_elapsed,13436,ms
naive,2:88,sample_power,4.423,W
naive,2:88,sample_process_cpu,516.883,% one core
naive,2:88,sample_free_ram,1.199,GiB
naive,2:88,sample_battery_temp,36.000,C
naive,2:88,sample_thermal_status,1,Android PowerManager status
naive,2:88,sample_cpu0_freq,1900,MHz
naive,2:88,sample_cpu1_freq,1900,MHz
naive,2:88,sample_cpu2_freq,1900,MHz
naive,2:88,sample_cpu3_freq,1900,MHz
naive,2:88,sample_cpu4_freq,2500,MHz
naive,2:88,sample_cpu5_freq,2500,MHz
naive,2:88,sample_cpu6_freq,2500,MHz
naive,2:88,sample_cpu7_freq,2500,MHz
naive,2:89,sample_elapsed,13589,ms
naive,2:89,sample_power,4.452,W
naive,2:89,sample_process_cpu,552.288,% one core
naive,2:89,sample_free_ram,1.199,GiB
naive,2:89,sample_battery_temp,36.000,C
naive,2:89,sample_thermal_status,1,Android PowerManager status
naive,2:89,sample_cpu0_freq,1900,MHz
naive,2:89,sample_cpu1_freq,1900,MHz
naive,2:89,sample_cpu2_freq,1900,MHz
naive,2:89,sample_cpu3_freq,1900,MHz
naive,2:89,sample_cpu4_freq,2500,MHz
naive,2:89,sample_cpu5_freq,2500,MHz
naive,2:89,sample_cpu6_freq,2500,MHz
naive,2:89,sample_cpu7_freq,2500,MHz
naive,2:90,sample_elapsed,13751,ms
naive,2:90,sample_power,4.452,W
naive,2:90,sample_process_cpu,531.481,% one core
naive,2:90,sample_free_ram,1.199,GiB
naive,2:90,sample_battery_temp,36.000,C
naive,2:90,sample_thermal_status,1,Android PowerManager status
naive,2:90,sample_cpu0_freq,1900,MHz
naive,2:90,sample_cpu1_freq,1900,MHz
naive,2:90,sample_cpu2_freq,1900,MHz
naive,2:90,sample_cpu3_freq,1900,MHz
naive,2:90,sample_cpu4_freq,2500,MHz
naive,2:90,sample_cpu5_freq,2500,MHz
naive,2:90,sample_cpu6_freq,2500,MHz
naive,2:90,sample_cpu7_freq,2500,MHz
naive,2:91,sample_elapsed,13906,ms
naive,2:91,sample_power,4.452,W
naive,2:91,sample_process_cpu,549.032,% one core
naive,2:91,sample_free_ram,1.199,GiB
naive,2:91,sample_battery_temp,36.000,C
naive,2:91,sample_thermal_status,1,Android PowerManager status
naive,2:91,sample_cpu0_freq,1900,MHz
naive,2:91,sample_cpu1_freq,1900,MHz
naive,2:91,sample_cpu2_freq,1900,MHz
naive,2:91,sample_cpu3_freq,1900,MHz
naive,2:91,sample_cpu4_freq,2500,MHz
naive,2:91,sample_cpu5_freq,2500,MHz
naive,2:91,sample_cpu6_freq,2500,MHz
naive,2:91,sample_cpu7_freq,2500,MHz
naive,2:92,sample_elapsed,14061,ms
naive,2:92,sample_power,4.452,W
naive,2:92,sample_process_cpu,546.452,% one core
naive,2:92,sample_free_ram,1.199,GiB
naive,2:92,sample_battery_temp,36.000,C
naive,2:92,sample_thermal_status,1,Android PowerManager status
naive,2:92,sample_cpu0_freq,1900,MHz
naive,2:92,sample_cpu1_freq,1000,MHz
naive,2:92,sample_cpu2_freq,1900,MHz
naive,2:92,sample_cpu3_freq,1900,MHz
naive,2:92,sample_cpu4_freq,2500,MHz
naive,2:92,sample_cpu5_freq,2500,MHz
naive,2:92,sample_cpu6_freq,2500,MHz
naive,2:92,sample_cpu7_freq,2500,MHz
naive,2:93,sample_elapsed,14215,ms
naive,2:93,sample_power,4.616,W
naive,2:93,sample_process_cpu,553.247,% one core
naive,2:93,sample_free_ram,1.199,GiB
naive,2:93,sample_battery_temp,36.000,C
naive,2:93,sample_thermal_status,1,Android PowerManager status
naive,2:93,sample_cpu0_freq,1900,MHz
naive,2:93,sample_cpu1_freq,1900,MHz
naive,2:93,sample_cpu2_freq,1900,MHz
naive,2:93,sample_cpu3_freq,1900,MHz
naive,2:93,sample_cpu4_freq,2500,MHz
naive,2:93,sample_cpu5_freq,2500,MHz
naive,2:93,sample_cpu6_freq,2500,MHz
naive,2:93,sample_cpu7_freq,2500,MHz
naive,2:94,sample_elapsed,14369,ms
naive,2:94,sample_power,4.616,W
naive,2:94,sample_process_cpu,554.545,% one core
naive,2:94,sample_free_ram,1.199,GiB
naive,2:94,sample_battery_temp,36.000,C
naive,2:94,sample_thermal_status,1,Android PowerManager status
naive,2:94,sample_cpu0_freq,1900,MHz
naive,2:94,sample_cpu1_freq,1900,MHz
naive,2:94,sample_cpu2_freq,1900,MHz
naive,2:94,sample_cpu3_freq,1900,MHz
naive,2:94,sample_cpu4_freq,2500,MHz
naive,2:94,sample_cpu5_freq,2500,MHz
naive,2:94,sample_cpu6_freq,2500,MHz
naive,2:94,sample_cpu7_freq,2500,MHz
naive,2:95,sample_elapsed,14525,ms
naive,2:95,sample_power,4.616,W
naive,2:95,sample_process_cpu,544.231,% one core
naive,2:95,sample_free_ram,1.199,GiB
naive,2:95,sample_battery_temp,36.000,C
naive,2:95,sample_thermal_status,1,Android PowerManager status
naive,2:95,sample_cpu0_freq,1900,MHz
naive,2:95,sample_cpu1_freq,1900,MHz
naive,2:95,sample_cpu2_freq,1900,MHz
naive,2:95,sample_cpu3_freq,1900,MHz
naive,2:95,sample_cpu4_freq,2500,MHz
naive,2:95,sample_cpu5_freq,2500,MHz
naive,2:95,sample_cpu6_freq,2500,MHz
naive,2:95,sample_cpu7_freq,2500,MHz
naive,2:96,sample_elapsed,14678,ms
naive,2:96,sample_power,4.616,W
naive,2:96,sample_process_cpu,552.288,% one core
naive,2:96,sample_free_ram,1.198,GiB
naive,2:96,sample_battery_temp,36.000,C
naive,2:96,sample_thermal_status,1,Android PowerManager status
naive,2:96,sample_cpu0_freq,1900,MHz
naive,2:96,sample_cpu1_freq,1900,MHz
naive,2:96,sample_cpu2_freq,1900,MHz
naive,2:96,sample_cpu3_freq,1900,MHz
naive,2:96,sample_cpu4_freq,2500,MHz
naive,2:96,sample_cpu5_freq,2500,MHz
naive,2:96,sample_cpu6_freq,2500,MHz
naive,2:96,sample_cpu7_freq,2500,MHz
naive,2:97,sample_elapsed,14834,ms
naive,2:97,sample_power,4.703,W
naive,2:97,sample_process_cpu,574.359,% one core
naive,2:97,sample_free_ram,1.198,GiB
naive,2:97,sample_battery_temp,36.000,C
naive,2:97,sample_thermal_status,1,Android PowerManager status
naive,2:97,sample_cpu0_freq,1900,MHz
naive,2:97,sample_cpu1_freq,1900,MHz
naive,2:97,sample_cpu2_freq,1900,MHz
naive,2:97,sample_cpu3_freq,1900,MHz
naive,2:97,sample_cpu4_freq,2500,MHz
naive,2:97,sample_cpu5_freq,2500,MHz
naive,2:97,sample_cpu6_freq,2500,MHz
naive,2:97,sample_cpu7_freq,2500,MHz
naive,2:98,sample_elapsed,14994,ms
naive,2:98,sample_power,4.703,W
naive,2:98,sample_process_cpu,541.250,% one core
naive,2:98,sample_free_ram,1.198,GiB
naive,2:98,sample_battery_temp,36.000,C
naive,2:98,sample_thermal_status,1,Android PowerManager status
naive,2:98,sample_cpu0_freq,1900,MHz
naive,2:98,sample_cpu1_freq,1900,MHz
naive,2:98,sample_cpu2_freq,1900,MHz
naive,2:98,sample_cpu3_freq,1900,MHz
naive,2:98,sample_cpu4_freq,2500,MHz
naive,2:98,sample_cpu5_freq,2500,MHz
naive,2:98,sample_cpu6_freq,2500,MHz
naive,2:98,sample_cpu7_freq,2500,MHz
naive,2:99,sample_elapsed,15157,ms
naive,2:99,sample_power,4.703,W
naive,2:99,sample_process_cpu,528.221,% one core
naive,2:99,sample_free_ram,1.198,GiB
naive,2:99,sample_battery_temp,36.000,C
naive,2:99,sample_thermal_status,1,Android PowerManager status
naive,2:99,sample_cpu0_freq,1900,MHz
naive,2:99,sample_cpu1_freq,1900,MHz
naive,2:99,sample_cpu2_freq,1900,MHz
naive,2:99,sample_cpu3_freq,1900,MHz
naive,2:99,sample_cpu4_freq,2500,MHz
naive,2:99,sample_cpu5_freq,2500,MHz
naive,2:99,sample_cpu6_freq,2500,MHz
naive,2:99,sample_cpu7_freq,2500,MHz
naive,2:100,sample_elapsed,15311,ms
naive,2:100,sample_power,4.703,W
naive,2:100,sample_process_cpu,546.104,% one core
naive,2:100,sample_free_ram,1.198,GiB
naive,2:100,sample_battery_temp,36.000,C
naive,2:100,sample_thermal_status,1,Android PowerManager status
naive,2:100,sample_cpu0_freq,1900,MHz
naive,2:100,sample_cpu1_freq,1900,MHz
naive,2:100,sample_cpu2_freq,1900,MHz
naive,2:100,sample_cpu3_freq,1900,MHz
naive,2:100,sample_cpu4_freq,2500,MHz
naive,2:100,sample_cpu5_freq,2500,MHz
naive,2:100,sample_cpu6_freq,2500,MHz
naive,2:100,sample_cpu7_freq,2500,MHz
naive,2:101,sample_elapsed,15463,ms
naive,2:101,sample_power,4.694,W
naive,2:101,sample_process_cpu,553.947,% one core
naive,2:101,sample_free_ram,1.198,GiB
naive,2:101,sample_battery_temp,36.000,C
naive,2:101,sample_thermal_status,1,Android PowerManager status
naive,2:101,sample_cpu0_freq,1100,MHz
naive,2:101,sample_cpu1_freq,1900,MHz
naive,2:101,sample_cpu2_freq,1900,MHz
naive,2:101,sample_cpu3_freq,1900,MHz
naive,2:101,sample_cpu4_freq,2500,MHz
naive,2:101,sample_cpu5_freq,2500,MHz
naive,2:101,sample_cpu6_freq,2500,MHz
naive,2:101,sample_cpu7_freq,2500,MHz
naive,2:102,sample_elapsed,15620,ms
naive,2:102,sample_power,4.694,W
naive,2:102,sample_process_cpu,543.312,% one core
naive,2:102,sample_free_ram,1.198,GiB
naive,2:102,sample_battery_temp,36.000,C
naive,2:102,sample_thermal_status,1,Android PowerManager status
naive,2:102,sample_cpu0_freq,1900,MHz
naive,2:102,sample_cpu1_freq,1900,MHz
naive,2:102,sample_cpu2_freq,1900,MHz
naive,2:102,sample_cpu3_freq,1900,MHz
naive,2:102,sample_cpu4_freq,2500,MHz
naive,2:102,sample_cpu5_freq,2500,MHz
naive,2:102,sample_cpu6_freq,2500,MHz
naive,2:102,sample_cpu7_freq,2500,MHz
naive,2:103,sample_elapsed,15774,ms
naive,2:103,sample_power,4.732,W
naive,2:103,sample_process_cpu,544.805,% one core
naive,2:103,sample_free_ram,1.196,GiB
naive,2:103,sample_battery_temp,37.000,C
naive,2:103,sample_thermal_status,1,Android PowerManager status
naive,2:103,sample_cpu0_freq,1900,MHz
naive,2:103,sample_cpu1_freq,1900,MHz
naive,2:103,sample_cpu2_freq,1900,MHz
naive,2:103,sample_cpu3_freq,1900,MHz
naive,2:103,sample_cpu4_freq,2500,MHz
naive,2:103,sample_cpu5_freq,2500,MHz
naive,2:103,sample_cpu6_freq,2500,MHz
naive,2:103,sample_cpu7_freq,2500,MHz
naive,2:104,sample_elapsed,15931,ms
naive,2:104,sample_power,4.732,W
naive,2:104,sample_process_cpu,442.675,% one core
naive,2:104,sample_free_ram,1.190,GiB
naive,2:104,sample_battery_temp,37.000,C
naive,2:104,sample_thermal_status,1,Android PowerManager status
naive,2:104,sample_cpu0_freq,1900,MHz
naive,2:104,sample_cpu1_freq,1900,MHz
naive,2:104,sample_cpu2_freq,1900,MHz
naive,2:104,sample_cpu3_freq,1900,MHz
naive,2:104,sample_cpu4_freq,2500,MHz
naive,2:104,sample_cpu5_freq,2500,MHz
naive,2:104,sample_cpu6_freq,2500,MHz
naive,2:104,sample_cpu7_freq,2500,MHz
naive,2:105,sample_elapsed,16085,ms
naive,2:105,sample_power,4.732,W
naive,2:105,sample_process_cpu,489.610,% one core
naive,2:105,sample_free_ram,1.183,GiB
naive,2:105,sample_battery_temp,37.000,C
naive,2:105,sample_thermal_status,1,Android PowerManager status
naive,2:105,sample_cpu0_freq,1900,MHz
naive,2:105,sample_cpu1_freq,1900,MHz
naive,2:105,sample_cpu2_freq,1900,MHz
naive,2:105,sample_cpu3_freq,1900,MHz
naive,2:105,sample_cpu4_freq,2500,MHz
naive,2:105,sample_cpu5_freq,2500,MHz
naive,2:105,sample_cpu6_freq,2500,MHz
naive,2:105,sample_cpu7_freq,2500,MHz
naive,2:106,sample_elapsed,16245,ms
naive,2:106,sample_power,4.921,W
naive,2:106,sample_process_cpu,514.375,% one core
naive,2:106,sample_free_ram,1.191,GiB
naive,2:106,sample_battery_temp,37.000,C
naive,2:106,sample_thermal_status,1,Android PowerManager status
naive,2:106,sample_cpu0_freq,1900,MHz
naive,2:106,sample_cpu1_freq,1900,MHz
naive,2:106,sample_cpu2_freq,1900,MHz
naive,2:106,sample_cpu3_freq,1900,MHz
naive,2:106,sample_cpu4_freq,2500,MHz
naive,2:106,sample_cpu5_freq,2500,MHz
naive,2:106,sample_cpu6_freq,2500,MHz
naive,2:106,sample_cpu7_freq,2500,MHz
naive,2:107,sample_elapsed,16398,ms
naive,2:107,sample_power,4.921,W
naive,2:107,sample_process_cpu,479.085,% one core
naive,2:107,sample_free_ram,1.202,GiB
naive,2:107,sample_battery_temp,37.000,C
naive,2:107,sample_thermal_status,1,Android PowerManager status
naive,2:107,sample_cpu0_freq,1900,MHz
naive,2:107,sample_cpu1_freq,1900,MHz
naive,2:107,sample_cpu2_freq,1900,MHz
naive,2:107,sample_cpu3_freq,1900,MHz
naive,2:107,sample_cpu4_freq,2500,MHz
naive,2:107,sample_cpu5_freq,2500,MHz
naive,2:107,sample_cpu6_freq,2500,MHz
naive,2:107,sample_cpu7_freq,2500,MHz
naive,2:108,sample_elapsed,16552,ms
naive,2:108,sample_power,4.921,W
naive,2:108,sample_process_cpu,464.286,% one core
naive,2:108,sample_free_ram,1.188,GiB
naive,2:108,sample_battery_temp,37.000,C
naive,2:108,sample_thermal_status,1,Android PowerManager status
naive,2:108,sample_cpu0_freq,1900,MHz
naive,2:108,sample_cpu1_freq,1900,MHz
naive,2:108,sample_cpu2_freq,1900,MHz
naive,2:108,sample_cpu3_freq,1900,MHz
naive,2:108,sample_cpu4_freq,2500,MHz
naive,2:108,sample_cpu5_freq,2500,MHz
naive,2:108,sample_cpu6_freq,2500,MHz
naive,2:108,sample_cpu7_freq,2500,MHz
naive,2:109,sample_elapsed,16706,ms
naive,2:109,sample_power,4.921,W
naive,2:109,sample_process_cpu,466.234,% one core
naive,2:109,sample_free_ram,1.173,GiB
naive,2:109,sample_battery_temp,37.000,C
naive,2:109,sample_thermal_status,1,Android PowerManager status
naive,2:109,sample_cpu0_freq,1900,MHz
naive,2:109,sample_cpu1_freq,1900,MHz
naive,2:109,sample_cpu2_freq,1900,MHz
naive,2:109,sample_cpu3_freq,1900,MHz
naive,2:109,sample_cpu4_freq,2500,MHz
naive,2:109,sample_cpu5_freq,2500,MHz
naive,2:109,sample_cpu6_freq,2500,MHz
naive,2:109,sample_cpu7_freq,2500,MHz
naive,2:110,sample_elapsed,16858,ms
naive,2:110,sample_power,5.382,W
naive,2:110,sample_process_cpu,501.316,% one core
naive,2:110,sample_free_ram,1.169,GiB
naive,2:110,sample_battery_temp,37.000,C
naive,2:110,sample_thermal_status,1,Android PowerManager status
naive,2:110,sample_cpu0_freq,1900,MHz
naive,2:110,sample_cpu1_freq,1900,MHz
naive,2:110,sample_cpu2_freq,1900,MHz
naive,2:110,sample_cpu3_freq,1900,MHz
naive,2:110,sample_cpu4_freq,2500,MHz
naive,2:110,sample_cpu5_freq,2500,MHz
naive,2:110,sample_cpu6_freq,2500,MHz
naive,2:110,sample_cpu7_freq,2500,MHz
naive,2:111,sample_elapsed,17011,ms
naive,2:111,sample_power,5.382,W
naive,2:111,sample_process_cpu,539.869,% one core
naive,2:111,sample_free_ram,1.168,GiB
naive,2:111,sample_battery_temp,37.000,C
naive,2:111,sample_thermal_status,1,Android PowerManager status
naive,2:111,sample_cpu0_freq,1900,MHz
naive,2:111,sample_cpu1_freq,1900,MHz
naive,2:111,sample_cpu2_freq,1900,MHz
naive,2:111,sample_cpu3_freq,1900,MHz
naive,2:111,sample_cpu4_freq,2500,MHz
naive,2:111,sample_cpu5_freq,2500,MHz
naive,2:111,sample_cpu6_freq,2500,MHz
naive,2:111,sample_cpu7_freq,2500,MHz
naive,2:112,sample_elapsed,17164,ms
naive,2:112,sample_power,5.382,W
naive,2:112,sample_process_cpu,550.327,% one core
naive,2:112,sample_free_ram,1.169,GiB
naive,2:112,sample_battery_temp,37.000,C
naive,2:112,sample_thermal_status,1,Android PowerManager status
naive,2:112,sample_cpu0_freq,1900,MHz
naive,2:112,sample_cpu1_freq,1900,MHz
naive,2:112,sample_cpu2_freq,1900,MHz
naive,2:112,sample_cpu3_freq,1900,MHz
naive,2:112,sample_cpu4_freq,2500,MHz
naive,2:112,sample_cpu5_freq,2500,MHz
naive,2:112,sample_cpu6_freq,2500,MHz
naive,2:112,sample_cpu7_freq,2500,MHz
naive,2:113,sample_elapsed,17319,ms
naive,2:113,sample_power,5.382,W
naive,2:113,sample_process_cpu,550.968,% one core
naive,2:113,sample_free_ram,1.169,GiB
naive,2:113,sample_battery_temp,37.000,C
naive,2:113,sample_thermal_status,1,Android PowerManager status
naive,2:113,sample_cpu0_freq,1900,MHz
naive,2:113,sample_cpu1_freq,1900,MHz
naive,2:113,sample_cpu2_freq,1900,MHz
naive,2:113,sample_cpu3_freq,1900,MHz
naive,2:113,sample_cpu4_freq,2500,MHz
naive,2:113,sample_cpu5_freq,2500,MHz
naive,2:113,sample_cpu6_freq,2500,MHz
naive,2:113,sample_cpu7_freq,2500,MHz
naive,2:114,sample_elapsed,17473,ms
naive,2:114,sample_power,5.433,W
naive,2:114,sample_process_cpu,550.000,% one core
naive,2:114,sample_free_ram,1.169,GiB
naive,2:114,sample_battery_temp,37.000,C
naive,2:114,sample_thermal_status,1,Android PowerManager status
naive,2:114,sample_cpu0_freq,1900,MHz
naive,2:114,sample_cpu1_freq,1900,MHz
naive,2:114,sample_cpu2_freq,1900,MHz
naive,2:114,sample_cpu3_freq,1900,MHz
naive,2:114,sample_cpu4_freq,2500,MHz
naive,2:114,sample_cpu5_freq,2500,MHz
naive,2:114,sample_cpu6_freq,2500,MHz
naive,2:114,sample_cpu7_freq,2500,MHz
naive,2:115,sample_elapsed,17631,ms
naive,2:115,sample_power,5.433,W
naive,2:115,sample_process_cpu,558.228,% one core
naive,2:115,sample_free_ram,1.161,GiB
naive,2:115,sample_battery_temp,37.000,C
naive,2:115,sample_thermal_status,1,Android PowerManager status
naive,2:115,sample_cpu0_freq,1900,MHz
naive,2:115,sample_cpu1_freq,1900,MHz
naive,2:115,sample_cpu2_freq,1900,MHz
naive,2:115,sample_cpu3_freq,1900,MHz
naive,2:115,sample_cpu4_freq,2500,MHz
naive,2:115,sample_cpu5_freq,2500,MHz
naive,2:115,sample_cpu6_freq,2500,MHz
naive,2:115,sample_cpu7_freq,2500,MHz
naive,2:116,sample_elapsed,17816,ms
naive,2:116,sample_power,5.433,W
naive,2:116,sample_process_cpu,392.432,% one core
naive,2:116,sample_free_ram,1.169,GiB
naive,2:116,sample_battery_temp,37.000,C
naive,2:116,sample_thermal_status,1,Android PowerManager status
naive,2:116,sample_cpu0_freq,1900,MHz
naive,2:116,sample_cpu1_freq,1900,MHz
naive,2:116,sample_cpu2_freq,1900,MHz
naive,2:116,sample_cpu3_freq,1900,MHz
naive,2:116,sample_cpu4_freq,2500,MHz
naive,2:116,sample_cpu5_freq,2500,MHz
naive,2:116,sample_cpu6_freq,2500,MHz
naive,2:116,sample_cpu7_freq,2500,MHz
naive,2:117,sample_elapsed,17968,ms
naive,2:117,sample_power,5.433,W
naive,2:117,sample_process_cpu,509.211,% one core
naive,2:117,sample_free_ram,1.167,GiB
naive,2:117,sample_battery_temp,37.000,C
naive,2:117,sample_thermal_status,1,Android PowerManager status
naive,2:117,sample_cpu0_freq,1900,MHz
naive,2:117,sample_cpu1_freq,1900,MHz
naive,2:117,sample_cpu2_freq,1900,MHz
naive,2:117,sample_cpu3_freq,1900,MHz
naive,2:117,sample_cpu4_freq,2500,MHz
naive,2:117,sample_cpu5_freq,2500,MHz
naive,2:117,sample_cpu6_freq,2500,MHz
naive,2:117,sample_cpu7_freq,2500,MHz
naive,2:118,sample_elapsed,18120,ms
naive,2:118,sample_power,4.755,W
naive,2:118,sample_process_cpu,538.158,% one core
naive,2:118,sample_free_ram,1.159,GiB
naive,2:118,sample_battery_temp,37.000,C
naive,2:118,sample_thermal_status,1,Android PowerManager status
naive,2:118,sample_cpu0_freq,1900,MHz
naive,2:118,sample_cpu1_freq,1900,MHz
naive,2:118,sample_cpu2_freq,1900,MHz
naive,2:118,sample_cpu3_freq,1900,MHz
naive,2:118,sample_cpu4_freq,2500,MHz
naive,2:118,sample_cpu5_freq,2500,MHz
naive,2:118,sample_cpu6_freq,2500,MHz
naive,2:118,sample_cpu7_freq,2500,MHz
naive,2:119,sample_elapsed,18279,ms
naive,2:119,sample_power,4.755,W
naive,2:119,sample_process_cpu,515.723,% one core
naive,2:119,sample_free_ram,1.160,GiB
naive,2:119,sample_battery_temp,37.000,C
naive,2:119,sample_thermal_status,1,Android PowerManager status
naive,2:119,sample_cpu0_freq,1900,MHz
naive,2:119,sample_cpu1_freq,1900,MHz
naive,2:119,sample_cpu2_freq,1900,MHz
naive,2:119,sample_cpu3_freq,1900,MHz
naive,2:119,sample_cpu4_freq,2500,MHz
naive,2:119,sample_cpu5_freq,2500,MHz
naive,2:119,sample_cpu6_freq,2500,MHz
naive,2:119,sample_cpu7_freq,2500,MHz
naive,2:120,sample_elapsed,18431,ms
naive,2:120,sample_power,4.755,W
naive,2:120,sample_process_cpu,535.526,% one core
naive,2:120,sample_free_ram,1.158,GiB
naive,2:120,sample_battery_temp,37.000,C
naive,2:120,sample_thermal_status,1,Android PowerManager status
naive,2:120,sample_cpu0_freq,1900,MHz
naive,2:120,sample_cpu1_freq,1900,MHz
naive,2:120,sample_cpu2_freq,1900,MHz
naive,2:120,sample_cpu3_freq,1900,MHz
naive,2:120,sample_cpu4_freq,2500,MHz
naive,2:120,sample_cpu5_freq,2500,MHz
naive,2:120,sample_cpu6_freq,2500,MHz
naive,2:120,sample_cpu7_freq,2500,MHz
naive,2:121,sample_elapsed,18584,ms
naive,2:121,sample_power,4.755,W
naive,2:121,sample_process_cpu,516.340,% one core
naive,2:121,sample_free_ram,1.159,GiB
naive,2:121,sample_battery_temp,37.000,C
naive,2:121,sample_thermal_status,1,Android PowerManager status
naive,2:121,sample_cpu0_freq,1900,MHz
naive,2:121,sample_cpu1_freq,1900,MHz
naive,2:121,sample_cpu2_freq,1900,MHz
naive,2:121,sample_cpu3_freq,1900,MHz
naive,2:121,sample_cpu4_freq,2500,MHz
naive,2:121,sample_cpu5_freq,2500,MHz
naive,2:121,sample_cpu6_freq,2500,MHz
naive,2:121,sample_cpu7_freq,2500,MHz
naive,2:122,sample_elapsed,18736,ms
naive,2:122,sample_power,5.471,W
naive,2:122,sample_process_cpu,493.421,% one core
naive,2:122,sample_free_ram,1.157,GiB
naive,2:122,sample_battery_temp,37.000,C
naive,2:122,sample_thermal_status,1,Android PowerManager status
naive,2:122,sample_cpu0_freq,1900,MHz
naive,2:122,sample_cpu1_freq,1900,MHz
naive,2:122,sample_cpu2_freq,1900,MHz
naive,2:122,sample_cpu3_freq,1900,MHz
naive,2:122,sample_cpu4_freq,2500,MHz
naive,2:122,sample_cpu5_freq,2500,MHz
naive,2:122,sample_cpu6_freq,2500,MHz
naive,2:122,sample_cpu7_freq,2500,MHz
naive,2:123,sample_elapsed,18889,ms
naive,2:123,sample_power,5.471,W
naive,2:123,sample_process_cpu,520.915,% one core
naive,2:123,sample_free_ram,1.152,GiB
naive,2:123,sample_battery_temp,37.000,C
naive,2:123,sample_thermal_status,1,Android PowerManager status
naive,2:123,sample_cpu0_freq,1900,MHz
naive,2:123,sample_cpu1_freq,1900,MHz
naive,2:123,sample_cpu2_freq,1900,MHz
naive,2:123,sample_cpu3_freq,1900,MHz
naive,2:123,sample_cpu4_freq,2500,MHz
naive,2:123,sample_cpu5_freq,2500,MHz
naive,2:123,sample_cpu6_freq,2500,MHz
naive,2:123,sample_cpu7_freq,2500,MHz
naive,2:124,sample_elapsed,19041,ms
naive,2:124,sample_power,5.471,W
naive,2:124,sample_process_cpu,515.789,% one core
naive,2:124,sample_free_ram,1.148,GiB
naive,2:124,sample_battery_temp,37.000,C
naive,2:124,sample_thermal_status,1,Android PowerManager status
naive,2:124,sample_cpu0_freq,1900,MHz
naive,2:124,sample_cpu1_freq,1900,MHz
naive,2:124,sample_cpu2_freq,1900,MHz
naive,2:124,sample_cpu3_freq,1900,MHz
naive,2:124,sample_cpu4_freq,2500,MHz
naive,2:124,sample_cpu5_freq,2500,MHz
naive,2:124,sample_cpu6_freq,2500,MHz
naive,2:124,sample_cpu7_freq,2500,MHz
naive,2:125,sample_elapsed,19194,ms
naive,2:125,sample_power,5.471,W
naive,2:125,sample_process_cpu,520.915,% one core
naive,2:125,sample_free_ram,1.142,GiB
naive,2:125,sample_battery_temp,37.000,C
naive,2:125,sample_thermal_status,1,Android PowerManager status
naive,2:125,sample_cpu0_freq,1900,MHz
naive,2:125,sample_cpu1_freq,1900,MHz
naive,2:125,sample_cpu2_freq,1900,MHz
naive,2:125,sample_cpu3_freq,1900,MHz
naive,2:125,sample_cpu4_freq,2500,MHz
naive,2:125,sample_cpu5_freq,2500,MHz
naive,2:125,sample_cpu6_freq,2500,MHz
naive,2:125,sample_cpu7_freq,2500,MHz
naive,2:126,sample_elapsed,19346,ms
naive,2:126,sample_power,5.809,W
naive,2:126,sample_process_cpu,474.342,% one core
naive,2:126,sample_free_ram,1.137,GiB
naive,2:126,sample_battery_temp,37.000,C
naive,2:126,sample_thermal_status,1,Android PowerManager status
naive,2:126,sample_cpu0_freq,1900,MHz
naive,2:126,sample_cpu1_freq,1900,MHz
naive,2:126,sample_cpu2_freq,1900,MHz
naive,2:126,sample_cpu3_freq,1900,MHz
naive,2:126,sample_cpu4_freq,2500,MHz
naive,2:126,sample_cpu5_freq,2500,MHz
naive,2:126,sample_cpu6_freq,2500,MHz
naive,2:126,sample_cpu7_freq,2500,MHz
naive,2:127,sample_elapsed,19499,ms
naive,2:127,sample_power,5.809,W
naive,2:127,sample_process_cpu,424.183,% one core
naive,2:127,sample_free_ram,1.130,GiB
naive,2:127,sample_battery_temp,37.000,C
naive,2:127,sample_thermal_status,1,Android PowerManager status
naive,2:127,sample_cpu0_freq,1900,MHz
naive,2:127,sample_cpu1_freq,1900,MHz
naive,2:127,sample_cpu2_freq,1900,MHz
naive,2:127,sample_cpu3_freq,1900,MHz
naive,2:127,sample_cpu4_freq,2500,MHz
naive,2:127,sample_cpu5_freq,2500,MHz
naive,2:127,sample_cpu6_freq,2500,MHz
naive,2:127,sample_cpu7_freq,2500,MHz
naive,2:128,sample_elapsed,19654,ms
naive,2:128,sample_power,6.061,W
naive,2:128,sample_process_cpu,414.194,% one core
naive,2:128,sample_free_ram,1.106,GiB
naive,2:128,sample_battery_temp,37.000,C
naive,2:128,sample_thermal_status,1,Android PowerManager status
naive,2:128,sample_cpu0_freq,1900,MHz
naive,2:128,sample_cpu1_freq,1900,MHz
naive,2:128,sample_cpu2_freq,1900,MHz
naive,2:128,sample_cpu3_freq,1900,MHz
naive,2:128,sample_cpu4_freq,2500,MHz
naive,2:128,sample_cpu5_freq,2500,MHz
naive,2:128,sample_cpu6_freq,2500,MHz
naive,2:128,sample_cpu7_freq,2500,MHz
naive,2:129,sample_elapsed,19806,ms
naive,2:129,sample_power,6.061,W
naive,2:129,sample_process_cpu,380.263,% one core
naive,2:129,sample_free_ram,1.101,GiB
naive,2:129,sample_battery_temp,37.000,C
naive,2:129,sample_thermal_status,1,Android PowerManager status
naive,2:129,sample_cpu0_freq,1900,MHz
naive,2:129,sample_cpu1_freq,1900,MHz
naive,2:129,sample_cpu2_freq,1900,MHz
naive,2:129,sample_cpu3_freq,1900,MHz
naive,2:129,sample_cpu4_freq,2500,MHz
naive,2:129,sample_cpu5_freq,2500,MHz
naive,2:129,sample_cpu6_freq,2500,MHz
naive,2:129,sample_cpu7_freq,2500,MHz
naive,2:130,sample_elapsed,19959,ms
naive,2:130,sample_power,6.061,W
naive,2:130,sample_process_cpu,323.529,% one core
naive,2:130,sample_free_ram,1.112,GiB
naive,2:130,sample_battery_temp,37.000,C
naive,2:130,sample_thermal_status,1,Android PowerManager status
naive,2:130,sample_cpu0_freq,1900,MHz
naive,2:130,sample_cpu1_freq,1900,MHz
naive,2:130,sample_cpu2_freq,1900,MHz
naive,2:130,sample_cpu3_freq,1900,MHz
naive,2:130,sample_cpu4_freq,2500,MHz
naive,2:130,sample_cpu5_freq,2500,MHz
naive,2:130,sample_cpu6_freq,2500,MHz
naive,2:130,sample_cpu7_freq,2500,MHz
naive,2:131,sample_elapsed,20126,ms
naive,2:131,sample_power,5.919,W
naive,2:131,sample_process_cpu,339.521,% one core
naive,2:131,sample_free_ram,1.091,GiB
naive,2:131,sample_battery_temp,37.000,C
naive,2:131,sample_thermal_status,1,Android PowerManager status
naive,2:131,sample_cpu0_freq,1900,MHz
naive,2:131,sample_cpu1_freq,1900,MHz
naive,2:131,sample_cpu2_freq,1900,MHz
naive,2:131,sample_cpu3_freq,1900,MHz
naive,2:131,sample_cpu4_freq,2500,MHz
naive,2:131,sample_cpu5_freq,2500,MHz
naive,2:131,sample_cpu6_freq,2500,MHz
naive,2:131,sample_cpu7_freq,2500,MHz
naive,2:132,sample_elapsed,20279,ms
naive,2:132,sample_power,5.919,W
naive,2:132,sample_process_cpu,416.340,% one core
naive,2:132,sample_free_ram,1.084,GiB
naive,2:132,sample_battery_temp,37.000,C
naive,2:132,sample_thermal_status,1,Android PowerManager status
naive,2:132,sample_cpu0_freq,1900,MHz
naive,2:132,sample_cpu1_freq,1900,MHz
naive,2:132,sample_cpu2_freq,1900,MHz
naive,2:132,sample_cpu3_freq,1900,MHz
naive,2:132,sample_cpu4_freq,2500,MHz
naive,2:132,sample_cpu5_freq,2500,MHz
naive,2:132,sample_cpu6_freq,2500,MHz
naive,2:132,sample_cpu7_freq,2500,MHz
naive,2:133,sample_elapsed,20432,ms
naive,2:133,sample_power,5.919,W
naive,2:133,sample_process_cpu,390.850,% one core
naive,2:133,sample_free_ram,1.069,GiB
naive,2:133,sample_battery_temp,37.000,C
naive,2:133,sample_thermal_status,1,Android PowerManager status
naive,2:133,sample_cpu0_freq,1900,MHz
naive,2:133,sample_cpu1_freq,1900,MHz
naive,2:133,sample_cpu2_freq,1900,MHz
naive,2:133,sample_cpu3_freq,1900,MHz
naive,2:133,sample_cpu4_freq,2500,MHz
naive,2:133,sample_cpu5_freq,2500,MHz
naive,2:133,sample_cpu6_freq,2500,MHz
naive,2:133,sample_cpu7_freq,2500,MHz
naive,2:134,sample_elapsed,20626,ms
naive,2:134,sample_power,5.919,W
naive,2:134,sample_process_cpu,352.062,% one core
naive,2:134,sample_free_ram,1.069,GiB
naive,2:134,sample_battery_temp,37.000,C
naive,2:134,sample_thermal_status,1,Android PowerManager status
naive,2:134,sample_cpu0_freq,1900,MHz
naive,2:134,sample_cpu1_freq,1900,MHz
naive,2:134,sample_cpu2_freq,1900,MHz
naive,2:134,sample_cpu3_freq,1900,MHz
naive,2:134,sample_cpu4_freq,2500,MHz
naive,2:134,sample_cpu5_freq,2500,MHz
naive,2:134,sample_cpu6_freq,2500,MHz
naive,2:134,sample_cpu7_freq,2500,MHz
naive,2:135,sample_elapsed,20780,ms
naive,2:135,sample_power,5.093,W
naive,2:135,sample_process_cpu,298.701,% one core
naive,2:135,sample_free_ram,1.092,GiB
naive,2:135,sample_battery_temp,37.000,C
naive,2:135,sample_thermal_status,1,Android PowerManager status
naive,2:135,sample_cpu0_freq,1900,MHz
naive,2:135,sample_cpu1_freq,1900,MHz
naive,2:135,sample_cpu2_freq,1900,MHz
naive,2:135,sample_cpu3_freq,1900,MHz
naive,2:135,sample_cpu4_freq,2500,MHz
naive,2:135,sample_cpu5_freq,2500,MHz
naive,2:135,sample_cpu6_freq,2500,MHz
naive,2:135,sample_cpu7_freq,2500,MHz
naive,2:136,sample_elapsed,20933,ms
naive,2:136,sample_power,5.093,W
naive,2:136,sample_process_cpu,304.575,% one core
naive,2:136,sample_free_ram,1.088,GiB
naive,2:136,sample_battery_temp,37.000,C
naive,2:136,sample_thermal_status,1,Android PowerManager status
naive,2:136,sample_cpu0_freq,1900,MHz
naive,2:136,sample_cpu1_freq,1900,MHz
naive,2:136,sample_cpu2_freq,1900,MHz
naive,2:136,sample_cpu3_freq,1900,MHz
naive,2:136,sample_cpu4_freq,2500,MHz
naive,2:136,sample_cpu5_freq,2500,MHz
naive,2:136,sample_cpu6_freq,2500,MHz
naive,2:136,sample_cpu7_freq,2500,MHz
naive,2:137,sample_elapsed,21092,ms
naive,2:137,sample_power,5.093,W
naive,2:137,sample_process_cpu,346.541,% one core
naive,2:137,sample_free_ram,1.089,GiB
naive,2:137,sample_battery_temp,37.000,C
naive,2:137,sample_thermal_status,1,Android PowerManager status
naive,2:137,sample_cpu0_freq,1900,MHz
naive,2:137,sample_cpu1_freq,1900,MHz
naive,2:137,sample_cpu2_freq,1900,MHz
naive,2:137,sample_cpu3_freq,1900,MHz
naive,2:137,sample_cpu4_freq,2500,MHz
naive,2:137,sample_cpu5_freq,2500,MHz
naive,2:137,sample_cpu6_freq,2500,MHz
naive,2:137,sample_cpu7_freq,2500,MHz
naive,2:138,sample_elapsed,21245,ms
naive,2:138,sample_power,5.604,W
naive,2:138,sample_process_cpu,300.000,% one core
naive,2:138,sample_free_ram,1.100,GiB
naive,2:138,sample_battery_temp,37.000,C
naive,2:138,sample_thermal_status,1,Android PowerManager status
naive,2:138,sample_cpu0_freq,1900,MHz
naive,2:138,sample_cpu1_freq,1900,MHz
naive,2:138,sample_cpu2_freq,1900,MHz
naive,2:138,sample_cpu3_freq,1900,MHz
naive,2:138,sample_cpu4_freq,2500,MHz
naive,2:138,sample_cpu5_freq,2500,MHz
naive,2:138,sample_cpu6_freq,2500,MHz
naive,2:138,sample_cpu7_freq,2500,MHz
naive,2:139,sample_elapsed,21397,ms
naive,2:139,sample_power,5.604,W
naive,2:139,sample_process_cpu,316.447,% one core
naive,2:139,sample_free_ram,1.117,GiB
naive,2:139,sample_battery_temp,37.000,C
naive,2:139,sample_thermal_status,1,Android PowerManager status
naive,2:139,sample_cpu0_freq,1900,MHz
naive,2:139,sample_cpu1_freq,1900,MHz
naive,2:139,sample_cpu2_freq,1900,MHz
naive,2:139,sample_cpu3_freq,1900,MHz
naive,2:139,sample_cpu4_freq,2500,MHz
naive,2:139,sample_cpu5_freq,2500,MHz
naive,2:139,sample_cpu6_freq,2500,MHz
naive,2:139,sample_cpu7_freq,2500,MHz
naive,2:140,sample_elapsed,21558,ms
naive,2:140,sample_power,5.604,W
naive,2:140,sample_process_cpu,376.398,% one core
naive,2:140,sample_free_ram,1.125,GiB
naive,2:140,sample_battery_temp,37.000,C
naive,2:140,sample_thermal_status,1,Android PowerManager status
naive,2:140,sample_cpu0_freq,1900,MHz
naive,2:140,sample_cpu1_freq,1900,MHz
naive,2:140,sample_cpu2_freq,1900,MHz
naive,2:140,sample_cpu3_freq,1900,MHz
naive,2:140,sample_cpu4_freq,2500,MHz
naive,2:140,sample_cpu5_freq,2500,MHz
naive,2:140,sample_cpu6_freq,2500,MHz
naive,2:140,sample_cpu7_freq,2500,MHz
naive,2:141,sample_elapsed,21717,ms
naive,2:141,sample_power,5.438,W
naive,2:141,sample_process_cpu,400.629,% one core
naive,2:141,sample_free_ram,1.133,GiB
naive,2:141,sample_battery_temp,37.000,C
naive,2:141,sample_thermal_status,1,Android PowerManager status
naive,2:141,sample_cpu0_freq,1900,MHz
naive,2:141,sample_cpu1_freq,1900,MHz
naive,2:141,sample_cpu2_freq,1900,MHz
naive,2:141,sample_cpu3_freq,1900,MHz
naive,2:141,sample_cpu4_freq,2500,MHz
naive,2:141,sample_cpu5_freq,2500,MHz
naive,2:141,sample_cpu6_freq,2500,MHz
naive,2:141,sample_cpu7_freq,2500,MHz
naive,2:142,sample_elapsed,21871,ms
naive,2:142,sample_power,5.438,W
naive,2:142,sample_process_cpu,469.481,% one core
naive,2:142,sample_free_ram,1.147,GiB
naive,2:142,sample_battery_temp,37.000,C
naive,2:142,sample_thermal_status,1,Android PowerManager status
naive,2:142,sample_cpu0_freq,1900,MHz
naive,2:142,sample_cpu1_freq,1900,MHz
naive,2:142,sample_cpu2_freq,1900,MHz
naive,2:142,sample_cpu3_freq,1900,MHz
naive,2:142,sample_cpu4_freq,2500,MHz
naive,2:142,sample_cpu5_freq,2500,MHz
naive,2:142,sample_cpu6_freq,2500,MHz
naive,2:142,sample_cpu7_freq,2500,MHz
naive,2:143,sample_elapsed,22031,ms
naive,2:143,sample_power,5.438,W
naive,2:143,sample_process_cpu,443.750,% one core
naive,2:143,sample_free_ram,1.160,GiB
naive,2:143,sample_battery_temp,37.000,C
naive,2:143,sample_thermal_status,1,Android PowerManager status
naive,2:143,sample_cpu0_freq,1900,MHz
naive,2:143,sample_cpu1_freq,1900,MHz
naive,2:143,sample_cpu2_freq,1900,MHz
naive,2:143,sample_cpu3_freq,1900,MHz
naive,2:143,sample_cpu4_freq,2500,MHz
naive,2:143,sample_cpu5_freq,2500,MHz
naive,2:143,sample_cpu6_freq,2500,MHz
naive,2:143,sample_cpu7_freq,2500,MHz
naive,2:144,sample_elapsed,22185,ms
naive,2:144,sample_power,5.438,W
naive,2:144,sample_process_cpu,474.675,% one core
naive,2:144,sample_free_ram,1.163,GiB
naive,2:144,sample_battery_temp,37.000,C
naive,2:144,sample_thermal_status,1,Android PowerManager status
naive,2:144,sample_cpu0_freq,1900,MHz
naive,2:144,sample_cpu1_freq,1900,MHz
naive,2:144,sample_cpu2_freq,1900,MHz
naive,2:144,sample_cpu3_freq,1900,MHz
naive,2:144,sample_cpu4_freq,2500,MHz
naive,2:144,sample_cpu5_freq,2500,MHz
naive,2:144,sample_cpu6_freq,2500,MHz
naive,2:144,sample_cpu7_freq,2500,MHz
naive,2:145,sample_elapsed,22337,ms
naive,2:145,sample_power,5.551,W
naive,2:145,sample_process_cpu,462.500,% one core
naive,2:145,sample_free_ram,1.165,GiB
naive,2:145,sample_battery_temp,37.000,C
naive,2:145,sample_thermal_status,1,Android PowerManager status
naive,2:145,sample_cpu0_freq,1900,MHz
naive,2:145,sample_cpu1_freq,1900,MHz
naive,2:145,sample_cpu2_freq,1900,MHz
naive,2:145,sample_cpu3_freq,1900,MHz
naive,2:145,sample_cpu4_freq,2500,MHz
naive,2:145,sample_cpu5_freq,2500,MHz
naive,2:145,sample_cpu6_freq,2500,MHz
naive,2:145,sample_cpu7_freq,2500,MHz
naive,2:146,sample_elapsed,22490,ms
naive,2:146,sample_power,5.551,W
naive,2:146,sample_process_cpu,505.882,% one core
naive,2:146,sample_free_ram,1.181,GiB
naive,2:146,sample_battery_temp,37.000,C
naive,2:146,sample_thermal_status,1,Android PowerManager status
naive,2:146,sample_cpu0_freq,1900,MHz
naive,2:146,sample_cpu1_freq,1900,MHz
naive,2:146,sample_cpu2_freq,1900,MHz
naive,2:146,sample_cpu3_freq,1900,MHz
naive,2:146,sample_cpu4_freq,2500,MHz
naive,2:146,sample_cpu5_freq,2500,MHz
naive,2:146,sample_cpu6_freq,2500,MHz
naive,2:146,sample_cpu7_freq,2500,MHz
naive,2:147,sample_elapsed,22645,ms
naive,2:147,sample_power,5.551,W
naive,2:147,sample_process_cpu,496.129,% one core
naive,2:147,sample_free_ram,1.189,GiB
naive,2:147,sample_battery_temp,37.000,C
naive,2:147,sample_thermal_status,1,Android PowerManager status
naive,2:147,sample_cpu0_freq,1900,MHz
naive,2:147,sample_cpu1_freq,1900,MHz
naive,2:147,sample_cpu2_freq,1900,MHz
naive,2:147,sample_cpu3_freq,1900,MHz
naive,2:147,sample_cpu4_freq,2500,MHz
naive,2:147,sample_cpu5_freq,2500,MHz
naive,2:147,sample_cpu6_freq,2500,MHz
naive,2:147,sample_cpu7_freq,2500,MHz
naive,2:148,sample_elapsed,22796,ms
naive,2:148,sample_power,5.551,W
naive,2:148,sample_process_cpu,520.530,% one core
naive,2:148,sample_free_ram,1.195,GiB
naive,2:148,sample_battery_temp,37.000,C
naive,2:148,sample_thermal_status,1,Android PowerManager status
naive,2:148,sample_cpu0_freq,1900,MHz
naive,2:148,sample_cpu1_freq,1900,MHz
naive,2:148,sample_cpu2_freq,1900,MHz
naive,2:148,sample_cpu3_freq,1900,MHz
naive,2:148,sample_cpu4_freq,2500,MHz
naive,2:148,sample_cpu5_freq,2500,MHz
naive,2:148,sample_cpu6_freq,2500,MHz
naive,2:148,sample_cpu7_freq,2500,MHz
naive,2:149,sample_elapsed,22950,ms
naive,2:149,sample_power,4.683,W
naive,2:149,sample_process_cpu,546.753,% one core
naive,2:149,sample_free_ram,1.195,GiB
naive,2:149,sample_battery_temp,37.000,C
naive,2:149,sample_thermal_status,1,Android PowerManager status
naive,2:149,sample_cpu0_freq,1900,MHz
naive,2:149,sample_cpu1_freq,1900,MHz
naive,2:149,sample_cpu2_freq,1900,MHz
naive,2:149,sample_cpu3_freq,1900,MHz
naive,2:149,sample_cpu4_freq,2500,MHz
naive,2:149,sample_cpu5_freq,2500,MHz
naive,2:149,sample_cpu6_freq,2500,MHz
naive,2:149,sample_cpu7_freq,2500,MHz
naive,2:150,sample_elapsed,23105,ms
naive,2:150,sample_power,4.683,W
naive,2:150,sample_process_cpu,538.065,% one core
naive,2:150,sample_free_ram,1.195,GiB
naive,2:150,sample_battery_temp,37.000,C
naive,2:150,sample_thermal_status,1,Android PowerManager status
naive,2:150,sample_cpu0_freq,1900,MHz
naive,2:150,sample_cpu1_freq,1900,MHz
naive,2:150,sample_cpu2_freq,1900,MHz
naive,2:150,sample_cpu3_freq,1900,MHz
naive,2:150,sample_cpu4_freq,2500,MHz
naive,2:150,sample_cpu5_freq,2500,MHz
naive,2:150,sample_cpu6_freq,2500,MHz
naive,2:150,sample_cpu7_freq,2500,MHz
naive,2:151,sample_elapsed,23257,ms
naive,2:151,sample_power,4.683,W
naive,2:151,sample_process_cpu,561.842,% one core
naive,2:151,sample_free_ram,1.195,GiB
naive,2:151,sample_battery_temp,37.000,C
naive,2:151,sample_thermal_status,1,Android PowerManager status
naive,2:151,sample_cpu0_freq,1900,MHz
naive,2:151,sample_cpu1_freq,1900,MHz
naive,2:151,sample_cpu2_freq,1900,MHz
naive,2:151,sample_cpu3_freq,1900,MHz
naive,2:151,sample_cpu4_freq,2500,MHz
naive,2:151,sample_cpu5_freq,2500,MHz
naive,2:151,sample_cpu6_freq,2500,MHz
naive,2:151,sample_cpu7_freq,2500,MHz
naive,3,pp,99.600,tok/s
naive,3,tg,8.920,tok/s
naive,3,power,4.567,W
naive,3,tok_per_w,1.953,tok/W
naive,3,ttft_pp512_derived,5252.670,ms
naive,3,start_temp,37.000,C
naive,3,average_process_cpu,544.021,% one core
naive,3,minimum_free_ram,1.139,GiB
naive,3,peak_battery_temp,37.000,C
naive,3,peak_thermal_status,1,Android PowerManager status
naive,3:1,sample_elapsed,0,ms
naive,3:1,sample_power,0.984,W
naive,3:1,sample_process_cpu,0.000,% one core
naive,3:1,sample_free_ram,1.227,GiB
naive,3:1,sample_battery_temp,37.000,C
naive,3:1,sample_thermal_status,1,Android PowerManager status
naive,3:1,sample_cpu0_freq,900,MHz
naive,3:1,sample_cpu1_freq,1000,MHz
naive,3:1,sample_cpu2_freq,1000,MHz
naive,3:1,sample_cpu3_freq,1200,MHz
naive,3:1,sample_cpu4_freq,400,MHz
naive,3:1,sample_cpu5_freq,500,MHz
naive,3:1,sample_cpu6_freq,500,MHz
naive,3:1,sample_cpu7_freq,500,MHz
naive,3:2,sample_elapsed,162,ms
naive,3:2,sample_power,0.984,W
naive,3:2,sample_process_cpu,465.432,% one core
naive,3:2,sample_free_ram,1.217,GiB
naive,3:2,sample_battery_temp,37.000,C
naive,3:2,sample_thermal_status,1,Android PowerManager status
naive,3:2,sample_cpu0_freq,1900,MHz
naive,3:2,sample_cpu1_freq,1900,MHz
naive,3:2,sample_cpu2_freq,1900,MHz
naive,3:2,sample_cpu3_freq,1900,MHz
naive,3:2,sample_cpu4_freq,2500,MHz
naive,3:2,sample_cpu5_freq,2500,MHz
naive,3:2,sample_cpu6_freq,2500,MHz
naive,3:2,sample_cpu7_freq,2500,MHz
naive,3:3,sample_elapsed,321,ms
naive,3:3,sample_power,0.984,W
naive,3:3,sample_process_cpu,532.704,% one core
naive,3:3,sample_free_ram,1.182,GiB
naive,3:3,sample_battery_temp,37.000,C
naive,3:3,sample_thermal_status,1,Android PowerManager status
naive,3:3,sample_cpu0_freq,1900,MHz
naive,3:3,sample_cpu1_freq,1900,MHz
naive,3:3,sample_cpu2_freq,1900,MHz
naive,3:3,sample_cpu3_freq,1900,MHz
naive,3:3,sample_cpu4_freq,2500,MHz
naive,3:3,sample_cpu5_freq,2500,MHz
naive,3:3,sample_cpu6_freq,2500,MHz
naive,3:3,sample_cpu7_freq,2500,MHz
naive,3:4,sample_elapsed,479,ms
naive,3:4,sample_power,0.984,W
naive,3:4,sample_process_cpu,529.747,% one core
naive,3:4,sample_free_ram,1.181,GiB
naive,3:4,sample_battery_temp,37.000,C
naive,3:4,sample_thermal_status,1,Android PowerManager status
naive,3:4,sample_cpu0_freq,1900,MHz
naive,3:4,sample_cpu1_freq,1900,MHz
naive,3:4,sample_cpu2_freq,1900,MHz
naive,3:4,sample_cpu3_freq,1900,MHz
naive,3:4,sample_cpu4_freq,2500,MHz
naive,3:4,sample_cpu5_freq,2500,MHz
naive,3:4,sample_cpu6_freq,2500,MHz
naive,3:4,sample_cpu7_freq,2500,MHz
naive,3:5,sample_elapsed,637,ms
naive,3:5,sample_power,4.065,W
naive,3:5,sample_process_cpu,552.532,% one core
naive,3:5,sample_free_ram,1.181,GiB
naive,3:5,sample_battery_temp,37.000,C
naive,3:5,sample_thermal_status,1,Android PowerManager status
naive,3:5,sample_cpu0_freq,1900,MHz
naive,3:5,sample_cpu1_freq,1900,MHz
naive,3:5,sample_cpu2_freq,1900,MHz
naive,3:5,sample_cpu3_freq,1900,MHz
naive,3:5,sample_cpu4_freq,2500,MHz
naive,3:5,sample_cpu5_freq,2500,MHz
naive,3:5,sample_cpu6_freq,2500,MHz
naive,3:5,sample_cpu7_freq,2500,MHz
naive,3:6,sample_elapsed,795,ms
naive,3:6,sample_power,4.065,W
naive,3:6,sample_process_cpu,531.013,% one core
naive,3:6,sample_free_ram,1.181,GiB
naive,3:6,sample_battery_temp,37.000,C
naive,3:6,sample_thermal_status,1,Android PowerManager status
naive,3:6,sample_cpu0_freq,1900,MHz
naive,3:6,sample_cpu1_freq,1900,MHz
naive,3:6,sample_cpu2_freq,1900,MHz
naive,3:6,sample_cpu3_freq,1900,MHz
naive,3:6,sample_cpu4_freq,2500,MHz
naive,3:6,sample_cpu5_freq,2500,MHz
naive,3:6,sample_cpu6_freq,2500,MHz
naive,3:6,sample_cpu7_freq,2500,MHz
naive,3:7,sample_elapsed,950,ms
naive,3:7,sample_power,4.065,W
naive,3:7,sample_process_cpu,545.161,% one core
naive,3:7,sample_free_ram,1.181,GiB
naive,3:7,sample_battery_temp,37.000,C
naive,3:7,sample_thermal_status,1,Android PowerManager status
naive,3:7,sample_cpu0_freq,1900,MHz
naive,3:7,sample_cpu1_freq,1900,MHz
naive,3:7,sample_cpu2_freq,1900,MHz
naive,3:7,sample_cpu3_freq,1900,MHz
naive,3:7,sample_cpu4_freq,2500,MHz
naive,3:7,sample_cpu5_freq,2500,MHz
naive,3:7,sample_cpu6_freq,2500,MHz
naive,3:7,sample_cpu7_freq,2500,MHz
naive,3:8,sample_elapsed,1106,ms
naive,3:8,sample_power,4.065,W
naive,3:8,sample_process_cpu,541.026,% one core
naive,3:8,sample_free_ram,1.181,GiB
naive,3:8,sample_battery_temp,37.000,C
naive,3:8,sample_thermal_status,1,Android PowerManager status
naive,3:8,sample_cpu0_freq,1900,MHz
naive,3:8,sample_cpu1_freq,1900,MHz
naive,3:8,sample_cpu2_freq,1900,MHz
naive,3:8,sample_cpu3_freq,1900,MHz
naive,3:8,sample_cpu4_freq,2500,MHz
naive,3:8,sample_cpu5_freq,2500,MHz
naive,3:8,sample_cpu6_freq,2500,MHz
naive,3:8,sample_cpu7_freq,2500,MHz
naive,3:9,sample_elapsed,1263,ms
naive,3:9,sample_power,4.796,W
naive,3:9,sample_process_cpu,536.943,% one core
naive,3:9,sample_free_ram,1.181,GiB
naive,3:9,sample_battery_temp,37.000,C
naive,3:9,sample_thermal_status,1,Android PowerManager status
naive,3:9,sample_cpu0_freq,1900,MHz
naive,3:9,sample_cpu1_freq,1900,MHz
naive,3:9,sample_cpu2_freq,1900,MHz
naive,3:9,sample_cpu3_freq,1900,MHz
naive,3:9,sample_cpu4_freq,2500,MHz
naive,3:9,sample_cpu5_freq,2500,MHz
naive,3:9,sample_cpu6_freq,2500,MHz
naive,3:9,sample_cpu7_freq,2500,MHz
naive,3:10,sample_elapsed,1425,ms
naive,3:10,sample_power,4.796,W
naive,3:10,sample_process_cpu,542.593,% one core
naive,3:10,sample_free_ram,1.180,GiB
naive,3:10,sample_battery_temp,37.000,C
naive,3:10,sample_thermal_status,1,Android PowerManager status
naive,3:10,sample_cpu0_freq,1900,MHz
naive,3:10,sample_cpu1_freq,1900,MHz
naive,3:10,sample_cpu2_freq,1900,MHz
naive,3:10,sample_cpu3_freq,1900,MHz
naive,3:10,sample_cpu4_freq,2500,MHz
naive,3:10,sample_cpu5_freq,2500,MHz
naive,3:10,sample_cpu6_freq,2500,MHz
naive,3:10,sample_cpu7_freq,2500,MHz
naive,3:11,sample_elapsed,1584,ms
naive,3:11,sample_power,4.796,W
naive,3:11,sample_process_cpu,523.899,% one core
naive,3:11,sample_free_ram,1.180,GiB
naive,3:11,sample_battery_temp,37.000,C
naive,3:11,sample_thermal_status,1,Android PowerManager status
naive,3:11,sample_cpu0_freq,1900,MHz
naive,3:11,sample_cpu1_freq,1900,MHz
naive,3:11,sample_cpu2_freq,1900,MHz
naive,3:11,sample_cpu3_freq,1900,MHz
naive,3:11,sample_cpu4_freq,2500,MHz
naive,3:11,sample_cpu5_freq,2500,MHz
naive,3:11,sample_cpu6_freq,2500,MHz
naive,3:11,sample_cpu7_freq,2500,MHz
naive,3:12,sample_elapsed,1741,ms
naive,3:12,sample_power,4.863,W
naive,3:12,sample_process_cpu,552.866,% one core
naive,3:12,sample_free_ram,1.180,GiB
naive,3:12,sample_battery_temp,37.000,C
naive,3:12,sample_thermal_status,1,Android PowerManager status
naive,3:12,sample_cpu0_freq,1900,MHz
naive,3:12,sample_cpu1_freq,1900,MHz
naive,3:12,sample_cpu2_freq,1900,MHz
naive,3:12,sample_cpu3_freq,1900,MHz
naive,3:12,sample_cpu4_freq,2500,MHz
naive,3:12,sample_cpu5_freq,2500,MHz
naive,3:12,sample_cpu6_freq,2500,MHz
naive,3:12,sample_cpu7_freq,2500,MHz
naive,3:13,sample_elapsed,1896,ms
naive,3:13,sample_power,4.863,W
naive,3:13,sample_process_cpu,537.419,% one core
naive,3:13,sample_free_ram,1.180,GiB
naive,3:13,sample_battery_temp,37.000,C
naive,3:13,sample_thermal_status,1,Android PowerManager status
naive,3:13,sample_cpu0_freq,1900,MHz
naive,3:13,sample_cpu1_freq,1900,MHz
naive,3:13,sample_cpu2_freq,1900,MHz
naive,3:13,sample_cpu3_freq,1900,MHz
naive,3:13,sample_cpu4_freq,2500,MHz
naive,3:13,sample_cpu5_freq,2500,MHz
naive,3:13,sample_cpu6_freq,2500,MHz
naive,3:13,sample_cpu7_freq,2500,MHz
naive,3:14,sample_elapsed,2051,ms
naive,3:14,sample_power,4.863,W
naive,3:14,sample_process_cpu,536.129,% one core
naive,3:14,sample_free_ram,1.179,GiB
naive,3:14,sample_battery_temp,37.000,C
naive,3:14,sample_thermal_status,1,Android PowerManager status
naive,3:14,sample_cpu0_freq,1900,MHz
naive,3:14,sample_cpu1_freq,1900,MHz
naive,3:14,sample_cpu2_freq,1900,MHz
naive,3:14,sample_cpu3_freq,1900,MHz
naive,3:14,sample_cpu4_freq,2500,MHz
naive,3:14,sample_cpu5_freq,2500,MHz
naive,3:14,sample_cpu6_freq,2500,MHz
naive,3:14,sample_cpu7_freq,2500,MHz
naive,3:15,sample_elapsed,2206,ms
naive,3:15,sample_power,4.736,W
naive,3:15,sample_process_cpu,558.710,% one core
naive,3:15,sample_free_ram,1.179,GiB
naive,3:15,sample_battery_temp,37.000,C
naive,3:15,sample_thermal_status,1,Android PowerManager status
naive,3:15,sample_cpu0_freq,1900,MHz
naive,3:15,sample_cpu1_freq,1900,MHz
naive,3:15,sample_cpu2_freq,1900,MHz
naive,3:15,sample_cpu3_freq,1900,MHz
naive,3:15,sample_cpu4_freq,2500,MHz
naive,3:15,sample_cpu5_freq,2500,MHz
naive,3:15,sample_cpu6_freq,2500,MHz
naive,3:15,sample_cpu7_freq,2500,MHz
naive,3:16,sample_elapsed,2363,ms
naive,3:16,sample_power,4.736,W
naive,3:16,sample_process_cpu,534.395,% one core
naive,3:16,sample_free_ram,1.178,GiB
naive,3:16,sample_battery_temp,37.000,C
naive,3:16,sample_thermal_status,1,Android PowerManager status
naive,3:16,sample_cpu0_freq,1900,MHz
naive,3:16,sample_cpu1_freq,1900,MHz
naive,3:16,sample_cpu2_freq,1900,MHz
naive,3:16,sample_cpu3_freq,1900,MHz
naive,3:16,sample_cpu4_freq,2500,MHz
naive,3:16,sample_cpu5_freq,2500,MHz
naive,3:16,sample_cpu6_freq,2500,MHz
naive,3:16,sample_cpu7_freq,2500,MHz
naive,3:17,sample_elapsed,2520,ms
naive,3:17,sample_power,4.736,W
naive,3:17,sample_process_cpu,542.675,% one core
naive,3:17,sample_free_ram,1.178,GiB
naive,3:17,sample_battery_temp,37.000,C
naive,3:17,sample_thermal_status,1,Android PowerManager status
naive,3:17,sample_cpu0_freq,1900,MHz
naive,3:17,sample_cpu1_freq,1900,MHz
naive,3:17,sample_cpu2_freq,1900,MHz
naive,3:17,sample_cpu3_freq,1900,MHz
naive,3:17,sample_cpu4_freq,2500,MHz
naive,3:17,sample_cpu5_freq,2500,MHz
naive,3:17,sample_cpu6_freq,2500,MHz
naive,3:17,sample_cpu7_freq,2500,MHz
naive,3:18,sample_elapsed,2679,ms
naive,3:18,sample_power,4.736,W
naive,3:18,sample_process_cpu,537.736,% one core
naive,3:18,sample_free_ram,1.178,GiB
naive,3:18,sample_battery_temp,37.000,C
naive,3:18,sample_thermal_status,1,Android PowerManager status
naive,3:18,sample_cpu0_freq,1900,MHz
naive,3:18,sample_cpu1_freq,1900,MHz
naive,3:18,sample_cpu2_freq,1900,MHz
naive,3:18,sample_cpu3_freq,1900,MHz
naive,3:18,sample_cpu4_freq,2500,MHz
naive,3:18,sample_cpu5_freq,2500,MHz
naive,3:18,sample_cpu6_freq,2500,MHz
naive,3:18,sample_cpu7_freq,2500,MHz
naive,3:19,sample_elapsed,2836,ms
naive,3:19,sample_power,4.892,W
naive,3:19,sample_process_cpu,548.408,% one core
naive,3:19,sample_free_ram,1.178,GiB
naive,3:19,sample_battery_temp,37.000,C
naive,3:19,sample_thermal_status,1,Android PowerManager status
naive,3:19,sample_cpu0_freq,1900,MHz
naive,3:19,sample_cpu1_freq,1900,MHz
naive,3:19,sample_cpu2_freq,1900,MHz
naive,3:19,sample_cpu3_freq,1900,MHz
naive,3:19,sample_cpu4_freq,2500,MHz
naive,3:19,sample_cpu5_freq,2500,MHz
naive,3:19,sample_cpu6_freq,2500,MHz
naive,3:19,sample_cpu7_freq,2500,MHz
naive,3:20,sample_elapsed,2995,ms
naive,3:20,sample_power,4.892,W
naive,3:20,sample_process_cpu,530.818,% one core
naive,3:20,sample_free_ram,1.178,GiB
naive,3:20,sample_battery_temp,37.000,C
naive,3:20,sample_thermal_status,1,Android PowerManager status
naive,3:20,sample_cpu0_freq,1900,MHz
naive,3:20,sample_cpu1_freq,1900,MHz
naive,3:20,sample_cpu2_freq,1900,MHz
naive,3:20,sample_cpu3_freq,1900,MHz
naive,3:20,sample_cpu4_freq,2500,MHz
naive,3:20,sample_cpu5_freq,2500,MHz
naive,3:20,sample_cpu6_freq,2500,MHz
naive,3:20,sample_cpu7_freq,2500,MHz
naive,3:21,sample_elapsed,3150,ms
naive,3:21,sample_power,4.892,W
naive,3:21,sample_process_cpu,551.613,% one core
naive,3:21,sample_free_ram,1.177,GiB
naive,3:21,sample_battery_temp,37.000,C
naive,3:21,sample_thermal_status,1,Android PowerManager status
naive,3:21,sample_cpu0_freq,1900,MHz
naive,3:21,sample_cpu1_freq,1900,MHz
naive,3:21,sample_cpu2_freq,1900,MHz
naive,3:21,sample_cpu3_freq,1900,MHz
naive,3:21,sample_cpu4_freq,2500,MHz
naive,3:21,sample_cpu5_freq,2500,MHz
naive,3:21,sample_cpu6_freq,2500,MHz
naive,3:21,sample_cpu7_freq,2500,MHz
naive,3:22,sample_elapsed,3309,ms
naive,3:22,sample_power,4.892,W
naive,3:22,sample_process_cpu,549.057,% one core
naive,3:22,sample_free_ram,1.177,GiB
naive,3:22,sample_battery_temp,37.000,C
naive,3:22,sample_thermal_status,1,Android PowerManager status
naive,3:22,sample_cpu0_freq,1900,MHz
naive,3:22,sample_cpu1_freq,1900,MHz
naive,3:22,sample_cpu2_freq,1900,MHz
naive,3:22,sample_cpu3_freq,1900,MHz
naive,3:22,sample_cpu4_freq,2500,MHz
naive,3:22,sample_cpu5_freq,2500,MHz
naive,3:22,sample_cpu6_freq,2500,MHz
naive,3:22,sample_cpu7_freq,2500,MHz
naive,3:23,sample_elapsed,3464,ms
naive,3:23,sample_power,4.577,W
naive,3:23,sample_process_cpu,533.548,% one core
naive,3:23,sample_free_ram,1.176,GiB
naive,3:23,sample_battery_temp,37.000,C
naive,3:23,sample_thermal_status,1,Android PowerManager status
naive,3:23,sample_cpu0_freq,1900,MHz
naive,3:23,sample_cpu1_freq,1900,MHz
naive,3:23,sample_cpu2_freq,1900,MHz
naive,3:23,sample_cpu3_freq,1900,MHz
naive,3:23,sample_cpu4_freq,2500,MHz
naive,3:23,sample_cpu5_freq,2500,MHz
naive,3:23,sample_cpu6_freq,2500,MHz
naive,3:23,sample_cpu7_freq,2500,MHz
naive,3:24,sample_elapsed,3619,ms
naive,3:24,sample_power,4.577,W
naive,3:24,sample_process_cpu,532.903,% one core
naive,3:24,sample_free_ram,1.176,GiB
naive,3:24,sample_battery_temp,37.000,C
naive,3:24,sample_thermal_status,1,Android PowerManager status
naive,3:24,sample_cpu0_freq,1900,MHz
naive,3:24,sample_cpu1_freq,1900,MHz
naive,3:24,sample_cpu2_freq,1900,MHz
naive,3:24,sample_cpu3_freq,1900,MHz
naive,3:24,sample_cpu4_freq,2500,MHz
naive,3:24,sample_cpu5_freq,2500,MHz
naive,3:24,sample_cpu6_freq,2500,MHz
naive,3:24,sample_cpu7_freq,2500,MHz
naive,3:25,sample_elapsed,3773,ms
naive,3:25,sample_power,4.577,W
naive,3:25,sample_process_cpu,545.455,% one core
naive,3:25,sample_free_ram,1.176,GiB
naive,3:25,sample_battery_temp,37.000,C
naive,3:25,sample_thermal_status,1,Android PowerManager status
naive,3:25,sample_cpu0_freq,1900,MHz
naive,3:25,sample_cpu1_freq,1900,MHz
naive,3:25,sample_cpu2_freq,1900,MHz
naive,3:25,sample_cpu3_freq,1900,MHz
naive,3:25,sample_cpu4_freq,2500,MHz
naive,3:25,sample_cpu5_freq,2500,MHz
naive,3:25,sample_cpu6_freq,2500,MHz
naive,3:25,sample_cpu7_freq,2500,MHz
naive,3:26,sample_elapsed,3927,ms
naive,3:26,sample_power,4.577,W
naive,3:26,sample_process_cpu,534.416,% one core
naive,3:26,sample_free_ram,1.176,GiB
naive,3:26,sample_battery_temp,37.000,C
naive,3:26,sample_thermal_status,1,Android PowerManager status
naive,3:26,sample_cpu0_freq,1900,MHz
naive,3:26,sample_cpu1_freq,1900,MHz
naive,3:26,sample_cpu2_freq,1900,MHz
naive,3:26,sample_cpu3_freq,1900,MHz
naive,3:26,sample_cpu4_freq,2500,MHz
naive,3:26,sample_cpu5_freq,2500,MHz
naive,3:26,sample_cpu6_freq,2500,MHz
naive,3:26,sample_cpu7_freq,2500,MHz
naive,3:27,sample_elapsed,4082,ms
naive,3:27,sample_power,4.565,W
naive,3:27,sample_process_cpu,549.032,% one core
naive,3:27,sample_free_ram,1.176,GiB
naive,3:27,sample_battery_temp,37.000,C
naive,3:27,sample_thermal_status,1,Android PowerManager status
naive,3:27,sample_cpu0_freq,1900,MHz
naive,3:27,sample_cpu1_freq,1900,MHz
naive,3:27,sample_cpu2_freq,1900,MHz
naive,3:27,sample_cpu3_freq,1900,MHz
naive,3:27,sample_cpu4_freq,2500,MHz
naive,3:27,sample_cpu5_freq,2500,MHz
naive,3:27,sample_cpu6_freq,2500,MHz
naive,3:27,sample_cpu7_freq,2500,MHz
naive,3:28,sample_elapsed,4237,ms
naive,3:28,sample_power,4.565,W
naive,3:28,sample_process_cpu,547.097,% one core
naive,3:28,sample_free_ram,1.176,GiB
naive,3:28,sample_battery_temp,37.000,C
naive,3:28,sample_thermal_status,1,Android PowerManager status
naive,3:28,sample_cpu0_freq,1900,MHz
naive,3:28,sample_cpu1_freq,1900,MHz
naive,3:28,sample_cpu2_freq,1900,MHz
naive,3:28,sample_cpu3_freq,1900,MHz
naive,3:28,sample_cpu4_freq,2500,MHz
naive,3:28,sample_cpu5_freq,2500,MHz
naive,3:28,sample_cpu6_freq,2500,MHz
naive,3:28,sample_cpu7_freq,2500,MHz
naive,3:29,sample_elapsed,4394,ms
naive,3:29,sample_power,4.565,W
naive,3:29,sample_process_cpu,549.682,% one core
naive,3:29,sample_free_ram,1.175,GiB
naive,3:29,sample_battery_temp,37.000,C
naive,3:29,sample_thermal_status,1,Android PowerManager status
naive,3:29,sample_cpu0_freq,1900,MHz
naive,3:29,sample_cpu1_freq,1900,MHz
naive,3:29,sample_cpu2_freq,1900,MHz
naive,3:29,sample_cpu3_freq,1900,MHz
naive,3:29,sample_cpu4_freq,2500,MHz
naive,3:29,sample_cpu5_freq,2500,MHz
naive,3:29,sample_cpu6_freq,2500,MHz
naive,3:29,sample_cpu7_freq,2500,MHz
naive,3:30,sample_elapsed,4558,ms
naive,3:30,sample_power,4.565,W
naive,3:30,sample_process_cpu,530.488,% one core
naive,3:30,sample_free_ram,1.175,GiB
naive,3:30,sample_battery_temp,37.000,C
naive,3:30,sample_thermal_status,1,Android PowerManager status
naive,3:30,sample_cpu0_freq,1900,MHz
naive,3:30,sample_cpu1_freq,1900,MHz
naive,3:30,sample_cpu2_freq,1900,MHz
naive,3:30,sample_cpu3_freq,1900,MHz
naive,3:30,sample_cpu4_freq,2500,MHz
naive,3:30,sample_cpu5_freq,2500,MHz
naive,3:30,sample_cpu6_freq,2500,MHz
naive,3:30,sample_cpu7_freq,2500,MHz
naive,3:31,sample_elapsed,4716,ms
naive,3:31,sample_power,5.059,W
naive,3:31,sample_process_cpu,551.899,% one core
naive,3:31,sample_free_ram,1.175,GiB
naive,3:31,sample_battery_temp,37.000,C
naive,3:31,sample_thermal_status,1,Android PowerManager status
naive,3:31,sample_cpu0_freq,1900,MHz
naive,3:31,sample_cpu1_freq,1900,MHz
naive,3:31,sample_cpu2_freq,1900,MHz
naive,3:31,sample_cpu3_freq,1900,MHz
naive,3:31,sample_cpu4_freq,2500,MHz
naive,3:31,sample_cpu5_freq,2500,MHz
naive,3:31,sample_cpu6_freq,2500,MHz
naive,3:31,sample_cpu7_freq,2500,MHz
naive,3:32,sample_elapsed,4879,ms
naive,3:32,sample_power,5.059,W
naive,3:32,sample_process_cpu,536.810,% one core
naive,3:32,sample_free_ram,1.175,GiB
naive,3:32,sample_battery_temp,37.000,C
naive,3:32,sample_thermal_status,1,Android PowerManager status
naive,3:32,sample_cpu0_freq,1900,MHz
naive,3:32,sample_cpu1_freq,1900,MHz
naive,3:32,sample_cpu2_freq,1900,MHz
naive,3:32,sample_cpu3_freq,1900,MHz
naive,3:32,sample_cpu4_freq,2500,MHz
naive,3:32,sample_cpu5_freq,2500,MHz
naive,3:32,sample_cpu6_freq,2500,MHz
naive,3:32,sample_cpu7_freq,2500,MHz
naive,3:33,sample_elapsed,5035,ms
naive,3:33,sample_power,5.059,W
naive,3:33,sample_process_cpu,530.128,% one core
naive,3:33,sample_free_ram,1.175,GiB
naive,3:33,sample_battery_temp,37.000,C
naive,3:33,sample_thermal_status,1,Android PowerManager status
naive,3:33,sample_cpu0_freq,1900,MHz
naive,3:33,sample_cpu1_freq,1900,MHz
naive,3:33,sample_cpu2_freq,1900,MHz
naive,3:33,sample_cpu3_freq,1900,MHz
naive,3:33,sample_cpu4_freq,2500,MHz
naive,3:33,sample_cpu5_freq,2500,MHz
naive,3:33,sample_cpu6_freq,2500,MHz
naive,3:33,sample_cpu7_freq,2500,MHz
naive,3:34,sample_elapsed,5188,ms
naive,3:34,sample_power,5.059,W
naive,3:34,sample_process_cpu,553.595,% one core
naive,3:34,sample_free_ram,1.174,GiB
naive,3:34,sample_battery_temp,37.000,C
naive,3:34,sample_thermal_status,1,Android PowerManager status
naive,3:34,sample_cpu0_freq,1900,MHz
naive,3:34,sample_cpu1_freq,1900,MHz
naive,3:34,sample_cpu2_freq,1900,MHz
naive,3:34,sample_cpu3_freq,1900,MHz
naive,3:34,sample_cpu4_freq,2500,MHz
naive,3:34,sample_cpu5_freq,2500,MHz
naive,3:34,sample_cpu6_freq,2500,MHz
naive,3:34,sample_cpu7_freq,2500,MHz
naive,3:35,sample_elapsed,5352,ms
naive,3:35,sample_power,4.669,W
naive,3:35,sample_process_cpu,560.366,% one core
naive,3:35,sample_free_ram,1.174,GiB
naive,3:35,sample_battery_temp,37.000,C
naive,3:35,sample_thermal_status,1,Android PowerManager status
naive,3:35,sample_cpu0_freq,1900,MHz
naive,3:35,sample_cpu1_freq,1900,MHz
naive,3:35,sample_cpu2_freq,1900,MHz
naive,3:35,sample_cpu3_freq,1900,MHz
naive,3:35,sample_cpu4_freq,2500,MHz
naive,3:35,sample_cpu5_freq,2500,MHz
naive,3:35,sample_cpu6_freq,2500,MHz
naive,3:35,sample_cpu7_freq,2500,MHz
naive,3:36,sample_elapsed,5516,ms
naive,3:36,sample_power,4.669,W
naive,3:36,sample_process_cpu,567.073,% one core
naive,3:36,sample_free_ram,1.174,GiB
naive,3:36,sample_battery_temp,37.000,C
naive,3:36,sample_thermal_status,1,Android PowerManager status
naive,3:36,sample_cpu0_freq,1900,MHz
naive,3:36,sample_cpu1_freq,1900,MHz
naive,3:36,sample_cpu2_freq,1900,MHz
naive,3:36,sample_cpu3_freq,1900,MHz
naive,3:36,sample_cpu4_freq,2500,MHz
naive,3:36,sample_cpu5_freq,2500,MHz
naive,3:36,sample_cpu6_freq,2500,MHz
naive,3:36,sample_cpu7_freq,2500,MHz
naive,3:37,sample_elapsed,5683,ms
naive,3:37,sample_power,4.669,W
naive,3:37,sample_process_cpu,568.263,% one core
naive,3:37,sample_free_ram,1.174,GiB
naive,3:37,sample_battery_temp,37.000,C
naive,3:37,sample_thermal_status,1,Android PowerManager status
naive,3:37,sample_cpu0_freq,1900,MHz
naive,3:37,sample_cpu1_freq,1900,MHz
naive,3:37,sample_cpu2_freq,1900,MHz
naive,3:37,sample_cpu3_freq,1900,MHz
naive,3:37,sample_cpu4_freq,2500,MHz
naive,3:37,sample_cpu5_freq,2500,MHz
naive,3:37,sample_cpu6_freq,2500,MHz
naive,3:37,sample_cpu7_freq,2500,MHz
naive,3:38,sample_elapsed,5849,ms
naive,3:38,sample_power,4.669,W
naive,3:38,sample_process_cpu,559.639,% one core
naive,3:38,sample_free_ram,1.173,GiB
naive,3:38,sample_battery_temp,37.000,C
naive,3:38,sample_thermal_status,1,Android PowerManager status
naive,3:38,sample_cpu0_freq,1900,MHz
naive,3:38,sample_cpu1_freq,1900,MHz
naive,3:38,sample_cpu2_freq,1900,MHz
naive,3:38,sample_cpu3_freq,1900,MHz
naive,3:38,sample_cpu4_freq,2500,MHz
naive,3:38,sample_cpu5_freq,2500,MHz
naive,3:38,sample_cpu6_freq,2500,MHz
naive,3:38,sample_cpu7_freq,2500,MHz
naive,3:39,sample_elapsed,6032,ms
naive,3:39,sample_power,4.565,W
naive,3:39,sample_process_cpu,559.016,% one core
naive,3:39,sample_free_ram,1.173,GiB
naive,3:39,sample_battery_temp,37.000,C
naive,3:39,sample_thermal_status,1,Android PowerManager status
naive,3:39,sample_cpu0_freq,1900,MHz
naive,3:39,sample_cpu1_freq,1900,MHz
naive,3:39,sample_cpu2_freq,1900,MHz
naive,3:39,sample_cpu3_freq,1900,MHz
naive,3:39,sample_cpu4_freq,2500,MHz
naive,3:39,sample_cpu5_freq,2500,MHz
naive,3:39,sample_cpu6_freq,2500,MHz
naive,3:39,sample_cpu7_freq,2500,MHz
naive,3:40,sample_elapsed,6202,ms
naive,3:40,sample_power,4.565,W
naive,3:40,sample_process_cpu,550.000,% one core
naive,3:40,sample_free_ram,1.173,GiB
naive,3:40,sample_battery_temp,37.000,C
naive,3:40,sample_thermal_status,1,Android PowerManager status
naive,3:40,sample_cpu0_freq,1900,MHz
naive,3:40,sample_cpu1_freq,1900,MHz
naive,3:40,sample_cpu2_freq,1900,MHz
naive,3:40,sample_cpu3_freq,1900,MHz
naive,3:40,sample_cpu4_freq,2500,MHz
naive,3:40,sample_cpu5_freq,2500,MHz
naive,3:40,sample_cpu6_freq,2500,MHz
naive,3:40,sample_cpu7_freq,2500,MHz
naive,3:41,sample_elapsed,6366,ms
naive,3:41,sample_power,4.565,W
naive,3:41,sample_process_cpu,550.000,% one core
naive,3:41,sample_free_ram,1.172,GiB
naive,3:41,sample_battery_temp,37.000,C
naive,3:41,sample_thermal_status,1,Android PowerManager status
naive,3:41,sample_cpu0_freq,1900,MHz
naive,3:41,sample_cpu1_freq,1900,MHz
naive,3:41,sample_cpu2_freq,1900,MHz
naive,3:41,sample_cpu3_freq,1900,MHz
naive,3:41,sample_cpu4_freq,2500,MHz
naive,3:41,sample_cpu5_freq,2500,MHz
naive,3:41,sample_cpu6_freq,2500,MHz
naive,3:41,sample_cpu7_freq,2500,MHz
naive,3:42,sample_elapsed,6528,ms
naive,3:42,sample_power,4.565,W
naive,3:42,sample_process_cpu,558.025,% one core
naive,3:42,sample_free_ram,1.172,GiB
naive,3:42,sample_battery_temp,37.000,C
naive,3:42,sample_thermal_status,1,Android PowerManager status
naive,3:42,sample_cpu0_freq,1900,MHz
naive,3:42,sample_cpu1_freq,1900,MHz
naive,3:42,sample_cpu2_freq,1900,MHz
naive,3:42,sample_cpu3_freq,1900,MHz
naive,3:42,sample_cpu4_freq,2500,MHz
naive,3:42,sample_cpu5_freq,2500,MHz
naive,3:42,sample_cpu6_freq,2500,MHz
naive,3:42,sample_cpu7_freq,2500,MHz
naive,3:43,sample_elapsed,6688,ms
naive,3:43,sample_power,4.636,W
naive,3:43,sample_process_cpu,545.000,% one core
naive,3:43,sample_free_ram,1.172,GiB
naive,3:43,sample_battery_temp,37.000,C
naive,3:43,sample_thermal_status,1,Android PowerManager status
naive,3:43,sample_cpu0_freq,1900,MHz
naive,3:43,sample_cpu1_freq,1900,MHz
naive,3:43,sample_cpu2_freq,1900,MHz
naive,3:43,sample_cpu3_freq,1900,MHz
naive,3:43,sample_cpu4_freq,2500,MHz
naive,3:43,sample_cpu5_freq,2500,MHz
naive,3:43,sample_cpu6_freq,2500,MHz
naive,3:43,sample_cpu7_freq,2500,MHz
naive,3:44,sample_elapsed,6841,ms
naive,3:44,sample_power,4.636,W
naive,3:44,sample_process_cpu,539.216,% one core
naive,3:44,sample_free_ram,1.172,GiB
naive,3:44,sample_battery_temp,37.000,C
naive,3:44,sample_thermal_status,1,Android PowerManager status
naive,3:44,sample_cpu0_freq,1900,MHz
naive,3:44,sample_cpu1_freq,1900,MHz
naive,3:44,sample_cpu2_freq,1900,MHz
naive,3:44,sample_cpu3_freq,1900,MHz
naive,3:44,sample_cpu4_freq,2500,MHz
naive,3:44,sample_cpu5_freq,2500,MHz
naive,3:44,sample_cpu6_freq,2500,MHz
naive,3:44,sample_cpu7_freq,2500,MHz
naive,3:45,sample_elapsed,6993,ms
naive,3:45,sample_power,4.636,W
naive,3:45,sample_process_cpu,540.789,% one core
naive,3:45,sample_free_ram,1.172,GiB
naive,3:45,sample_battery_temp,37.000,C
naive,3:45,sample_thermal_status,1,Android PowerManager status
naive,3:45,sample_cpu0_freq,1900,MHz
naive,3:45,sample_cpu1_freq,1900,MHz
naive,3:45,sample_cpu2_freq,1900,MHz
naive,3:45,sample_cpu3_freq,1900,MHz
naive,3:45,sample_cpu4_freq,2500,MHz
naive,3:45,sample_cpu5_freq,2500,MHz
naive,3:45,sample_cpu6_freq,2500,MHz
naive,3:45,sample_cpu7_freq,2500,MHz
naive,3:46,sample_elapsed,7146,ms
naive,3:46,sample_power,4.636,W
naive,3:46,sample_process_cpu,547.059,% one core
naive,3:46,sample_free_ram,1.172,GiB
naive,3:46,sample_battery_temp,37.000,C
naive,3:46,sample_thermal_status,1,Android PowerManager status
naive,3:46,sample_cpu0_freq,1900,MHz
naive,3:46,sample_cpu1_freq,1900,MHz
naive,3:46,sample_cpu2_freq,1900,MHz
naive,3:46,sample_cpu3_freq,1900,MHz
naive,3:46,sample_cpu4_freq,2500,MHz
naive,3:46,sample_cpu5_freq,2500,MHz
naive,3:46,sample_cpu6_freq,2500,MHz
naive,3:46,sample_cpu7_freq,2500,MHz
naive,3:47,sample_elapsed,7302,ms
naive,3:47,sample_power,4.473,W
naive,3:47,sample_process_cpu,552.564,% one core
naive,3:47,sample_free_ram,1.172,GiB
naive,3:47,sample_battery_temp,37.000,C
naive,3:47,sample_thermal_status,1,Android PowerManager status
naive,3:47,sample_cpu0_freq,1900,MHz
naive,3:47,sample_cpu1_freq,1900,MHz
naive,3:47,sample_cpu2_freq,1900,MHz
naive,3:47,sample_cpu3_freq,1900,MHz
naive,3:47,sample_cpu4_freq,2500,MHz
naive,3:47,sample_cpu5_freq,2500,MHz
naive,3:47,sample_cpu6_freq,2500,MHz
naive,3:47,sample_cpu7_freq,2500,MHz
naive,3:48,sample_elapsed,7462,ms
naive,3:48,sample_power,4.473,W
naive,3:48,sample_process_cpu,531.250,% one core
naive,3:48,sample_free_ram,1.171,GiB
naive,3:48,sample_battery_temp,37.000,C
naive,3:48,sample_thermal_status,1,Android PowerManager status
naive,3:48,sample_cpu0_freq,1900,MHz
naive,3:48,sample_cpu1_freq,1900,MHz
naive,3:48,sample_cpu2_freq,1900,MHz
naive,3:48,sample_cpu3_freq,1900,MHz
naive,3:48,sample_cpu4_freq,2500,MHz
naive,3:48,sample_cpu5_freq,2500,MHz
naive,3:48,sample_cpu6_freq,2500,MHz
naive,3:48,sample_cpu7_freq,2500,MHz
naive,3:49,sample_elapsed,7620,ms
naive,3:49,sample_power,4.473,W
naive,3:49,sample_process_cpu,543.671,% one core
naive,3:49,sample_free_ram,1.171,GiB
naive,3:49,sample_battery_temp,37.000,C
naive,3:49,sample_thermal_status,1,Android PowerManager status
naive,3:49,sample_cpu0_freq,1900,MHz
naive,3:49,sample_cpu1_freq,1900,MHz
naive,3:49,sample_cpu2_freq,1900,MHz
naive,3:49,sample_cpu3_freq,1900,MHz
naive,3:49,sample_cpu4_freq,2500,MHz
naive,3:49,sample_cpu5_freq,2500,MHz
naive,3:49,sample_cpu6_freq,2500,MHz
naive,3:49,sample_cpu7_freq,2500,MHz
naive,3:50,sample_elapsed,7772,ms
naive,3:50,sample_power,4.473,W
naive,3:50,sample_process_cpu,540.789,% one core
naive,3:50,sample_free_ram,1.170,GiB
naive,3:50,sample_battery_temp,37.000,C
naive,3:50,sample_thermal_status,1,Android PowerManager status
naive,3:50,sample_cpu0_freq,1900,MHz
naive,3:50,sample_cpu1_freq,1900,MHz
naive,3:50,sample_cpu2_freq,1900,MHz
naive,3:50,sample_cpu3_freq,1900,MHz
naive,3:50,sample_cpu4_freq,2500,MHz
naive,3:50,sample_cpu5_freq,2500,MHz
naive,3:50,sample_cpu6_freq,2500,MHz
naive,3:50,sample_cpu7_freq,2500,MHz
naive,3:51,sample_elapsed,7928,ms
naive,3:51,sample_power,4.834,W
naive,3:51,sample_process_cpu,541.667,% one core
naive,3:51,sample_free_ram,1.170,GiB
naive,3:51,sample_battery_temp,37.000,C
naive,3:51,sample_thermal_status,1,Android PowerManager status
naive,3:51,sample_cpu0_freq,1900,MHz
naive,3:51,sample_cpu1_freq,1900,MHz
naive,3:51,sample_cpu2_freq,1900,MHz
naive,3:51,sample_cpu3_freq,1900,MHz
naive,3:51,sample_cpu4_freq,2500,MHz
naive,3:51,sample_cpu5_freq,2500,MHz
naive,3:51,sample_cpu6_freq,2500,MHz
naive,3:51,sample_cpu7_freq,2500,MHz
naive,3:52,sample_elapsed,8083,ms
naive,3:52,sample_power,4.834,W
naive,3:52,sample_process_cpu,547.742,% one core
naive,3:52,sample_free_ram,1.170,GiB
naive,3:52,sample_battery_temp,37.000,C
naive,3:52,sample_thermal_status,1,Android PowerManager status
naive,3:52,sample_cpu0_freq,1900,MHz
naive,3:52,sample_cpu1_freq,1900,MHz
naive,3:52,sample_cpu2_freq,1900,MHz
naive,3:52,sample_cpu3_freq,1900,MHz
naive,3:52,sample_cpu4_freq,2500,MHz
naive,3:52,sample_cpu5_freq,2500,MHz
naive,3:52,sample_cpu6_freq,2500,MHz
naive,3:52,sample_cpu7_freq,2500,MHz
naive,3:53,sample_elapsed,8239,ms
naive,3:53,sample_power,4.834,W
naive,3:53,sample_process_cpu,546.154,% one core
naive,3:53,sample_free_ram,1.170,GiB
naive,3:53,sample_battery_temp,37.000,C
naive,3:53,sample_thermal_status,1,Android PowerManager status
naive,3:53,sample_cpu0_freq,1900,MHz
naive,3:53,sample_cpu1_freq,1900,MHz
naive,3:53,sample_cpu2_freq,1900,MHz
naive,3:53,sample_cpu3_freq,1900,MHz
naive,3:53,sample_cpu4_freq,2500,MHz
naive,3:53,sample_cpu5_freq,2500,MHz
naive,3:53,sample_cpu6_freq,2500,MHz
naive,3:53,sample_cpu7_freq,2500,MHz
naive,3:54,sample_elapsed,8391,ms
naive,3:54,sample_power,4.834,W
naive,3:54,sample_process_cpu,540.132,% one core
naive,3:54,sample_free_ram,1.169,GiB
naive,3:54,sample_battery_temp,37.000,C
naive,3:54,sample_thermal_status,1,Android PowerManager status
naive,3:54,sample_cpu0_freq,1900,MHz
naive,3:54,sample_cpu1_freq,1900,MHz
naive,3:54,sample_cpu2_freq,1900,MHz
naive,3:54,sample_cpu3_freq,1900,MHz
naive,3:54,sample_cpu4_freq,2500,MHz
naive,3:54,sample_cpu5_freq,2500,MHz
naive,3:54,sample_cpu6_freq,2500,MHz
naive,3:54,sample_cpu7_freq,2500,MHz
naive,3:55,sample_elapsed,8547,ms
naive,3:55,sample_power,4.740,W
naive,3:55,sample_process_cpu,556.410,% one core
naive,3:55,sample_free_ram,1.169,GiB
naive,3:55,sample_battery_temp,37.000,C
naive,3:55,sample_thermal_status,1,Android PowerManager status
naive,3:55,sample_cpu0_freq,1900,MHz
naive,3:55,sample_cpu1_freq,1900,MHz
naive,3:55,sample_cpu2_freq,1900,MHz
naive,3:55,sample_cpu3_freq,1900,MHz
naive,3:55,sample_cpu4_freq,2500,MHz
naive,3:55,sample_cpu5_freq,2500,MHz
naive,3:55,sample_cpu6_freq,2500,MHz
naive,3:55,sample_cpu7_freq,2500,MHz
naive,3:56,sample_elapsed,8707,ms
naive,3:56,sample_power,4.740,W
naive,3:56,sample_process_cpu,549.375,% one core
naive,3:56,sample_free_ram,1.168,GiB
naive,3:56,sample_battery_temp,37.000,C
naive,3:56,sample_thermal_status,1,Android PowerManager status
naive,3:56,sample_cpu0_freq,1900,MHz
naive,3:56,sample_cpu1_freq,1900,MHz
naive,3:56,sample_cpu2_freq,1900,MHz
naive,3:56,sample_cpu3_freq,1900,MHz
naive,3:56,sample_cpu4_freq,2500,MHz
naive,3:56,sample_cpu5_freq,2500,MHz
naive,3:56,sample_cpu6_freq,2500,MHz
naive,3:56,sample_cpu7_freq,2500,MHz
naive,3:57,sample_elapsed,8872,ms
naive,3:57,sample_power,4.740,W
naive,3:57,sample_process_cpu,551.515,% one core
naive,3:57,sample_free_ram,1.168,GiB
naive,3:57,sample_battery_temp,37.000,C
naive,3:57,sample_thermal_status,1,Android PowerManager status
naive,3:57,sample_cpu0_freq,1900,MHz
naive,3:57,sample_cpu1_freq,1900,MHz
naive,3:57,sample_cpu2_freq,1900,MHz
naive,3:57,sample_cpu3_freq,1900,MHz
naive,3:57,sample_cpu4_freq,2500,MHz
naive,3:57,sample_cpu5_freq,2500,MHz
naive,3:57,sample_cpu6_freq,2500,MHz
naive,3:57,sample_cpu7_freq,2500,MHz
naive,3:58,sample_elapsed,9032,ms
naive,3:58,sample_power,4.740,W
naive,3:58,sample_process_cpu,557.500,% one core
naive,3:58,sample_free_ram,1.168,GiB
naive,3:58,sample_battery_temp,37.000,C
naive,3:58,sample_thermal_status,1,Android PowerManager status
naive,3:58,sample_cpu0_freq,1900,MHz
naive,3:58,sample_cpu1_freq,1900,MHz
naive,3:58,sample_cpu2_freq,1900,MHz
naive,3:58,sample_cpu3_freq,1900,MHz
naive,3:58,sample_cpu4_freq,2500,MHz
naive,3:58,sample_cpu5_freq,2500,MHz
naive,3:58,sample_cpu6_freq,2500,MHz
naive,3:58,sample_cpu7_freq,2500,MHz
naive,3:59,sample_elapsed,9192,ms
naive,3:59,sample_power,4.531,W
naive,3:59,sample_process_cpu,556.875,% one core
naive,3:59,sample_free_ram,1.170,GiB
naive,3:59,sample_battery_temp,37.000,C
naive,3:59,sample_thermal_status,1,Android PowerManager status
naive,3:59,sample_cpu0_freq,1900,MHz
naive,3:59,sample_cpu1_freq,1900,MHz
naive,3:59,sample_cpu2_freq,1900,MHz
naive,3:59,sample_cpu3_freq,1900,MHz
naive,3:59,sample_cpu4_freq,2500,MHz
naive,3:59,sample_cpu5_freq,2500,MHz
naive,3:59,sample_cpu6_freq,2500,MHz
naive,3:59,sample_cpu7_freq,2500,MHz
naive,3:60,sample_elapsed,9356,ms
naive,3:60,sample_power,4.531,W
naive,3:60,sample_process_cpu,592.683,% one core
naive,3:60,sample_free_ram,1.169,GiB
naive,3:60,sample_battery_temp,37.000,C
naive,3:60,sample_thermal_status,1,Android PowerManager status
naive,3:60,sample_cpu0_freq,1900,MHz
naive,3:60,sample_cpu1_freq,1900,MHz
naive,3:60,sample_cpu2_freq,1900,MHz
naive,3:60,sample_cpu3_freq,1900,MHz
naive,3:60,sample_cpu4_freq,2500,MHz
naive,3:60,sample_cpu5_freq,2500,MHz
naive,3:60,sample_cpu6_freq,2500,MHz
naive,3:60,sample_cpu7_freq,2500,MHz
naive,3:61,sample_elapsed,9524,ms
naive,3:61,sample_power,4.531,W
naive,3:61,sample_process_cpu,523.810,% one core
naive,3:61,sample_free_ram,1.168,GiB
naive,3:61,sample_battery_temp,37.000,C
naive,3:61,sample_thermal_status,1,Android PowerManager status
naive,3:61,sample_cpu0_freq,1900,MHz
naive,3:61,sample_cpu1_freq,1900,MHz
naive,3:61,sample_cpu2_freq,1900,MHz
naive,3:61,sample_cpu3_freq,1900,MHz
naive,3:61,sample_cpu4_freq,2500,MHz
naive,3:61,sample_cpu5_freq,2500,MHz
naive,3:61,sample_cpu6_freq,2500,MHz
naive,3:61,sample_cpu7_freq,2500,MHz
naive,3:62,sample_elapsed,9686,ms
naive,3:62,sample_power,4.531,W
naive,3:62,sample_process_cpu,549.383,% one core
naive,3:62,sample_free_ram,1.168,GiB
naive,3:62,sample_battery_temp,37.000,C
naive,3:62,sample_thermal_status,1,Android PowerManager status
naive,3:62,sample_cpu0_freq,1900,MHz
naive,3:62,sample_cpu1_freq,1900,MHz
naive,3:62,sample_cpu2_freq,1900,MHz
naive,3:62,sample_cpu3_freq,1900,MHz
naive,3:62,sample_cpu4_freq,2500,MHz
naive,3:62,sample_cpu5_freq,2500,MHz
naive,3:62,sample_cpu6_freq,2500,MHz
naive,3:62,sample_cpu7_freq,2500,MHz
naive,3:63,sample_elapsed,9860,ms
naive,3:63,sample_power,5.442,W
naive,3:63,sample_process_cpu,558.621,% one core
naive,3:63,sample_free_ram,1.168,GiB
naive,3:63,sample_battery_temp,37.000,C
naive,3:63,sample_thermal_status,1,Android PowerManager status
naive,3:63,sample_cpu0_freq,1900,MHz
naive,3:63,sample_cpu1_freq,1900,MHz
naive,3:63,sample_cpu2_freq,1900,MHz
naive,3:63,sample_cpu3_freq,1900,MHz
naive,3:63,sample_cpu4_freq,2500,MHz
naive,3:63,sample_cpu5_freq,2500,MHz
naive,3:63,sample_cpu6_freq,2500,MHz
naive,3:63,sample_cpu7_freq,2500,MHz
naive,3:64,sample_elapsed,10020,ms
naive,3:64,sample_power,5.442,W
naive,3:64,sample_process_cpu,475.000,% one core
naive,3:64,sample_free_ram,1.169,GiB
naive,3:64,sample_battery_temp,37.000,C
naive,3:64,sample_thermal_status,1,Android PowerManager status
naive,3:64,sample_cpu0_freq,1900,MHz
naive,3:64,sample_cpu1_freq,1900,MHz
naive,3:64,sample_cpu2_freq,1900,MHz
naive,3:64,sample_cpu3_freq,1900,MHz
naive,3:64,sample_cpu4_freq,2500,MHz
naive,3:64,sample_cpu5_freq,2500,MHz
naive,3:64,sample_cpu6_freq,2500,MHz
naive,3:64,sample_cpu7_freq,2500,MHz
naive,3:65,sample_elapsed,10179,ms
naive,3:65,sample_power,5.442,W
naive,3:65,sample_process_cpu,520.755,% one core
naive,3:65,sample_free_ram,1.169,GiB
naive,3:65,sample_battery_temp,37.000,C
naive,3:65,sample_thermal_status,1,Android PowerManager status
naive,3:65,sample_cpu0_freq,1900,MHz
naive,3:65,sample_cpu1_freq,1900,MHz
naive,3:65,sample_cpu2_freq,1900,MHz
naive,3:65,sample_cpu3_freq,1900,MHz
naive,3:65,sample_cpu4_freq,2500,MHz
naive,3:65,sample_cpu5_freq,2500,MHz
naive,3:65,sample_cpu6_freq,2500,MHz
naive,3:65,sample_cpu7_freq,2500,MHz
naive,3:66,sample_elapsed,10338,ms
naive,3:66,sample_power,5.442,W
naive,3:66,sample_process_cpu,561.635,% one core
naive,3:66,sample_free_ram,1.169,GiB
naive,3:66,sample_battery_temp,37.000,C
naive,3:66,sample_thermal_status,1,Android PowerManager status
naive,3:66,sample_cpu0_freq,1900,MHz
naive,3:66,sample_cpu1_freq,1900,MHz
naive,3:66,sample_cpu2_freq,1900,MHz
naive,3:66,sample_cpu3_freq,1900,MHz
naive,3:66,sample_cpu4_freq,2500,MHz
naive,3:66,sample_cpu5_freq,2500,MHz
naive,3:66,sample_cpu6_freq,2500,MHz
naive,3:66,sample_cpu7_freq,2500,MHz
naive,3:67,sample_elapsed,10505,ms
naive,3:67,sample_power,4.658,W
naive,3:67,sample_process_cpu,541.317,% one core
naive,3:67,sample_free_ram,1.168,GiB
naive,3:67,sample_battery_temp,37.000,C
naive,3:67,sample_thermal_status,1,Android PowerManager status
naive,3:67,sample_cpu0_freq,1900,MHz
naive,3:67,sample_cpu1_freq,1900,MHz
naive,3:67,sample_cpu2_freq,1900,MHz
naive,3:67,sample_cpu3_freq,1900,MHz
naive,3:67,sample_cpu4_freq,2500,MHz
naive,3:67,sample_cpu5_freq,2500,MHz
naive,3:67,sample_cpu6_freq,2500,MHz
naive,3:67,sample_cpu7_freq,2500,MHz
naive,3:68,sample_elapsed,10664,ms
naive,3:68,sample_power,4.658,W
naive,3:68,sample_process_cpu,537.736,% one core
naive,3:68,sample_free_ram,1.168,GiB
naive,3:68,sample_battery_temp,37.000,C
naive,3:68,sample_thermal_status,1,Android PowerManager status
naive,3:68,sample_cpu0_freq,1900,MHz
naive,3:68,sample_cpu1_freq,1900,MHz
naive,3:68,sample_cpu2_freq,1900,MHz
naive,3:68,sample_cpu3_freq,1900,MHz
naive,3:68,sample_cpu4_freq,2500,MHz
naive,3:68,sample_cpu5_freq,2500,MHz
naive,3:68,sample_cpu6_freq,2500,MHz
naive,3:68,sample_cpu7_freq,2500,MHz
naive,3:69,sample_elapsed,10822,ms
naive,3:69,sample_power,4.658,W
naive,3:69,sample_process_cpu,544.937,% one core
naive,3:69,sample_free_ram,1.168,GiB
naive,3:69,sample_battery_temp,37.000,C
naive,3:69,sample_thermal_status,1,Android PowerManager status
naive,3:69,sample_cpu0_freq,1900,MHz
naive,3:69,sample_cpu1_freq,1900,MHz
naive,3:69,sample_cpu2_freq,1900,MHz
naive,3:69,sample_cpu3_freq,1900,MHz
naive,3:69,sample_cpu4_freq,2500,MHz
naive,3:69,sample_cpu5_freq,2500,MHz
naive,3:69,sample_cpu6_freq,2500,MHz
naive,3:69,sample_cpu7_freq,2500,MHz
naive,3:70,sample_elapsed,10977,ms
naive,3:70,sample_power,4.658,W
naive,3:70,sample_process_cpu,538.710,% one core
naive,3:70,sample_free_ram,1.168,GiB
naive,3:70,sample_battery_temp,37.000,C
naive,3:70,sample_thermal_status,1,Android PowerManager status
naive,3:70,sample_cpu0_freq,1900,MHz
naive,3:70,sample_cpu1_freq,1900,MHz
naive,3:70,sample_cpu2_freq,1900,MHz
naive,3:70,sample_cpu3_freq,1900,MHz
naive,3:70,sample_cpu4_freq,2500,MHz
naive,3:70,sample_cpu5_freq,2500,MHz
naive,3:70,sample_cpu6_freq,2500,MHz
naive,3:70,sample_cpu7_freq,2500,MHz
naive,3:71,sample_elapsed,11134,ms
naive,3:71,sample_power,4.616,W
naive,3:71,sample_process_cpu,545.860,% one core
naive,3:71,sample_free_ram,1.168,GiB
naive,3:71,sample_battery_temp,37.000,C
naive,3:71,sample_thermal_status,1,Android PowerManager status
naive,3:71,sample_cpu0_freq,1900,MHz
naive,3:71,sample_cpu1_freq,1900,MHz
naive,3:71,sample_cpu2_freq,1900,MHz
naive,3:71,sample_cpu3_freq,1900,MHz
naive,3:71,sample_cpu4_freq,2500,MHz
naive,3:71,sample_cpu5_freq,2500,MHz
naive,3:71,sample_cpu6_freq,2500,MHz
naive,3:71,sample_cpu7_freq,2500,MHz
naive,3:72,sample_elapsed,11298,ms
naive,3:72,sample_power,4.616,W
naive,3:72,sample_process_cpu,546.951,% one core
naive,3:72,sample_free_ram,1.168,GiB
naive,3:72,sample_battery_temp,37.000,C
naive,3:72,sample_thermal_status,1,Android PowerManager status
naive,3:72,sample_cpu0_freq,1900,MHz
naive,3:72,sample_cpu1_freq,1900,MHz
naive,3:72,sample_cpu2_freq,1900,MHz
naive,3:72,sample_cpu3_freq,1900,MHz
naive,3:72,sample_cpu4_freq,2500,MHz
naive,3:72,sample_cpu5_freq,2500,MHz
naive,3:72,sample_cpu6_freq,2500,MHz
naive,3:72,sample_cpu7_freq,2500,MHz
naive,3:73,sample_elapsed,11453,ms
naive,3:73,sample_power,4.616,W
naive,3:73,sample_process_cpu,549.677,% one core
naive,3:73,sample_free_ram,1.168,GiB
naive,3:73,sample_battery_temp,37.000,C
naive,3:73,sample_thermal_status,1,Android PowerManager status
naive,3:73,sample_cpu0_freq,1900,MHz
naive,3:73,sample_cpu1_freq,1900,MHz
naive,3:73,sample_cpu2_freq,1900,MHz
naive,3:73,sample_cpu3_freq,1900,MHz
naive,3:73,sample_cpu4_freq,2500,MHz
naive,3:73,sample_cpu5_freq,2500,MHz
naive,3:73,sample_cpu6_freq,2500,MHz
naive,3:73,sample_cpu7_freq,2500,MHz
naive,3:74,sample_elapsed,11634,ms
naive,3:74,sample_power,4.616,W
naive,3:74,sample_process_cpu,544.751,% one core
naive,3:74,sample_free_ram,1.168,GiB
naive,3:74,sample_battery_temp,37.000,C
naive,3:74,sample_thermal_status,1,Android PowerManager status
naive,3:74,sample_cpu0_freq,1900,MHz
naive,3:74,sample_cpu1_freq,1900,MHz
naive,3:74,sample_cpu2_freq,1900,MHz
naive,3:74,sample_cpu3_freq,1900,MHz
naive,3:74,sample_cpu4_freq,2500,MHz
naive,3:74,sample_cpu5_freq,2500,MHz
naive,3:74,sample_cpu6_freq,2500,MHz
naive,3:74,sample_cpu7_freq,2500,MHz
naive,3:75,sample_elapsed,11802,ms
naive,3:75,sample_power,4.807,W
naive,3:75,sample_process_cpu,550.595,% one core
naive,3:75,sample_free_ram,1.168,GiB
naive,3:75,sample_battery_temp,37.000,C
naive,3:75,sample_thermal_status,1,Android PowerManager status
naive,3:75,sample_cpu0_freq,1900,MHz
naive,3:75,sample_cpu1_freq,1900,MHz
naive,3:75,sample_cpu2_freq,1900,MHz
naive,3:75,sample_cpu3_freq,1900,MHz
naive,3:75,sample_cpu4_freq,2500,MHz
naive,3:75,sample_cpu5_freq,2500,MHz
naive,3:75,sample_cpu6_freq,2500,MHz
naive,3:75,sample_cpu7_freq,2500,MHz
naive,3:76,sample_elapsed,11964,ms
naive,3:76,sample_power,4.593,W
naive,3:76,sample_process_cpu,532.716,% one core
naive,3:76,sample_free_ram,1.155,GiB
naive,3:76,sample_battery_temp,37.000,C
naive,3:76,sample_thermal_status,1,Android PowerManager status
naive,3:76,sample_cpu0_freq,1900,MHz
naive,3:76,sample_cpu1_freq,1900,MHz
naive,3:76,sample_cpu2_freq,1900,MHz
naive,3:76,sample_cpu3_freq,1900,MHz
naive,3:76,sample_cpu4_freq,2500,MHz
naive,3:76,sample_cpu5_freq,2500,MHz
naive,3:76,sample_cpu6_freq,2500,MHz
naive,3:76,sample_cpu7_freq,2500,MHz
naive,3:77,sample_elapsed,12116,ms
naive,3:77,sample_power,4.593,W
naive,3:77,sample_process_cpu,524.342,% one core
naive,3:77,sample_free_ram,1.155,GiB
naive,3:77,sample_battery_temp,37.000,C
naive,3:77,sample_thermal_status,1,Android PowerManager status
naive,3:77,sample_cpu0_freq,1900,MHz
naive,3:77,sample_cpu1_freq,1900,MHz
naive,3:77,sample_cpu2_freq,1900,MHz
naive,3:77,sample_cpu3_freq,1900,MHz
naive,3:77,sample_cpu4_freq,2500,MHz
naive,3:77,sample_cpu5_freq,2500,MHz
naive,3:77,sample_cpu6_freq,2500,MHz
naive,3:77,sample_cpu7_freq,2500,MHz
naive,3:78,sample_elapsed,12271,ms
naive,3:78,sample_power,4.593,W
naive,3:78,sample_process_cpu,556.774,% one core
naive,3:78,sample_free_ram,1.154,GiB
naive,3:78,sample_battery_temp,37.000,C
naive,3:78,sample_thermal_status,1,Android PowerManager status
naive,3:78,sample_cpu0_freq,1900,MHz
naive,3:78,sample_cpu1_freq,1900,MHz
naive,3:78,sample_cpu2_freq,1900,MHz
naive,3:78,sample_cpu3_freq,1900,MHz
naive,3:78,sample_cpu4_freq,2500,MHz
naive,3:78,sample_cpu5_freq,2500,MHz
naive,3:78,sample_cpu6_freq,2500,MHz
naive,3:78,sample_cpu7_freq,2500,MHz
naive,3:79,sample_elapsed,12437,ms
naive,3:79,sample_power,4.858,W
naive,3:79,sample_process_cpu,549.398,% one core
naive,3:79,sample_free_ram,1.154,GiB
naive,3:79,sample_battery_temp,37.000,C
naive,3:79,sample_thermal_status,1,Android PowerManager status
naive,3:79,sample_cpu0_freq,1900,MHz
naive,3:79,sample_cpu1_freq,1900,MHz
naive,3:79,sample_cpu2_freq,1900,MHz
naive,3:79,sample_cpu3_freq,1900,MHz
naive,3:79,sample_cpu4_freq,2500,MHz
naive,3:79,sample_cpu5_freq,2500,MHz
naive,3:79,sample_cpu6_freq,2500,MHz
naive,3:79,sample_cpu7_freq,2500,MHz
naive,3:80,sample_elapsed,12593,ms
naive,3:80,sample_power,4.858,W
naive,3:80,sample_process_cpu,541.026,% one core
naive,3:80,sample_free_ram,1.154,GiB
naive,3:80,sample_battery_temp,37.000,C
naive,3:80,sample_thermal_status,1,Android PowerManager status
naive,3:80,sample_cpu0_freq,1900,MHz
naive,3:80,sample_cpu1_freq,1900,MHz
naive,3:80,sample_cpu2_freq,1900,MHz
naive,3:80,sample_cpu3_freq,1900,MHz
naive,3:80,sample_cpu4_freq,2500,MHz
naive,3:80,sample_cpu5_freq,2500,MHz
naive,3:80,sample_cpu6_freq,2500,MHz
naive,3:80,sample_cpu7_freq,2500,MHz
naive,3:81,sample_elapsed,12746,ms
naive,3:81,sample_power,4.858,W
naive,3:81,sample_process_cpu,543.791,% one core
naive,3:81,sample_free_ram,1.155,GiB
naive,3:81,sample_battery_temp,37.000,C
naive,3:81,sample_thermal_status,1,Android PowerManager status
naive,3:81,sample_cpu0_freq,1900,MHz
naive,3:81,sample_cpu1_freq,1900,MHz
naive,3:81,sample_cpu2_freq,1900,MHz
naive,3:81,sample_cpu3_freq,1900,MHz
naive,3:81,sample_cpu4_freq,2500,MHz
naive,3:81,sample_cpu5_freq,2500,MHz
naive,3:81,sample_cpu6_freq,2500,MHz
naive,3:81,sample_cpu7_freq,2500,MHz
naive,3:82,sample_elapsed,12904,ms
naive,3:82,sample_power,4.858,W
naive,3:82,sample_process_cpu,544.304,% one core
naive,3:82,sample_free_ram,1.155,GiB
naive,3:82,sample_battery_temp,37.000,C
naive,3:82,sample_thermal_status,1,Android PowerManager status
naive,3:82,sample_cpu0_freq,1900,MHz
naive,3:82,sample_cpu1_freq,1900,MHz
naive,3:82,sample_cpu2_freq,1900,MHz
naive,3:82,sample_cpu3_freq,1900,MHz
naive,3:82,sample_cpu4_freq,2500,MHz
naive,3:82,sample_cpu5_freq,2500,MHz
naive,3:82,sample_cpu6_freq,2500,MHz
naive,3:82,sample_cpu7_freq,2500,MHz
naive,3:83,sample_elapsed,13056,ms
naive,3:83,sample_power,4.544,W
naive,3:83,sample_process_cpu,562.500,% one core
naive,3:83,sample_free_ram,1.155,GiB
naive,3:83,sample_battery_temp,37.000,C
naive,3:83,sample_thermal_status,1,Android PowerManager status
naive,3:83,sample_cpu0_freq,1900,MHz
naive,3:83,sample_cpu1_freq,1900,MHz
naive,3:83,sample_cpu2_freq,1900,MHz
naive,3:83,sample_cpu3_freq,1900,MHz
naive,3:83,sample_cpu4_freq,2500,MHz
naive,3:83,sample_cpu5_freq,2500,MHz
naive,3:83,sample_cpu6_freq,2500,MHz
naive,3:83,sample_cpu7_freq,2500,MHz
naive,3:84,sample_elapsed,13216,ms
naive,3:84,sample_power,4.544,W
naive,3:84,sample_process_cpu,518.750,% one core
naive,3:84,sample_free_ram,1.155,GiB
naive,3:84,sample_battery_temp,37.000,C
naive,3:84,sample_thermal_status,1,Android PowerManager status
naive,3:84,sample_cpu0_freq,1900,MHz
naive,3:84,sample_cpu1_freq,1900,MHz
naive,3:84,sample_cpu2_freq,1900,MHz
naive,3:84,sample_cpu3_freq,1900,MHz
naive,3:84,sample_cpu4_freq,2500,MHz
naive,3:84,sample_cpu5_freq,2500,MHz
naive,3:84,sample_cpu6_freq,2500,MHz
naive,3:84,sample_cpu7_freq,2500,MHz
naive,3:85,sample_elapsed,13374,ms
naive,3:85,sample_power,4.544,W
naive,3:85,sample_process_cpu,553.797,% one core
naive,3:85,sample_free_ram,1.155,GiB
naive,3:85,sample_battery_temp,37.000,C
naive,3:85,sample_thermal_status,1,Android PowerManager status
naive,3:85,sample_cpu0_freq,1900,MHz
naive,3:85,sample_cpu1_freq,1900,MHz
naive,3:85,sample_cpu2_freq,1900,MHz
naive,3:85,sample_cpu3_freq,1900,MHz
naive,3:85,sample_cpu4_freq,2500,MHz
naive,3:85,sample_cpu5_freq,2500,MHz
naive,3:85,sample_cpu6_freq,2500,MHz
naive,3:85,sample_cpu7_freq,2500,MHz
naive,3:86,sample_elapsed,13531,ms
naive,3:86,sample_power,4.544,W
naive,3:86,sample_process_cpu,542.038,% one core
naive,3:86,sample_free_ram,1.156,GiB
naive,3:86,sample_battery_temp,37.000,C
naive,3:86,sample_thermal_status,1,Android PowerManager status
naive,3:86,sample_cpu0_freq,1900,MHz
naive,3:86,sample_cpu1_freq,1900,MHz
naive,3:86,sample_cpu2_freq,1900,MHz
naive,3:86,sample_cpu3_freq,1900,MHz
naive,3:86,sample_cpu4_freq,2500,MHz
naive,3:86,sample_cpu5_freq,2500,MHz
naive,3:86,sample_cpu6_freq,2500,MHz
naive,3:86,sample_cpu7_freq,2500,MHz
naive,3:87,sample_elapsed,13689,ms
naive,3:87,sample_power,5.106,W
naive,3:87,sample_process_cpu,470.253,% one core
naive,3:87,sample_free_ram,1.154,GiB
naive,3:87,sample_battery_temp,37.000,C
naive,3:87,sample_thermal_status,1,Android PowerManager status
naive,3:87,sample_cpu0_freq,1900,MHz
naive,3:87,sample_cpu1_freq,1900,MHz
naive,3:87,sample_cpu2_freq,1900,MHz
naive,3:87,sample_cpu3_freq,1900,MHz
naive,3:87,sample_cpu4_freq,2500,MHz
naive,3:87,sample_cpu5_freq,2500,MHz
naive,3:87,sample_cpu6_freq,2500,MHz
naive,3:87,sample_cpu7_freq,2500,MHz
naive,3:88,sample_elapsed,13845,ms
naive,3:88,sample_power,5.106,W
naive,3:88,sample_process_cpu,542.949,% one core
naive,3:88,sample_free_ram,1.152,GiB
naive,3:88,sample_battery_temp,37.000,C
naive,3:88,sample_thermal_status,1,Android PowerManager status
naive,3:88,sample_cpu0_freq,1900,MHz
naive,3:88,sample_cpu1_freq,1900,MHz
naive,3:88,sample_cpu2_freq,1900,MHz
naive,3:88,sample_cpu3_freq,1900,MHz
naive,3:88,sample_cpu4_freq,2500,MHz
naive,3:88,sample_cpu5_freq,2500,MHz
naive,3:88,sample_cpu6_freq,2500,MHz
naive,3:88,sample_cpu7_freq,2500,MHz
naive,3:89,sample_elapsed,13997,ms
naive,3:89,sample_power,5.106,W
naive,3:89,sample_process_cpu,544.737,% one core
naive,3:89,sample_free_ram,1.149,GiB
naive,3:89,sample_battery_temp,37.000,C
naive,3:89,sample_thermal_status,1,Android PowerManager status
naive,3:89,sample_cpu0_freq,1900,MHz
naive,3:89,sample_cpu1_freq,1900,MHz
naive,3:89,sample_cpu2_freq,1900,MHz
naive,3:89,sample_cpu3_freq,1900,MHz
naive,3:89,sample_cpu4_freq,2500,MHz
naive,3:89,sample_cpu5_freq,2500,MHz
naive,3:89,sample_cpu6_freq,2500,MHz
naive,3:89,sample_cpu7_freq,2500,MHz
naive,3:90,sample_elapsed,14159,ms
naive,3:90,sample_power,5.106,W
naive,3:90,sample_process_cpu,539.506,% one core
naive,3:90,sample_free_ram,1.147,GiB
naive,3:90,sample_battery_temp,37.000,C
naive,3:90,sample_thermal_status,1,Android PowerManager status
naive,3:90,sample_cpu0_freq,1900,MHz
naive,3:90,sample_cpu1_freq,1900,MHz
naive,3:90,sample_cpu2_freq,1900,MHz
naive,3:90,sample_cpu3_freq,1900,MHz
naive,3:90,sample_cpu4_freq,2500,MHz
naive,3:90,sample_cpu5_freq,2500,MHz
naive,3:90,sample_cpu6_freq,2500,MHz
naive,3:90,sample_cpu7_freq,2500,MHz
naive,3:91,sample_elapsed,14312,ms
naive,3:91,sample_power,4.740,W
naive,3:91,sample_process_cpu,555.556,% one core
naive,3:91,sample_free_ram,1.143,GiB
naive,3:91,sample_battery_temp,37.000,C
naive,3:91,sample_thermal_status,1,Android PowerManager status
naive,3:91,sample_cpu0_freq,1900,MHz
naive,3:91,sample_cpu1_freq,1900,MHz
naive,3:91,sample_cpu2_freq,1900,MHz
naive,3:91,sample_cpu3_freq,1900,MHz
naive,3:91,sample_cpu4_freq,2500,MHz
naive,3:91,sample_cpu5_freq,2500,MHz
naive,3:91,sample_cpu6_freq,2500,MHz
naive,3:91,sample_cpu7_freq,2500,MHz
naive,3:92,sample_elapsed,14477,ms
naive,3:92,sample_power,4.740,W
naive,3:92,sample_process_cpu,528.485,% one core
naive,3:92,sample_free_ram,1.142,GiB
naive,3:92,sample_battery_temp,37.000,C
naive,3:92,sample_thermal_status,1,Android PowerManager status
naive,3:92,sample_cpu0_freq,1900,MHz
naive,3:92,sample_cpu1_freq,1900,MHz
naive,3:92,sample_cpu2_freq,1900,MHz
naive,3:92,sample_cpu3_freq,1900,MHz
naive,3:92,sample_cpu4_freq,2500,MHz
naive,3:92,sample_cpu5_freq,2500,MHz
naive,3:92,sample_cpu6_freq,2500,MHz
naive,3:92,sample_cpu7_freq,2500,MHz
naive,3:93,sample_elapsed,14633,ms
naive,3:93,sample_power,4.740,W
naive,3:93,sample_process_cpu,541.667,% one core
naive,3:93,sample_free_ram,1.141,GiB
naive,3:93,sample_battery_temp,37.000,C
naive,3:93,sample_thermal_status,1,Android PowerManager status
naive,3:93,sample_cpu0_freq,1900,MHz
naive,3:93,sample_cpu1_freq,1900,MHz
naive,3:93,sample_cpu2_freq,1900,MHz
naive,3:93,sample_cpu3_freq,1900,MHz
naive,3:93,sample_cpu4_freq,2500,MHz
naive,3:93,sample_cpu5_freq,2500,MHz
naive,3:93,sample_cpu6_freq,2500,MHz
naive,3:93,sample_cpu7_freq,2500,MHz
naive,3:94,sample_elapsed,14788,ms
naive,3:94,sample_power,4.740,W
naive,3:94,sample_process_cpu,534.194,% one core
naive,3:94,sample_free_ram,1.141,GiB
naive,3:94,sample_battery_temp,37.000,C
naive,3:94,sample_thermal_status,1,Android PowerManager status
naive,3:94,sample_cpu0_freq,1900,MHz
naive,3:94,sample_cpu1_freq,1900,MHz
naive,3:94,sample_cpu2_freq,1900,MHz
naive,3:94,sample_cpu3_freq,1900,MHz
naive,3:94,sample_cpu4_freq,2500,MHz
naive,3:94,sample_cpu5_freq,2500,MHz
naive,3:94,sample_cpu6_freq,2500,MHz
naive,3:94,sample_cpu7_freq,2500,MHz
naive,3:95,sample_elapsed,14946,ms
naive,3:95,sample_power,4.687,W
naive,3:95,sample_process_cpu,547.468,% one core
naive,3:95,sample_free_ram,1.139,GiB
naive,3:95,sample_battery_temp,37.000,C
naive,3:95,sample_thermal_status,1,Android PowerManager status
naive,3:95,sample_cpu0_freq,1900,MHz
naive,3:95,sample_cpu1_freq,1900,MHz
naive,3:95,sample_cpu2_freq,1900,MHz
naive,3:95,sample_cpu3_freq,1900,MHz
naive,3:95,sample_cpu4_freq,2500,MHz
naive,3:95,sample_cpu5_freq,2500,MHz
naive,3:95,sample_cpu6_freq,2500,MHz
naive,3:95,sample_cpu7_freq,2500,MHz
naive,3:96,sample_elapsed,15106,ms
naive,3:96,sample_power,4.687,W
naive,3:96,sample_process_cpu,523.125,% one core
naive,3:96,sample_free_ram,1.156,GiB
naive,3:96,sample_battery_temp,37.000,C
naive,3:96,sample_thermal_status,1,Android PowerManager status
naive,3:96,sample_cpu0_freq,1900,MHz
naive,3:96,sample_cpu1_freq,1900,MHz
naive,3:96,sample_cpu2_freq,1900,MHz
naive,3:96,sample_cpu3_freq,1900,MHz
naive,3:96,sample_cpu4_freq,2500,MHz
naive,3:96,sample_cpu5_freq,2500,MHz
naive,3:96,sample_cpu6_freq,2500,MHz
naive,3:96,sample_cpu7_freq,2500,MHz
naive,3:97,sample_elapsed,15263,ms
naive,3:97,sample_power,4.687,W
naive,3:97,sample_process_cpu,547.134,% one core
naive,3:97,sample_free_ram,1.156,GiB
naive,3:97,sample_battery_temp,37.000,C
naive,3:97,sample_thermal_status,1,Android PowerManager status
naive,3:97,sample_cpu0_freq,1900,MHz
naive,3:97,sample_cpu1_freq,1900,MHz
naive,3:97,sample_cpu2_freq,1900,MHz
naive,3:97,sample_cpu3_freq,1900,MHz
naive,3:97,sample_cpu4_freq,2500,MHz
naive,3:97,sample_cpu5_freq,2500,MHz
naive,3:97,sample_cpu6_freq,2500,MHz
naive,3:97,sample_cpu7_freq,2500,MHz
naive,3:98,sample_elapsed,15418,ms
naive,3:98,sample_power,4.687,W
naive,3:98,sample_process_cpu,552.258,% one core
naive,3:98,sample_free_ram,1.156,GiB
naive,3:98,sample_battery_temp,37.000,C
naive,3:98,sample_thermal_status,1,Android PowerManager status
naive,3:98,sample_cpu0_freq,1900,MHz
naive,3:98,sample_cpu1_freq,1900,MHz
naive,3:98,sample_cpu2_freq,1900,MHz
naive,3:98,sample_cpu3_freq,1900,MHz
naive,3:98,sample_cpu4_freq,2500,MHz
naive,3:98,sample_cpu5_freq,2500,MHz
naive,3:98,sample_cpu6_freq,2500,MHz
naive,3:98,sample_cpu7_freq,2500,MHz
naive,3:99,sample_elapsed,15574,ms
naive,3:99,sample_power,4.834,W
naive,3:99,sample_process_cpu,568.590,% one core
naive,3:99,sample_free_ram,1.155,GiB
naive,3:99,sample_battery_temp,37.000,C
naive,3:99,sample_thermal_status,1,Android PowerManager status
naive,3:99,sample_cpu0_freq,1900,MHz
naive,3:99,sample_cpu1_freq,1900,MHz
naive,3:99,sample_cpu2_freq,1900,MHz
naive,3:99,sample_cpu3_freq,1900,MHz
naive,3:99,sample_cpu4_freq,2500,MHz
naive,3:99,sample_cpu5_freq,2500,MHz
naive,3:99,sample_cpu6_freq,2500,MHz
naive,3:99,sample_cpu7_freq,2500,MHz
naive,3:100,sample_elapsed,15734,ms
naive,3:100,sample_power,4.834,W
naive,3:100,sample_process_cpu,537.500,% one core
naive,3:100,sample_free_ram,1.155,GiB
naive,3:100,sample_battery_temp,37.000,C
naive,3:100,sample_thermal_status,1,Android PowerManager status
naive,3:100,sample_cpu0_freq,1900,MHz
naive,3:100,sample_cpu1_freq,1900,MHz
naive,3:100,sample_cpu2_freq,1900,MHz
naive,3:100,sample_cpu3_freq,1900,MHz
naive,3:100,sample_cpu4_freq,2500,MHz
naive,3:100,sample_cpu5_freq,2500,MHz
naive,3:100,sample_cpu6_freq,2500,MHz
naive,3:100,sample_cpu7_freq,2500,MHz
naive,3:101,sample_elapsed,15894,ms
naive,3:101,sample_power,4.834,W
naive,3:101,sample_process_cpu,535.000,% one core
naive,3:101,sample_free_ram,1.155,GiB
naive,3:101,sample_battery_temp,37.000,C
naive,3:101,sample_thermal_status,1,Android PowerManager status
naive,3:101,sample_cpu0_freq,1900,MHz
naive,3:101,sample_cpu1_freq,1900,MHz
naive,3:101,sample_cpu2_freq,1900,MHz
naive,3:101,sample_cpu3_freq,1900,MHz
naive,3:101,sample_cpu4_freq,2500,MHz
naive,3:101,sample_cpu5_freq,2500,MHz
naive,3:101,sample_cpu6_freq,2500,MHz
naive,3:101,sample_cpu7_freq,2500,MHz
naive,3:102,sample_elapsed,16051,ms
naive,3:102,sample_power,4.834,W
naive,3:102,sample_process_cpu,557.962,% one core
naive,3:102,sample_free_ram,1.155,GiB
naive,3:102,sample_battery_temp,37.000,C
naive,3:102,sample_thermal_status,1,Android PowerManager status
naive,3:102,sample_cpu0_freq,1900,MHz
naive,3:102,sample_cpu1_freq,1900,MHz
naive,3:102,sample_cpu2_freq,1900,MHz
naive,3:102,sample_cpu3_freq,1900,MHz
naive,3:102,sample_cpu4_freq,2500,MHz
naive,3:102,sample_cpu5_freq,2500,MHz
naive,3:102,sample_cpu6_freq,2500,MHz
naive,3:102,sample_cpu7_freq,2500,MHz
naive,3:103,sample_elapsed,16211,ms
naive,3:103,sample_power,4.702,W
naive,3:103,sample_process_cpu,552.500,% one core
naive,3:103,sample_free_ram,1.155,GiB
naive,3:103,sample_battery_temp,37.000,C
naive,3:103,sample_thermal_status,1,Android PowerManager status
naive,3:103,sample_cpu0_freq,1900,MHz
naive,3:103,sample_cpu1_freq,1900,MHz
naive,3:103,sample_cpu2_freq,1900,MHz
naive,3:103,sample_cpu3_freq,1900,MHz
naive,3:103,sample_cpu4_freq,2500,MHz
naive,3:103,sample_cpu5_freq,2500,MHz
naive,3:103,sample_cpu6_freq,2500,MHz
naive,3:103,sample_cpu7_freq,2500,MHz
naive,3:104,sample_elapsed,16372,ms
naive,3:104,sample_power,4.702,W
naive,3:104,sample_process_cpu,549.689,% one core
naive,3:104,sample_free_ram,1.155,GiB
naive,3:104,sample_battery_temp,37.000,C
naive,3:104,sample_thermal_status,1,Android PowerManager status
naive,3:104,sample_cpu0_freq,1900,MHz
naive,3:104,sample_cpu1_freq,1900,MHz
naive,3:104,sample_cpu2_freq,1900,MHz
naive,3:104,sample_cpu3_freq,1900,MHz
naive,3:104,sample_cpu4_freq,2500,MHz
naive,3:104,sample_cpu5_freq,2500,MHz
naive,3:104,sample_cpu6_freq,2500,MHz
naive,3:104,sample_cpu7_freq,2500,MHz
naive,3:105,sample_elapsed,16528,ms
naive,3:105,sample_power,4.702,W
naive,3:105,sample_process_cpu,550.000,% one core
naive,3:105,sample_free_ram,1.154,GiB
naive,3:105,sample_battery_temp,37.000,C
naive,3:105,sample_thermal_status,1,Android PowerManager status
naive,3:105,sample_cpu0_freq,1900,MHz
naive,3:105,sample_cpu1_freq,1900,MHz
naive,3:105,sample_cpu2_freq,1900,MHz
naive,3:105,sample_cpu3_freq,1900,MHz
naive,3:105,sample_cpu4_freq,2500,MHz
naive,3:105,sample_cpu5_freq,2500,MHz
naive,3:105,sample_cpu6_freq,2500,MHz
naive,3:105,sample_cpu7_freq,2500,MHz
naive,3:106,sample_elapsed,16693,ms
naive,3:106,sample_power,4.702,W
naive,3:106,sample_process_cpu,530.909,% one core
naive,3:106,sample_free_ram,1.154,GiB
naive,3:106,sample_battery_temp,37.000,C
naive,3:106,sample_thermal_status,1,Android PowerManager status
naive,3:106,sample_cpu0_freq,1900,MHz
naive,3:106,sample_cpu1_freq,1900,MHz
naive,3:106,sample_cpu2_freq,1900,MHz
naive,3:106,sample_cpu3_freq,1900,MHz
naive,3:106,sample_cpu4_freq,2500,MHz
naive,3:106,sample_cpu5_freq,2500,MHz
naive,3:106,sample_cpu6_freq,2500,MHz
naive,3:106,sample_cpu7_freq,2500,MHz
naive,3:107,sample_elapsed,16863,ms
naive,3:107,sample_power,4.498,W
naive,3:107,sample_process_cpu,570.000,% one core
naive,3:107,sample_free_ram,1.154,GiB
naive,3:107,sample_battery_temp,37.000,C
naive,3:107,sample_thermal_status,1,Android PowerManager status
naive,3:107,sample_cpu0_freq,1900,MHz
naive,3:107,sample_cpu1_freq,1900,MHz
naive,3:107,sample_cpu2_freq,1900,MHz
naive,3:107,sample_cpu3_freq,1900,MHz
naive,3:107,sample_cpu4_freq,2500,MHz
naive,3:107,sample_cpu5_freq,2500,MHz
naive,3:107,sample_cpu6_freq,2500,MHz
naive,3:107,sample_cpu7_freq,2500,MHz
naive,3:108,sample_elapsed,17036,ms
naive,3:108,sample_power,4.498,W
naive,3:108,sample_process_cpu,550.289,% one core
naive,3:108,sample_free_ram,1.154,GiB
naive,3:108,sample_battery_temp,37.000,C
naive,3:108,sample_thermal_status,1,Android PowerManager status
naive,3:108,sample_cpu0_freq,1900,MHz
naive,3:108,sample_cpu1_freq,1900,MHz
naive,3:108,sample_cpu2_freq,1900,MHz
naive,3:108,sample_cpu3_freq,1900,MHz
naive,3:108,sample_cpu4_freq,2500,MHz
naive,3:108,sample_cpu5_freq,2500,MHz
naive,3:108,sample_cpu6_freq,2500,MHz
naive,3:108,sample_cpu7_freq,2500,MHz
naive,3:109,sample_elapsed,17193,ms
naive,3:109,sample_power,4.498,W
naive,3:109,sample_process_cpu,559.236,% one core
naive,3:109,sample_free_ram,1.154,GiB
naive,3:109,sample_battery_temp,37.000,C
naive,3:109,sample_thermal_status,1,Android PowerManager status
naive,3:109,sample_cpu0_freq,1900,MHz
naive,3:109,sample_cpu1_freq,1900,MHz
naive,3:109,sample_cpu2_freq,1900,MHz
naive,3:109,sample_cpu3_freq,1900,MHz
naive,3:109,sample_cpu4_freq,2500,MHz
naive,3:109,sample_cpu5_freq,2500,MHz
naive,3:109,sample_cpu6_freq,2500,MHz
naive,3:109,sample_cpu7_freq,2500,MHz
naive,3:110,sample_elapsed,17353,ms
naive,3:110,sample_power,4.498,W
naive,3:110,sample_process_cpu,545.000,% one core
naive,3:110,sample_free_ram,1.154,GiB
naive,3:110,sample_battery_temp,37.000,C
naive,3:110,sample_thermal_status,1,Android PowerManager status
naive,3:110,sample_cpu0_freq,1900,MHz
naive,3:110,sample_cpu1_freq,1900,MHz
naive,3:110,sample_cpu2_freq,1900,MHz
naive,3:110,sample_cpu3_freq,1900,MHz
naive,3:110,sample_cpu4_freq,2500,MHz
naive,3:110,sample_cpu5_freq,2500,MHz
naive,3:110,sample_cpu6_freq,2500,MHz
naive,3:110,sample_cpu7_freq,2500,MHz
naive,3:111,sample_elapsed,17507,ms
naive,3:111,sample_power,4.522,W
naive,3:111,sample_process_cpu,572.727,% one core
naive,3:111,sample_free_ram,1.153,GiB
naive,3:111,sample_battery_temp,37.000,C
naive,3:111,sample_thermal_status,1,Android PowerManager status
naive,3:111,sample_cpu0_freq,1900,MHz
naive,3:111,sample_cpu1_freq,1900,MHz
naive,3:111,sample_cpu2_freq,1900,MHz
naive,3:111,sample_cpu3_freq,1900,MHz
naive,3:111,sample_cpu4_freq,2500,MHz
naive,3:111,sample_cpu5_freq,2500,MHz
naive,3:111,sample_cpu6_freq,2500,MHz
naive,3:111,sample_cpu7_freq,2500,MHz
naive,3:112,sample_elapsed,17668,ms
naive,3:112,sample_power,4.522,W
naive,3:112,sample_process_cpu,533.540,% one core
naive,3:112,sample_free_ram,1.153,GiB
naive,3:112,sample_battery_temp,37.000,C
naive,3:112,sample_thermal_status,1,Android PowerManager status
naive,3:112,sample_cpu0_freq,1900,MHz
naive,3:112,sample_cpu1_freq,1900,MHz
naive,3:112,sample_cpu2_freq,1900,MHz
naive,3:112,sample_cpu3_freq,1900,MHz
naive,3:112,sample_cpu4_freq,2500,MHz
naive,3:112,sample_cpu5_freq,2500,MHz
naive,3:112,sample_cpu6_freq,2500,MHz
naive,3:112,sample_cpu7_freq,2500,MHz
naive,3:113,sample_elapsed,17827,ms
naive,3:113,sample_power,4.522,W
naive,3:113,sample_process_cpu,554.717,% one core
naive,3:113,sample_free_ram,1.153,GiB
naive,3:113,sample_battery_temp,37.000,C
naive,3:113,sample_thermal_status,1,Android PowerManager status
naive,3:113,sample_cpu0_freq,1900,MHz
naive,3:113,sample_cpu1_freq,1900,MHz
naive,3:113,sample_cpu2_freq,1900,MHz
naive,3:113,sample_cpu3_freq,1900,MHz
naive,3:113,sample_cpu4_freq,2500,MHz
naive,3:113,sample_cpu5_freq,2500,MHz
naive,3:113,sample_cpu6_freq,2500,MHz
naive,3:113,sample_cpu7_freq,2500,MHz
naive,3:114,sample_elapsed,17984,ms
naive,3:114,sample_power,4.522,W
naive,3:114,sample_process_cpu,554.777,% one core
naive,3:114,sample_free_ram,1.152,GiB
naive,3:114,sample_battery_temp,37.000,C
naive,3:114,sample_thermal_status,1,Android PowerManager status
naive,3:114,sample_cpu0_freq,1900,MHz
naive,3:114,sample_cpu1_freq,1900,MHz
naive,3:114,sample_cpu2_freq,1900,MHz
naive,3:114,sample_cpu3_freq,1900,MHz
naive,3:114,sample_cpu4_freq,2500,MHz
naive,3:114,sample_cpu5_freq,2500,MHz
naive,3:114,sample_cpu6_freq,2500,MHz
naive,3:114,sample_cpu7_freq,2500,MHz
naive,3:115,sample_elapsed,18143,ms
naive,3:115,sample_power,4.731,W
naive,3:115,sample_process_cpu,530.189,% one core
naive,3:115,sample_free_ram,1.152,GiB
naive,3:115,sample_battery_temp,37.000,C
naive,3:115,sample_thermal_status,1,Android PowerManager status
naive,3:115,sample_cpu0_freq,1900,MHz
naive,3:115,sample_cpu1_freq,1900,MHz
naive,3:115,sample_cpu2_freq,1900,MHz
naive,3:115,sample_cpu3_freq,1900,MHz
naive,3:115,sample_cpu4_freq,2500,MHz
naive,3:115,sample_cpu5_freq,2500,MHz
naive,3:115,sample_cpu6_freq,2500,MHz
naive,3:115,sample_cpu7_freq,2500,MHz
naive,3:116,sample_elapsed,18301,ms
naive,3:116,sample_power,4.731,W
naive,3:116,sample_process_cpu,541.139,% one core
naive,3:116,sample_free_ram,1.152,GiB
naive,3:116,sample_battery_temp,37.000,C
naive,3:116,sample_thermal_status,1,Android PowerManager status
naive,3:116,sample_cpu0_freq,1900,MHz
naive,3:116,sample_cpu1_freq,1900,MHz
naive,3:116,sample_cpu2_freq,1900,MHz
naive,3:116,sample_cpu3_freq,1900,MHz
naive,3:116,sample_cpu4_freq,2500,MHz
naive,3:116,sample_cpu5_freq,2500,MHz
naive,3:116,sample_cpu6_freq,2500,MHz
naive,3:116,sample_cpu7_freq,2500,MHz
naive,3:117,sample_elapsed,18459,ms
naive,3:117,sample_power,4.731,W
naive,3:117,sample_process_cpu,558.228,% one core
naive,3:117,sample_free_ram,1.152,GiB
naive,3:117,sample_battery_temp,37.000,C
naive,3:117,sample_thermal_status,1,Android PowerManager status
naive,3:117,sample_cpu0_freq,1900,MHz
naive,3:117,sample_cpu1_freq,1900,MHz
naive,3:117,sample_cpu2_freq,1900,MHz
naive,3:117,sample_cpu3_freq,1900,MHz
naive,3:117,sample_cpu4_freq,2500,MHz
naive,3:117,sample_cpu5_freq,2500,MHz
naive,3:117,sample_cpu6_freq,2500,MHz
naive,3:117,sample_cpu7_freq,2500,MHz
naive,3:118,sample_elapsed,18619,ms
naive,3:118,sample_power,4.731,W
naive,3:118,sample_process_cpu,544.375,% one core
naive,3:118,sample_free_ram,1.151,GiB
naive,3:118,sample_battery_temp,37.000,C
naive,3:118,sample_thermal_status,1,Android PowerManager status
naive,3:118,sample_cpu0_freq,1900,MHz
naive,3:118,sample_cpu1_freq,1900,MHz
naive,3:118,sample_cpu2_freq,1900,MHz
naive,3:118,sample_cpu3_freq,1900,MHz
naive,3:118,sample_cpu4_freq,2500,MHz
naive,3:118,sample_cpu5_freq,2500,MHz
naive,3:118,sample_cpu6_freq,2500,MHz
naive,3:118,sample_cpu7_freq,2500,MHz
naive,3:119,sample_elapsed,18778,ms
naive,3:119,sample_power,4.224,W
naive,3:119,sample_process_cpu,568.553,% one core
naive,3:119,sample_free_ram,1.151,GiB
naive,3:119,sample_battery_temp,37.000,C
naive,3:119,sample_thermal_status,1,Android PowerManager status
naive,3:119,sample_cpu0_freq,1800,MHz
naive,3:119,sample_cpu1_freq,1800,MHz
naive,3:119,sample_cpu2_freq,1800,MHz
naive,3:119,sample_cpu3_freq,1800,MHz
naive,3:119,sample_cpu4_freq,2300,MHz
naive,3:119,sample_cpu5_freq,2300,MHz
naive,3:119,sample_cpu6_freq,2300,MHz
naive,3:119,sample_cpu7_freq,2300,MHz
naive,3:120,sample_elapsed,18941,ms
naive,3:120,sample_power,4.224,W
naive,3:120,sample_process_cpu,533.129,% one core
naive,3:120,sample_free_ram,1.151,GiB
naive,3:120,sample_battery_temp,37.000,C
naive,3:120,sample_thermal_status,1,Android PowerManager status
naive,3:120,sample_cpu0_freq,1800,MHz
naive,3:120,sample_cpu1_freq,1800,MHz
naive,3:120,sample_cpu2_freq,1800,MHz
naive,3:120,sample_cpu3_freq,1800,MHz
naive,3:120,sample_cpu4_freq,2300,MHz
naive,3:120,sample_cpu5_freq,2300,MHz
naive,3:120,sample_cpu6_freq,2300,MHz
naive,3:120,sample_cpu7_freq,2300,MHz
naive,3:121,sample_elapsed,19097,ms
naive,3:121,sample_power,4.224,W
naive,3:121,sample_process_cpu,543.590,% one core
naive,3:121,sample_free_ram,1.151,GiB
naive,3:121,sample_battery_temp,37.000,C
naive,3:121,sample_thermal_status,1,Android PowerManager status
naive,3:121,sample_cpu0_freq,1800,MHz
naive,3:121,sample_cpu1_freq,1800,MHz
naive,3:121,sample_cpu2_freq,1800,MHz
naive,3:121,sample_cpu3_freq,1800,MHz
naive,3:121,sample_cpu4_freq,2300,MHz
naive,3:121,sample_cpu5_freq,2300,MHz
naive,3:121,sample_cpu6_freq,2300,MHz
naive,3:121,sample_cpu7_freq,2300,MHz
naive,3:122,sample_elapsed,19260,ms
naive,3:122,sample_power,4.224,W
naive,3:122,sample_process_cpu,546.012,% one core
naive,3:122,sample_free_ram,1.151,GiB
naive,3:122,sample_battery_temp,37.000,C
naive,3:122,sample_thermal_status,1,Android PowerManager status
naive,3:122,sample_cpu0_freq,1800,MHz
naive,3:122,sample_cpu1_freq,1800,MHz
naive,3:122,sample_cpu2_freq,1800,MHz
naive,3:122,sample_cpu3_freq,1800,MHz
naive,3:122,sample_cpu4_freq,2300,MHz
naive,3:122,sample_cpu5_freq,2300,MHz
naive,3:122,sample_cpu6_freq,2300,MHz
naive,3:122,sample_cpu7_freq,2300,MHz
naive,3:123,sample_elapsed,19421,ms
naive,3:123,sample_power,4.250,W
naive,3:123,sample_process_cpu,567.702,% one core
naive,3:123,sample_free_ram,1.151,GiB
naive,3:123,sample_battery_temp,37.000,C
naive,3:123,sample_thermal_status,1,Android PowerManager status
naive,3:123,sample_cpu0_freq,1800,MHz
naive,3:123,sample_cpu1_freq,1800,MHz
naive,3:123,sample_cpu2_freq,1800,MHz
naive,3:123,sample_cpu3_freq,1800,MHz
naive,3:123,sample_cpu4_freq,2300,MHz
naive,3:123,sample_cpu5_freq,2300,MHz
naive,3:123,sample_cpu6_freq,2300,MHz
naive,3:123,sample_cpu7_freq,2300,MHz
naive,median,pp,101.000,tok/s
naive,stddev,pp,0.660,tok/s
naive,median,tg,8.600,tok/s
naive,stddev,tg,0.821,tok/s
naive,median,power,4.567,W
naive,stddev,power,0.135,W
naive,median,tok_per_w,1.953,tok/W
naive,stddev,tok_per_w,0.215,tok/W
naive,median,ttft_pp512_derived,5211.352,ms
naive,stddev,ttft_pp512_derived,27.631,ms
naive,median,start_temp,36.000,C
naive,stddev,start_temp,0.471,C
naive,median,average_process_cpu,513.759,% one core
naive,stddev,average_process_cpu,32.176,% one core
naive,median,minimum_free_ram,1.139,GiB
naive,stddev,minimum_free_ram,0.047,GiB
naive,median,peak_battery_temp,37.000,C
naive,stddev,peak_battery_temp,0.471,C
naive,median,mean_perf_core_clock,2500.000,MHz
naive,stddev,mean_perf_core_clock,3.864,MHz
naive,median,mean_little_core_clock,1874.917,MHz
naive,stddev,mean_little_core_clock,165.793,MHz
threads_only,1,pp,126.000,tok/s
threads_only,1,tg,15.900,tok/s
threads_only,1,power,3.958,W
threads_only,1,tok_per_w,4.017,tok/W
threads_only,1,ttft_pp512_derived,4126.385,ms
threads_only,1,start_temp,37.000,C
threads_only,1,average_process_cpu,481.580,% one core
threads_only,1,minimum_free_ram,1.104,GiB
threads_only,1,peak_battery_temp,37.000,C
threads_only,1,peak_thermal_status,1,Android PowerManager status
threads_only,1:1,sample_elapsed,1,ms
threads_only,1:1,sample_power,1.198,W
threads_only,1:1,sample_process_cpu,400.000,% one core
threads_only,1:1,sample_free_ram,1.208,GiB
threads_only,1:1,sample_battery_temp,37.000,C
threads_only,1:1,sample_thermal_status,1,Android PowerManager status
threads_only,1:1,sample_cpu0_freq,1100,MHz
threads_only,1:1,sample_cpu1_freq,1100,MHz
threads_only,1:1,sample_cpu2_freq,1100,MHz
threads_only,1:1,sample_cpu3_freq,1100,MHz
threads_only,1:1,sample_cpu4_freq,400,MHz
threads_only,1:1,sample_cpu5_freq,400,MHz
threads_only,1:1,sample_cpu6_freq,400,MHz
threads_only,1:1,sample_cpu7_freq,400,MHz
threads_only,1:2,sample_elapsed,161,ms
threads_only,1:2,sample_power,1.198,W
threads_only,1:2,sample_process_cpu,380.000,% one core
threads_only,1:2,sample_free_ram,1.162,GiB
threads_only,1:2,sample_battery_temp,37.000,C
threads_only,1:2,sample_thermal_status,1,Android PowerManager status
threads_only,1:2,sample_cpu0_freq,1600,MHz
threads_only,1:2,sample_cpu1_freq,1600,MHz
threads_only,1:2,sample_cpu2_freq,1700,MHz
threads_only,1:2,sample_cpu3_freq,1000,MHz
threads_only,1:2,sample_cpu4_freq,2300,MHz
threads_only,1:2,sample_cpu5_freq,2300,MHz
threads_only,1:2,sample_cpu6_freq,2300,MHz
threads_only,1:2,sample_cpu7_freq,2300,MHz
threads_only,1:3,sample_elapsed,317,ms
threads_only,1:3,sample_power,1.198,W
threads_only,1:3,sample_process_cpu,459.615,% one core
threads_only,1:3,sample_free_ram,1.115,GiB
threads_only,1:3,sample_battery_temp,37.000,C
threads_only,1:3,sample_thermal_status,1,Android PowerManager status
threads_only,1:3,sample_cpu0_freq,1600,MHz
threads_only,1:3,sample_cpu1_freq,1600,MHz
threads_only,1:3,sample_cpu2_freq,1800,MHz
threads_only,1:3,sample_cpu3_freq,1800,MHz
threads_only,1:3,sample_cpu4_freq,2300,MHz
threads_only,1:3,sample_cpu5_freq,2300,MHz
threads_only,1:3,sample_cpu6_freq,2300,MHz
threads_only,1:3,sample_cpu7_freq,2300,MHz
threads_only,1:4,sample_elapsed,474,ms
threads_only,1:4,sample_power,1.198,W
threads_only,1:4,sample_process_cpu,466.242,% one core
threads_only,1:4,sample_free_ram,1.115,GiB
threads_only,1:4,sample_battery_temp,37.000,C
threads_only,1:4,sample_thermal_status,1,Android PowerManager status
threads_only,1:4,sample_cpu0_freq,1800,MHz
threads_only,1:4,sample_cpu1_freq,1800,MHz
threads_only,1:4,sample_cpu2_freq,1800,MHz
threads_only,1:4,sample_cpu3_freq,1800,MHz
threads_only,1:4,sample_cpu4_freq,2300,MHz
threads_only,1:4,sample_cpu5_freq,2300,MHz
threads_only,1:4,sample_cpu6_freq,2300,MHz
threads_only,1:4,sample_cpu7_freq,2300,MHz
threads_only,1:5,sample_elapsed,631,ms
threads_only,1:5,sample_power,3.851,W
threads_only,1:5,sample_process_cpu,463.057,% one core
threads_only,1:5,sample_free_ram,1.115,GiB
threads_only,1:5,sample_battery_temp,37.000,C
threads_only,1:5,sample_thermal_status,1,Android PowerManager status
threads_only,1:5,sample_cpu0_freq,1800,MHz
threads_only,1:5,sample_cpu1_freq,1800,MHz
threads_only,1:5,sample_cpu2_freq,1800,MHz
threads_only,1:5,sample_cpu3_freq,1800,MHz
threads_only,1:5,sample_cpu4_freq,2300,MHz
threads_only,1:5,sample_cpu5_freq,2300,MHz
threads_only,1:5,sample_cpu6_freq,2300,MHz
threads_only,1:5,sample_cpu7_freq,2300,MHz
threads_only,1:6,sample_elapsed,791,ms
threads_only,1:6,sample_power,3.851,W
threads_only,1:6,sample_process_cpu,465.000,% one core
threads_only,1:6,sample_free_ram,1.115,GiB
threads_only,1:6,sample_battery_temp,37.000,C
threads_only,1:6,sample_thermal_status,1,Android PowerManager status
threads_only,1:6,sample_cpu0_freq,1800,MHz
threads_only,1:6,sample_cpu1_freq,1800,MHz
threads_only,1:6,sample_cpu2_freq,1800,MHz
threads_only,1:6,sample_cpu3_freq,1800,MHz
threads_only,1:6,sample_cpu4_freq,2300,MHz
threads_only,1:6,sample_cpu5_freq,2300,MHz
threads_only,1:6,sample_cpu6_freq,2300,MHz
threads_only,1:6,sample_cpu7_freq,2300,MHz
threads_only,1:7,sample_elapsed,946,ms
threads_only,1:7,sample_power,3.851,W
threads_only,1:7,sample_process_cpu,463.226,% one core
threads_only,1:7,sample_free_ram,1.114,GiB
threads_only,1:7,sample_battery_temp,37.000,C
threads_only,1:7,sample_thermal_status,1,Android PowerManager status
threads_only,1:7,sample_cpu0_freq,1600,MHz
threads_only,1:7,sample_cpu1_freq,1100,MHz
threads_only,1:7,sample_cpu2_freq,1100,MHz
threads_only,1:7,sample_cpu3_freq,1800,MHz
threads_only,1:7,sample_cpu4_freq,2300,MHz
threads_only,1:7,sample_cpu5_freq,2300,MHz
threads_only,1:7,sample_cpu6_freq,2300,MHz
threads_only,1:7,sample_cpu7_freq,2300,MHz
threads_only,1:8,sample_elapsed,1105,ms
threads_only,1:8,sample_power,3.851,W
threads_only,1:8,sample_process_cpu,494.340,% one core
threads_only,1:8,sample_free_ram,1.116,GiB
threads_only,1:8,sample_battery_temp,37.000,C
threads_only,1:8,sample_thermal_status,1,Android PowerManager status
threads_only,1:8,sample_cpu0_freq,1800,MHz
threads_only,1:8,sample_cpu1_freq,1800,MHz
threads_only,1:8,sample_cpu2_freq,1800,MHz
threads_only,1:8,sample_cpu3_freq,1800,MHz
threads_only,1:8,sample_cpu4_freq,2300,MHz
threads_only,1:8,sample_cpu5_freq,2300,MHz
threads_only,1:8,sample_cpu6_freq,2300,MHz
threads_only,1:8,sample_cpu7_freq,2300,MHz
threads_only,1:9,sample_elapsed,1265,ms
threads_only,1:9,sample_power,4.043,W
threads_only,1:9,sample_process_cpu,473.125,% one core
threads_only,1:9,sample_free_ram,1.116,GiB
threads_only,1:9,sample_battery_temp,37.000,C
threads_only,1:9,sample_thermal_status,1,Android PowerManager status
threads_only,1:9,sample_cpu0_freq,1000,MHz
threads_only,1:9,sample_cpu1_freq,1000,MHz
threads_only,1:9,sample_cpu2_freq,900,MHz
threads_only,1:9,sample_cpu3_freq,900,MHz
threads_only,1:9,sample_cpu4_freq,2300,MHz
threads_only,1:9,sample_cpu5_freq,2300,MHz
threads_only,1:9,sample_cpu6_freq,2300,MHz
threads_only,1:9,sample_cpu7_freq,2300,MHz
threads_only,1:10,sample_elapsed,1424,ms
threads_only,1:10,sample_power,4.043,W
threads_only,1:10,sample_process_cpu,461.006,% one core
threads_only,1:10,sample_free_ram,1.116,GiB
threads_only,1:10,sample_battery_temp,37.000,C
threads_only,1:10,sample_thermal_status,1,Android PowerManager status
threads_only,1:10,sample_cpu0_freq,1200,MHz
threads_only,1:10,sample_cpu1_freq,1600,MHz
threads_only,1:10,sample_cpu2_freq,1200,MHz
threads_only,1:10,sample_cpu3_freq,1200,MHz
threads_only,1:10,sample_cpu4_freq,2300,MHz
threads_only,1:10,sample_cpu5_freq,2300,MHz
threads_only,1:10,sample_cpu6_freq,2300,MHz
threads_only,1:10,sample_cpu7_freq,2300,MHz
threads_only,1:11,sample_elapsed,1580,ms
threads_only,1:11,sample_power,4.043,W
threads_only,1:11,sample_process_cpu,473.718,% one core
threads_only,1:11,sample_free_ram,1.116,GiB
threads_only,1:11,sample_battery_temp,37.000,C
threads_only,1:11,sample_thermal_status,1,Android PowerManager status
threads_only,1:11,sample_cpu0_freq,1800,MHz
threads_only,1:11,sample_cpu1_freq,1800,MHz
threads_only,1:11,sample_cpu2_freq,1800,MHz
threads_only,1:11,sample_cpu3_freq,1800,MHz
threads_only,1:11,sample_cpu4_freq,2300,MHz
threads_only,1:11,sample_cpu5_freq,2300,MHz
threads_only,1:11,sample_cpu6_freq,2300,MHz
threads_only,1:11,sample_cpu7_freq,2300,MHz
threads_only,1:12,sample_elapsed,1740,ms
threads_only,1:12,sample_power,4.043,W
threads_only,1:12,sample_process_cpu,479.375,% one core
threads_only,1:12,sample_free_ram,1.116,GiB
threads_only,1:12,sample_battery_temp,37.000,C
threads_only,1:12,sample_thermal_status,1,Android PowerManager status
threads_only,1:12,sample_cpu0_freq,600,MHz
threads_only,1:12,sample_cpu1_freq,600,MHz
threads_only,1:12,sample_cpu2_freq,1400,MHz
threads_only,1:12,sample_cpu3_freq,1400,MHz
threads_only,1:12,sample_cpu4_freq,2300,MHz
threads_only,1:12,sample_cpu5_freq,2300,MHz
threads_only,1:12,sample_cpu6_freq,2300,MHz
threads_only,1:12,sample_cpu7_freq,2300,MHz
threads_only,1:13,sample_elapsed,1906,ms
threads_only,1:13,sample_power,3.792,W
threads_only,1:13,sample_process_cpu,461.446,% one core
threads_only,1:13,sample_free_ram,1.116,GiB
threads_only,1:13,sample_battery_temp,37.000,C
threads_only,1:13,sample_thermal_status,1,Android PowerManager status
threads_only,1:13,sample_cpu0_freq,1300,MHz
threads_only,1:13,sample_cpu1_freq,1600,MHz
threads_only,1:13,sample_cpu2_freq,800,MHz
threads_only,1:13,sample_cpu3_freq,1000,MHz
threads_only,1:13,sample_cpu4_freq,2300,MHz
threads_only,1:13,sample_cpu5_freq,2300,MHz
threads_only,1:13,sample_cpu6_freq,2300,MHz
threads_only,1:13,sample_cpu7_freq,2300,MHz
threads_only,1:14,sample_elapsed,2065,ms
threads_only,1:14,sample_power,3.792,W
threads_only,1:14,sample_process_cpu,458.491,% one core
threads_only,1:14,sample_free_ram,1.116,GiB
threads_only,1:14,sample_battery_temp,37.000,C
threads_only,1:14,sample_thermal_status,1,Android PowerManager status
threads_only,1:14,sample_cpu0_freq,1800,MHz
threads_only,1:14,sample_cpu1_freq,1800,MHz
threads_only,1:14,sample_cpu2_freq,1800,MHz
threads_only,1:14,sample_cpu3_freq,1800,MHz
threads_only,1:14,sample_cpu4_freq,2300,MHz
threads_only,1:14,sample_cpu5_freq,2300,MHz
threads_only,1:14,sample_cpu6_freq,2300,MHz
threads_only,1:14,sample_cpu7_freq,2300,MHz
threads_only,1:15,sample_elapsed,2221,ms
threads_only,1:15,sample_power,3.792,W
threads_only,1:15,sample_process_cpu,466.026,% one core
threads_only,1:15,sample_free_ram,1.116,GiB
threads_only,1:15,sample_battery_temp,37.000,C
threads_only,1:15,sample_thermal_status,1,Android PowerManager status
threads_only,1:15,sample_cpu0_freq,900,MHz
threads_only,1:15,sample_cpu1_freq,1700,MHz
threads_only,1:15,sample_cpu2_freq,1700,MHz
threads_only,1:15,sample_cpu3_freq,1700,MHz
threads_only,1:15,sample_cpu4_freq,2300,MHz
threads_only,1:15,sample_cpu5_freq,2300,MHz
threads_only,1:15,sample_cpu6_freq,2300,MHz
threads_only,1:15,sample_cpu7_freq,2300,MHz
threads_only,1:16,sample_elapsed,2382,ms
threads_only,1:16,sample_power,3.792,W
threads_only,1:16,sample_process_cpu,470.186,% one core
threads_only,1:16,sample_free_ram,1.116,GiB
threads_only,1:16,sample_battery_temp,37.000,C
threads_only,1:16,sample_thermal_status,1,Android PowerManager status
threads_only,1:16,sample_cpu0_freq,1800,MHz
threads_only,1:16,sample_cpu1_freq,1800,MHz
threads_only,1:16,sample_cpu2_freq,1800,MHz
threads_only,1:16,sample_cpu3_freq,1800,MHz
threads_only,1:16,sample_cpu4_freq,2300,MHz
threads_only,1:16,sample_cpu5_freq,2300,MHz
threads_only,1:16,sample_cpu6_freq,2300,MHz
threads_only,1:16,sample_cpu7_freq,2300,MHz
threads_only,1:17,sample_elapsed,2537,ms
threads_only,1:17,sample_power,4.199,W
threads_only,1:17,sample_process_cpu,469.032,% one core
threads_only,1:17,sample_free_ram,1.116,GiB
threads_only,1:17,sample_battery_temp,37.000,C
threads_only,1:17,sample_thermal_status,1,Android PowerManager status
threads_only,1:17,sample_cpu0_freq,1600,MHz
threads_only,1:17,sample_cpu1_freq,1600,MHz
threads_only,1:17,sample_cpu2_freq,1600,MHz
threads_only,1:17,sample_cpu3_freq,1800,MHz
threads_only,1:17,sample_cpu4_freq,2300,MHz
threads_only,1:17,sample_cpu5_freq,2300,MHz
threads_only,1:17,sample_cpu6_freq,2300,MHz
threads_only,1:17,sample_cpu7_freq,2300,MHz
threads_only,1:18,sample_elapsed,2698,ms
threads_only,1:18,sample_power,4.199,W
threads_only,1:18,sample_process_cpu,461.491,% one core
threads_only,1:18,sample_free_ram,1.115,GiB
threads_only,1:18,sample_battery_temp,37.000,C
threads_only,1:18,sample_thermal_status,1,Android PowerManager status
threads_only,1:18,sample_cpu0_freq,600,MHz
threads_only,1:18,sample_cpu1_freq,1800,MHz
threads_only,1:18,sample_cpu2_freq,1800,MHz
threads_only,1:18,sample_cpu3_freq,1800,MHz
threads_only,1:18,sample_cpu4_freq,2300,MHz
threads_only,1:18,sample_cpu5_freq,2300,MHz
threads_only,1:18,sample_cpu6_freq,2300,MHz
threads_only,1:18,sample_cpu7_freq,2300,MHz
threads_only,1:19,sample_elapsed,2855,ms
threads_only,1:19,sample_power,4.199,W
threads_only,1:19,sample_process_cpu,463.694,% one core
threads_only,1:19,sample_free_ram,1.115,GiB
threads_only,1:19,sample_battery_temp,37.000,C
threads_only,1:19,sample_thermal_status,1,Android PowerManager status
threads_only,1:19,sample_cpu0_freq,900,MHz
threads_only,1:19,sample_cpu1_freq,1800,MHz
threads_only,1:19,sample_cpu2_freq,1800,MHz
threads_only,1:19,sample_cpu3_freq,1800,MHz
threads_only,1:19,sample_cpu4_freq,2300,MHz
threads_only,1:19,sample_cpu5_freq,2300,MHz
threads_only,1:19,sample_cpu6_freq,2300,MHz
threads_only,1:19,sample_cpu7_freq,2300,MHz
threads_only,1:20,sample_elapsed,3011,ms
threads_only,1:20,sample_power,4.199,W
threads_only,1:20,sample_process_cpu,460.897,% one core
threads_only,1:20,sample_free_ram,1.115,GiB
threads_only,1:20,sample_battery_temp,37.000,C
threads_only,1:20,sample_thermal_status,1,Android PowerManager status
threads_only,1:20,sample_cpu0_freq,1800,MHz
threads_only,1:20,sample_cpu1_freq,1800,MHz
threads_only,1:20,sample_cpu2_freq,1800,MHz
threads_only,1:20,sample_cpu3_freq,1800,MHz
threads_only,1:20,sample_cpu4_freq,2300,MHz
threads_only,1:20,sample_cpu5_freq,2300,MHz
threads_only,1:20,sample_cpu6_freq,2300,MHz
threads_only,1:20,sample_cpu7_freq,2300,MHz
threads_only,1:21,sample_elapsed,3168,ms
threads_only,1:21,sample_power,3.867,W
threads_only,1:21,sample_process_cpu,463.057,% one core
threads_only,1:21,sample_free_ram,1.115,GiB
threads_only,1:21,sample_battery_temp,37.000,C
threads_only,1:21,sample_thermal_status,1,Android PowerManager status
threads_only,1:21,sample_cpu0_freq,700,MHz
threads_only,1:21,sample_cpu1_freq,1800,MHz
threads_only,1:21,sample_cpu2_freq,800,MHz
threads_only,1:21,sample_cpu3_freq,1800,MHz
threads_only,1:21,sample_cpu4_freq,2300,MHz
threads_only,1:21,sample_cpu5_freq,2300,MHz
threads_only,1:21,sample_cpu6_freq,2300,MHz
threads_only,1:21,sample_cpu7_freq,2300,MHz
threads_only,1:22,sample_elapsed,3329,ms
threads_only,1:22,sample_power,3.867,W
threads_only,1:22,sample_process_cpu,467.081,% one core
threads_only,1:22,sample_free_ram,1.115,GiB
threads_only,1:22,sample_battery_temp,37.000,C
threads_only,1:22,sample_thermal_status,1,Android PowerManager status
threads_only,1:22,sample_cpu0_freq,1100,MHz
threads_only,1:22,sample_cpu1_freq,1100,MHz
threads_only,1:22,sample_cpu2_freq,1100,MHz
threads_only,1:22,sample_cpu3_freq,1600,MHz
threads_only,1:22,sample_cpu4_freq,2300,MHz
threads_only,1:22,sample_cpu5_freq,2300,MHz
threads_only,1:22,sample_cpu6_freq,2300,MHz
threads_only,1:22,sample_cpu7_freq,2300,MHz
threads_only,1:23,sample_elapsed,3488,ms
threads_only,1:23,sample_power,3.867,W
threads_only,1:23,sample_process_cpu,470.440,% one core
threads_only,1:23,sample_free_ram,1.115,GiB
threads_only,1:23,sample_battery_temp,37.000,C
threads_only,1:23,sample_thermal_status,1,Android PowerManager status
threads_only,1:23,sample_cpu0_freq,1800,MHz
threads_only,1:23,sample_cpu1_freq,1800,MHz
threads_only,1:23,sample_cpu2_freq,1800,MHz
threads_only,1:23,sample_cpu3_freq,1000,MHz
threads_only,1:23,sample_cpu4_freq,2300,MHz
threads_only,1:23,sample_cpu5_freq,2300,MHz
threads_only,1:23,sample_cpu6_freq,2300,MHz
threads_only,1:23,sample_cpu7_freq,2300,MHz
threads_only,1:24,sample_elapsed,3647,ms
threads_only,1:24,sample_power,3.867,W
threads_only,1:24,sample_process_cpu,462.264,% one core
threads_only,1:24,sample_free_ram,1.115,GiB
threads_only,1:24,sample_battery_temp,37.000,C
threads_only,1:24,sample_thermal_status,1,Android PowerManager status
threads_only,1:24,sample_cpu0_freq,1600,MHz
threads_only,1:24,sample_cpu1_freq,1600,MHz
threads_only,1:24,sample_cpu2_freq,1800,MHz
threads_only,1:24,sample_cpu3_freq,1800,MHz
threads_only,1:24,sample_cpu4_freq,2300,MHz
threads_only,1:24,sample_cpu5_freq,2300,MHz
threads_only,1:24,sample_cpu6_freq,2300,MHz
threads_only,1:24,sample_cpu7_freq,2300,MHz
threads_only,1:25,sample_elapsed,3805,ms
threads_only,1:25,sample_power,3.871,W
threads_only,1:25,sample_process_cpu,483.544,% one core
threads_only,1:25,sample_free_ram,1.114,GiB
threads_only,1:25,sample_battery_temp,37.000,C
threads_only,1:25,sample_thermal_status,1,Android PowerManager status
threads_only,1:25,sample_cpu0_freq,1800,MHz
threads_only,1:25,sample_cpu1_freq,1800,MHz
threads_only,1:25,sample_cpu2_freq,1800,MHz
threads_only,1:25,sample_cpu3_freq,1800,MHz
threads_only,1:25,sample_cpu4_freq,2300,MHz
threads_only,1:25,sample_cpu5_freq,2300,MHz
threads_only,1:25,sample_cpu6_freq,2300,MHz
threads_only,1:25,sample_cpu7_freq,2300,MHz
threads_only,1:26,sample_elapsed,3965,ms
threads_only,1:26,sample_power,3.871,W
threads_only,1:26,sample_process_cpu,445.625,% one core
threads_only,1:26,sample_free_ram,1.114,GiB
threads_only,1:26,sample_battery_temp,37.000,C
threads_only,1:26,sample_thermal_status,1,Android PowerManager status
threads_only,1:26,sample_cpu0_freq,1800,MHz
threads_only,1:26,sample_cpu1_freq,1800,MHz
threads_only,1:26,sample_cpu2_freq,1800,MHz
threads_only,1:26,sample_cpu3_freq,1800,MHz
threads_only,1:26,sample_cpu4_freq,2300,MHz
threads_only,1:26,sample_cpu5_freq,2300,MHz
threads_only,1:26,sample_cpu6_freq,2300,MHz
threads_only,1:26,sample_cpu7_freq,2300,MHz
threads_only,1:27,sample_elapsed,4121,ms
threads_only,1:27,sample_power,3.871,W
threads_only,1:27,sample_process_cpu,489.744,% one core
threads_only,1:27,sample_free_ram,1.114,GiB
threads_only,1:27,sample_battery_temp,37.000,C
threads_only,1:27,sample_thermal_status,1,Android PowerManager status
threads_only,1:27,sample_cpu0_freq,1800,MHz
threads_only,1:27,sample_cpu1_freq,1800,MHz
threads_only,1:27,sample_cpu2_freq,1800,MHz
threads_only,1:27,sample_cpu3_freq,1800,MHz
threads_only,1:27,sample_cpu4_freq,2300,MHz
threads_only,1:27,sample_cpu5_freq,2300,MHz
threads_only,1:27,sample_cpu6_freq,2300,MHz
threads_only,1:27,sample_cpu7_freq,2300,MHz
threads_only,1:28,sample_elapsed,4310,ms
threads_only,1:28,sample_power,4.188,W
threads_only,1:28,sample_process_cpu,506.349,% one core
threads_only,1:28,sample_free_ram,1.114,GiB
threads_only,1:28,sample_battery_temp,37.000,C
threads_only,1:28,sample_thermal_status,1,Android PowerManager status
threads_only,1:28,sample_cpu0_freq,1800,MHz
threads_only,1:28,sample_cpu1_freq,1800,MHz
threads_only,1:28,sample_cpu2_freq,1800,MHz
threads_only,1:28,sample_cpu3_freq,1800,MHz
threads_only,1:28,sample_cpu4_freq,2300,MHz
threads_only,1:28,sample_cpu5_freq,2300,MHz
threads_only,1:28,sample_cpu6_freq,2300,MHz
threads_only,1:28,sample_cpu7_freq,2300,MHz
threads_only,1:29,sample_elapsed,4492,ms
threads_only,1:29,sample_power,4.188,W
threads_only,1:29,sample_process_cpu,480.220,% one core
threads_only,1:29,sample_free_ram,1.114,GiB
threads_only,1:29,sample_battery_temp,37.000,C
threads_only,1:29,sample_thermal_status,1,Android PowerManager status
threads_only,1:29,sample_cpu0_freq,1800,MHz
threads_only,1:29,sample_cpu1_freq,1800,MHz
threads_only,1:29,sample_cpu2_freq,1800,MHz
threads_only,1:29,sample_cpu3_freq,1800,MHz
threads_only,1:29,sample_cpu4_freq,2300,MHz
threads_only,1:29,sample_cpu5_freq,2300,MHz
threads_only,1:29,sample_cpu6_freq,2300,MHz
threads_only,1:29,sample_cpu7_freq,2300,MHz
threads_only,1:30,sample_elapsed,4665,ms
threads_only,1:30,sample_power,4.188,W
threads_only,1:30,sample_process_cpu,501.156,% one core
threads_only,1:30,sample_free_ram,1.114,GiB
threads_only,1:30,sample_battery_temp,37.000,C
threads_only,1:30,sample_thermal_status,1,Android PowerManager status
threads_only,1:30,sample_cpu0_freq,1800,MHz
threads_only,1:30,sample_cpu1_freq,1800,MHz
threads_only,1:30,sample_cpu2_freq,1800,MHz
threads_only,1:30,sample_cpu3_freq,1800,MHz
threads_only,1:30,sample_cpu4_freq,2300,MHz
threads_only,1:30,sample_cpu5_freq,2300,MHz
threads_only,1:30,sample_cpu6_freq,2300,MHz
threads_only,1:30,sample_cpu7_freq,2300,MHz
threads_only,1:31,sample_elapsed,4857,ms
threads_only,1:31,sample_power,4.607,W
threads_only,1:31,sample_process_cpu,464.583,% one core
threads_only,1:31,sample_free_ram,1.113,GiB
threads_only,1:31,sample_battery_temp,37.000,C
threads_only,1:31,sample_thermal_status,1,Android PowerManager status
threads_only,1:31,sample_cpu0_freq,1800,MHz
threads_only,1:31,sample_cpu1_freq,1800,MHz
threads_only,1:31,sample_cpu2_freq,1800,MHz
threads_only,1:31,sample_cpu3_freq,1800,MHz
threads_only,1:31,sample_cpu4_freq,2300,MHz
threads_only,1:31,sample_cpu5_freq,2300,MHz
threads_only,1:31,sample_cpu6_freq,2300,MHz
threads_only,1:31,sample_cpu7_freq,2300,MHz
threads_only,1:32,sample_elapsed,5038,ms
threads_only,1:32,sample_power,4.607,W
threads_only,1:32,sample_process_cpu,455.801,% one core
threads_only,1:32,sample_free_ram,1.113,GiB
threads_only,1:32,sample_battery_temp,37.000,C
threads_only,1:32,sample_thermal_status,1,Android PowerManager status
threads_only,1:32,sample_cpu0_freq,1800,MHz
threads_only,1:32,sample_cpu1_freq,1800,MHz
threads_only,1:32,sample_cpu2_freq,1800,MHz
threads_only,1:32,sample_cpu3_freq,1800,MHz
threads_only,1:32,sample_cpu4_freq,2300,MHz
threads_only,1:32,sample_cpu5_freq,2300,MHz
threads_only,1:32,sample_cpu6_freq,2300,MHz
threads_only,1:32,sample_cpu7_freq,2300,MHz
threads_only,1:33,sample_elapsed,5211,ms
threads_only,1:33,sample_power,4.607,W
threads_only,1:33,sample_process_cpu,476.301,% one core
threads_only,1:33,sample_free_ram,1.113,GiB
threads_only,1:33,sample_battery_temp,37.000,C
threads_only,1:33,sample_thermal_status,1,Android PowerManager status
threads_only,1:33,sample_cpu0_freq,1800,MHz
threads_only,1:33,sample_cpu1_freq,1800,MHz
threads_only,1:33,sample_cpu2_freq,1800,MHz
threads_only,1:33,sample_cpu3_freq,1800,MHz
threads_only,1:33,sample_cpu4_freq,2300,MHz
threads_only,1:33,sample_cpu5_freq,2300,MHz
threads_only,1:33,sample_cpu6_freq,2300,MHz
threads_only,1:33,sample_cpu7_freq,2300,MHz
threads_only,1:34,sample_elapsed,5387,ms
threads_only,1:34,sample_power,4.484,W
threads_only,1:34,sample_process_cpu,461.932,% one core
threads_only,1:34,sample_free_ram,1.113,GiB
threads_only,1:34,sample_battery_temp,37.000,C
threads_only,1:34,sample_thermal_status,1,Android PowerManager status
threads_only,1:34,sample_cpu0_freq,1800,MHz
threads_only,1:34,sample_cpu1_freq,1800,MHz
threads_only,1:34,sample_cpu2_freq,1800,MHz
threads_only,1:34,sample_cpu3_freq,1800,MHz
threads_only,1:34,sample_cpu4_freq,2300,MHz
threads_only,1:34,sample_cpu5_freq,2300,MHz
threads_only,1:34,sample_cpu6_freq,2300,MHz
threads_only,1:34,sample_cpu7_freq,2300,MHz
threads_only,1:35,sample_elapsed,5545,ms
threads_only,1:35,sample_power,4.484,W
threads_only,1:35,sample_process_cpu,479.114,% one core
threads_only,1:35,sample_free_ram,1.112,GiB
threads_only,1:35,sample_battery_temp,37.000,C
threads_only,1:35,sample_thermal_status,1,Android PowerManager status
threads_only,1:35,sample_cpu0_freq,1800,MHz
threads_only,1:35,sample_cpu1_freq,1800,MHz
threads_only,1:35,sample_cpu2_freq,1800,MHz
threads_only,1:35,sample_cpu3_freq,1800,MHz
threads_only,1:35,sample_cpu4_freq,2300,MHz
threads_only,1:35,sample_cpu5_freq,2300,MHz
threads_only,1:35,sample_cpu6_freq,2300,MHz
threads_only,1:35,sample_cpu7_freq,2300,MHz
threads_only,1:36,sample_elapsed,5718,ms
threads_only,1:36,sample_power,4.484,W
threads_only,1:36,sample_process_cpu,489.017,% one core
threads_only,1:36,sample_free_ram,1.112,GiB
threads_only,1:36,sample_battery_temp,37.000,C
threads_only,1:36,sample_thermal_status,1,Android PowerManager status
threads_only,1:36,sample_cpu0_freq,1800,MHz
threads_only,1:36,sample_cpu1_freq,1800,MHz
threads_only,1:36,sample_cpu2_freq,1800,MHz
threads_only,1:36,sample_cpu3_freq,1800,MHz
threads_only,1:36,sample_cpu4_freq,2300,MHz
threads_only,1:36,sample_cpu5_freq,2300,MHz
threads_only,1:36,sample_cpu6_freq,2300,MHz
threads_only,1:36,sample_cpu7_freq,2300,MHz
threads_only,1:37,sample_elapsed,5900,ms
threads_only,1:37,sample_power,4.212,W
threads_only,1:37,sample_process_cpu,489.560,% one core
threads_only,1:37,sample_free_ram,1.113,GiB
threads_only,1:37,sample_battery_temp,37.000,C
threads_only,1:37,sample_thermal_status,1,Android PowerManager status
threads_only,1:37,sample_cpu0_freq,1800,MHz
threads_only,1:37,sample_cpu1_freq,1800,MHz
threads_only,1:37,sample_cpu2_freq,1800,MHz
threads_only,1:37,sample_cpu3_freq,1800,MHz
threads_only,1:37,sample_cpu4_freq,2300,MHz
threads_only,1:37,sample_cpu5_freq,2300,MHz
threads_only,1:37,sample_cpu6_freq,2300,MHz
threads_only,1:37,sample_cpu7_freq,2300,MHz
threads_only,1:38,sample_elapsed,6083,ms
threads_only,1:38,sample_power,4.212,W
threads_only,1:38,sample_process_cpu,502.186,% one core
threads_only,1:38,sample_free_ram,1.113,GiB
threads_only,1:38,sample_battery_temp,37.000,C
threads_only,1:38,sample_thermal_status,1,Android PowerManager status
threads_only,1:38,sample_cpu0_freq,1800,MHz
threads_only,1:38,sample_cpu1_freq,1800,MHz
threads_only,1:38,sample_cpu2_freq,1800,MHz
threads_only,1:38,sample_cpu3_freq,1800,MHz
threads_only,1:38,sample_cpu4_freq,2300,MHz
threads_only,1:38,sample_cpu5_freq,2300,MHz
threads_only,1:38,sample_cpu6_freq,2300,MHz
threads_only,1:38,sample_cpu7_freq,2300,MHz
threads_only,1:39,sample_elapsed,6250,ms
threads_only,1:39,sample_power,4.212,W
threads_only,1:39,sample_process_cpu,489.820,% one core
threads_only,1:39,sample_free_ram,1.112,GiB
threads_only,1:39,sample_battery_temp,37.000,C
threads_only,1:39,sample_thermal_status,1,Android PowerManager status
threads_only,1:39,sample_cpu0_freq,1800,MHz
threads_only,1:39,sample_cpu1_freq,1800,MHz
threads_only,1:39,sample_cpu2_freq,1800,MHz
threads_only,1:39,sample_cpu3_freq,1800,MHz
threads_only,1:39,sample_cpu4_freq,2300,MHz
threads_only,1:39,sample_cpu5_freq,2300,MHz
threads_only,1:39,sample_cpu6_freq,2300,MHz
threads_only,1:39,sample_cpu7_freq,2300,MHz
threads_only,1:40,sample_elapsed,6416,ms
threads_only,1:40,sample_power,4.114,W
threads_only,1:40,sample_process_cpu,499.398,% one core
threads_only,1:40,sample_free_ram,1.112,GiB
threads_only,1:40,sample_battery_temp,37.000,C
threads_only,1:40,sample_thermal_status,1,Android PowerManager status
threads_only,1:40,sample_cpu0_freq,1800,MHz
threads_only,1:40,sample_cpu1_freq,1800,MHz
threads_only,1:40,sample_cpu2_freq,1800,MHz
threads_only,1:40,sample_cpu3_freq,1800,MHz
threads_only,1:40,sample_cpu4_freq,2300,MHz
threads_only,1:40,sample_cpu5_freq,2300,MHz
threads_only,1:40,sample_cpu6_freq,2300,MHz
threads_only,1:40,sample_cpu7_freq,2300,MHz
threads_only,1:41,sample_elapsed,6600,ms
threads_only,1:41,sample_power,4.114,W
threads_only,1:41,sample_process_cpu,500.543,% one core
threads_only,1:41,sample_free_ram,1.112,GiB
threads_only,1:41,sample_battery_temp,37.000,C
threads_only,1:41,sample_thermal_status,1,Android PowerManager status
threads_only,1:41,sample_cpu0_freq,1800,MHz
threads_only,1:41,sample_cpu1_freq,1800,MHz
threads_only,1:41,sample_cpu2_freq,1800,MHz
threads_only,1:41,sample_cpu3_freq,1800,MHz
threads_only,1:41,sample_cpu4_freq,2300,MHz
threads_only,1:41,sample_cpu5_freq,2300,MHz
threads_only,1:41,sample_cpu6_freq,2300,MHz
threads_only,1:41,sample_cpu7_freq,2300,MHz
threads_only,1:42,sample_elapsed,6780,ms
threads_only,1:42,sample_power,4.114,W
threads_only,1:42,sample_process_cpu,483.889,% one core
threads_only,1:42,sample_free_ram,1.111,GiB
threads_only,1:42,sample_battery_temp,37.000,C
threads_only,1:42,sample_thermal_status,1,Android PowerManager status
threads_only,1:42,sample_cpu0_freq,1800,MHz
threads_only,1:42,sample_cpu1_freq,1800,MHz
threads_only,1:42,sample_cpu2_freq,1800,MHz
threads_only,1:42,sample_cpu3_freq,1800,MHz
threads_only,1:42,sample_cpu4_freq,2300,MHz
threads_only,1:42,sample_cpu5_freq,2300,MHz
threads_only,1:42,sample_cpu6_freq,2300,MHz
threads_only,1:42,sample_cpu7_freq,2300,MHz
threads_only,1:43,sample_elapsed,6972,ms
threads_only,1:43,sample_power,4.259,W
threads_only,1:43,sample_process_cpu,514.583,% one core
threads_only,1:43,sample_free_ram,1.111,GiB
threads_only,1:43,sample_battery_temp,37.000,C
threads_only,1:43,sample_thermal_status,1,Android PowerManager status
threads_only,1:43,sample_cpu0_freq,1800,MHz
threads_only,1:43,sample_cpu1_freq,1800,MHz
threads_only,1:43,sample_cpu2_freq,1800,MHz
threads_only,1:43,sample_cpu3_freq,1800,MHz
threads_only,1:43,sample_cpu4_freq,2300,MHz
threads_only,1:43,sample_cpu5_freq,2300,MHz
threads_only,1:43,sample_cpu6_freq,2300,MHz
threads_only,1:43,sample_cpu7_freq,2300,MHz
threads_only,1:44,sample_elapsed,7153,ms
threads_only,1:44,sample_power,4.259,W
threads_only,1:44,sample_process_cpu,460.773,% one core
threads_only,1:44,sample_free_ram,1.111,GiB
threads_only,1:44,sample_battery_temp,37.000,C
threads_only,1:44,sample_thermal_status,1,Android PowerManager status
threads_only,1:44,sample_cpu0_freq,1800,MHz
threads_only,1:44,sample_cpu1_freq,1800,MHz
threads_only,1:44,sample_cpu2_freq,1800,MHz
threads_only,1:44,sample_cpu3_freq,1800,MHz
threads_only,1:44,sample_cpu4_freq,2300,MHz
threads_only,1:44,sample_cpu5_freq,2300,MHz
threads_only,1:44,sample_cpu6_freq,2300,MHz
threads_only,1:44,sample_cpu7_freq,2300,MHz
threads_only,1:45,sample_elapsed,7320,ms
threads_only,1:45,sample_power,4.259,W
threads_only,1:45,sample_process_cpu,504.192,% one core
threads_only,1:45,sample_free_ram,1.111,GiB
threads_only,1:45,sample_battery_temp,37.000,C
threads_only,1:45,sample_thermal_status,1,Android PowerManager status
threads_only,1:45,sample_cpu0_freq,1800,MHz
threads_only,1:45,sample_cpu1_freq,1800,MHz
threads_only,1:45,sample_cpu2_freq,1800,MHz
threads_only,1:45,sample_cpu3_freq,1800,MHz
threads_only,1:45,sample_cpu4_freq,2300,MHz
threads_only,1:45,sample_cpu5_freq,2300,MHz
threads_only,1:45,sample_cpu6_freq,2300,MHz
threads_only,1:45,sample_cpu7_freq,2300,MHz
threads_only,1:46,sample_elapsed,7489,ms
threads_only,1:46,sample_power,4.052,W
threads_only,1:46,sample_process_cpu,556.805,% one core
threads_only,1:46,sample_free_ram,1.111,GiB
threads_only,1:46,sample_battery_temp,37.000,C
threads_only,1:46,sample_thermal_status,1,Android PowerManager status
threads_only,1:46,sample_cpu0_freq,1800,MHz
threads_only,1:46,sample_cpu1_freq,1800,MHz
threads_only,1:46,sample_cpu2_freq,1800,MHz
threads_only,1:46,sample_cpu3_freq,1800,MHz
threads_only,1:46,sample_cpu4_freq,2300,MHz
threads_only,1:46,sample_cpu5_freq,2300,MHz
threads_only,1:46,sample_cpu6_freq,2300,MHz
threads_only,1:46,sample_cpu7_freq,2300,MHz
threads_only,1:47,sample_elapsed,7671,ms
threads_only,1:47,sample_power,4.052,W
threads_only,1:47,sample_process_cpu,440.110,% one core
threads_only,1:47,sample_free_ram,1.110,GiB
threads_only,1:47,sample_battery_temp,37.000,C
threads_only,1:47,sample_thermal_status,1,Android PowerManager status
threads_only,1:47,sample_cpu0_freq,1800,MHz
threads_only,1:47,sample_cpu1_freq,1800,MHz
threads_only,1:47,sample_cpu2_freq,1800,MHz
threads_only,1:47,sample_cpu3_freq,1800,MHz
threads_only,1:47,sample_cpu4_freq,2300,MHz
threads_only,1:47,sample_cpu5_freq,2300,MHz
threads_only,1:47,sample_cpu6_freq,2300,MHz
threads_only,1:47,sample_cpu7_freq,2300,MHz
threads_only,1:48,sample_elapsed,7852,ms
threads_only,1:48,sample_power,4.052,W
threads_only,1:48,sample_process_cpu,488.950,% one core
threads_only,1:48,sample_free_ram,1.110,GiB
threads_only,1:48,sample_battery_temp,37.000,C
threads_only,1:48,sample_thermal_status,1,Android PowerManager status
threads_only,1:48,sample_cpu0_freq,1800,MHz
threads_only,1:48,sample_cpu1_freq,1800,MHz
threads_only,1:48,sample_cpu2_freq,1800,MHz
threads_only,1:48,sample_cpu3_freq,1800,MHz
threads_only,1:48,sample_cpu4_freq,2300,MHz
threads_only,1:48,sample_cpu5_freq,2300,MHz
threads_only,1:48,sample_cpu6_freq,2300,MHz
threads_only,1:48,sample_cpu7_freq,2300,MHz
threads_only,1:49,sample_elapsed,8005,ms
threads_only,1:49,sample_power,4.166,W
threads_only,1:49,sample_process_cpu,483.660,% one core
threads_only,1:49,sample_free_ram,1.110,GiB
threads_only,1:49,sample_battery_temp,37.000,C
threads_only,1:49,sample_thermal_status,1,Android PowerManager status
threads_only,1:49,sample_cpu0_freq,1800,MHz
threads_only,1:49,sample_cpu1_freq,1800,MHz
threads_only,1:49,sample_cpu2_freq,1800,MHz
threads_only,1:49,sample_cpu3_freq,1800,MHz
threads_only,1:49,sample_cpu4_freq,2300,MHz
threads_only,1:49,sample_cpu5_freq,2300,MHz
threads_only,1:49,sample_cpu6_freq,2300,MHz
threads_only,1:49,sample_cpu7_freq,2300,MHz
threads_only,1:50,sample_elapsed,8174,ms
threads_only,1:50,sample_power,4.070,W
threads_only,1:50,sample_process_cpu,492.308,% one core
threads_only,1:50,sample_free_ram,1.110,GiB
threads_only,1:50,sample_battery_temp,37.000,C
threads_only,1:50,sample_thermal_status,1,Android PowerManager status
threads_only,1:50,sample_cpu0_freq,1800,MHz
threads_only,1:50,sample_cpu1_freq,1800,MHz
threads_only,1:50,sample_cpu2_freq,1800,MHz
threads_only,1:50,sample_cpu3_freq,1800,MHz
threads_only,1:50,sample_cpu4_freq,2300,MHz
threads_only,1:50,sample_cpu5_freq,2300,MHz
threads_only,1:50,sample_cpu6_freq,2300,MHz
threads_only,1:50,sample_cpu7_freq,2300,MHz
threads_only,1:51,sample_elapsed,8328,ms
threads_only,1:51,sample_power,4.085,W
threads_only,1:51,sample_process_cpu,474.026,% one core
threads_only,1:51,sample_free_ram,1.110,GiB
threads_only,1:51,sample_battery_temp,37.000,C
threads_only,1:51,sample_thermal_status,1,Android PowerManager status
threads_only,1:51,sample_cpu0_freq,1800,MHz
threads_only,1:51,sample_cpu1_freq,1800,MHz
threads_only,1:51,sample_cpu2_freq,1800,MHz
threads_only,1:51,sample_cpu3_freq,1800,MHz
threads_only,1:51,sample_cpu4_freq,2300,MHz
threads_only,1:51,sample_cpu5_freq,2300,MHz
threads_only,1:51,sample_cpu6_freq,2300,MHz
threads_only,1:51,sample_cpu7_freq,2300,MHz
threads_only,1:52,sample_elapsed,8482,ms
threads_only,1:52,sample_power,4.085,W
threads_only,1:52,sample_process_cpu,512.338,% one core
threads_only,1:52,sample_free_ram,1.109,GiB
threads_only,1:52,sample_battery_temp,37.000,C
threads_only,1:52,sample_thermal_status,1,Android PowerManager status
threads_only,1:52,sample_cpu0_freq,1800,MHz
threads_only,1:52,sample_cpu1_freq,1800,MHz
threads_only,1:52,sample_cpu2_freq,1800,MHz
threads_only,1:52,sample_cpu3_freq,1800,MHz
threads_only,1:52,sample_cpu4_freq,2300,MHz
threads_only,1:52,sample_cpu5_freq,2300,MHz
threads_only,1:52,sample_cpu6_freq,2300,MHz
threads_only,1:52,sample_cpu7_freq,2300,MHz
threads_only,1:53,sample_elapsed,8666,ms
threads_only,1:53,sample_power,4.085,W
threads_only,1:53,sample_process_cpu,467.391,% one core
threads_only,1:53,sample_free_ram,1.109,GiB
threads_only,1:53,sample_battery_temp,37.000,C
threads_only,1:53,sample_thermal_status,1,Android PowerManager status
threads_only,1:53,sample_cpu0_freq,1800,MHz
threads_only,1:53,sample_cpu1_freq,1800,MHz
threads_only,1:53,sample_cpu2_freq,1800,MHz
threads_only,1:53,sample_cpu3_freq,1800,MHz
threads_only,1:53,sample_cpu4_freq,2300,MHz
threads_only,1:53,sample_cpu5_freq,2300,MHz
threads_only,1:53,sample_cpu6_freq,2300,MHz
threads_only,1:53,sample_cpu7_freq,2300,MHz
threads_only,1:54,sample_elapsed,8828,ms
threads_only,1:54,sample_power,4.014,W
threads_only,1:54,sample_process_cpu,522.840,% one core
threads_only,1:54,sample_free_ram,1.109,GiB
threads_only,1:54,sample_battery_temp,37.000,C
threads_only,1:54,sample_thermal_status,1,Android PowerManager status
threads_only,1:54,sample_cpu0_freq,1800,MHz
threads_only,1:54,sample_cpu1_freq,1800,MHz
threads_only,1:54,sample_cpu2_freq,1800,MHz
threads_only,1:54,sample_cpu3_freq,1800,MHz
threads_only,1:54,sample_cpu4_freq,2300,MHz
threads_only,1:54,sample_cpu5_freq,2300,MHz
threads_only,1:54,sample_cpu6_freq,2300,MHz
threads_only,1:54,sample_cpu7_freq,2300,MHz
threads_only,1:55,sample_elapsed,9038,ms
threads_only,1:55,sample_power,4.014,W
threads_only,1:55,sample_process_cpu,486.190,% one core
threads_only,1:55,sample_free_ram,1.109,GiB
threads_only,1:55,sample_battery_temp,37.000,C
threads_only,1:55,sample_thermal_status,1,Android PowerManager status
threads_only,1:55,sample_cpu0_freq,1800,MHz
threads_only,1:55,sample_cpu1_freq,1800,MHz
threads_only,1:55,sample_cpu2_freq,1800,MHz
threads_only,1:55,sample_cpu3_freq,1800,MHz
threads_only,1:55,sample_cpu4_freq,2300,MHz
threads_only,1:55,sample_cpu5_freq,2300,MHz
threads_only,1:55,sample_cpu6_freq,2300,MHz
threads_only,1:55,sample_cpu7_freq,2300,MHz
threads_only,1:56,sample_elapsed,9213,ms
threads_only,1:56,sample_power,4.014,W
threads_only,1:56,sample_process_cpu,508.000,% one core
threads_only,1:56,sample_free_ram,1.108,GiB
threads_only,1:56,sample_battery_temp,37.000,C
threads_only,1:56,sample_thermal_status,1,Android PowerManager status
threads_only,1:56,sample_cpu0_freq,1800,MHz
threads_only,1:56,sample_cpu1_freq,1800,MHz
threads_only,1:56,sample_cpu2_freq,1800,MHz
threads_only,1:56,sample_cpu3_freq,1800,MHz
threads_only,1:56,sample_cpu4_freq,2300,MHz
threads_only,1:56,sample_cpu5_freq,2300,MHz
threads_only,1:56,sample_cpu6_freq,2300,MHz
threads_only,1:56,sample_cpu7_freq,2300,MHz
threads_only,1:57,sample_elapsed,9391,ms
threads_only,1:57,sample_power,4.123,W
threads_only,1:57,sample_process_cpu,524.157,% one core
threads_only,1:57,sample_free_ram,1.108,GiB
threads_only,1:57,sample_battery_temp,37.000,C
threads_only,1:57,sample_thermal_status,1,Android PowerManager status
threads_only,1:57,sample_cpu0_freq,1800,MHz
threads_only,1:57,sample_cpu1_freq,1800,MHz
threads_only,1:57,sample_cpu2_freq,1800,MHz
threads_only,1:57,sample_cpu3_freq,1800,MHz
threads_only,1:57,sample_cpu4_freq,2300,MHz
threads_only,1:57,sample_cpu5_freq,2300,MHz
threads_only,1:57,sample_cpu6_freq,2300,MHz
threads_only,1:57,sample_cpu7_freq,2300,MHz
threads_only,1:58,sample_elapsed,9563,ms
threads_only,1:58,sample_power,4.123,W
threads_only,1:58,sample_process_cpu,482.558,% one core
threads_only,1:58,sample_free_ram,1.108,GiB
threads_only,1:58,sample_battery_temp,37.000,C
threads_only,1:58,sample_thermal_status,1,Android PowerManager status
threads_only,1:58,sample_cpu0_freq,1800,MHz
threads_only,1:58,sample_cpu1_freq,1800,MHz
threads_only,1:58,sample_cpu2_freq,1800,MHz
threads_only,1:58,sample_cpu3_freq,1800,MHz
threads_only,1:58,sample_cpu4_freq,2300,MHz
threads_only,1:58,sample_cpu5_freq,2300,MHz
threads_only,1:58,sample_cpu6_freq,2300,MHz
threads_only,1:58,sample_cpu7_freq,2300,MHz
threads_only,1:59,sample_elapsed,9732,ms
threads_only,1:59,sample_power,4.123,W
threads_only,1:59,sample_process_cpu,505.325,% one core
threads_only,1:59,sample_free_ram,1.108,GiB
threads_only,1:59,sample_battery_temp,37.000,C
threads_only,1:59,sample_thermal_status,1,Android PowerManager status
threads_only,1:59,sample_cpu0_freq,1800,MHz
threads_only,1:59,sample_cpu1_freq,1800,MHz
threads_only,1:59,sample_cpu2_freq,1800,MHz
threads_only,1:59,sample_cpu3_freq,1800,MHz
threads_only,1:59,sample_cpu4_freq,2300,MHz
threads_only,1:59,sample_cpu5_freq,2300,MHz
threads_only,1:59,sample_cpu6_freq,2300,MHz
threads_only,1:59,sample_cpu7_freq,2300,MHz
threads_only,1:60,sample_elapsed,9910,ms
threads_only,1:60,sample_power,4.174,W
threads_only,1:60,sample_process_cpu,522.472,% one core
threads_only,1:60,sample_free_ram,1.108,GiB
threads_only,1:60,sample_battery_temp,37.000,C
threads_only,1:60,sample_thermal_status,1,Android PowerManager status
threads_only,1:60,sample_cpu0_freq,1800,MHz
threads_only,1:60,sample_cpu1_freq,1800,MHz
threads_only,1:60,sample_cpu2_freq,1800,MHz
threads_only,1:60,sample_cpu3_freq,1800,MHz
threads_only,1:60,sample_cpu4_freq,2300,MHz
threads_only,1:60,sample_cpu5_freq,2300,MHz
threads_only,1:60,sample_cpu6_freq,2300,MHz
threads_only,1:60,sample_cpu7_freq,2300,MHz
threads_only,1:61,sample_elapsed,10071,ms
threads_only,1:61,sample_power,4.174,W
threads_only,1:61,sample_process_cpu,472.671,% one core
threads_only,1:61,sample_free_ram,1.108,GiB
threads_only,1:61,sample_battery_temp,37.000,C
threads_only,1:61,sample_thermal_status,1,Android PowerManager status
threads_only,1:61,sample_cpu0_freq,1800,MHz
threads_only,1:61,sample_cpu1_freq,1800,MHz
threads_only,1:61,sample_cpu2_freq,1800,MHz
threads_only,1:61,sample_cpu3_freq,1800,MHz
threads_only,1:61,sample_cpu4_freq,2300,MHz
threads_only,1:61,sample_cpu5_freq,2300,MHz
threads_only,1:61,sample_cpu6_freq,2300,MHz
threads_only,1:61,sample_cpu7_freq,2300,MHz
threads_only,1:62,sample_elapsed,10236,ms
threads_only,1:62,sample_power,4.174,W
threads_only,1:62,sample_process_cpu,493.939,% one core
threads_only,1:62,sample_free_ram,1.107,GiB
threads_only,1:62,sample_battery_temp,37.000,C
threads_only,1:62,sample_thermal_status,1,Android PowerManager status
threads_only,1:62,sample_cpu0_freq,1800,MHz
threads_only,1:62,sample_cpu1_freq,1800,MHz
threads_only,1:62,sample_cpu2_freq,1800,MHz
threads_only,1:62,sample_cpu3_freq,1800,MHz
threads_only,1:62,sample_cpu4_freq,2300,MHz
threads_only,1:62,sample_cpu5_freq,2300,MHz
threads_only,1:62,sample_cpu6_freq,2300,MHz
threads_only,1:62,sample_cpu7_freq,2300,MHz
threads_only,1:63,sample_elapsed,10387,ms
threads_only,1:63,sample_power,4.174,W
threads_only,1:63,sample_process_cpu,497.351,% one core
threads_only,1:63,sample_free_ram,1.107,GiB
threads_only,1:63,sample_battery_temp,37.000,C
threads_only,1:63,sample_thermal_status,1,Android PowerManager status
threads_only,1:63,sample_cpu0_freq,1800,MHz
threads_only,1:63,sample_cpu1_freq,1800,MHz
threads_only,1:63,sample_cpu2_freq,1800,MHz
threads_only,1:63,sample_cpu3_freq,1800,MHz
threads_only,1:63,sample_cpu4_freq,2300,MHz
threads_only,1:63,sample_cpu5_freq,2300,MHz
threads_only,1:63,sample_cpu6_freq,2300,MHz
threads_only,1:63,sample_cpu7_freq,2300,MHz
threads_only,1:64,sample_elapsed,10552,ms
threads_only,1:64,sample_power,4.170,W
threads_only,1:64,sample_process_cpu,495.758,% one core
threads_only,1:64,sample_free_ram,1.107,GiB
threads_only,1:64,sample_battery_temp,37.000,C
threads_only,1:64,sample_thermal_status,1,Android PowerManager status
threads_only,1:64,sample_cpu0_freq,1800,MHz
threads_only,1:64,sample_cpu1_freq,1800,MHz
threads_only,1:64,sample_cpu2_freq,1800,MHz
threads_only,1:64,sample_cpu3_freq,1800,MHz
threads_only,1:64,sample_cpu4_freq,2300,MHz
threads_only,1:64,sample_cpu5_freq,2300,MHz
threads_only,1:64,sample_cpu6_freq,2300,MHz
threads_only,1:64,sample_cpu7_freq,2300,MHz
threads_only,1:65,sample_elapsed,10708,ms
threads_only,1:65,sample_power,4.170,W
threads_only,1:65,sample_process_cpu,504.487,% one core
threads_only,1:65,sample_free_ram,1.106,GiB
threads_only,1:65,sample_battery_temp,37.000,C
threads_only,1:65,sample_thermal_status,1,Android PowerManager status
threads_only,1:65,sample_cpu0_freq,1800,MHz
threads_only,1:65,sample_cpu1_freq,1800,MHz
threads_only,1:65,sample_cpu2_freq,1800,MHz
threads_only,1:65,sample_cpu3_freq,1800,MHz
threads_only,1:65,sample_cpu4_freq,2300,MHz
threads_only,1:65,sample_cpu5_freq,2300,MHz
threads_only,1:65,sample_cpu6_freq,2300,MHz
threads_only,1:65,sample_cpu7_freq,2300,MHz
threads_only,1:66,sample_elapsed,10921,ms
threads_only,1:66,sample_power,4.170,W
threads_only,1:66,sample_process_cpu,495.775,% one core
threads_only,1:66,sample_free_ram,1.106,GiB
threads_only,1:66,sample_battery_temp,37.000,C
threads_only,1:66,sample_thermal_status,1,Android PowerManager status
threads_only,1:66,sample_cpu0_freq,1800,MHz
threads_only,1:66,sample_cpu1_freq,1800,MHz
threads_only,1:66,sample_cpu2_freq,1800,MHz
threads_only,1:66,sample_cpu3_freq,1800,MHz
threads_only,1:66,sample_cpu4_freq,2300,MHz
threads_only,1:66,sample_cpu5_freq,2300,MHz
threads_only,1:66,sample_cpu6_freq,2300,MHz
threads_only,1:66,sample_cpu7_freq,2300,MHz
threads_only,1:67,sample_elapsed,11097,ms
threads_only,1:67,sample_power,4.166,W
threads_only,1:67,sample_process_cpu,509.091,% one core
threads_only,1:67,sample_free_ram,1.106,GiB
threads_only,1:67,sample_battery_temp,37.000,C
threads_only,1:67,sample_thermal_status,1,Android PowerManager status
threads_only,1:67,sample_cpu0_freq,1800,MHz
threads_only,1:67,sample_cpu1_freq,1800,MHz
threads_only,1:67,sample_cpu2_freq,1800,MHz
threads_only,1:67,sample_cpu3_freq,1800,MHz
threads_only,1:67,sample_cpu4_freq,2300,MHz
threads_only,1:67,sample_cpu5_freq,2300,MHz
threads_only,1:67,sample_cpu6_freq,2300,MHz
threads_only,1:67,sample_cpu7_freq,2300,MHz
threads_only,1:68,sample_elapsed,11282,ms
threads_only,1:68,sample_power,4.166,W
threads_only,1:68,sample_process_cpu,478.919,% one core
threads_only,1:68,sample_free_ram,1.105,GiB
threads_only,1:68,sample_battery_temp,37.000,C
threads_only,1:68,sample_thermal_status,1,Android PowerManager status
threads_only,1:68,sample_cpu0_freq,1800,MHz
threads_only,1:68,sample_cpu1_freq,1800,MHz
threads_only,1:68,sample_cpu2_freq,1800,MHz
threads_only,1:68,sample_cpu3_freq,1800,MHz
threads_only,1:68,sample_cpu4_freq,2300,MHz
threads_only,1:68,sample_cpu5_freq,2300,MHz
threads_only,1:68,sample_cpu6_freq,2300,MHz
threads_only,1:68,sample_cpu7_freq,2300,MHz
threads_only,1:69,sample_elapsed,11450,ms
threads_only,1:69,sample_power,4.166,W
threads_only,1:69,sample_process_cpu,486.310,% one core
threads_only,1:69,sample_free_ram,1.105,GiB
threads_only,1:69,sample_battery_temp,37.000,C
threads_only,1:69,sample_thermal_status,1,Android PowerManager status
threads_only,1:69,sample_cpu0_freq,1800,MHz
threads_only,1:69,sample_cpu1_freq,1600,MHz
threads_only,1:69,sample_cpu2_freq,1800,MHz
threads_only,1:69,sample_cpu3_freq,1800,MHz
threads_only,1:69,sample_cpu4_freq,2300,MHz
threads_only,1:69,sample_cpu5_freq,2300,MHz
threads_only,1:69,sample_cpu6_freq,2300,MHz
threads_only,1:69,sample_cpu7_freq,2300,MHz
threads_only,1:70,sample_elapsed,11620,ms
threads_only,1:70,sample_power,4.333,W
threads_only,1:70,sample_process_cpu,498.824,% one core
threads_only,1:70,sample_free_ram,1.105,GiB
threads_only,1:70,sample_battery_temp,37.000,C
threads_only,1:70,sample_thermal_status,1,Android PowerManager status
threads_only,1:70,sample_cpu0_freq,1800,MHz
threads_only,1:70,sample_cpu1_freq,1800,MHz
threads_only,1:70,sample_cpu2_freq,1800,MHz
threads_only,1:70,sample_cpu3_freq,1800,MHz
threads_only,1:70,sample_cpu4_freq,2300,MHz
threads_only,1:70,sample_cpu5_freq,2300,MHz
threads_only,1:70,sample_cpu6_freq,2300,MHz
threads_only,1:70,sample_cpu7_freq,2300,MHz
threads_only,1:71,sample_elapsed,11803,ms
threads_only,1:71,sample_power,4.333,W
threads_only,1:71,sample_process_cpu,479.235,% one core
threads_only,1:71,sample_free_ram,1.105,GiB
threads_only,1:71,sample_battery_temp,37.000,C
threads_only,1:71,sample_thermal_status,1,Android PowerManager status
threads_only,1:71,sample_cpu0_freq,1800,MHz
threads_only,1:71,sample_cpu1_freq,1800,MHz
threads_only,1:71,sample_cpu2_freq,1800,MHz
threads_only,1:71,sample_cpu3_freq,1800,MHz
threads_only,1:71,sample_cpu4_freq,2300,MHz
threads_only,1:71,sample_cpu5_freq,2300,MHz
threads_only,1:71,sample_cpu6_freq,2300,MHz
threads_only,1:71,sample_cpu7_freq,2300,MHz
threads_only,1:72,sample_elapsed,11978,ms
threads_only,1:72,sample_power,4.333,W
threads_only,1:72,sample_process_cpu,477.714,% one core
threads_only,1:72,sample_free_ram,1.104,GiB
threads_only,1:72,sample_battery_temp,37.000,C
threads_only,1:72,sample_thermal_status,1,Android PowerManager status
threads_only,1:72,sample_cpu0_freq,1800,MHz
threads_only,1:72,sample_cpu1_freq,1800,MHz
threads_only,1:72,sample_cpu2_freq,1800,MHz
threads_only,1:72,sample_cpu3_freq,1800,MHz
threads_only,1:72,sample_cpu4_freq,2300,MHz
threads_only,1:72,sample_cpu5_freq,2300,MHz
threads_only,1:72,sample_cpu6_freq,2300,MHz
threads_only,1:72,sample_cpu7_freq,2300,MHz
threads_only,1:73,sample_elapsed,12156,ms
threads_only,1:73,sample_power,4.184,W
threads_only,1:73,sample_process_cpu,485.393,% one core
threads_only,1:73,sample_free_ram,1.107,GiB
threads_only,1:73,sample_battery_temp,37.000,C
threads_only,1:73,sample_thermal_status,1,Android PowerManager status
threads_only,1:73,sample_cpu0_freq,1800,MHz
threads_only,1:73,sample_cpu1_freq,1800,MHz
threads_only,1:73,sample_cpu2_freq,1800,MHz
threads_only,1:73,sample_cpu3_freq,1800,MHz
threads_only,1:73,sample_cpu4_freq,2300,MHz
threads_only,1:73,sample_cpu5_freq,2300,MHz
threads_only,1:73,sample_cpu6_freq,2300,MHz
threads_only,1:73,sample_cpu7_freq,2300,MHz
threads_only,2,pp,136.000,tok/s
threads_only,2,tg,16.500,tok/s
threads_only,2,power,4.246,W
threads_only,2,tok_per_w,3.886,tok/W
threads_only,2,ttft_pp512_derived,3825.312,ms
threads_only,2,start_temp,38.000,C
threads_only,2,average_process_cpu,488.627,% one core
threads_only,2,minimum_free_ram,1.090,GiB
threads_only,2,peak_battery_temp,38.000,C
threads_only,2,peak_thermal_status,1,Android PowerManager status
threads_only,2:1,sample_elapsed,1,ms
threads_only,2:1,sample_power,1.043,W
threads_only,2:1,sample_process_cpu,1400.000,% one core
threads_only,2:1,sample_free_ram,1.202,GiB
threads_only,2:1,sample_battery_temp,38.000,C
threads_only,2:1,sample_thermal_status,1,Android PowerManager status
threads_only,2:1,sample_cpu0_freq,1000,MHz
threads_only,2:1,sample_cpu1_freq,1000,MHz
threads_only,2:1,sample_cpu2_freq,1000,MHz
threads_only,2:1,sample_cpu3_freq,1300,MHz
threads_only,2:1,sample_cpu4_freq,600,MHz
threads_only,2:1,sample_cpu5_freq,400,MHz
threads_only,2:1,sample_cpu6_freq,400,MHz
threads_only,2:1,sample_cpu7_freq,400,MHz
threads_only,2:2,sample_elapsed,161,ms
threads_only,2:2,sample_power,1.043,W
threads_only,2:2,sample_process_cpu,379.375,% one core
threads_only,2:2,sample_free_ram,1.145,GiB
threads_only,2:2,sample_battery_temp,38.000,C
threads_only,2:2,sample_thermal_status,1,Android PowerManager status
threads_only,2:2,sample_cpu0_freq,1900,MHz
threads_only,2:2,sample_cpu1_freq,1900,MHz
threads_only,2:2,sample_cpu2_freq,1900,MHz
threads_only,2:2,sample_cpu3_freq,1900,MHz
threads_only,2:2,sample_cpu4_freq,2500,MHz
threads_only,2:2,sample_cpu5_freq,2500,MHz
threads_only,2:2,sample_cpu6_freq,2500,MHz
threads_only,2:2,sample_cpu7_freq,2500,MHz
threads_only,2:3,sample_elapsed,317,ms
threads_only,2:3,sample_power,1.043,W
threads_only,2:3,sample_process_cpu,493.590,% one core
threads_only,2:3,sample_free_ram,1.105,GiB
threads_only,2:3,sample_battery_temp,38.000,C
threads_only,2:3,sample_thermal_status,1,Android PowerManager status
threads_only,2:3,sample_cpu0_freq,1300,MHz
threads_only,2:3,sample_cpu1_freq,1300,MHz
threads_only,2:3,sample_cpu2_freq,1300,MHz
threads_only,2:3,sample_cpu3_freq,1600,MHz
threads_only,2:3,sample_cpu4_freq,2500,MHz
threads_only,2:3,sample_cpu5_freq,2500,MHz
threads_only,2:3,sample_cpu6_freq,2500,MHz
threads_only,2:3,sample_cpu7_freq,2500,MHz
threads_only,2:4,sample_elapsed,473,ms
threads_only,2:4,sample_power,1.043,W
threads_only,2:4,sample_process_cpu,462.821,% one core
threads_only,2:4,sample_free_ram,1.106,GiB
threads_only,2:4,sample_battery_temp,38.000,C
threads_only,2:4,sample_thermal_status,1,Android PowerManager status
threads_only,2:4,sample_cpu0_freq,1700,MHz
threads_only,2:4,sample_cpu1_freq,1300,MHz
threads_only,2:4,sample_cpu2_freq,1300,MHz
threads_only,2:4,sample_cpu3_freq,1200,MHz
threads_only,2:4,sample_cpu4_freq,2500,MHz
threads_only,2:4,sample_cpu5_freq,2500,MHz
threads_only,2:4,sample_cpu6_freq,2500,MHz
threads_only,2:4,sample_cpu7_freq,2500,MHz
threads_only,2:5,sample_elapsed,630,ms
threads_only,2:5,sample_power,4.472,W
threads_only,2:5,sample_process_cpu,465.605,% one core
threads_only,2:5,sample_free_ram,1.106,GiB
threads_only,2:5,sample_battery_temp,38.000,C
threads_only,2:5,sample_thermal_status,1,Android PowerManager status
threads_only,2:5,sample_cpu0_freq,1900,MHz
threads_only,2:5,sample_cpu1_freq,1900,MHz
threads_only,2:5,sample_cpu2_freq,1900,MHz
threads_only,2:5,sample_cpu3_freq,1200,MHz
threads_only,2:5,sample_cpu4_freq,2500,MHz
threads_only,2:5,sample_cpu5_freq,2500,MHz
threads_only,2:5,sample_cpu6_freq,2500,MHz
threads_only,2:5,sample_cpu7_freq,2500,MHz
threads_only,2:6,sample_elapsed,787,ms
threads_only,2:6,sample_power,4.472,W
threads_only,2:6,sample_process_cpu,456.688,% one core
threads_only,2:6,sample_free_ram,1.106,GiB
threads_only,2:6,sample_battery_temp,38.000,C
threads_only,2:6,sample_thermal_status,1,Android PowerManager status
threads_only,2:6,sample_cpu0_freq,1400,MHz
threads_only,2:6,sample_cpu1_freq,1400,MHz
threads_only,2:6,sample_cpu2_freq,1400,MHz
threads_only,2:6,sample_cpu3_freq,1600,MHz
threads_only,2:6,sample_cpu4_freq,2500,MHz
threads_only,2:6,sample_cpu5_freq,2500,MHz
threads_only,2:6,sample_cpu6_freq,2500,MHz
threads_only,2:6,sample_cpu7_freq,2500,MHz
threads_only,2:7,sample_elapsed,940,ms
threads_only,2:7,sample_power,4.472,W
threads_only,2:7,sample_process_cpu,472.549,% one core
threads_only,2:7,sample_free_ram,1.106,GiB
threads_only,2:7,sample_battery_temp,38.000,C
threads_only,2:7,sample_thermal_status,1,Android PowerManager status
threads_only,2:7,sample_cpu0_freq,1900,MHz
threads_only,2:7,sample_cpu1_freq,1900,MHz
threads_only,2:7,sample_cpu2_freq,1900,MHz
threads_only,2:7,sample_cpu3_freq,1900,MHz
threads_only,2:7,sample_cpu4_freq,2500,MHz
threads_only,2:7,sample_cpu5_freq,2500,MHz
threads_only,2:7,sample_cpu6_freq,2500,MHz
threads_only,2:7,sample_cpu7_freq,2500,MHz
threads_only,2:8,sample_elapsed,1097,ms
threads_only,2:8,sample_power,4.472,W
threads_only,2:8,sample_process_cpu,461.146,% one core
threads_only,2:8,sample_free_ram,1.106,GiB
threads_only,2:8,sample_battery_temp,38.000,C
threads_only,2:8,sample_thermal_status,1,Android PowerManager status
threads_only,2:8,sample_cpu0_freq,1900,MHz
threads_only,2:8,sample_cpu1_freq,1900,MHz
threads_only,2:8,sample_cpu2_freq,1900,MHz
threads_only,2:8,sample_cpu3_freq,1900,MHz
threads_only,2:8,sample_cpu4_freq,2500,MHz
threads_only,2:8,sample_cpu5_freq,2500,MHz
threads_only,2:8,sample_cpu6_freq,2500,MHz
threads_only,2:8,sample_cpu7_freq,2500,MHz
threads_only,2:9,sample_elapsed,1254,ms
threads_only,2:9,sample_power,4.551,W
threads_only,2:9,sample_process_cpu,473.885,% one core
threads_only,2:9,sample_free_ram,1.106,GiB
threads_only,2:9,sample_battery_temp,38.000,C
threads_only,2:9,sample_thermal_status,1,Android PowerManager status
threads_only,2:9,sample_cpu0_freq,1900,MHz
threads_only,2:9,sample_cpu1_freq,900,MHz
threads_only,2:9,sample_cpu2_freq,900,MHz
threads_only,2:9,sample_cpu3_freq,900,MHz
threads_only,2:9,sample_cpu4_freq,2500,MHz
threads_only,2:9,sample_cpu5_freq,2500,MHz
threads_only,2:9,sample_cpu6_freq,2500,MHz
threads_only,2:9,sample_cpu7_freq,2500,MHz
threads_only,2:10,sample_elapsed,1416,ms
threads_only,2:10,sample_power,4.551,W
threads_only,2:10,sample_process_cpu,458.025,% one core
threads_only,2:10,sample_free_ram,1.106,GiB
threads_only,2:10,sample_battery_temp,38.000,C
threads_only,2:10,sample_thermal_status,1,Android PowerManager status
threads_only,2:10,sample_cpu0_freq,1300,MHz
threads_only,2:10,sample_cpu1_freq,1300,MHz
threads_only,2:10,sample_cpu2_freq,1500,MHz
threads_only,2:10,sample_cpu3_freq,700,MHz
threads_only,2:10,sample_cpu4_freq,2500,MHz
threads_only,2:10,sample_cpu5_freq,2500,MHz
threads_only,2:10,sample_cpu6_freq,2500,MHz
threads_only,2:10,sample_cpu7_freq,2500,MHz
threads_only,2:11,sample_elapsed,1575,ms
threads_only,2:11,sample_power,4.551,W
threads_only,2:11,sample_process_cpu,457.233,% one core
threads_only,2:11,sample_free_ram,1.106,GiB
threads_only,2:11,sample_battery_temp,38.000,C
threads_only,2:11,sample_thermal_status,1,Android PowerManager status
threads_only,2:11,sample_cpu0_freq,1300,MHz
threads_only,2:11,sample_cpu1_freq,1300,MHz
threads_only,2:11,sample_cpu2_freq,1300,MHz
threads_only,2:11,sample_cpu3_freq,1300,MHz
threads_only,2:11,sample_cpu4_freq,2500,MHz
threads_only,2:11,sample_cpu5_freq,2500,MHz
threads_only,2:11,sample_cpu6_freq,2500,MHz
threads_only,2:11,sample_cpu7_freq,2500,MHz
threads_only,2:12,sample_elapsed,1735,ms
threads_only,2:12,sample_power,4.551,W
threads_only,2:12,sample_process_cpu,464.375,% one core
threads_only,2:12,sample_free_ram,1.106,GiB
threads_only,2:12,sample_battery_temp,38.000,C
threads_only,2:12,sample_thermal_status,1,Android PowerManager status
threads_only,2:12,sample_cpu0_freq,1600,MHz
threads_only,2:12,sample_cpu1_freq,1600,MHz
threads_only,2:12,sample_cpu2_freq,1800,MHz
threads_only,2:12,sample_cpu3_freq,700,MHz
threads_only,2:12,sample_cpu4_freq,2500,MHz
threads_only,2:12,sample_cpu5_freq,2500,MHz
threads_only,2:12,sample_cpu6_freq,2500,MHz
threads_only,2:12,sample_cpu7_freq,2500,MHz
threads_only,2:13,sample_elapsed,1892,ms
threads_only,2:13,sample_power,4.255,W
threads_only,2:13,sample_process_cpu,470.064,% one core
threads_only,2:13,sample_free_ram,1.105,GiB
threads_only,2:13,sample_battery_temp,38.000,C
threads_only,2:13,sample_thermal_status,1,Android PowerManager status
threads_only,2:13,sample_cpu0_freq,1900,MHz
threads_only,2:13,sample_cpu1_freq,1900,MHz
threads_only,2:13,sample_cpu2_freq,1000,MHz
threads_only,2:13,sample_cpu3_freq,1000,MHz
threads_only,2:13,sample_cpu4_freq,2500,MHz
threads_only,2:13,sample_cpu5_freq,2500,MHz
threads_only,2:13,sample_cpu6_freq,2500,MHz
threads_only,2:13,sample_cpu7_freq,2500,MHz
threads_only,2:14,sample_elapsed,2051,ms
threads_only,2:14,sample_power,4.255,W
threads_only,2:14,sample_process_cpu,458.491,% one core
threads_only,2:14,sample_free_ram,1.105,GiB
threads_only,2:14,sample_battery_temp,38.000,C
threads_only,2:14,sample_thermal_status,1,Android PowerManager status
threads_only,2:14,sample_cpu0_freq,1900,MHz
threads_only,2:14,sample_cpu1_freq,1900,MHz
threads_only,2:14,sample_cpu2_freq,1900,MHz
threads_only,2:14,sample_cpu3_freq,1900,MHz
threads_only,2:14,sample_cpu4_freq,2500,MHz
threads_only,2:14,sample_cpu5_freq,2500,MHz
threads_only,2:14,sample_cpu6_freq,2500,MHz
threads_only,2:14,sample_cpu7_freq,2500,MHz
threads_only,2:15,sample_elapsed,2206,ms
threads_only,2:15,sample_power,4.255,W
threads_only,2:15,sample_process_cpu,474.839,% one core
threads_only,2:15,sample_free_ram,1.105,GiB
threads_only,2:15,sample_battery_temp,38.000,C
threads_only,2:15,sample_thermal_status,1,Android PowerManager status
threads_only,2:15,sample_cpu0_freq,900,MHz
threads_only,2:15,sample_cpu1_freq,900,MHz
threads_only,2:15,sample_cpu2_freq,900,MHz
threads_only,2:15,sample_cpu3_freq,900,MHz
threads_only,2:15,sample_cpu4_freq,2500,MHz
threads_only,2:15,sample_cpu5_freq,2500,MHz
threads_only,2:15,sample_cpu6_freq,2500,MHz
threads_only,2:15,sample_cpu7_freq,2500,MHz
threads_only,2:16,sample_elapsed,2366,ms
threads_only,2:16,sample_power,4.255,W
threads_only,2:16,sample_process_cpu,460.000,% one core
threads_only,2:16,sample_free_ram,1.105,GiB
threads_only,2:16,sample_battery_temp,38.000,C
threads_only,2:16,sample_thermal_status,1,Android PowerManager status
threads_only,2:16,sample_cpu0_freq,1000,MHz
threads_only,2:16,sample_cpu1_freq,1000,MHz
threads_only,2:16,sample_cpu2_freq,1000,MHz
threads_only,2:16,sample_cpu3_freq,1300,MHz
threads_only,2:16,sample_cpu4_freq,2500,MHz
threads_only,2:16,sample_cpu5_freq,2500,MHz
threads_only,2:16,sample_cpu6_freq,2500,MHz
threads_only,2:16,sample_cpu7_freq,2500,MHz
threads_only,2:17,sample_elapsed,2525,ms
threads_only,2:17,sample_power,4.255,W
threads_only,2:17,sample_process_cpu,466.038,% one core
threads_only,2:17,sample_free_ram,1.105,GiB
threads_only,2:17,sample_battery_temp,38.000,C
threads_only,2:17,sample_thermal_status,1,Android PowerManager status
threads_only,2:17,sample_cpu0_freq,1200,MHz
threads_only,2:17,sample_cpu1_freq,1900,MHz
threads_only,2:17,sample_cpu2_freq,1900,MHz
threads_only,2:17,sample_cpu3_freq,1900,MHz
threads_only,2:17,sample_cpu4_freq,2500,MHz
threads_only,2:17,sample_cpu5_freq,2500,MHz
threads_only,2:17,sample_cpu6_freq,2500,MHz
threads_only,2:17,sample_cpu7_freq,2500,MHz
threads_only,2:18,sample_elapsed,2687,ms
threads_only,2:18,sample_power,4.255,W
threads_only,2:18,sample_process_cpu,459.877,% one core
threads_only,2:18,sample_free_ram,1.105,GiB
threads_only,2:18,sample_battery_temp,38.000,C
threads_only,2:18,sample_thermal_status,1,Android PowerManager status
threads_only,2:18,sample_cpu0_freq,1100,MHz
threads_only,2:18,sample_cpu1_freq,1900,MHz
threads_only,2:18,sample_cpu2_freq,1900,MHz
threads_only,2:18,sample_cpu3_freq,1900,MHz
threads_only,2:18,sample_cpu4_freq,2500,MHz
threads_only,2:18,sample_cpu5_freq,2500,MHz
threads_only,2:18,sample_cpu6_freq,2500,MHz
threads_only,2:18,sample_cpu7_freq,2500,MHz
threads_only,2:19,sample_elapsed,2846,ms
threads_only,2:19,sample_power,4.255,W
threads_only,2:19,sample_process_cpu,463.522,% one core
threads_only,2:19,sample_free_ram,1.104,GiB
threads_only,2:19,sample_battery_temp,38.000,C
threads_only,2:19,sample_thermal_status,1,Android PowerManager status
threads_only,2:19,sample_cpu0_freq,1900,MHz
threads_only,2:19,sample_cpu1_freq,1900,MHz
threads_only,2:19,sample_cpu2_freq,1900,MHz
threads_only,2:19,sample_cpu3_freq,1900,MHz
threads_only,2:19,sample_cpu4_freq,2500,MHz
threads_only,2:19,sample_cpu5_freq,2500,MHz
threads_only,2:19,sample_cpu6_freq,2500,MHz
threads_only,2:19,sample_cpu7_freq,2500,MHz
threads_only,2:20,sample_elapsed,3001,ms
threads_only,2:20,sample_power,4.255,W
threads_only,2:20,sample_process_cpu,467.097,% one core
threads_only,2:20,sample_free_ram,1.104,GiB
threads_only,2:20,sample_battery_temp,38.000,C
threads_only,2:20,sample_thermal_status,1,Android PowerManager status
threads_only,2:20,sample_cpu0_freq,1100,MHz
threads_only,2:20,sample_cpu1_freq,1200,MHz
threads_only,2:20,sample_cpu2_freq,1200,MHz
threads_only,2:20,sample_cpu3_freq,1200,MHz
threads_only,2:20,sample_cpu4_freq,2500,MHz
threads_only,2:20,sample_cpu5_freq,2500,MHz
threads_only,2:20,sample_cpu6_freq,2500,MHz
threads_only,2:20,sample_cpu7_freq,2500,MHz
threads_only,2:21,sample_elapsed,3156,ms
threads_only,2:21,sample_power,4.353,W
threads_only,2:21,sample_process_cpu,462.581,% one core
threads_only,2:21,sample_free_ram,1.104,GiB
threads_only,2:21,sample_battery_temp,38.000,C
threads_only,2:21,sample_thermal_status,1,Android PowerManager status
threads_only,2:21,sample_cpu0_freq,1000,MHz
threads_only,2:21,sample_cpu1_freq,1000,MHz
threads_only,2:21,sample_cpu2_freq,700,MHz
threads_only,2:21,sample_cpu3_freq,1000,MHz
threads_only,2:21,sample_cpu4_freq,2500,MHz
threads_only,2:21,sample_cpu5_freq,2500,MHz
threads_only,2:21,sample_cpu6_freq,2500,MHz
threads_only,2:21,sample_cpu7_freq,2500,MHz
threads_only,2:22,sample_elapsed,3315,ms
threads_only,2:22,sample_power,4.353,W
threads_only,2:22,sample_process_cpu,459.119,% one core
threads_only,2:22,sample_free_ram,1.104,GiB
threads_only,2:22,sample_battery_temp,38.000,C
threads_only,2:22,sample_thermal_status,1,Android PowerManager status
threads_only,2:22,sample_cpu0_freq,1900,MHz
threads_only,2:22,sample_cpu1_freq,1900,MHz
threads_only,2:22,sample_cpu2_freq,1900,MHz
threads_only,2:22,sample_cpu3_freq,1900,MHz
threads_only,2:22,sample_cpu4_freq,2500,MHz
threads_only,2:22,sample_cpu5_freq,2500,MHz
threads_only,2:22,sample_cpu6_freq,2500,MHz
threads_only,2:22,sample_cpu7_freq,2500,MHz
threads_only,2:23,sample_elapsed,3471,ms
threads_only,2:23,sample_power,4.353,W
threads_only,2:23,sample_process_cpu,469.872,% one core
threads_only,2:23,sample_free_ram,1.104,GiB
threads_only,2:23,sample_battery_temp,38.000,C
threads_only,2:23,sample_thermal_status,1,Android PowerManager status
threads_only,2:23,sample_cpu0_freq,1400,MHz
threads_only,2:23,sample_cpu1_freq,1900,MHz
threads_only,2:23,sample_cpu2_freq,1900,MHz
threads_only,2:23,sample_cpu3_freq,1900,MHz
threads_only,2:23,sample_cpu4_freq,2500,MHz
threads_only,2:23,sample_cpu5_freq,2500,MHz
threads_only,2:23,sample_cpu6_freq,2500,MHz
threads_only,2:23,sample_cpu7_freq,2500,MHz
threads_only,2:24,sample_elapsed,3632,ms
threads_only,2:24,sample_power,4.353,W
threads_only,2:24,sample_process_cpu,464.596,% one core
threads_only,2:24,sample_free_ram,1.104,GiB
threads_only,2:24,sample_battery_temp,38.000,C
threads_only,2:24,sample_thermal_status,1,Android PowerManager status
threads_only,2:24,sample_cpu0_freq,1000,MHz
threads_only,2:24,sample_cpu1_freq,1000,MHz
threads_only,2:24,sample_cpu2_freq,1000,MHz
threads_only,2:24,sample_cpu3_freq,1000,MHz
threads_only,2:24,sample_cpu4_freq,2500,MHz
threads_only,2:24,sample_cpu5_freq,2500,MHz
threads_only,2:24,sample_cpu6_freq,2500,MHz
threads_only,2:24,sample_cpu7_freq,2500,MHz
threads_only,2:25,sample_elapsed,3798,ms
threads_only,2:25,sample_power,4.544,W
threads_only,2:25,sample_process_cpu,542.169,% one core
threads_only,2:25,sample_free_ram,1.103,GiB
threads_only,2:25,sample_battery_temp,38.000,C
threads_only,2:25,sample_thermal_status,1,Android PowerManager status
threads_only,2:25,sample_cpu0_freq,1900,MHz
threads_only,2:25,sample_cpu1_freq,1900,MHz
threads_only,2:25,sample_cpu2_freq,1900,MHz
threads_only,2:25,sample_cpu3_freq,1900,MHz
threads_only,2:25,sample_cpu4_freq,2500,MHz
threads_only,2:25,sample_cpu5_freq,2500,MHz
threads_only,2:25,sample_cpu6_freq,2500,MHz
threads_only,2:25,sample_cpu7_freq,2500,MHz
threads_only,2:26,sample_elapsed,4005,ms
threads_only,2:26,sample_power,4.544,W
threads_only,2:26,sample_process_cpu,463.768,% one core
threads_only,2:26,sample_free_ram,1.103,GiB
threads_only,2:26,sample_battery_temp,38.000,C
threads_only,2:26,sample_thermal_status,1,Android PowerManager status
threads_only,2:26,sample_cpu0_freq,1900,MHz
threads_only,2:26,sample_cpu1_freq,1900,MHz
threads_only,2:26,sample_cpu2_freq,1900,MHz
threads_only,2:26,sample_cpu3_freq,1900,MHz
threads_only,2:26,sample_cpu4_freq,2500,MHz
threads_only,2:26,sample_cpu5_freq,2500,MHz
threads_only,2:26,sample_cpu6_freq,2500,MHz
threads_only,2:26,sample_cpu7_freq,2500,MHz
threads_only,2:27,sample_elapsed,4181,ms
threads_only,2:27,sample_power,4.544,W
threads_only,2:27,sample_process_cpu,501.136,% one core
threads_only,2:27,sample_free_ram,1.102,GiB
threads_only,2:27,sample_battery_temp,38.000,C
threads_only,2:27,sample_thermal_status,1,Android PowerManager status
threads_only,2:27,sample_cpu0_freq,1900,MHz
threads_only,2:27,sample_cpu1_freq,1900,MHz
threads_only,2:27,sample_cpu2_freq,1900,MHz
threads_only,2:27,sample_cpu3_freq,1900,MHz
threads_only,2:27,sample_cpu4_freq,2500,MHz
threads_only,2:27,sample_cpu5_freq,2500,MHz
threads_only,2:27,sample_cpu6_freq,2500,MHz
threads_only,2:27,sample_cpu7_freq,2500,MHz
threads_only,2:28,sample_elapsed,4360,ms
threads_only,2:28,sample_power,4.378,W
threads_only,2:28,sample_process_cpu,517.318,% one core
threads_only,2:28,sample_free_ram,1.102,GiB
threads_only,2:28,sample_battery_temp,38.000,C
threads_only,2:28,sample_thermal_status,1,Android PowerManager status
threads_only,2:28,sample_cpu0_freq,1900,MHz
threads_only,2:28,sample_cpu1_freq,1900,MHz
threads_only,2:28,sample_cpu2_freq,1900,MHz
threads_only,2:28,sample_cpu3_freq,1900,MHz
threads_only,2:28,sample_cpu4_freq,2500,MHz
threads_only,2:28,sample_cpu5_freq,2500,MHz
threads_only,2:28,sample_cpu6_freq,2500,MHz
threads_only,2:28,sample_cpu7_freq,2500,MHz
threads_only,2:29,sample_elapsed,4557,ms
threads_only,2:29,sample_power,4.378,W
threads_only,2:29,sample_process_cpu,491.878,% one core
threads_only,2:29,sample_free_ram,1.102,GiB
threads_only,2:29,sample_battery_temp,38.000,C
threads_only,2:29,sample_thermal_status,1,Android PowerManager status
threads_only,2:29,sample_cpu0_freq,1900,MHz
threads_only,2:29,sample_cpu1_freq,1900,MHz
threads_only,2:29,sample_cpu2_freq,1900,MHz
threads_only,2:29,sample_cpu3_freq,1900,MHz
threads_only,2:29,sample_cpu4_freq,2500,MHz
threads_only,2:29,sample_cpu5_freq,2500,MHz
threads_only,2:29,sample_cpu6_freq,2500,MHz
threads_only,2:29,sample_cpu7_freq,2500,MHz
threads_only,2:30,sample_elapsed,4730,ms
threads_only,2:30,sample_power,4.378,W
threads_only,2:30,sample_process_cpu,483.815,% one core
threads_only,2:30,sample_free_ram,1.102,GiB
threads_only,2:30,sample_battery_temp,38.000,C
threads_only,2:30,sample_thermal_status,1,Android PowerManager status
threads_only,2:30,sample_cpu0_freq,1900,MHz
threads_only,2:30,sample_cpu1_freq,1900,MHz
threads_only,2:30,sample_cpu2_freq,1900,MHz
threads_only,2:30,sample_cpu3_freq,1900,MHz
threads_only,2:30,sample_cpu4_freq,2500,MHz
threads_only,2:30,sample_cpu5_freq,2500,MHz
threads_only,2:30,sample_cpu6_freq,2500,MHz
threads_only,2:30,sample_cpu7_freq,2500,MHz
threads_only,2:31,sample_elapsed,4884,ms
threads_only,2:31,sample_power,4.560,W
threads_only,2:31,sample_process_cpu,569.481,% one core
threads_only,2:31,sample_free_ram,1.101,GiB
threads_only,2:31,sample_battery_temp,37.000,C
threads_only,2:31,sample_thermal_status,1,Android PowerManager status
threads_only,2:31,sample_cpu0_freq,1900,MHz
threads_only,2:31,sample_cpu1_freq,1900,MHz
threads_only,2:31,sample_cpu2_freq,1900,MHz
threads_only,2:31,sample_cpu3_freq,1900,MHz
threads_only,2:31,sample_cpu4_freq,2500,MHz
threads_only,2:31,sample_cpu5_freq,2500,MHz
threads_only,2:31,sample_cpu6_freq,2500,MHz
threads_only,2:31,sample_cpu7_freq,2500,MHz
threads_only,2:32,sample_elapsed,5072,ms
threads_only,2:32,sample_power,4.560,W
threads_only,2:32,sample_process_cpu,420.213,% one core
threads_only,2:32,sample_free_ram,1.097,GiB
threads_only,2:32,sample_battery_temp,37.000,C
threads_only,2:32,sample_thermal_status,1,Android PowerManager status
threads_only,2:32,sample_cpu0_freq,1900,MHz
threads_only,2:32,sample_cpu1_freq,1900,MHz
threads_only,2:32,sample_cpu2_freq,1900,MHz
threads_only,2:32,sample_cpu3_freq,1900,MHz
threads_only,2:32,sample_cpu4_freq,2500,MHz
threads_only,2:32,sample_cpu5_freq,2500,MHz
threads_only,2:32,sample_cpu6_freq,2500,MHz
threads_only,2:32,sample_cpu7_freq,2500,MHz
threads_only,2:33,sample_elapsed,5270,ms
threads_only,2:33,sample_power,4.560,W
threads_only,2:33,sample_process_cpu,491.919,% one core
threads_only,2:33,sample_free_ram,1.097,GiB
threads_only,2:33,sample_battery_temp,37.000,C
threads_only,2:33,sample_thermal_status,1,Android PowerManager status
threads_only,2:33,sample_cpu0_freq,1900,MHz
threads_only,2:33,sample_cpu1_freq,1900,MHz
threads_only,2:33,sample_cpu2_freq,1900,MHz
threads_only,2:33,sample_cpu3_freq,1900,MHz
threads_only,2:33,sample_cpu4_freq,2500,MHz
threads_only,2:33,sample_cpu5_freq,2500,MHz
threads_only,2:33,sample_cpu6_freq,2500,MHz
threads_only,2:33,sample_cpu7_freq,2500,MHz
threads_only,2:34,sample_elapsed,5439,ms
threads_only,2:34,sample_power,4.517,W
threads_only,2:34,sample_process_cpu,518.935,% one core
threads_only,2:34,sample_free_ram,1.097,GiB
threads_only,2:34,sample_battery_temp,37.000,C
threads_only,2:34,sample_thermal_status,1,Android PowerManager status
threads_only,2:34,sample_cpu0_freq,1900,MHz
threads_only,2:34,sample_cpu1_freq,1900,MHz
threads_only,2:34,sample_cpu2_freq,1900,MHz
threads_only,2:34,sample_cpu3_freq,1900,MHz
threads_only,2:34,sample_cpu4_freq,2500,MHz
threads_only,2:34,sample_cpu5_freq,2500,MHz
threads_only,2:34,sample_cpu6_freq,2500,MHz
threads_only,2:34,sample_cpu7_freq,2500,MHz
threads_only,2:35,sample_elapsed,5621,ms
threads_only,2:35,sample_power,4.517,W
threads_only,2:35,sample_process_cpu,502.198,% one core
threads_only,2:35,sample_free_ram,1.097,GiB
threads_only,2:35,sample_battery_temp,37.000,C
threads_only,2:35,sample_thermal_status,1,Android PowerManager status
threads_only,2:35,sample_cpu0_freq,1900,MHz
threads_only,2:35,sample_cpu1_freq,1900,MHz
threads_only,2:35,sample_cpu2_freq,1900,MHz
threads_only,2:35,sample_cpu3_freq,1900,MHz
threads_only,2:35,sample_cpu4_freq,2500,MHz
threads_only,2:35,sample_cpu5_freq,2500,MHz
threads_only,2:35,sample_cpu6_freq,2500,MHz
threads_only,2:35,sample_cpu7_freq,2500,MHz
threads_only,2:36,sample_elapsed,5799,ms
threads_only,2:36,sample_power,4.517,W
threads_only,2:36,sample_process_cpu,496.629,% one core
threads_only,2:36,sample_free_ram,1.097,GiB
threads_only,2:36,sample_battery_temp,37.000,C
threads_only,2:36,sample_thermal_status,1,Android PowerManager status
threads_only,2:36,sample_cpu0_freq,1900,MHz
threads_only,2:36,sample_cpu1_freq,1900,MHz
threads_only,2:36,sample_cpu2_freq,1900,MHz
threads_only,2:36,sample_cpu3_freq,1900,MHz
threads_only,2:36,sample_cpu4_freq,2500,MHz
threads_only,2:36,sample_cpu5_freq,2500,MHz
threads_only,2:36,sample_cpu6_freq,2500,MHz
threads_only,2:36,sample_cpu7_freq,2500,MHz
threads_only,2:37,sample_elapsed,5980,ms
threads_only,2:37,sample_power,4.531,W
threads_only,2:37,sample_process_cpu,500.000,% one core
threads_only,2:37,sample_free_ram,1.097,GiB
threads_only,2:37,sample_battery_temp,37.000,C
threads_only,2:37,sample_thermal_status,1,Android PowerManager status
threads_only,2:37,sample_cpu0_freq,1900,MHz
threads_only,2:37,sample_cpu1_freq,1900,MHz
threads_only,2:37,sample_cpu2_freq,1900,MHz
threads_only,2:37,sample_cpu3_freq,1900,MHz
threads_only,2:37,sample_cpu4_freq,2500,MHz
threads_only,2:37,sample_cpu5_freq,2500,MHz
threads_only,2:37,sample_cpu6_freq,2500,MHz
threads_only,2:37,sample_cpu7_freq,2500,MHz
threads_only,2:38,sample_elapsed,6161,ms
threads_only,2:38,sample_power,4.531,W
threads_only,2:38,sample_process_cpu,502.762,% one core
threads_only,2:38,sample_free_ram,1.096,GiB
threads_only,2:38,sample_battery_temp,37.000,C
threads_only,2:38,sample_thermal_status,1,Android PowerManager status
threads_only,2:38,sample_cpu0_freq,1900,MHz
threads_only,2:38,sample_cpu1_freq,1900,MHz
threads_only,2:38,sample_cpu2_freq,1900,MHz
threads_only,2:38,sample_cpu3_freq,1900,MHz
threads_only,2:38,sample_cpu4_freq,2500,MHz
threads_only,2:38,sample_cpu5_freq,2500,MHz
threads_only,2:38,sample_cpu6_freq,2500,MHz
threads_only,2:38,sample_cpu7_freq,2500,MHz
threads_only,2:39,sample_elapsed,6333,ms
threads_only,2:39,sample_power,4.531,W
threads_only,2:39,sample_process_cpu,502.907,% one core
threads_only,2:39,sample_free_ram,1.096,GiB
threads_only,2:39,sample_battery_temp,37.000,C
threads_only,2:39,sample_thermal_status,1,Android PowerManager status
threads_only,2:39,sample_cpu0_freq,1900,MHz
threads_only,2:39,sample_cpu1_freq,1900,MHz
threads_only,2:39,sample_cpu2_freq,1900,MHz
threads_only,2:39,sample_cpu3_freq,1900,MHz
threads_only,2:39,sample_cpu4_freq,2500,MHz
threads_only,2:39,sample_cpu5_freq,2500,MHz
threads_only,2:39,sample_cpu6_freq,2500,MHz
threads_only,2:39,sample_cpu7_freq,2500,MHz
threads_only,2:40,sample_elapsed,6496,ms
threads_only,2:40,sample_power,4.302,W
threads_only,2:40,sample_process_cpu,514.724,% one core
threads_only,2:40,sample_free_ram,1.096,GiB
threads_only,2:40,sample_battery_temp,37.000,C
threads_only,2:40,sample_thermal_status,1,Android PowerManager status
threads_only,2:40,sample_cpu0_freq,1900,MHz
threads_only,2:40,sample_cpu1_freq,1900,MHz
threads_only,2:40,sample_cpu2_freq,1900,MHz
threads_only,2:40,sample_cpu3_freq,1900,MHz
threads_only,2:40,sample_cpu4_freq,2500,MHz
threads_only,2:40,sample_cpu5_freq,2500,MHz
threads_only,2:40,sample_cpu6_freq,2500,MHz
threads_only,2:40,sample_cpu7_freq,2500,MHz
threads_only,2:41,sample_elapsed,6673,ms
threads_only,2:41,sample_power,4.302,W
threads_only,2:41,sample_process_cpu,489.266,% one core
threads_only,2:41,sample_free_ram,1.096,GiB
threads_only,2:41,sample_battery_temp,37.000,C
threads_only,2:41,sample_thermal_status,1,Android PowerManager status
threads_only,2:41,sample_cpu0_freq,1900,MHz
threads_only,2:41,sample_cpu1_freq,1900,MHz
threads_only,2:41,sample_cpu2_freq,1900,MHz
threads_only,2:41,sample_cpu3_freq,1900,MHz
threads_only,2:41,sample_cpu4_freq,2500,MHz
threads_only,2:41,sample_cpu5_freq,2500,MHz
threads_only,2:41,sample_cpu6_freq,2500,MHz
threads_only,2:41,sample_cpu7_freq,2500,MHz
threads_only,2:42,sample_elapsed,6840,ms
threads_only,2:42,sample_power,4.302,W
threads_only,2:42,sample_process_cpu,495.808,% one core
threads_only,2:42,sample_free_ram,1.096,GiB
threads_only,2:42,sample_battery_temp,37.000,C
threads_only,2:42,sample_thermal_status,1,Android PowerManager status
threads_only,2:42,sample_cpu0_freq,1900,MHz
threads_only,2:42,sample_cpu1_freq,1900,MHz
threads_only,2:42,sample_cpu2_freq,1900,MHz
threads_only,2:42,sample_cpu3_freq,1900,MHz
threads_only,2:42,sample_cpu4_freq,2500,MHz
threads_only,2:42,sample_cpu5_freq,2500,MHz
threads_only,2:42,sample_cpu6_freq,2500,MHz
threads_only,2:42,sample_cpu7_freq,2500,MHz
threads_only,2:43,sample_elapsed,7024,ms
threads_only,2:43,sample_power,4.391,W
threads_only,2:43,sample_process_cpu,515.217,% one core
threads_only,2:43,sample_free_ram,1.096,GiB
threads_only,2:43,sample_battery_temp,37.000,C
threads_only,2:43,sample_thermal_status,1,Android PowerManager status
threads_only,2:43,sample_cpu0_freq,1900,MHz
threads_only,2:43,sample_cpu1_freq,1900,MHz
threads_only,2:43,sample_cpu2_freq,1900,MHz
threads_only,2:43,sample_cpu3_freq,1900,MHz
threads_only,2:43,sample_cpu4_freq,2500,MHz
threads_only,2:43,sample_cpu5_freq,2500,MHz
threads_only,2:43,sample_cpu6_freq,2500,MHz
threads_only,2:43,sample_cpu7_freq,2500,MHz
threads_only,2:44,sample_elapsed,7192,ms
threads_only,2:44,sample_power,4.391,W
threads_only,2:44,sample_process_cpu,479.762,% one core
threads_only,2:44,sample_free_ram,1.096,GiB
threads_only,2:44,sample_battery_temp,37.000,C
threads_only,2:44,sample_thermal_status,1,Android PowerManager status
threads_only,2:44,sample_cpu0_freq,1900,MHz
threads_only,2:44,sample_cpu1_freq,1900,MHz
threads_only,2:44,sample_cpu2_freq,1900,MHz
threads_only,2:44,sample_cpu3_freq,1900,MHz
threads_only,2:44,sample_cpu4_freq,2500,MHz
threads_only,2:44,sample_cpu5_freq,2500,MHz
threads_only,2:44,sample_cpu6_freq,2500,MHz
threads_only,2:44,sample_cpu7_freq,2500,MHz
threads_only,2:45,sample_elapsed,7372,ms
threads_only,2:45,sample_power,4.391,W
threads_only,2:45,sample_process_cpu,518.333,% one core
threads_only,2:45,sample_free_ram,1.096,GiB
threads_only,2:45,sample_battery_temp,37.000,C
threads_only,2:45,sample_thermal_status,1,Android PowerManager status
threads_only,2:45,sample_cpu0_freq,1900,MHz
threads_only,2:45,sample_cpu1_freq,1900,MHz
threads_only,2:45,sample_cpu2_freq,1900,MHz
threads_only,2:45,sample_cpu3_freq,1900,MHz
threads_only,2:45,sample_cpu4_freq,2500,MHz
threads_only,2:45,sample_cpu5_freq,2500,MHz
threads_only,2:45,sample_cpu6_freq,2500,MHz
threads_only,2:45,sample_cpu7_freq,2500,MHz
threads_only,2:46,sample_elapsed,7555,ms
threads_only,2:46,sample_power,4.584,W
threads_only,2:46,sample_process_cpu,500.000,% one core
threads_only,2:46,sample_free_ram,1.096,GiB
threads_only,2:46,sample_battery_temp,37.000,C
threads_only,2:46,sample_thermal_status,1,Android PowerManager status
threads_only,2:46,sample_cpu0_freq,1900,MHz
threads_only,2:46,sample_cpu1_freq,1900,MHz
threads_only,2:46,sample_cpu2_freq,1900,MHz
threads_only,2:46,sample_cpu3_freq,1900,MHz
threads_only,2:46,sample_cpu4_freq,2500,MHz
threads_only,2:46,sample_cpu5_freq,2500,MHz
threads_only,2:46,sample_cpu6_freq,2500,MHz
threads_only,2:46,sample_cpu7_freq,2500,MHz
threads_only,2:47,sample_elapsed,7732,ms
threads_only,2:47,sample_power,4.479,W
threads_only,2:47,sample_process_cpu,493.220,% one core
threads_only,2:47,sample_free_ram,1.096,GiB
threads_only,2:47,sample_battery_temp,37.000,C
threads_only,2:47,sample_thermal_status,1,Android PowerManager status
threads_only,2:47,sample_cpu0_freq,1900,MHz
threads_only,2:47,sample_cpu1_freq,1900,MHz
threads_only,2:47,sample_cpu2_freq,1900,MHz
threads_only,2:47,sample_cpu3_freq,1900,MHz
threads_only,2:47,sample_cpu4_freq,2500,MHz
threads_only,2:47,sample_cpu5_freq,2500,MHz
threads_only,2:47,sample_cpu6_freq,2500,MHz
threads_only,2:47,sample_cpu7_freq,2500,MHz
threads_only,2:48,sample_elapsed,7927,ms
threads_only,2:48,sample_power,4.479,W
threads_only,2:48,sample_process_cpu,515.897,% one core
threads_only,2:48,sample_free_ram,1.095,GiB
threads_only,2:48,sample_battery_temp,37.000,C
threads_only,2:48,sample_thermal_status,1,Android PowerManager status
threads_only,2:48,sample_cpu0_freq,1900,MHz
threads_only,2:48,sample_cpu1_freq,1900,MHz
threads_only,2:48,sample_cpu2_freq,1900,MHz
threads_only,2:48,sample_cpu3_freq,1900,MHz
threads_only,2:48,sample_cpu4_freq,2500,MHz
threads_only,2:48,sample_cpu5_freq,2500,MHz
threads_only,2:48,sample_cpu6_freq,2500,MHz
threads_only,2:48,sample_cpu7_freq,2500,MHz
threads_only,2:49,sample_elapsed,8104,ms
threads_only,2:49,sample_power,4.593,W
threads_only,2:49,sample_process_cpu,518.079,% one core
threads_only,2:49,sample_free_ram,1.095,GiB
threads_only,2:49,sample_battery_temp,37.000,C
threads_only,2:49,sample_thermal_status,1,Android PowerManager status
threads_only,2:49,sample_cpu0_freq,1900,MHz
threads_only,2:49,sample_cpu1_freq,1900,MHz
threads_only,2:49,sample_cpu2_freq,1900,MHz
threads_only,2:49,sample_cpu3_freq,1900,MHz
threads_only,2:49,sample_cpu4_freq,2500,MHz
threads_only,2:49,sample_cpu5_freq,2500,MHz
threads_only,2:49,sample_cpu6_freq,2500,MHz
threads_only,2:49,sample_cpu7_freq,2500,MHz
threads_only,2:50,sample_elapsed,8287,ms
threads_only,2:50,sample_power,4.593,W
threads_only,2:50,sample_process_cpu,502.732,% one core
threads_only,2:50,sample_free_ram,1.095,GiB
threads_only,2:50,sample_battery_temp,37.000,C
threads_only,2:50,sample_thermal_status,1,Android PowerManager status
threads_only,2:50,sample_cpu0_freq,1900,MHz
threads_only,2:50,sample_cpu1_freq,1900,MHz
threads_only,2:50,sample_cpu2_freq,1900,MHz
threads_only,2:50,sample_cpu3_freq,1900,MHz
threads_only,2:50,sample_cpu4_freq,2500,MHz
threads_only,2:50,sample_cpu5_freq,2500,MHz
threads_only,2:50,sample_cpu6_freq,2500,MHz
threads_only,2:50,sample_cpu7_freq,2500,MHz
threads_only,2:51,sample_elapsed,8479,ms
threads_only,2:51,sample_power,4.593,W
threads_only,2:51,sample_process_cpu,504.167,% one core
threads_only,2:51,sample_free_ram,1.095,GiB
threads_only,2:51,sample_battery_temp,37.000,C
threads_only,2:51,sample_thermal_status,1,Android PowerManager status
threads_only,2:51,sample_cpu0_freq,1900,MHz
threads_only,2:51,sample_cpu1_freq,1900,MHz
threads_only,2:51,sample_cpu2_freq,1900,MHz
threads_only,2:51,sample_cpu3_freq,1900,MHz
threads_only,2:51,sample_cpu4_freq,2500,MHz
threads_only,2:51,sample_cpu5_freq,2500,MHz
threads_only,2:51,sample_cpu6_freq,2500,MHz
threads_only,2:51,sample_cpu7_freq,2500,MHz
threads_only,2:52,sample_elapsed,8660,ms
threads_only,2:52,sample_power,4.387,W
threads_only,2:52,sample_process_cpu,518.785,% one core
threads_only,2:52,sample_free_ram,1.094,GiB
threads_only,2:52,sample_battery_temp,37.000,C
threads_only,2:52,sample_thermal_status,1,Android PowerManager status
threads_only,2:52,sample_cpu0_freq,1900,MHz
threads_only,2:52,sample_cpu1_freq,1900,MHz
threads_only,2:52,sample_cpu2_freq,1900,MHz
threads_only,2:52,sample_cpu3_freq,1900,MHz
threads_only,2:52,sample_cpu4_freq,2500,MHz
threads_only,2:52,sample_cpu5_freq,2500,MHz
threads_only,2:52,sample_cpu6_freq,2500,MHz
threads_only,2:52,sample_cpu7_freq,2500,MHz
threads_only,2:53,sample_elapsed,8841,ms
threads_only,2:53,sample_power,4.387,W
threads_only,2:53,sample_process_cpu,515.470,% one core
threads_only,2:53,sample_free_ram,1.094,GiB
threads_only,2:53,sample_battery_temp,37.000,C
threads_only,2:53,sample_thermal_status,1,Android PowerManager status
threads_only,2:53,sample_cpu0_freq,1900,MHz
threads_only,2:53,sample_cpu1_freq,1900,MHz
threads_only,2:53,sample_cpu2_freq,1900,MHz
threads_only,2:53,sample_cpu3_freq,1900,MHz
threads_only,2:53,sample_cpu4_freq,2500,MHz
threads_only,2:53,sample_cpu5_freq,2500,MHz
threads_only,2:53,sample_cpu6_freq,2500,MHz
threads_only,2:53,sample_cpu7_freq,2500,MHz
threads_only,2:54,sample_elapsed,9028,ms
threads_only,2:54,sample_power,4.387,W
threads_only,2:54,sample_process_cpu,454.011,% one core
threads_only,2:54,sample_free_ram,1.093,GiB
threads_only,2:54,sample_battery_temp,37.000,C
threads_only,2:54,sample_thermal_status,1,Android PowerManager status
threads_only,2:54,sample_cpu0_freq,1900,MHz
threads_only,2:54,sample_cpu1_freq,1900,MHz
threads_only,2:54,sample_cpu2_freq,1900,MHz
threads_only,2:54,sample_cpu3_freq,1900,MHz
threads_only,2:54,sample_cpu4_freq,2500,MHz
threads_only,2:54,sample_cpu5_freq,2500,MHz
threads_only,2:54,sample_cpu6_freq,2500,MHz
threads_only,2:54,sample_cpu7_freq,2500,MHz
threads_only,2:55,sample_elapsed,9206,ms
threads_only,2:55,sample_power,4.611,W
threads_only,2:55,sample_process_cpu,517.978,% one core
threads_only,2:55,sample_free_ram,1.093,GiB
threads_only,2:55,sample_battery_temp,37.000,C
threads_only,2:55,sample_thermal_status,1,Android PowerManager status
threads_only,2:55,sample_cpu0_freq,1900,MHz
threads_only,2:55,sample_cpu1_freq,1900,MHz
threads_only,2:55,sample_cpu2_freq,1900,MHz
threads_only,2:55,sample_cpu3_freq,1900,MHz
threads_only,2:55,sample_cpu4_freq,2500,MHz
threads_only,2:55,sample_cpu5_freq,2500,MHz
threads_only,2:55,sample_cpu6_freq,2500,MHz
threads_only,2:55,sample_cpu7_freq,2500,MHz
threads_only,2:56,sample_elapsed,9381,ms
threads_only,2:56,sample_power,4.611,W
threads_only,2:56,sample_process_cpu,492.571,% one core
threads_only,2:56,sample_free_ram,1.093,GiB
threads_only,2:56,sample_battery_temp,37.000,C
threads_only,2:56,sample_thermal_status,1,Android PowerManager status
threads_only,2:56,sample_cpu0_freq,1900,MHz
threads_only,2:56,sample_cpu1_freq,1900,MHz
threads_only,2:56,sample_cpu2_freq,1900,MHz
threads_only,2:56,sample_cpu3_freq,1900,MHz
threads_only,2:56,sample_cpu4_freq,2500,MHz
threads_only,2:56,sample_cpu5_freq,2500,MHz
threads_only,2:56,sample_cpu6_freq,2500,MHz
threads_only,2:56,sample_cpu7_freq,2500,MHz
threads_only,2:57,sample_elapsed,9556,ms
threads_only,2:57,sample_power,4.611,W
threads_only,2:57,sample_process_cpu,507.429,% one core
threads_only,2:57,sample_free_ram,1.093,GiB
threads_only,2:57,sample_battery_temp,37.000,C
threads_only,2:57,sample_thermal_status,1,Android PowerManager status
threads_only,2:57,sample_cpu0_freq,1900,MHz
threads_only,2:57,sample_cpu1_freq,1900,MHz
threads_only,2:57,sample_cpu2_freq,1900,MHz
threads_only,2:57,sample_cpu3_freq,1900,MHz
threads_only,2:57,sample_cpu4_freq,2500,MHz
threads_only,2:57,sample_cpu5_freq,2500,MHz
threads_only,2:57,sample_cpu6_freq,2500,MHz
threads_only,2:57,sample_cpu7_freq,2500,MHz
threads_only,2:58,sample_elapsed,9769,ms
threads_only,2:58,sample_power,4.517,W
threads_only,2:58,sample_process_cpu,517.371,% one core
threads_only,2:58,sample_free_ram,1.093,GiB
threads_only,2:58,sample_battery_temp,37.000,C
threads_only,2:58,sample_thermal_status,1,Android PowerManager status
threads_only,2:58,sample_cpu0_freq,1900,MHz
threads_only,2:58,sample_cpu1_freq,1900,MHz
threads_only,2:58,sample_cpu2_freq,1900,MHz
threads_only,2:58,sample_cpu3_freq,1900,MHz
threads_only,2:58,sample_cpu4_freq,2500,MHz
threads_only,2:58,sample_cpu5_freq,2500,MHz
threads_only,2:58,sample_cpu6_freq,2500,MHz
threads_only,2:58,sample_cpu7_freq,2500,MHz
threads_only,2:59,sample_elapsed,9962,ms
threads_only,2:59,sample_power,4.517,W
threads_only,2:59,sample_process_cpu,494.819,% one core
threads_only,2:59,sample_free_ram,1.092,GiB
threads_only,2:59,sample_battery_temp,37.000,C
threads_only,2:59,sample_thermal_status,1,Android PowerManager status
threads_only,2:59,sample_cpu0_freq,1900,MHz
threads_only,2:59,sample_cpu1_freq,1900,MHz
threads_only,2:59,sample_cpu2_freq,1900,MHz
threads_only,2:59,sample_cpu3_freq,1900,MHz
threads_only,2:59,sample_cpu4_freq,2500,MHz
threads_only,2:59,sample_cpu5_freq,2500,MHz
threads_only,2:59,sample_cpu6_freq,2500,MHz
threads_only,2:59,sample_cpu7_freq,2500,MHz
threads_only,2:60,sample_elapsed,10114,ms
threads_only,2:60,sample_power,4.517,W
threads_only,2:60,sample_process_cpu,488.158,% one core
threads_only,2:60,sample_free_ram,1.092,GiB
threads_only,2:60,sample_battery_temp,37.000,C
threads_only,2:60,sample_thermal_status,1,Android PowerManager status
threads_only,2:60,sample_cpu0_freq,1900,MHz
threads_only,2:60,sample_cpu1_freq,1900,MHz
threads_only,2:60,sample_cpu2_freq,1900,MHz
threads_only,2:60,sample_cpu3_freq,1900,MHz
threads_only,2:60,sample_cpu4_freq,2500,MHz
threads_only,2:60,sample_cpu5_freq,2500,MHz
threads_only,2:60,sample_cpu6_freq,2500,MHz
threads_only,2:60,sample_cpu7_freq,2500,MHz
threads_only,2:61,sample_elapsed,10293,ms
threads_only,2:61,sample_power,4.446,W
threads_only,2:61,sample_process_cpu,518.994,% one core
threads_only,2:61,sample_free_ram,1.091,GiB
threads_only,2:61,sample_battery_temp,37.000,C
threads_only,2:61,sample_thermal_status,1,Android PowerManager status
threads_only,2:61,sample_cpu0_freq,1900,MHz
threads_only,2:61,sample_cpu1_freq,1900,MHz
threads_only,2:61,sample_cpu2_freq,1900,MHz
threads_only,2:61,sample_cpu3_freq,1900,MHz
threads_only,2:61,sample_cpu4_freq,2500,MHz
threads_only,2:61,sample_cpu5_freq,2500,MHz
threads_only,2:61,sample_cpu6_freq,2500,MHz
threads_only,2:61,sample_cpu7_freq,2500,MHz
threads_only,2:62,sample_elapsed,10477,ms
threads_only,2:62,sample_power,4.446,W
threads_only,2:62,sample_process_cpu,500.000,% one core
threads_only,2:62,sample_free_ram,1.091,GiB
threads_only,2:62,sample_battery_temp,37.000,C
threads_only,2:62,sample_thermal_status,1,Android PowerManager status
threads_only,2:62,sample_cpu0_freq,1900,MHz
threads_only,2:62,sample_cpu1_freq,1900,MHz
threads_only,2:62,sample_cpu2_freq,1900,MHz
threads_only,2:62,sample_cpu3_freq,1900,MHz
threads_only,2:62,sample_cpu4_freq,2500,MHz
threads_only,2:62,sample_cpu5_freq,2500,MHz
threads_only,2:62,sample_cpu6_freq,2500,MHz
threads_only,2:62,sample_cpu7_freq,2500,MHz
threads_only,2:63,sample_elapsed,10655,ms
threads_only,2:63,sample_power,4.446,W
threads_only,2:63,sample_process_cpu,497.753,% one core
threads_only,2:63,sample_free_ram,1.091,GiB
threads_only,2:63,sample_battery_temp,37.000,C
threads_only,2:63,sample_thermal_status,1,Android PowerManager status
threads_only,2:63,sample_cpu0_freq,1900,MHz
threads_only,2:63,sample_cpu1_freq,1900,MHz
threads_only,2:63,sample_cpu2_freq,1900,MHz
threads_only,2:63,sample_cpu3_freq,1900,MHz
threads_only,2:63,sample_cpu4_freq,2500,MHz
threads_only,2:63,sample_cpu5_freq,2500,MHz
threads_only,2:63,sample_cpu6_freq,2500,MHz
threads_only,2:63,sample_cpu7_freq,2500,MHz
threads_only,2:64,sample_elapsed,10857,ms
threads_only,2:64,sample_power,4.416,W
threads_only,2:64,sample_process_cpu,517.327,% one core
threads_only,2:64,sample_free_ram,1.091,GiB
threads_only,2:64,sample_battery_temp,37.000,C
threads_only,2:64,sample_thermal_status,1,Android PowerManager status
threads_only,2:64,sample_cpu0_freq,1900,MHz
threads_only,2:64,sample_cpu1_freq,1900,MHz
threads_only,2:64,sample_cpu2_freq,1900,MHz
threads_only,2:64,sample_cpu3_freq,1900,MHz
threads_only,2:64,sample_cpu4_freq,2500,MHz
threads_only,2:64,sample_cpu5_freq,2500,MHz
threads_only,2:64,sample_cpu6_freq,2500,MHz
threads_only,2:64,sample_cpu7_freq,2500,MHz
threads_only,2:65,sample_elapsed,11039,ms
threads_only,2:65,sample_power,4.416,W
threads_only,2:65,sample_process_cpu,499.451,% one core
threads_only,2:65,sample_free_ram,1.091,GiB
threads_only,2:65,sample_battery_temp,37.000,C
threads_only,2:65,sample_thermal_status,1,Android PowerManager status
threads_only,2:65,sample_cpu0_freq,1900,MHz
threads_only,2:65,sample_cpu1_freq,1900,MHz
threads_only,2:65,sample_cpu2_freq,1900,MHz
threads_only,2:65,sample_cpu3_freq,1900,MHz
threads_only,2:65,sample_cpu4_freq,2500,MHz
threads_only,2:65,sample_cpu5_freq,2500,MHz
threads_only,2:65,sample_cpu6_freq,2500,MHz
threads_only,2:65,sample_cpu7_freq,2500,MHz
threads_only,2:66,sample_elapsed,11221,ms
threads_only,2:66,sample_power,4.416,W
threads_only,2:66,sample_process_cpu,516.484,% one core
threads_only,2:66,sample_free_ram,1.091,GiB
threads_only,2:66,sample_battery_temp,37.000,C
threads_only,2:66,sample_thermal_status,1,Android PowerManager status
threads_only,2:66,sample_cpu0_freq,1900,MHz
threads_only,2:66,sample_cpu1_freq,1900,MHz
threads_only,2:66,sample_cpu2_freq,1900,MHz
threads_only,2:66,sample_cpu3_freq,1900,MHz
threads_only,2:66,sample_cpu4_freq,2500,MHz
threads_only,2:66,sample_cpu5_freq,2500,MHz
threads_only,2:66,sample_cpu6_freq,2500,MHz
threads_only,2:66,sample_cpu7_freq,2500,MHz
threads_only,2:67,sample_elapsed,11398,ms
threads_only,2:67,sample_power,4.450,W
threads_only,2:67,sample_process_cpu,522.034,% one core
threads_only,2:67,sample_free_ram,1.091,GiB
threads_only,2:67,sample_battery_temp,37.000,C
threads_only,2:67,sample_thermal_status,1,Android PowerManager status
threads_only,2:67,sample_cpu0_freq,1900,MHz
threads_only,2:67,sample_cpu1_freq,1900,MHz
threads_only,2:67,sample_cpu2_freq,1900,MHz
threads_only,2:67,sample_cpu3_freq,1900,MHz
threads_only,2:67,sample_cpu4_freq,2500,MHz
threads_only,2:67,sample_cpu5_freq,2500,MHz
threads_only,2:67,sample_cpu6_freq,2500,MHz
threads_only,2:67,sample_cpu7_freq,2500,MHz
threads_only,2:68,sample_elapsed,11558,ms
threads_only,2:68,sample_power,4.450,W
threads_only,2:68,sample_process_cpu,485.625,% one core
threads_only,2:68,sample_free_ram,1.090,GiB
threads_only,2:68,sample_battery_temp,37.000,C
threads_only,2:68,sample_thermal_status,1,Android PowerManager status
threads_only,2:68,sample_cpu0_freq,1900,MHz
threads_only,2:68,sample_cpu1_freq,1900,MHz
threads_only,2:68,sample_cpu2_freq,1900,MHz
threads_only,2:68,sample_cpu3_freq,1900,MHz
threads_only,2:68,sample_cpu4_freq,2500,MHz
threads_only,2:68,sample_cpu5_freq,2500,MHz
threads_only,2:68,sample_cpu6_freq,2500,MHz
threads_only,2:68,sample_cpu7_freq,2500,MHz
threads_only,3,pp,134.000,tok/s
threads_only,3,tg,12.900,tok/s
threads_only,3,power,4.211,W
threads_only,3,tok_per_w,3.063,tok/W
threads_only,3,ttft_pp512_derived,3898.415,ms
threads_only,3,start_temp,37.000,C
threads_only,3,average_process_cpu,445.319,% one core
threads_only,3,minimum_free_ram,0.964,GiB
threads_only,3,peak_battery_temp,37.000,C
threads_only,3,peak_thermal_status,1,Android PowerManager status
threads_only,3:1,sample_elapsed,1,ms
threads_only,3:1,sample_power,1.157,W
threads_only,3:1,sample_process_cpu,1700.000,% one core
threads_only,3:1,sample_free_ram,1.161,GiB
threads_only,3:1,sample_battery_temp,37.000,C
threads_only,3:1,sample_thermal_status,1,Android PowerManager status
threads_only,3:1,sample_cpu0_freq,1000,MHz
threads_only,3:1,sample_cpu1_freq,1000,MHz
threads_only,3:1,sample_cpu2_freq,1000,MHz
threads_only,3:1,sample_cpu3_freq,1000,MHz
threads_only,3:1,sample_cpu4_freq,400,MHz
threads_only,3:1,sample_cpu5_freq,400,MHz
threads_only,3:1,sample_cpu6_freq,400,MHz
threads_only,3:1,sample_cpu7_freq,400,MHz
threads_only,3:2,sample_elapsed,166,ms
threads_only,3:2,sample_power,1.157,W
threads_only,3:2,sample_process_cpu,382.424,% one core
threads_only,3:2,sample_free_ram,1.111,GiB
threads_only,3:2,sample_battery_temp,37.000,C
threads_only,3:2,sample_thermal_status,1,Android PowerManager status
threads_only,3:2,sample_cpu0_freq,1300,MHz
threads_only,3:2,sample_cpu1_freq,1300,MHz
threads_only,3:2,sample_cpu2_freq,1300,MHz
threads_only,3:2,sample_cpu3_freq,1200,MHz
threads_only,3:2,sample_cpu4_freq,2500,MHz
threads_only,3:2,sample_cpu5_freq,2500,MHz
threads_only,3:2,sample_cpu6_freq,2500,MHz
threads_only,3:2,sample_cpu7_freq,2500,MHz
threads_only,3:3,sample_elapsed,320,ms
threads_only,3:3,sample_power,1.157,W
threads_only,3:3,sample_process_cpu,455.844,% one core
threads_only,3:3,sample_free_ram,1.080,GiB
threads_only,3:3,sample_battery_temp,37.000,C
threads_only,3:3,sample_thermal_status,1,Android PowerManager status
threads_only,3:3,sample_cpu0_freq,1600,MHz
threads_only,3:3,sample_cpu1_freq,1600,MHz
threads_only,3:3,sample_cpu2_freq,1600,MHz
threads_only,3:3,sample_cpu3_freq,1600,MHz
threads_only,3:3,sample_cpu4_freq,2500,MHz
threads_only,3:3,sample_cpu5_freq,2500,MHz
threads_only,3:3,sample_cpu6_freq,2500,MHz
threads_only,3:3,sample_cpu7_freq,2500,MHz
threads_only,3:4,sample_elapsed,473,ms
threads_only,3:4,sample_power,1.157,W
threads_only,3:4,sample_process_cpu,484.967,% one core
threads_only,3:4,sample_free_ram,1.079,GiB
threads_only,3:4,sample_battery_temp,37.000,C
threads_only,3:4,sample_thermal_status,1,Android PowerManager status
threads_only,3:4,sample_cpu0_freq,1900,MHz
threads_only,3:4,sample_cpu1_freq,1900,MHz
threads_only,3:4,sample_cpu2_freq,1900,MHz
threads_only,3:4,sample_cpu3_freq,1900,MHz
threads_only,3:4,sample_cpu4_freq,2500,MHz
threads_only,3:4,sample_cpu5_freq,2500,MHz
threads_only,3:4,sample_cpu6_freq,2500,MHz
threads_only,3:4,sample_cpu7_freq,2500,MHz
threads_only,3:5,sample_elapsed,627,ms
threads_only,3:5,sample_power,4.250,W
threads_only,3:5,sample_process_cpu,470.130,% one core
threads_only,3:5,sample_free_ram,1.079,GiB
threads_only,3:5,sample_battery_temp,37.000,C
threads_only,3:5,sample_thermal_status,1,Android PowerManager status
threads_only,3:5,sample_cpu0_freq,1900,MHz
threads_only,3:5,sample_cpu1_freq,1900,MHz
threads_only,3:5,sample_cpu2_freq,1900,MHz
threads_only,3:5,sample_cpu3_freq,1900,MHz
threads_only,3:5,sample_cpu4_freq,2500,MHz
threads_only,3:5,sample_cpu5_freq,2500,MHz
threads_only,3:5,sample_cpu6_freq,2500,MHz
threads_only,3:5,sample_cpu7_freq,2500,MHz
threads_only,3:6,sample_elapsed,781,ms
threads_only,3:6,sample_power,4.250,W
threads_only,3:6,sample_process_cpu,448.052,% one core
threads_only,3:6,sample_free_ram,1.079,GiB
threads_only,3:6,sample_battery_temp,37.000,C
threads_only,3:6,sample_thermal_status,1,Android PowerManager status
threads_only,3:6,sample_cpu0_freq,1900,MHz
threads_only,3:6,sample_cpu1_freq,1900,MHz
threads_only,3:6,sample_cpu2_freq,1900,MHz
threads_only,3:6,sample_cpu3_freq,1900,MHz
threads_only,3:6,sample_cpu4_freq,2500,MHz
threads_only,3:6,sample_cpu5_freq,2500,MHz
threads_only,3:6,sample_cpu6_freq,2500,MHz
threads_only,3:6,sample_cpu7_freq,2500,MHz
threads_only,3:7,sample_elapsed,933,ms
threads_only,3:7,sample_power,4.250,W
threads_only,3:7,sample_process_cpu,465.132,% one core
threads_only,3:7,sample_free_ram,1.079,GiB
threads_only,3:7,sample_battery_temp,37.000,C
threads_only,3:7,sample_thermal_status,1,Android PowerManager status
threads_only,3:7,sample_cpu0_freq,1900,MHz
threads_only,3:7,sample_cpu1_freq,1900,MHz
threads_only,3:7,sample_cpu2_freq,1900,MHz
threads_only,3:7,sample_cpu3_freq,1900,MHz
threads_only,3:7,sample_cpu4_freq,2500,MHz
threads_only,3:7,sample_cpu5_freq,2500,MHz
threads_only,3:7,sample_cpu6_freq,2500,MHz
threads_only,3:7,sample_cpu7_freq,2500,MHz
threads_only,3:8,sample_elapsed,1087,ms
threads_only,3:8,sample_power,4.250,W
threads_only,3:8,sample_process_cpu,468.831,% one core
threads_only,3:8,sample_free_ram,1.079,GiB
threads_only,3:8,sample_battery_temp,37.000,C
threads_only,3:8,sample_thermal_status,1,Android PowerManager status
threads_only,3:8,sample_cpu0_freq,1900,MHz
threads_only,3:8,sample_cpu1_freq,1900,MHz
threads_only,3:8,sample_cpu2_freq,1900,MHz
threads_only,3:8,sample_cpu3_freq,1900,MHz
threads_only,3:8,sample_cpu4_freq,2500,MHz
threads_only,3:8,sample_cpu5_freq,2500,MHz
threads_only,3:8,sample_cpu6_freq,2500,MHz
threads_only,3:8,sample_cpu7_freq,2500,MHz
threads_only,3:9,sample_elapsed,1240,ms
threads_only,3:9,sample_power,4.317,W
threads_only,3:9,sample_process_cpu,475.163,% one core
threads_only,3:9,sample_free_ram,1.078,GiB
threads_only,3:9,sample_battery_temp,37.000,C
threads_only,3:9,sample_thermal_status,1,Android PowerManager status
threads_only,3:9,sample_cpu0_freq,1900,MHz
threads_only,3:9,sample_cpu1_freq,1900,MHz
threads_only,3:9,sample_cpu2_freq,1900,MHz
threads_only,3:9,sample_cpu3_freq,1900,MHz
threads_only,3:9,sample_cpu4_freq,2500,MHz
threads_only,3:9,sample_cpu5_freq,2500,MHz
threads_only,3:9,sample_cpu6_freq,2500,MHz
threads_only,3:9,sample_cpu7_freq,2500,MHz
threads_only,3:10,sample_elapsed,1400,ms
threads_only,3:10,sample_power,4.317,W
threads_only,3:10,sample_process_cpu,441.875,% one core
threads_only,3:10,sample_free_ram,1.078,GiB
threads_only,3:10,sample_battery_temp,37.000,C
threads_only,3:10,sample_thermal_status,1,Android PowerManager status
threads_only,3:10,sample_cpu0_freq,1900,MHz
threads_only,3:10,sample_cpu1_freq,1900,MHz
threads_only,3:10,sample_cpu2_freq,1900,MHz
threads_only,3:10,sample_cpu3_freq,1900,MHz
threads_only,3:10,sample_cpu4_freq,2500,MHz
threads_only,3:10,sample_cpu5_freq,2500,MHz
threads_only,3:10,sample_cpu6_freq,2500,MHz
threads_only,3:10,sample_cpu7_freq,2500,MHz
threads_only,3:11,sample_elapsed,1555,ms
threads_only,3:11,sample_power,4.569,W
threads_only,3:11,sample_process_cpu,465.806,% one core
threads_only,3:11,sample_free_ram,1.078,GiB
threads_only,3:11,sample_battery_temp,37.000,C
threads_only,3:11,sample_thermal_status,1,Android PowerManager status
threads_only,3:11,sample_cpu0_freq,1900,MHz
threads_only,3:11,sample_cpu1_freq,1900,MHz
threads_only,3:11,sample_cpu2_freq,1900,MHz
threads_only,3:11,sample_cpu3_freq,1900,MHz
threads_only,3:11,sample_cpu4_freq,2500,MHz
threads_only,3:11,sample_cpu5_freq,2500,MHz
threads_only,3:11,sample_cpu6_freq,2500,MHz
threads_only,3:11,sample_cpu7_freq,2500,MHz
threads_only,3:12,sample_elapsed,1708,ms
threads_only,3:12,sample_power,4.569,W
threads_only,3:12,sample_process_cpu,460.784,% one core
threads_only,3:12,sample_free_ram,1.078,GiB
threads_only,3:12,sample_battery_temp,37.000,C
threads_only,3:12,sample_thermal_status,1,Android PowerManager status
threads_only,3:12,sample_cpu0_freq,1900,MHz
threads_only,3:12,sample_cpu1_freq,1900,MHz
threads_only,3:12,sample_cpu2_freq,1900,MHz
threads_only,3:12,sample_cpu3_freq,1900,MHz
threads_only,3:12,sample_cpu4_freq,2500,MHz
threads_only,3:12,sample_cpu5_freq,2500,MHz
threads_only,3:12,sample_cpu6_freq,2500,MHz
threads_only,3:12,sample_cpu7_freq,2500,MHz
threads_only,3:13,sample_elapsed,1861,ms
threads_only,3:13,sample_power,4.569,W
threads_only,3:13,sample_process_cpu,464.052,% one core
threads_only,3:13,sample_free_ram,1.077,GiB
threads_only,3:13,sample_battery_temp,37.000,C
threads_only,3:13,sample_thermal_status,1,Android PowerManager status
threads_only,3:13,sample_cpu0_freq,1600,MHz
threads_only,3:13,sample_cpu1_freq,1900,MHz
threads_only,3:13,sample_cpu2_freq,1900,MHz
threads_only,3:13,sample_cpu3_freq,1900,MHz
threads_only,3:13,sample_cpu4_freq,2500,MHz
threads_only,3:13,sample_cpu5_freq,2500,MHz
threads_only,3:13,sample_cpu6_freq,2500,MHz
threads_only,3:13,sample_cpu7_freq,2500,MHz
threads_only,3:14,sample_elapsed,2017,ms
threads_only,3:14,sample_power,4.002,W
threads_only,3:14,sample_process_cpu,473.718,% one core
threads_only,3:14,sample_free_ram,1.077,GiB
threads_only,3:14,sample_battery_temp,37.000,C
threads_only,3:14,sample_thermal_status,1,Android PowerManager status
threads_only,3:14,sample_cpu0_freq,1900,MHz
threads_only,3:14,sample_cpu1_freq,1900,MHz
threads_only,3:14,sample_cpu2_freq,1900,MHz
threads_only,3:14,sample_cpu3_freq,1900,MHz
threads_only,3:14,sample_cpu4_freq,2500,MHz
threads_only,3:14,sample_cpu5_freq,2500,MHz
threads_only,3:14,sample_cpu6_freq,2500,MHz
threads_only,3:14,sample_cpu7_freq,2500,MHz
threads_only,3:15,sample_elapsed,2172,ms
threads_only,3:15,sample_power,4.002,W
threads_only,3:15,sample_process_cpu,457.419,% one core
threads_only,3:15,sample_free_ram,1.077,GiB
threads_only,3:15,sample_battery_temp,37.000,C
threads_only,3:15,sample_thermal_status,1,Android PowerManager status
threads_only,3:15,sample_cpu0_freq,700,MHz
threads_only,3:15,sample_cpu1_freq,700,MHz
threads_only,3:15,sample_cpu2_freq,700,MHz
threads_only,3:15,sample_cpu3_freq,1900,MHz
threads_only,3:15,sample_cpu4_freq,2500,MHz
threads_only,3:15,sample_cpu5_freq,2500,MHz
threads_only,3:15,sample_cpu6_freq,2500,MHz
threads_only,3:15,sample_cpu7_freq,2500,MHz
threads_only,3:16,sample_elapsed,2325,ms
threads_only,3:16,sample_power,4.002,W
threads_only,3:16,sample_process_cpu,461.438,% one core
threads_only,3:16,sample_free_ram,1.077,GiB
threads_only,3:16,sample_battery_temp,37.000,C
threads_only,3:16,sample_thermal_status,1,Android PowerManager status
threads_only,3:16,sample_cpu0_freq,1900,MHz
threads_only,3:16,sample_cpu1_freq,1900,MHz
threads_only,3:16,sample_cpu2_freq,1900,MHz
threads_only,3:16,sample_cpu3_freq,1900,MHz
threads_only,3:16,sample_cpu4_freq,2500,MHz
threads_only,3:16,sample_cpu5_freq,2500,MHz
threads_only,3:16,sample_cpu6_freq,2500,MHz
threads_only,3:16,sample_cpu7_freq,2500,MHz
threads_only,3:17,sample_elapsed,2479,ms
threads_only,3:17,sample_power,4.002,W
threads_only,3:17,sample_process_cpu,465.584,% one core
threads_only,3:17,sample_free_ram,1.077,GiB
threads_only,3:17,sample_battery_temp,37.000,C
threads_only,3:17,sample_thermal_status,1,Android PowerManager status
threads_only,3:17,sample_cpu0_freq,1900,MHz
threads_only,3:17,sample_cpu1_freq,1900,MHz
threads_only,3:17,sample_cpu2_freq,1900,MHz
threads_only,3:17,sample_cpu3_freq,1900,MHz
threads_only,3:17,sample_cpu4_freq,2500,MHz
threads_only,3:17,sample_cpu5_freq,2500,MHz
threads_only,3:17,sample_cpu6_freq,2500,MHz
threads_only,3:17,sample_cpu7_freq,2500,MHz
threads_only,3:18,sample_elapsed,2631,ms
threads_only,3:18,sample_power,4.716,W
threads_only,3:18,sample_process_cpu,464.474,% one core
threads_only,3:18,sample_free_ram,1.077,GiB
threads_only,3:18,sample_battery_temp,37.000,C
threads_only,3:18,sample_thermal_status,1,Android PowerManager status
threads_only,3:18,sample_cpu0_freq,1300,MHz
threads_only,3:18,sample_cpu1_freq,450,MHz
threads_only,3:18,sample_cpu2_freq,450,MHz
threads_only,3:18,sample_cpu3_freq,450,MHz
threads_only,3:18,sample_cpu4_freq,2500,MHz
threads_only,3:18,sample_cpu5_freq,2500,MHz
threads_only,3:18,sample_cpu6_freq,2500,MHz
threads_only,3:18,sample_cpu7_freq,2500,MHz
threads_only,3:19,sample_elapsed,2787,ms
threads_only,3:19,sample_power,4.716,W
threads_only,3:19,sample_process_cpu,452.564,% one core
threads_only,3:19,sample_free_ram,1.077,GiB
threads_only,3:19,sample_battery_temp,37.000,C
threads_only,3:19,sample_thermal_status,1,Android PowerManager status
threads_only,3:19,sample_cpu0_freq,1900,MHz
threads_only,3:19,sample_cpu1_freq,1900,MHz
threads_only,3:19,sample_cpu2_freq,1900,MHz
threads_only,3:19,sample_cpu3_freq,1900,MHz
threads_only,3:19,sample_cpu4_freq,2500,MHz
threads_only,3:19,sample_cpu5_freq,2500,MHz
threads_only,3:19,sample_cpu6_freq,2500,MHz
threads_only,3:19,sample_cpu7_freq,2500,MHz
threads_only,3:20,sample_elapsed,2941,ms
threads_only,3:20,sample_power,4.716,W
threads_only,3:20,sample_process_cpu,454.545,% one core
threads_only,3:20,sample_free_ram,1.076,GiB
threads_only,3:20,sample_battery_temp,37.000,C
threads_only,3:20,sample_thermal_status,1,Android PowerManager status
threads_only,3:20,sample_cpu0_freq,1900,MHz
threads_only,3:20,sample_cpu1_freq,1900,MHz
threads_only,3:20,sample_cpu2_freq,1900,MHz
threads_only,3:20,sample_cpu3_freq,1900,MHz
threads_only,3:20,sample_cpu4_freq,2500,MHz
threads_only,3:20,sample_cpu5_freq,2500,MHz
threads_only,3:20,sample_cpu6_freq,2500,MHz
threads_only,3:20,sample_cpu7_freq,2500,MHz
threads_only,3:21,sample_elapsed,3093,ms
threads_only,3:21,sample_power,4.716,W
threads_only,3:21,sample_process_cpu,463.158,% one core
threads_only,3:21,sample_free_ram,1.076,GiB
threads_only,3:21,sample_battery_temp,37.000,C
threads_only,3:21,sample_thermal_status,1,Android PowerManager status
threads_only,3:21,sample_cpu0_freq,1000,MHz
threads_only,3:21,sample_cpu1_freq,1000,MHz
threads_only,3:21,sample_cpu2_freq,1000,MHz
threads_only,3:21,sample_cpu3_freq,1000,MHz
threads_only,3:21,sample_cpu4_freq,2500,MHz
threads_only,3:21,sample_cpu5_freq,2500,MHz
threads_only,3:21,sample_cpu6_freq,2500,MHz
threads_only,3:21,sample_cpu7_freq,2500,MHz
threads_only,3:22,sample_elapsed,3246,ms
threads_only,3:22,sample_power,4.388,W
threads_only,3:22,sample_process_cpu,484.967,% one core
threads_only,3:22,sample_free_ram,1.076,GiB
threads_only,3:22,sample_battery_temp,37.000,C
threads_only,3:22,sample_thermal_status,1,Android PowerManager status
threads_only,3:22,sample_cpu0_freq,450,MHz
threads_only,3:22,sample_cpu1_freq,1900,MHz
threads_only,3:22,sample_cpu2_freq,1900,MHz
threads_only,3:22,sample_cpu3_freq,1900,MHz
threads_only,3:22,sample_cpu4_freq,2500,MHz
threads_only,3:22,sample_cpu5_freq,2500,MHz
threads_only,3:22,sample_cpu6_freq,2500,MHz
threads_only,3:22,sample_cpu7_freq,2500,MHz
threads_only,3:23,sample_elapsed,3404,ms
threads_only,3:23,sample_power,4.388,W
threads_only,3:23,sample_process_cpu,450.000,% one core
threads_only,3:23,sample_free_ram,1.076,GiB
threads_only,3:23,sample_battery_temp,37.000,C
threads_only,3:23,sample_thermal_status,1,Android PowerManager status
threads_only,3:23,sample_cpu0_freq,1700,MHz
threads_only,3:23,sample_cpu1_freq,1900,MHz
threads_only,3:23,sample_cpu2_freq,1900,MHz
threads_only,3:23,sample_cpu3_freq,1900,MHz
threads_only,3:23,sample_cpu4_freq,2500,MHz
threads_only,3:23,sample_cpu5_freq,2500,MHz
threads_only,3:23,sample_cpu6_freq,2500,MHz
threads_only,3:23,sample_cpu7_freq,2500,MHz
threads_only,3:24,sample_elapsed,3558,ms
threads_only,3:24,sample_power,4.388,W
threads_only,3:24,sample_process_cpu,459.740,% one core
threads_only,3:24,sample_free_ram,1.076,GiB
threads_only,3:24,sample_battery_temp,37.000,C
threads_only,3:24,sample_thermal_status,1,Android PowerManager status
threads_only,3:24,sample_cpu0_freq,1900,MHz
threads_only,3:24,sample_cpu1_freq,1900,MHz
threads_only,3:24,sample_cpu2_freq,1900,MHz
threads_only,3:24,sample_cpu3_freq,1900,MHz
threads_only,3:24,sample_cpu4_freq,2500,MHz
threads_only,3:24,sample_cpu5_freq,2500,MHz
threads_only,3:24,sample_cpu6_freq,2500,MHz
threads_only,3:24,sample_cpu7_freq,2500,MHz
threads_only,3:25,sample_elapsed,3712,ms
threads_only,3:25,sample_power,4.388,W
threads_only,3:25,sample_process_cpu,456.494,% one core
threads_only,3:25,sample_free_ram,1.076,GiB
threads_only,3:25,sample_battery_temp,37.000,C
threads_only,3:25,sample_thermal_status,1,Android PowerManager status
threads_only,3:25,sample_cpu0_freq,1000,MHz
threads_only,3:25,sample_cpu1_freq,1900,MHz
threads_only,3:25,sample_cpu2_freq,1900,MHz
threads_only,3:25,sample_cpu3_freq,1900,MHz
threads_only,3:25,sample_cpu4_freq,2500,MHz
threads_only,3:25,sample_cpu5_freq,2500,MHz
threads_only,3:25,sample_cpu6_freq,2500,MHz
threads_only,3:25,sample_cpu7_freq,2500,MHz
threads_only,3:26,sample_elapsed,3864,ms
threads_only,3:26,sample_power,4.413,W
threads_only,3:26,sample_process_cpu,475.000,% one core
threads_only,3:26,sample_free_ram,1.076,GiB
threads_only,3:26,sample_battery_temp,37.000,C
threads_only,3:26,sample_thermal_status,1,Android PowerManager status
threads_only,3:26,sample_cpu0_freq,1900,MHz
threads_only,3:26,sample_cpu1_freq,1900,MHz
threads_only,3:26,sample_cpu2_freq,1900,MHz
threads_only,3:26,sample_cpu3_freq,1900,MHz
threads_only,3:26,sample_cpu4_freq,2500,MHz
threads_only,3:26,sample_cpu5_freq,2500,MHz
threads_only,3:26,sample_cpu6_freq,2500,MHz
threads_only,3:26,sample_cpu7_freq,2500,MHz
threads_only,3:27,sample_elapsed,4021,ms
threads_only,3:27,sample_power,4.413,W
threads_only,3:27,sample_process_cpu,490.446,% one core
threads_only,3:27,sample_free_ram,1.076,GiB
threads_only,3:27,sample_battery_temp,37.000,C
threads_only,3:27,sample_thermal_status,1,Android PowerManager status
threads_only,3:27,sample_cpu0_freq,1900,MHz
threads_only,3:27,sample_cpu1_freq,1900,MHz
threads_only,3:27,sample_cpu2_freq,1900,MHz
threads_only,3:27,sample_cpu3_freq,1900,MHz
threads_only,3:27,sample_cpu4_freq,2500,MHz
threads_only,3:27,sample_cpu5_freq,2500,MHz
threads_only,3:27,sample_cpu6_freq,2500,MHz
threads_only,3:27,sample_cpu7_freq,2500,MHz
threads_only,3:28,sample_elapsed,4183,ms
threads_only,3:28,sample_power,4.413,W
threads_only,3:28,sample_process_cpu,475.309,% one core
threads_only,3:28,sample_free_ram,1.076,GiB
threads_only,3:28,sample_battery_temp,37.000,C
threads_only,3:28,sample_thermal_status,1,Android PowerManager status
threads_only,3:28,sample_cpu0_freq,1900,MHz
threads_only,3:28,sample_cpu1_freq,1900,MHz
threads_only,3:28,sample_cpu2_freq,1900,MHz
threads_only,3:28,sample_cpu3_freq,1900,MHz
threads_only,3:28,sample_cpu4_freq,2500,MHz
threads_only,3:28,sample_cpu5_freq,2500,MHz
threads_only,3:28,sample_cpu6_freq,2500,MHz
threads_only,3:28,sample_cpu7_freq,2500,MHz
threads_only,3:29,sample_elapsed,4337,ms
threads_only,3:29,sample_power,4.413,W
threads_only,3:29,sample_process_cpu,471.429,% one core
threads_only,3:29,sample_free_ram,1.076,GiB
threads_only,3:29,sample_battery_temp,37.000,C
threads_only,3:29,sample_thermal_status,1,Android PowerManager status
threads_only,3:29,sample_cpu0_freq,1900,MHz
threads_only,3:29,sample_cpu1_freq,1900,MHz
threads_only,3:29,sample_cpu2_freq,1900,MHz
threads_only,3:29,sample_cpu3_freq,1900,MHz
threads_only,3:29,sample_cpu4_freq,2500,MHz
threads_only,3:29,sample_cpu5_freq,2500,MHz
threads_only,3:29,sample_cpu6_freq,2500,MHz
threads_only,3:29,sample_cpu7_freq,2500,MHz
threads_only,3:30,sample_elapsed,4496,ms
threads_only,3:30,sample_power,4.431,W
threads_only,3:30,sample_process_cpu,544.654,% one core
threads_only,3:30,sample_free_ram,1.075,GiB
threads_only,3:30,sample_battery_temp,37.000,C
threads_only,3:30,sample_thermal_status,1,Android PowerManager status
threads_only,3:30,sample_cpu0_freq,1900,MHz
threads_only,3:30,sample_cpu1_freq,1900,MHz
threads_only,3:30,sample_cpu2_freq,1900,MHz
threads_only,3:30,sample_cpu3_freq,1900,MHz
threads_only,3:30,sample_cpu4_freq,2500,MHz
threads_only,3:30,sample_cpu5_freq,2500,MHz
threads_only,3:30,sample_cpu6_freq,2500,MHz
threads_only,3:30,sample_cpu7_freq,2500,MHz
threads_only,3:31,sample_elapsed,4666,ms
threads_only,3:31,sample_power,4.431,W
threads_only,3:31,sample_process_cpu,442.353,% one core
threads_only,3:31,sample_free_ram,1.075,GiB
threads_only,3:31,sample_battery_temp,37.000,C
threads_only,3:31,sample_thermal_status,1,Android PowerManager status
threads_only,3:31,sample_cpu0_freq,1900,MHz
threads_only,3:31,sample_cpu1_freq,1900,MHz
threads_only,3:31,sample_cpu2_freq,1900,MHz
threads_only,3:31,sample_cpu3_freq,1900,MHz
threads_only,3:31,sample_cpu4_freq,2500,MHz
threads_only,3:31,sample_cpu5_freq,2500,MHz
threads_only,3:31,sample_cpu6_freq,2500,MHz
threads_only,3:31,sample_cpu7_freq,2500,MHz
threads_only,3:32,sample_elapsed,4827,ms
threads_only,3:32,sample_power,4.431,W
threads_only,3:32,sample_process_cpu,491.304,% one core
threads_only,3:32,sample_free_ram,1.075,GiB
threads_only,3:32,sample_battery_temp,37.000,C
threads_only,3:32,sample_thermal_status,1,Android PowerManager status
threads_only,3:32,sample_cpu0_freq,1900,MHz
threads_only,3:32,sample_cpu1_freq,1900,MHz
threads_only,3:32,sample_cpu2_freq,1900,MHz
threads_only,3:32,sample_cpu3_freq,1900,MHz
threads_only,3:32,sample_cpu4_freq,2500,MHz
threads_only,3:32,sample_cpu5_freq,2500,MHz
threads_only,3:32,sample_cpu6_freq,2500,MHz
threads_only,3:32,sample_cpu7_freq,2500,MHz
threads_only,3:33,sample_elapsed,4985,ms
threads_only,3:33,sample_power,4.431,W
threads_only,3:33,sample_process_cpu,485.443,% one core
threads_only,3:33,sample_free_ram,1.075,GiB
threads_only,3:33,sample_battery_temp,37.000,C
threads_only,3:33,sample_thermal_status,1,Android PowerManager status
threads_only,3:33,sample_cpu0_freq,1900,MHz
threads_only,3:33,sample_cpu1_freq,1900,MHz
threads_only,3:33,sample_cpu2_freq,1900,MHz
threads_only,3:33,sample_cpu3_freq,1900,MHz
threads_only,3:33,sample_cpu4_freq,2500,MHz
threads_only,3:33,sample_cpu5_freq,2500,MHz
threads_only,3:33,sample_cpu6_freq,2500,MHz
threads_only,3:33,sample_cpu7_freq,2500,MHz
threads_only,3:34,sample_elapsed,5143,ms
threads_only,3:34,sample_power,4.233,W
threads_only,3:34,sample_process_cpu,489.873,% one core
threads_only,3:34,sample_free_ram,1.075,GiB
threads_only,3:34,sample_battery_temp,37.000,C
threads_only,3:34,sample_thermal_status,1,Android PowerManager status
threads_only,3:34,sample_cpu0_freq,1900,MHz
threads_only,3:34,sample_cpu1_freq,1900,MHz
threads_only,3:34,sample_cpu2_freq,1900,MHz
threads_only,3:34,sample_cpu3_freq,1900,MHz
threads_only,3:34,sample_cpu4_freq,2500,MHz
threads_only,3:34,sample_cpu5_freq,2500,MHz
threads_only,3:34,sample_cpu6_freq,2500,MHz
threads_only,3:34,sample_cpu7_freq,2500,MHz
threads_only,3:35,sample_elapsed,5307,ms
threads_only,3:35,sample_power,4.233,W
threads_only,3:35,sample_process_cpu,488.415,% one core
threads_only,3:35,sample_free_ram,1.075,GiB
threads_only,3:35,sample_battery_temp,37.000,C
threads_only,3:35,sample_thermal_status,1,Android PowerManager status
threads_only,3:35,sample_cpu0_freq,1900,MHz
threads_only,3:35,sample_cpu1_freq,1900,MHz
threads_only,3:35,sample_cpu2_freq,1900,MHz
threads_only,3:35,sample_cpu3_freq,1900,MHz
threads_only,3:35,sample_cpu4_freq,2500,MHz
threads_only,3:35,sample_cpu5_freq,2500,MHz
threads_only,3:35,sample_cpu6_freq,2500,MHz
threads_only,3:35,sample_cpu7_freq,2500,MHz
threads_only,3:36,sample_elapsed,5467,ms
threads_only,3:36,sample_power,4.233,W
threads_only,3:36,sample_process_cpu,480.000,% one core
threads_only,3:36,sample_free_ram,1.074,GiB
threads_only,3:36,sample_battery_temp,37.000,C
threads_only,3:36,sample_thermal_status,1,Android PowerManager status
threads_only,3:36,sample_cpu0_freq,1900,MHz
threads_only,3:36,sample_cpu1_freq,1900,MHz
threads_only,3:36,sample_cpu2_freq,1900,MHz
threads_only,3:36,sample_cpu3_freq,1900,MHz
threads_only,3:36,sample_cpu4_freq,2500,MHz
threads_only,3:36,sample_cpu5_freq,2500,MHz
threads_only,3:36,sample_cpu6_freq,2500,MHz
threads_only,3:36,sample_cpu7_freq,2500,MHz
threads_only,3:37,sample_elapsed,5623,ms
threads_only,3:37,sample_power,4.233,W
threads_only,3:37,sample_process_cpu,485.256,% one core
threads_only,3:37,sample_free_ram,1.074,GiB
threads_only,3:37,sample_battery_temp,37.000,C
threads_only,3:37,sample_thermal_status,1,Android PowerManager status
threads_only,3:37,sample_cpu0_freq,1900,MHz
threads_only,3:37,sample_cpu1_freq,1900,MHz
threads_only,3:37,sample_cpu2_freq,1900,MHz
threads_only,3:37,sample_cpu3_freq,1900,MHz
threads_only,3:37,sample_cpu4_freq,2500,MHz
threads_only,3:37,sample_cpu5_freq,2500,MHz
threads_only,3:37,sample_cpu6_freq,2500,MHz
threads_only,3:37,sample_cpu7_freq,2500,MHz
threads_only,3:38,sample_elapsed,5776,ms
threads_only,3:38,sample_power,4.447,W
threads_only,3:38,sample_process_cpu,483.007,% one core
threads_only,3:38,sample_free_ram,1.074,GiB
threads_only,3:38,sample_battery_temp,37.000,C
threads_only,3:38,sample_thermal_status,1,Android PowerManager status
threads_only,3:38,sample_cpu0_freq,1900,MHz
threads_only,3:38,sample_cpu1_freq,1900,MHz
threads_only,3:38,sample_cpu2_freq,1900,MHz
threads_only,3:38,sample_cpu3_freq,1900,MHz
threads_only,3:38,sample_cpu4_freq,2500,MHz
threads_only,3:38,sample_cpu5_freq,2500,MHz
threads_only,3:38,sample_cpu6_freq,2500,MHz
threads_only,3:38,sample_cpu7_freq,2500,MHz
threads_only,3:39,sample_elapsed,5933,ms
threads_only,3:39,sample_power,4.549,W
threads_only,3:39,sample_process_cpu,567.516,% one core
threads_only,3:39,sample_free_ram,1.074,GiB
threads_only,3:39,sample_battery_temp,37.000,C
threads_only,3:39,sample_thermal_status,1,Android PowerManager status
threads_only,3:39,sample_cpu0_freq,1900,MHz
threads_only,3:39,sample_cpu1_freq,1900,MHz
threads_only,3:39,sample_cpu2_freq,1900,MHz
threads_only,3:39,sample_cpu3_freq,1900,MHz
threads_only,3:39,sample_cpu4_freq,2500,MHz
threads_only,3:39,sample_cpu5_freq,2500,MHz
threads_only,3:39,sample_cpu6_freq,2500,MHz
threads_only,3:39,sample_cpu7_freq,2500,MHz
threads_only,3:40,sample_elapsed,6114,ms
threads_only,3:40,sample_power,4.516,W
threads_only,3:40,sample_process_cpu,416.022,% one core
threads_only,3:40,sample_free_ram,1.074,GiB
threads_only,3:40,sample_battery_temp,37.000,C
threads_only,3:40,sample_thermal_status,1,Android PowerManager status
threads_only,3:40,sample_cpu0_freq,1900,MHz
threads_only,3:40,sample_cpu1_freq,1900,MHz
threads_only,3:40,sample_cpu2_freq,1900,MHz
threads_only,3:40,sample_cpu3_freq,1900,MHz
threads_only,3:40,sample_cpu4_freq,2500,MHz
threads_only,3:40,sample_cpu5_freq,2500,MHz
threads_only,3:40,sample_cpu6_freq,2500,MHz
threads_only,3:40,sample_cpu7_freq,2500,MHz
threads_only,3:41,sample_elapsed,6270,ms
threads_only,3:41,sample_power,4.516,W
threads_only,3:41,sample_process_cpu,506.410,% one core
threads_only,3:41,sample_free_ram,1.074,GiB
threads_only,3:41,sample_battery_temp,37.000,C
threads_only,3:41,sample_thermal_status,1,Android PowerManager status
threads_only,3:41,sample_cpu0_freq,1900,MHz
threads_only,3:41,sample_cpu1_freq,1900,MHz
threads_only,3:41,sample_cpu2_freq,1900,MHz
threads_only,3:41,sample_cpu3_freq,1900,MHz
threads_only,3:41,sample_cpu4_freq,2500,MHz
threads_only,3:41,sample_cpu5_freq,2500,MHz
threads_only,3:41,sample_cpu6_freq,2500,MHz
threads_only,3:41,sample_cpu7_freq,2500,MHz
threads_only,3:42,sample_elapsed,6428,ms
threads_only,3:42,sample_power,4.516,W
threads_only,3:42,sample_process_cpu,500.000,% one core
threads_only,3:42,sample_free_ram,1.074,GiB
threads_only,3:42,sample_battery_temp,37.000,C
threads_only,3:42,sample_thermal_status,1,Android PowerManager status
threads_only,3:42,sample_cpu0_freq,1900,MHz
threads_only,3:42,sample_cpu1_freq,1900,MHz
threads_only,3:42,sample_cpu2_freq,1900,MHz
threads_only,3:42,sample_cpu3_freq,1900,MHz
threads_only,3:42,sample_cpu4_freq,2500,MHz
threads_only,3:42,sample_cpu5_freq,2500,MHz
threads_only,3:42,sample_cpu6_freq,2500,MHz
threads_only,3:42,sample_cpu7_freq,2500,MHz
threads_only,3:43,sample_elapsed,6584,ms
threads_only,3:43,sample_power,4.507,W
threads_only,3:43,sample_process_cpu,528.205,% one core
threads_only,3:43,sample_free_ram,1.074,GiB
threads_only,3:43,sample_battery_temp,37.000,C
threads_only,3:43,sample_thermal_status,1,Android PowerManager status
threads_only,3:43,sample_cpu0_freq,1900,MHz
threads_only,3:43,sample_cpu1_freq,1900,MHz
threads_only,3:43,sample_cpu2_freq,1900,MHz
threads_only,3:43,sample_cpu3_freq,1900,MHz
threads_only,3:43,sample_cpu4_freq,2500,MHz
threads_only,3:43,sample_cpu5_freq,2500,MHz
threads_only,3:43,sample_cpu6_freq,2500,MHz
threads_only,3:43,sample_cpu7_freq,2500,MHz
threads_only,3:44,sample_elapsed,6754,ms
threads_only,3:44,sample_power,4.507,W
threads_only,3:44,sample_process_cpu,450.588,% one core
threads_only,3:44,sample_free_ram,1.074,GiB
threads_only,3:44,sample_battery_temp,37.000,C
threads_only,3:44,sample_thermal_status,1,Android PowerManager status
threads_only,3:44,sample_cpu0_freq,1900,MHz
threads_only,3:44,sample_cpu1_freq,1900,MHz
threads_only,3:44,sample_cpu2_freq,1900,MHz
threads_only,3:44,sample_cpu3_freq,1900,MHz
threads_only,3:44,sample_cpu4_freq,2500,MHz
threads_only,3:44,sample_cpu5_freq,2500,MHz
threads_only,3:44,sample_cpu6_freq,2500,MHz
threads_only,3:44,sample_cpu7_freq,2500,MHz
threads_only,3:45,sample_elapsed,6914,ms
threads_only,3:45,sample_power,4.507,W
threads_only,3:45,sample_process_cpu,483.750,% one core
threads_only,3:45,sample_free_ram,1.073,GiB
threads_only,3:45,sample_battery_temp,37.000,C
threads_only,3:45,sample_thermal_status,1,Android PowerManager status
threads_only,3:45,sample_cpu0_freq,1900,MHz
threads_only,3:45,sample_cpu1_freq,1900,MHz
threads_only,3:45,sample_cpu2_freq,1900,MHz
threads_only,3:45,sample_cpu3_freq,1900,MHz
threads_only,3:45,sample_cpu4_freq,2500,MHz
threads_only,3:45,sample_cpu5_freq,2500,MHz
threads_only,3:45,sample_cpu6_freq,2500,MHz
threads_only,3:45,sample_cpu7_freq,2500,MHz
threads_only,3:46,sample_elapsed,7070,ms
threads_only,3:46,sample_power,4.507,W
threads_only,3:46,sample_process_cpu,471.795,% one core
threads_only,3:46,sample_free_ram,1.073,GiB
threads_only,3:46,sample_battery_temp,37.000,C
threads_only,3:46,sample_thermal_status,1,Android PowerManager status
threads_only,3:46,sample_cpu0_freq,1900,MHz
threads_only,3:46,sample_cpu1_freq,1900,MHz
threads_only,3:46,sample_cpu2_freq,1900,MHz
threads_only,3:46,sample_cpu3_freq,1900,MHz
threads_only,3:46,sample_cpu4_freq,2500,MHz
threads_only,3:46,sample_cpu5_freq,2500,MHz
threads_only,3:46,sample_cpu6_freq,2500,MHz
threads_only,3:46,sample_cpu7_freq,2500,MHz
threads_only,3:47,sample_elapsed,7224,ms
threads_only,3:47,sample_power,4.663,W
threads_only,3:47,sample_process_cpu,480.519,% one core
threads_only,3:47,sample_free_ram,1.073,GiB
threads_only,3:47,sample_battery_temp,37.000,C
threads_only,3:47,sample_thermal_status,1,Android PowerManager status
threads_only,3:47,sample_cpu0_freq,1900,MHz
threads_only,3:47,sample_cpu1_freq,1900,MHz
threads_only,3:47,sample_cpu2_freq,1900,MHz
threads_only,3:47,sample_cpu3_freq,1900,MHz
threads_only,3:47,sample_cpu4_freq,2500,MHz
threads_only,3:47,sample_cpu5_freq,2500,MHz
threads_only,3:47,sample_cpu6_freq,2500,MHz
threads_only,3:47,sample_cpu7_freq,2500,MHz
threads_only,3:48,sample_elapsed,7383,ms
threads_only,3:48,sample_power,4.663,W
threads_only,3:48,sample_process_cpu,488.679,% one core
threads_only,3:48,sample_free_ram,1.073,GiB
threads_only,3:48,sample_battery_temp,37.000,C
threads_only,3:48,sample_thermal_status,1,Android PowerManager status
threads_only,3:48,sample_cpu0_freq,1900,MHz
threads_only,3:48,sample_cpu1_freq,1900,MHz
threads_only,3:48,sample_cpu2_freq,1900,MHz
threads_only,3:48,sample_cpu3_freq,1900,MHz
threads_only,3:48,sample_cpu4_freq,2500,MHz
threads_only,3:48,sample_cpu5_freq,2500,MHz
threads_only,3:48,sample_cpu6_freq,2500,MHz
threads_only,3:48,sample_cpu7_freq,2500,MHz
threads_only,3:49,sample_elapsed,7542,ms
threads_only,3:49,sample_power,4.663,W
threads_only,3:49,sample_process_cpu,497.484,% one core
threads_only,3:49,sample_free_ram,1.073,GiB
threads_only,3:49,sample_battery_temp,37.000,C
threads_only,3:49,sample_thermal_status,1,Android PowerManager status
threads_only,3:49,sample_cpu0_freq,1900,MHz
threads_only,3:49,sample_cpu1_freq,1900,MHz
threads_only,3:49,sample_cpu2_freq,1900,MHz
threads_only,3:49,sample_cpu3_freq,1900,MHz
threads_only,3:49,sample_cpu4_freq,2500,MHz
threads_only,3:49,sample_cpu5_freq,2500,MHz
threads_only,3:49,sample_cpu6_freq,2500,MHz
threads_only,3:49,sample_cpu7_freq,2500,MHz
threads_only,3:50,sample_elapsed,7703,ms
threads_only,3:50,sample_power,4.663,W
threads_only,3:50,sample_process_cpu,478.261,% one core
threads_only,3:50,sample_free_ram,1.073,GiB
threads_only,3:50,sample_battery_temp,37.000,C
threads_only,3:50,sample_thermal_status,1,Android PowerManager status
threads_only,3:50,sample_cpu0_freq,1900,MHz
threads_only,3:50,sample_cpu1_freq,1900,MHz
threads_only,3:50,sample_cpu2_freq,1900,MHz
threads_only,3:50,sample_cpu3_freq,1900,MHz
threads_only,3:50,sample_cpu4_freq,2500,MHz
threads_only,3:50,sample_cpu5_freq,2500,MHz
threads_only,3:50,sample_cpu6_freq,2500,MHz
threads_only,3:50,sample_cpu7_freq,2500,MHz
threads_only,3:51,sample_elapsed,7861,ms
threads_only,3:51,sample_power,4.587,W
threads_only,3:51,sample_process_cpu,493.671,% one core
threads_only,3:51,sample_free_ram,1.073,GiB
threads_only,3:51,sample_battery_temp,37.000,C
threads_only,3:51,sample_thermal_status,1,Android PowerManager status
threads_only,3:51,sample_cpu0_freq,1900,MHz
threads_only,3:51,sample_cpu1_freq,1900,MHz
threads_only,3:51,sample_cpu2_freq,1900,MHz
threads_only,3:51,sample_cpu3_freq,1900,MHz
threads_only,3:51,sample_cpu4_freq,2500,MHz
threads_only,3:51,sample_cpu5_freq,2500,MHz
threads_only,3:51,sample_cpu6_freq,2500,MHz
threads_only,3:51,sample_cpu7_freq,2500,MHz
threads_only,3:52,sample_elapsed,8028,ms
threads_only,3:52,sample_power,4.587,W
threads_only,3:52,sample_process_cpu,461.677,% one core
threads_only,3:52,sample_free_ram,1.073,GiB
threads_only,3:52,sample_battery_temp,37.000,C
threads_only,3:52,sample_thermal_status,1,Android PowerManager status
threads_only,3:52,sample_cpu0_freq,1900,MHz
threads_only,3:52,sample_cpu1_freq,1900,MHz
threads_only,3:52,sample_cpu2_freq,1900,MHz
threads_only,3:52,sample_cpu3_freq,1900,MHz
threads_only,3:52,sample_cpu4_freq,2500,MHz
threads_only,3:52,sample_cpu5_freq,2500,MHz
threads_only,3:52,sample_cpu6_freq,2500,MHz
threads_only,3:52,sample_cpu7_freq,2500,MHz
threads_only,3:53,sample_elapsed,8197,ms
threads_only,3:53,sample_power,4.587,W
threads_only,3:53,sample_process_cpu,511.834,% one core
threads_only,3:53,sample_free_ram,1.073,GiB
threads_only,3:53,sample_battery_temp,37.000,C
threads_only,3:53,sample_thermal_status,1,Android PowerManager status
threads_only,3:53,sample_cpu0_freq,1900,MHz
threads_only,3:53,sample_cpu1_freq,1900,MHz
threads_only,3:53,sample_cpu2_freq,1900,MHz
threads_only,3:53,sample_cpu3_freq,1900,MHz
threads_only,3:53,sample_cpu4_freq,2500,MHz
threads_only,3:53,sample_cpu5_freq,2500,MHz
threads_only,3:53,sample_cpu6_freq,2500,MHz
threads_only,3:53,sample_cpu7_freq,2500,MHz
threads_only,3:54,sample_elapsed,8364,ms
threads_only,3:54,sample_power,4.489,W
threads_only,3:54,sample_process_cpu,507.186,% one core
threads_only,3:54,sample_free_ram,1.072,GiB
threads_only,3:54,sample_battery_temp,37.000,C
threads_only,3:54,sample_thermal_status,1,Android PowerManager status
threads_only,3:54,sample_cpu0_freq,1900,MHz
threads_only,3:54,sample_cpu1_freq,1900,MHz
threads_only,3:54,sample_cpu2_freq,1900,MHz
threads_only,3:54,sample_cpu3_freq,1900,MHz
threads_only,3:54,sample_cpu4_freq,2500,MHz
threads_only,3:54,sample_cpu5_freq,2500,MHz
threads_only,3:54,sample_cpu6_freq,2500,MHz
threads_only,3:54,sample_cpu7_freq,2500,MHz
threads_only,3:55,sample_elapsed,8530,ms
threads_only,3:55,sample_power,4.489,W
threads_only,3:55,sample_process_cpu,472.289,% one core
threads_only,3:55,sample_free_ram,1.072,GiB
threads_only,3:55,sample_battery_temp,37.000,C
threads_only,3:55,sample_thermal_status,1,Android PowerManager status
threads_only,3:55,sample_cpu0_freq,1900,MHz
threads_only,3:55,sample_cpu1_freq,1900,MHz
threads_only,3:55,sample_cpu2_freq,1900,MHz
threads_only,3:55,sample_cpu3_freq,1900,MHz
threads_only,3:55,sample_cpu4_freq,2500,MHz
threads_only,3:55,sample_cpu5_freq,2500,MHz
threads_only,3:55,sample_cpu6_freq,2500,MHz
threads_only,3:55,sample_cpu7_freq,2500,MHz
threads_only,3:56,sample_elapsed,8687,ms
threads_only,3:56,sample_power,4.489,W
threads_only,3:56,sample_process_cpu,483.439,% one core
threads_only,3:56,sample_free_ram,1.072,GiB
threads_only,3:56,sample_battery_temp,37.000,C
threads_only,3:56,sample_thermal_status,1,Android PowerManager status
threads_only,3:56,sample_cpu0_freq,1900,MHz
threads_only,3:56,sample_cpu1_freq,1900,MHz
threads_only,3:56,sample_cpu2_freq,1900,MHz
threads_only,3:56,sample_cpu3_freq,1900,MHz
threads_only,3:56,sample_cpu4_freq,2500,MHz
threads_only,3:56,sample_cpu5_freq,2500,MHz
threads_only,3:56,sample_cpu6_freq,2500,MHz
threads_only,3:56,sample_cpu7_freq,2500,MHz
threads_only,3:57,sample_elapsed,8840,ms
threads_only,3:57,sample_power,4.489,W
threads_only,3:57,sample_process_cpu,470.588,% one core
threads_only,3:57,sample_free_ram,1.072,GiB
threads_only,3:57,sample_battery_temp,37.000,C
threads_only,3:57,sample_thermal_status,1,Android PowerManager status
threads_only,3:57,sample_cpu0_freq,1900,MHz
threads_only,3:57,sample_cpu1_freq,1900,MHz
threads_only,3:57,sample_cpu2_freq,1900,MHz
threads_only,3:57,sample_cpu3_freq,1900,MHz
threads_only,3:57,sample_cpu4_freq,2500,MHz
threads_only,3:57,sample_cpu5_freq,2500,MHz
threads_only,3:57,sample_cpu6_freq,2500,MHz
threads_only,3:57,sample_cpu7_freq,2500,MHz
threads_only,3:58,sample_elapsed,8998,ms
threads_only,3:58,sample_power,4.368,W
threads_only,3:58,sample_process_cpu,554.430,% one core
threads_only,3:58,sample_free_ram,1.072,GiB
threads_only,3:58,sample_battery_temp,37.000,C
threads_only,3:58,sample_thermal_status,1,Android PowerManager status
threads_only,3:58,sample_cpu0_freq,1900,MHz
threads_only,3:58,sample_cpu1_freq,1900,MHz
threads_only,3:58,sample_cpu2_freq,1900,MHz
threads_only,3:58,sample_cpu3_freq,1900,MHz
threads_only,3:58,sample_cpu4_freq,2500,MHz
threads_only,3:58,sample_cpu5_freq,2500,MHz
threads_only,3:58,sample_cpu6_freq,2500,MHz
threads_only,3:58,sample_cpu7_freq,2500,MHz
threads_only,3:59,sample_elapsed,9174,ms
threads_only,3:59,sample_power,4.368,W
threads_only,3:59,sample_process_cpu,446.591,% one core
threads_only,3:59,sample_free_ram,1.072,GiB
threads_only,3:59,sample_battery_temp,37.000,C
threads_only,3:59,sample_thermal_status,1,Android PowerManager status
threads_only,3:59,sample_cpu0_freq,1900,MHz
threads_only,3:59,sample_cpu1_freq,1900,MHz
threads_only,3:59,sample_cpu2_freq,1900,MHz
threads_only,3:59,sample_cpu3_freq,1900,MHz
threads_only,3:59,sample_cpu4_freq,2500,MHz
threads_only,3:59,sample_cpu5_freq,2500,MHz
threads_only,3:59,sample_cpu6_freq,2500,MHz
threads_only,3:59,sample_cpu7_freq,2500,MHz
threads_only,3:60,sample_elapsed,9333,ms
threads_only,3:60,sample_power,4.368,W
threads_only,3:60,sample_process_cpu,483.648,% one core
threads_only,3:60,sample_free_ram,1.072,GiB
threads_only,3:60,sample_battery_temp,37.000,C
threads_only,3:60,sample_thermal_status,1,Android PowerManager status
threads_only,3:60,sample_cpu0_freq,1900,MHz
threads_only,3:60,sample_cpu1_freq,1900,MHz
threads_only,3:60,sample_cpu2_freq,1900,MHz
threads_only,3:60,sample_cpu3_freq,1900,MHz
threads_only,3:60,sample_cpu4_freq,2500,MHz
threads_only,3:60,sample_cpu5_freq,2500,MHz
threads_only,3:60,sample_cpu6_freq,2500,MHz
threads_only,3:60,sample_cpu7_freq,2500,MHz
threads_only,3:61,sample_elapsed,9494,ms
threads_only,3:61,sample_power,4.368,W
threads_only,3:61,sample_process_cpu,495.031,% one core
threads_only,3:61,sample_free_ram,1.072,GiB
threads_only,3:61,sample_battery_temp,37.000,C
threads_only,3:61,sample_thermal_status,1,Android PowerManager status
threads_only,3:61,sample_cpu0_freq,1900,MHz
threads_only,3:61,sample_cpu1_freq,1900,MHz
threads_only,3:61,sample_cpu2_freq,1900,MHz
threads_only,3:61,sample_cpu3_freq,1900,MHz
threads_only,3:61,sample_cpu4_freq,2500,MHz
threads_only,3:61,sample_cpu5_freq,2500,MHz
threads_only,3:61,sample_cpu6_freq,2500,MHz
threads_only,3:61,sample_cpu7_freq,2500,MHz
threads_only,3:62,sample_elapsed,9648,ms
threads_only,3:62,sample_power,4.560,W
threads_only,3:62,sample_process_cpu,508.442,% one core
threads_only,3:62,sample_free_ram,1.072,GiB
threads_only,3:62,sample_battery_temp,37.000,C
threads_only,3:62,sample_thermal_status,1,Android PowerManager status
threads_only,3:62,sample_cpu0_freq,1900,MHz
threads_only,3:62,sample_cpu1_freq,1900,MHz
threads_only,3:62,sample_cpu2_freq,1900,MHz
threads_only,3:62,sample_cpu3_freq,1900,MHz
threads_only,3:62,sample_cpu4_freq,2500,MHz
threads_only,3:62,sample_cpu5_freq,2500,MHz
threads_only,3:62,sample_cpu6_freq,2500,MHz
threads_only,3:62,sample_cpu7_freq,2500,MHz
threads_only,3:63,sample_elapsed,9808,ms
threads_only,3:63,sample_power,4.560,W
threads_only,3:63,sample_process_cpu,492.500,% one core
threads_only,3:63,sample_free_ram,1.072,GiB
threads_only,3:63,sample_battery_temp,37.000,C
threads_only,3:63,sample_thermal_status,1,Android PowerManager status
threads_only,3:63,sample_cpu0_freq,1900,MHz
threads_only,3:63,sample_cpu1_freq,1900,MHz
threads_only,3:63,sample_cpu2_freq,1900,MHz
threads_only,3:63,sample_cpu3_freq,1900,MHz
threads_only,3:63,sample_cpu4_freq,2500,MHz
threads_only,3:63,sample_cpu5_freq,2500,MHz
threads_only,3:63,sample_cpu6_freq,2500,MHz
threads_only,3:63,sample_cpu7_freq,2500,MHz
threads_only,3:64,sample_elapsed,9965,ms
threads_only,3:64,sample_power,4.560,W
threads_only,3:64,sample_process_cpu,466.242,% one core
threads_only,3:64,sample_free_ram,1.072,GiB
threads_only,3:64,sample_battery_temp,37.000,C
threads_only,3:64,sample_thermal_status,1,Android PowerManager status
threads_only,3:64,sample_cpu0_freq,1900,MHz
threads_only,3:64,sample_cpu1_freq,1900,MHz
threads_only,3:64,sample_cpu2_freq,1900,MHz
threads_only,3:64,sample_cpu3_freq,1900,MHz
threads_only,3:64,sample_cpu4_freq,2500,MHz
threads_only,3:64,sample_cpu5_freq,2500,MHz
threads_only,3:64,sample_cpu6_freq,2500,MHz
threads_only,3:64,sample_cpu7_freq,2500,MHz
threads_only,3:65,sample_elapsed,10120,ms
threads_only,3:65,sample_power,4.560,W
threads_only,3:65,sample_process_cpu,501.290,% one core
threads_only,3:65,sample_free_ram,1.072,GiB
threads_only,3:65,sample_battery_temp,37.000,C
threads_only,3:65,sample_thermal_status,1,Android PowerManager status
threads_only,3:65,sample_cpu0_freq,1900,MHz
threads_only,3:65,sample_cpu1_freq,1900,MHz
threads_only,3:65,sample_cpu2_freq,1900,MHz
threads_only,3:65,sample_cpu3_freq,1900,MHz
threads_only,3:65,sample_cpu4_freq,2500,MHz
threads_only,3:65,sample_cpu5_freq,2500,MHz
threads_only,3:65,sample_cpu6_freq,2500,MHz
threads_only,3:65,sample_cpu7_freq,2500,MHz
threads_only,3:66,sample_elapsed,10276,ms
threads_only,3:66,sample_power,4.516,W
threads_only,3:66,sample_process_cpu,508.974,% one core
threads_only,3:66,sample_free_ram,1.071,GiB
threads_only,3:66,sample_battery_temp,37.000,C
threads_only,3:66,sample_thermal_status,1,Android PowerManager status
threads_only,3:66,sample_cpu0_freq,1900,MHz
threads_only,3:66,sample_cpu1_freq,1900,MHz
threads_only,3:66,sample_cpu2_freq,1900,MHz
threads_only,3:66,sample_cpu3_freq,1900,MHz
threads_only,3:66,sample_cpu4_freq,2500,MHz
threads_only,3:66,sample_cpu5_freq,2500,MHz
threads_only,3:66,sample_cpu6_freq,2500,MHz
threads_only,3:66,sample_cpu7_freq,2500,MHz
threads_only,3:67,sample_elapsed,10440,ms
threads_only,3:67,sample_power,4.516,W
threads_only,3:67,sample_process_cpu,471.951,% one core
threads_only,3:67,sample_free_ram,1.072,GiB
threads_only,3:67,sample_battery_temp,37.000,C
threads_only,3:67,sample_thermal_status,1,Android PowerManager status
threads_only,3:67,sample_cpu0_freq,1900,MHz
threads_only,3:67,sample_cpu1_freq,1900,MHz
threads_only,3:67,sample_cpu2_freq,1900,MHz
threads_only,3:67,sample_cpu3_freq,1900,MHz
threads_only,3:67,sample_cpu4_freq,2500,MHz
threads_only,3:67,sample_cpu5_freq,2500,MHz
threads_only,3:67,sample_cpu6_freq,2500,MHz
threads_only,3:67,sample_cpu7_freq,2500,MHz
threads_only,3:68,sample_elapsed,10594,ms
threads_only,3:68,sample_power,4.516,W
threads_only,3:68,sample_process_cpu,476.623,% one core
threads_only,3:68,sample_free_ram,1.070,GiB
threads_only,3:68,sample_battery_temp,37.000,C
threads_only,3:68,sample_thermal_status,1,Android PowerManager status
threads_only,3:68,sample_cpu0_freq,1900,MHz
threads_only,3:68,sample_cpu1_freq,1900,MHz
threads_only,3:68,sample_cpu2_freq,1900,MHz
threads_only,3:68,sample_cpu3_freq,1900,MHz
threads_only,3:68,sample_cpu4_freq,2500,MHz
threads_only,3:68,sample_cpu5_freq,2500,MHz
threads_only,3:68,sample_cpu6_freq,2500,MHz
threads_only,3:68,sample_cpu7_freq,2500,MHz
threads_only,3:69,sample_elapsed,10750,ms
threads_only,3:69,sample_power,4.516,W
threads_only,3:69,sample_process_cpu,430.769,% one core
threads_only,3:69,sample_free_ram,1.067,GiB
threads_only,3:69,sample_battery_temp,37.000,C
threads_only,3:69,sample_thermal_status,1,Android PowerManager status
threads_only,3:69,sample_cpu0_freq,1900,MHz
threads_only,3:69,sample_cpu1_freq,1900,MHz
threads_only,3:69,sample_cpu2_freq,1900,MHz
threads_only,3:69,sample_cpu3_freq,1900,MHz
threads_only,3:69,sample_cpu4_freq,2500,MHz
threads_only,3:69,sample_cpu5_freq,2500,MHz
threads_only,3:69,sample_cpu6_freq,2500,MHz
threads_only,3:69,sample_cpu7_freq,2500,MHz
threads_only,3:70,sample_elapsed,10903,ms
threads_only,3:70,sample_power,5.158,W
threads_only,3:70,sample_process_cpu,441.176,% one core
threads_only,3:70,sample_free_ram,1.095,GiB
threads_only,3:70,sample_battery_temp,37.000,C
threads_only,3:70,sample_thermal_status,1,Android PowerManager status
threads_only,3:70,sample_cpu0_freq,1900,MHz
threads_only,3:70,sample_cpu1_freq,1900,MHz
threads_only,3:70,sample_cpu2_freq,1900,MHz
threads_only,3:70,sample_cpu3_freq,1900,MHz
threads_only,3:70,sample_cpu4_freq,2500,MHz
threads_only,3:70,sample_cpu5_freq,2500,MHz
threads_only,3:70,sample_cpu6_freq,2500,MHz
threads_only,3:70,sample_cpu7_freq,2500,MHz
threads_only,3:71,sample_elapsed,11056,ms
threads_only,3:71,sample_power,5.158,W
threads_only,3:71,sample_process_cpu,390.850,% one core
threads_only,3:71,sample_free_ram,1.081,GiB
threads_only,3:71,sample_battery_temp,37.000,C
threads_only,3:71,sample_thermal_status,1,Android PowerManager status
threads_only,3:71,sample_cpu0_freq,1900,MHz
threads_only,3:71,sample_cpu1_freq,1900,MHz
threads_only,3:71,sample_cpu2_freq,1900,MHz
threads_only,3:71,sample_cpu3_freq,1900,MHz
threads_only,3:71,sample_cpu4_freq,2500,MHz
threads_only,3:71,sample_cpu5_freq,2500,MHz
threads_only,3:71,sample_cpu6_freq,2500,MHz
threads_only,3:71,sample_cpu7_freq,2500,MHz
threads_only,3:72,sample_elapsed,11211,ms
threads_only,3:72,sample_power,5.158,W
threads_only,3:72,sample_process_cpu,275.484,% one core
threads_only,3:72,sample_free_ram,1.052,GiB
threads_only,3:72,sample_battery_temp,37.000,C
threads_only,3:72,sample_thermal_status,1,Android PowerManager status
threads_only,3:72,sample_cpu0_freq,1900,MHz
threads_only,3:72,sample_cpu1_freq,1900,MHz
threads_only,3:72,sample_cpu2_freq,1900,MHz
threads_only,3:72,sample_cpu3_freq,1900,MHz
threads_only,3:72,sample_cpu4_freq,2500,MHz
threads_only,3:72,sample_cpu5_freq,2500,MHz
threads_only,3:72,sample_cpu6_freq,2500,MHz
threads_only,3:72,sample_cpu7_freq,2500,MHz
threads_only,3:73,sample_elapsed,11372,ms
threads_only,3:73,sample_power,5.158,W
threads_only,3:73,sample_process_cpu,198.137,% one core
threads_only,3:73,sample_free_ram,1.070,GiB
threads_only,3:73,sample_battery_temp,37.000,C
threads_only,3:73,sample_thermal_status,1,Android PowerManager status
threads_only,3:73,sample_cpu0_freq,1900,MHz
threads_only,3:73,sample_cpu1_freq,1900,MHz
threads_only,3:73,sample_cpu2_freq,1900,MHz
threads_only,3:73,sample_cpu3_freq,1900,MHz
threads_only,3:73,sample_cpu4_freq,2500,MHz
threads_only,3:73,sample_cpu5_freq,2500,MHz
threads_only,3:73,sample_cpu6_freq,2500,MHz
threads_only,3:73,sample_cpu7_freq,2500,MHz
threads_only,3:74,sample_elapsed,11543,ms
threads_only,3:74,sample_power,5.011,W
threads_only,3:74,sample_process_cpu,208.772,% one core
threads_only,3:74,sample_free_ram,1.006,GiB
threads_only,3:74,sample_battery_temp,37.000,C
threads_only,3:74,sample_thermal_status,1,Android PowerManager status
threads_only,3:74,sample_cpu0_freq,1900,MHz
threads_only,3:74,sample_cpu1_freq,1900,MHz
threads_only,3:74,sample_cpu2_freq,1900,MHz
threads_only,3:74,sample_cpu3_freq,1900,MHz
threads_only,3:74,sample_cpu4_freq,2500,MHz
threads_only,3:74,sample_cpu5_freq,2500,MHz
threads_only,3:74,sample_cpu6_freq,2500,MHz
threads_only,3:74,sample_cpu7_freq,2500,MHz
threads_only,3:75,sample_elapsed,11721,ms
threads_only,3:75,sample_power,5.111,W
threads_only,3:75,sample_process_cpu,214.607,% one core
threads_only,3:75,sample_free_ram,0.964,GiB
threads_only,3:75,sample_battery_temp,37.000,C
threads_only,3:75,sample_thermal_status,1,Android PowerManager status
threads_only,3:75,sample_cpu0_freq,1900,MHz
threads_only,3:75,sample_cpu1_freq,1900,MHz
threads_only,3:75,sample_cpu2_freq,1900,MHz
threads_only,3:75,sample_cpu3_freq,1900,MHz
threads_only,3:75,sample_cpu4_freq,2500,MHz
threads_only,3:75,sample_cpu5_freq,2500,MHz
threads_only,3:75,sample_cpu6_freq,2500,MHz
threads_only,3:75,sample_cpu7_freq,2500,MHz
threads_only,3:76,sample_elapsed,11885,ms
threads_only,3:76,sample_power,5.111,W
threads_only,3:76,sample_process_cpu,292.073,% one core
threads_only,3:76,sample_free_ram,0.969,GiB
threads_only,3:76,sample_battery_temp,37.000,C
threads_only,3:76,sample_thermal_status,1,Android PowerManager status
threads_only,3:76,sample_cpu0_freq,1900,MHz
threads_only,3:76,sample_cpu1_freq,1900,MHz
threads_only,3:76,sample_cpu2_freq,1900,MHz
threads_only,3:76,sample_cpu3_freq,1900,MHz
threads_only,3:76,sample_cpu4_freq,2500,MHz
threads_only,3:76,sample_cpu5_freq,2500,MHz
threads_only,3:76,sample_cpu6_freq,2500,MHz
threads_only,3:76,sample_cpu7_freq,2500,MHz
threads_only,3:77,sample_elapsed,12040,ms
threads_only,3:77,sample_power,5.111,W
threads_only,3:77,sample_process_cpu,370.323,% one core
threads_only,3:77,sample_free_ram,1.001,GiB
threads_only,3:77,sample_battery_temp,37.000,C
threads_only,3:77,sample_thermal_status,1,Android PowerManager status
threads_only,3:77,sample_cpu0_freq,1900,MHz
threads_only,3:77,sample_cpu1_freq,1900,MHz
threads_only,3:77,sample_cpu2_freq,1900,MHz
threads_only,3:77,sample_cpu3_freq,1900,MHz
threads_only,3:77,sample_cpu4_freq,2500,MHz
threads_only,3:77,sample_cpu5_freq,2500,MHz
threads_only,3:77,sample_cpu6_freq,2500,MHz
threads_only,3:77,sample_cpu7_freq,2500,MHz
threads_only,3:78,sample_elapsed,12197,ms
threads_only,3:78,sample_power,3.251,W
threads_only,3:78,sample_process_cpu,349.045,% one core
threads_only,3:78,sample_free_ram,1.016,GiB
threads_only,3:78,sample_battery_temp,37.000,C
threads_only,3:78,sample_thermal_status,1,Android PowerManager status
threads_only,3:78,sample_cpu0_freq,1900,MHz
threads_only,3:78,sample_cpu1_freq,1900,MHz
threads_only,3:78,sample_cpu2_freq,1900,MHz
threads_only,3:78,sample_cpu3_freq,1900,MHz
threads_only,3:78,sample_cpu4_freq,1000,MHz
threads_only,3:78,sample_cpu5_freq,1200,MHz
threads_only,3:78,sample_cpu6_freq,2400,MHz
threads_only,3:78,sample_cpu7_freq,2400,MHz
threads_only,3:79,sample_elapsed,12353,ms
threads_only,3:79,sample_power,3.251,W
threads_only,3:79,sample_process_cpu,371.154,% one core
threads_only,3:79,sample_free_ram,1.006,GiB
threads_only,3:79,sample_battery_temp,37.000,C
threads_only,3:79,sample_thermal_status,1,Android PowerManager status
threads_only,3:79,sample_cpu0_freq,1900,MHz
threads_only,3:79,sample_cpu1_freq,1900,MHz
threads_only,3:79,sample_cpu2_freq,1900,MHz
threads_only,3:79,sample_cpu3_freq,1900,MHz
threads_only,3:79,sample_cpu4_freq,1000,MHz
threads_only,3:79,sample_cpu5_freq,1000,MHz
threads_only,3:79,sample_cpu6_freq,1000,MHz
threads_only,3:79,sample_cpu7_freq,1000,MHz
threads_only,3:80,sample_elapsed,12513,ms
threads_only,3:80,sample_power,3.251,W
threads_only,3:80,sample_process_cpu,323.750,% one core
threads_only,3:80,sample_free_ram,1.005,GiB
threads_only,3:80,sample_battery_temp,37.000,C
threads_only,3:80,sample_thermal_status,1,Android PowerManager status
threads_only,3:80,sample_cpu0_freq,1900,MHz
threads_only,3:80,sample_cpu1_freq,1900,MHz
threads_only,3:80,sample_cpu2_freq,1900,MHz
threads_only,3:80,sample_cpu3_freq,1900,MHz
threads_only,3:80,sample_cpu4_freq,900,MHz
threads_only,3:80,sample_cpu5_freq,900,MHz
threads_only,3:80,sample_cpu6_freq,900,MHz
threads_only,3:80,sample_cpu7_freq,900,MHz
threads_only,3:81,sample_elapsed,12671,ms
threads_only,3:81,sample_power,3.251,W
threads_only,3:81,sample_process_cpu,363.291,% one core
threads_only,3:81,sample_free_ram,1.005,GiB
threads_only,3:81,sample_battery_temp,37.000,C
threads_only,3:81,sample_thermal_status,1,Android PowerManager status
threads_only,3:81,sample_cpu0_freq,1900,MHz
threads_only,3:81,sample_cpu1_freq,1900,MHz
threads_only,3:81,sample_cpu2_freq,1900,MHz
threads_only,3:81,sample_cpu3_freq,1900,MHz
threads_only,3:81,sample_cpu4_freq,900,MHz
threads_only,3:81,sample_cpu5_freq,900,MHz
threads_only,3:81,sample_cpu6_freq,1000,MHz
threads_only,3:81,sample_cpu7_freq,1000,MHz
threads_only,3:82,sample_elapsed,12831,ms
threads_only,3:82,sample_power,3.104,W
threads_only,3:82,sample_process_cpu,351.875,% one core
threads_only,3:82,sample_free_ram,1.007,GiB
threads_only,3:82,sample_battery_temp,37.000,C
threads_only,3:82,sample_thermal_status,1,Android PowerManager status
threads_only,3:82,sample_cpu0_freq,1900,MHz
threads_only,3:82,sample_cpu1_freq,1900,MHz
threads_only,3:82,sample_cpu2_freq,1900,MHz
threads_only,3:82,sample_cpu3_freq,1900,MHz
threads_only,3:82,sample_cpu4_freq,1000,MHz
threads_only,3:82,sample_cpu5_freq,1000,MHz
threads_only,3:82,sample_cpu6_freq,1000,MHz
threads_only,3:82,sample_cpu7_freq,1000,MHz
threads_only,3:83,sample_elapsed,12993,ms
threads_only,3:83,sample_power,3.104,W
threads_only,3:83,sample_process_cpu,364.815,% one core
threads_only,3:83,sample_free_ram,1.018,GiB
threads_only,3:83,sample_battery_temp,37.000,C
threads_only,3:83,sample_thermal_status,1,Android PowerManager status
threads_only,3:83,sample_cpu0_freq,1900,MHz
threads_only,3:83,sample_cpu1_freq,1900,MHz
threads_only,3:83,sample_cpu2_freq,1900,MHz
threads_only,3:83,sample_cpu3_freq,1900,MHz
threads_only,3:83,sample_cpu4_freq,900,MHz
threads_only,3:83,sample_cpu5_freq,900,MHz
threads_only,3:83,sample_cpu6_freq,900,MHz
threads_only,3:83,sample_cpu7_freq,900,MHz
threads_only,3:84,sample_elapsed,13155,ms
threads_only,3:84,sample_power,3.104,W
threads_only,3:84,sample_process_cpu,364.198,% one core
threads_only,3:84,sample_free_ram,1.018,GiB
threads_only,3:84,sample_battery_temp,37.000,C
threads_only,3:84,sample_thermal_status,1,Android PowerManager status
threads_only,3:84,sample_cpu0_freq,1900,MHz
threads_only,3:84,sample_cpu1_freq,1900,MHz
threads_only,3:84,sample_cpu2_freq,1900,MHz
threads_only,3:84,sample_cpu3_freq,1900,MHz
threads_only,3:84,sample_cpu4_freq,1000,MHz
threads_only,3:84,sample_cpu5_freq,1000,MHz
threads_only,3:84,sample_cpu6_freq,1000,MHz
threads_only,3:84,sample_cpu7_freq,1000,MHz
threads_only,3:85,sample_elapsed,13314,ms
threads_only,3:85,sample_power,3.104,W
threads_only,3:85,sample_process_cpu,337.736,% one core
threads_only,3:85,sample_free_ram,1.001,GiB
threads_only,3:85,sample_battery_temp,37.000,C
threads_only,3:85,sample_thermal_status,1,Android PowerManager status
threads_only,3:85,sample_cpu0_freq,1900,MHz
threads_only,3:85,sample_cpu1_freq,1900,MHz
threads_only,3:85,sample_cpu2_freq,1900,MHz
threads_only,3:85,sample_cpu3_freq,1900,MHz
threads_only,3:85,sample_cpu4_freq,1000,MHz
threads_only,3:85,sample_cpu5_freq,1000,MHz
threads_only,3:85,sample_cpu6_freq,1000,MHz
threads_only,3:85,sample_cpu7_freq,1000,MHz
threads_only,3:86,sample_elapsed,13471,ms
threads_only,3:86,sample_power,3.586,W
threads_only,3:86,sample_process_cpu,366.242,% one core
threads_only,3:86,sample_free_ram,1.001,GiB
threads_only,3:86,sample_battery_temp,37.000,C
threads_only,3:86,sample_thermal_status,1,Android PowerManager status
threads_only,3:86,sample_cpu0_freq,1900,MHz
threads_only,3:86,sample_cpu1_freq,1900,MHz
threads_only,3:86,sample_cpu2_freq,1900,MHz
threads_only,3:86,sample_cpu3_freq,1900,MHz
threads_only,3:86,sample_cpu4_freq,1200,MHz
threads_only,3:86,sample_cpu5_freq,1300,MHz
threads_only,3:86,sample_cpu6_freq,1300,MHz
threads_only,3:86,sample_cpu7_freq,1300,MHz
threads_only,3:87,sample_elapsed,13628,ms
threads_only,3:87,sample_power,3.586,W
threads_only,3:87,sample_process_cpu,354.140,% one core
threads_only,3:87,sample_free_ram,0.999,GiB
threads_only,3:87,sample_battery_temp,37.000,C
threads_only,3:87,sample_thermal_status,1,Android PowerManager status
threads_only,3:87,sample_cpu0_freq,1900,MHz
threads_only,3:87,sample_cpu1_freq,1900,MHz
threads_only,3:87,sample_cpu2_freq,1900,MHz
threads_only,3:87,sample_cpu3_freq,1900,MHz
threads_only,3:87,sample_cpu4_freq,800,MHz
threads_only,3:87,sample_cpu5_freq,900,MHz
threads_only,3:87,sample_cpu6_freq,900,MHz
threads_only,3:87,sample_cpu7_freq,900,MHz
threads_only,3:88,sample_elapsed,13783,ms
threads_only,3:88,sample_power,3.586,W
threads_only,3:88,sample_process_cpu,369.032,% one core
threads_only,3:88,sample_free_ram,0.999,GiB
threads_only,3:88,sample_battery_temp,37.000,C
threads_only,3:88,sample_thermal_status,1,Android PowerManager status
threads_only,3:88,sample_cpu0_freq,1900,MHz
threads_only,3:88,sample_cpu1_freq,1900,MHz
threads_only,3:88,sample_cpu2_freq,1900,MHz
threads_only,3:88,sample_cpu3_freq,1900,MHz
threads_only,3:88,sample_cpu4_freq,1000,MHz
threads_only,3:88,sample_cpu5_freq,900,MHz
threads_only,3:88,sample_cpu6_freq,900,MHz
threads_only,3:88,sample_cpu7_freq,900,MHz
threads_only,median,pp,134.000,tok/s
threads_only,stddev,pp,4.320,tok/s
threads_only,median,tg,15.900,tok/s
threads_only,stddev,tg,1.575,tok/s
threads_only,median,power,4.211,W
threads_only,stddev,power,0.128,W
threads_only,median,tok_per_w,3.886,tok/W
threads_only,stddev,tok_per_w,0.422,tok/W
threads_only,median,ttft_pp512_derived,3898.415,ms
threads_only,stddev,ttft_pp512_derived,128.218,ms
threads_only,median,start_temp,37.000,C
threads_only,stddev,start_temp,0.471,C
threads_only,median,average_process_cpu,481.580,% one core
threads_only,stddev,average_process_cpu,18.974,% one core
threads_only,median,minimum_free_ram,1.090,GiB
threads_only,stddev,minimum_free_ram,0.063,GiB
threads_only,median,peak_battery_temp,37.000,C
threads_only,stddev,peak_battery_temp,0.471,C
threads_only,median,mean_perf_core_clock,2316.954,MHz
threads_only,stddev,mean_perf_core_clock,90.550,MHz
threads_only,median,mean_little_core_clock,1757.090,MHz
threads_only,stddev,mean_little_core_clock,54.263,MHz
optimized,1,pp,135.000,tok/s
optimized,1,tg,15.900,tok/s
optimized,1,power,4.187,W
optimized,1,tok_per_w,3.797,tok/W
optimized,1,ttft_pp512_derived,3855.486,ms
optimized,1,start_temp,37.000,C
optimized,1,average_process_cpu,478.337,% one core
optimized,1,minimum_free_ram,1.011,GiB
optimized,1,peak_battery_temp,37.000,C
optimized,1,peak_thermal_status,1,Android PowerManager status
optimized,1:1,sample_elapsed,0,ms
optimized,1:1,sample_power,1.010,W
optimized,1:1,sample_process_cpu,0.000,% one core
optimized,1:1,sample_free_ram,1.092,GiB
optimized,1:1,sample_battery_temp,37.000,C
optimized,1:1,sample_thermal_status,1,Android PowerManager status
optimized,1:1,sample_cpu0_freq,1600,MHz
optimized,1:1,sample_cpu1_freq,1600,MHz
optimized,1:1,sample_cpu2_freq,1600,MHz
optimized,1:1,sample_cpu3_freq,1600,MHz
optimized,1:1,sample_cpu4_freq,400,MHz
optimized,1:1,sample_cpu5_freq,400,MHz
optimized,1:1,sample_cpu6_freq,400,MHz
optimized,1:1,sample_cpu7_freq,600,MHz
optimized,1:2,sample_elapsed,161,ms
optimized,1:2,sample_power,1.010,W
optimized,1:2,sample_process_cpu,374.534,% one core
optimized,1:2,sample_free_ram,1.045,GiB
optimized,1:2,sample_battery_temp,37.000,C
optimized,1:2,sample_thermal_status,1,Android PowerManager status
optimized,1:2,sample_cpu0_freq,1200,MHz
optimized,1:2,sample_cpu1_freq,700,MHz
optimized,1:2,sample_cpu2_freq,1900,MHz
optimized,1:2,sample_cpu3_freq,1400,MHz
optimized,1:2,sample_cpu4_freq,2500,MHz
optimized,1:2,sample_cpu5_freq,2500,MHz
optimized,1:2,sample_cpu6_freq,2500,MHz
optimized,1:2,sample_cpu7_freq,2500,MHz
optimized,1:3,sample_elapsed,323,ms
optimized,1:3,sample_power,1.010,W
optimized,1:3,sample_process_cpu,472.222,% one core
optimized,1:3,sample_free_ram,1.011,GiB
optimized,1:3,sample_battery_temp,37.000,C
optimized,1:3,sample_thermal_status,1,Android PowerManager status
optimized,1:3,sample_cpu0_freq,1900,MHz
optimized,1:3,sample_cpu1_freq,1500,MHz
optimized,1:3,sample_cpu2_freq,1200,MHz
optimized,1:3,sample_cpu3_freq,1400,MHz
optimized,1:3,sample_cpu4_freq,2500,MHz
optimized,1:3,sample_cpu5_freq,2500,MHz
optimized,1:3,sample_cpu6_freq,2500,MHz
optimized,1:3,sample_cpu7_freq,2500,MHz
optimized,1:4,sample_elapsed,480,ms
optimized,1:4,sample_power,1.010,W
optimized,1:4,sample_process_cpu,464.331,% one core
optimized,1:4,sample_free_ram,1.011,GiB
optimized,1:4,sample_battery_temp,37.000,C
optimized,1:4,sample_thermal_status,1,Android PowerManager status
optimized,1:4,sample_cpu0_freq,1800,MHz
optimized,1:4,sample_cpu1_freq,1800,MHz
optimized,1:4,sample_cpu2_freq,1800,MHz
optimized,1:4,sample_cpu3_freq,1800,MHz
optimized,1:4,sample_cpu4_freq,2500,MHz
optimized,1:4,sample_cpu5_freq,2500,MHz
optimized,1:4,sample_cpu6_freq,2500,MHz
optimized,1:4,sample_cpu7_freq,2500,MHz
optimized,1:5,sample_elapsed,638,ms
optimized,1:5,sample_power,4.460,W
optimized,1:5,sample_process_cpu,469.620,% one core
optimized,1:5,sample_free_ram,1.022,GiB
optimized,1:5,sample_battery_temp,37.000,C
optimized,1:5,sample_thermal_status,1,Android PowerManager status
optimized,1:5,sample_cpu0_freq,1900,MHz
optimized,1:5,sample_cpu1_freq,1900,MHz
optimized,1:5,sample_cpu2_freq,1900,MHz
optimized,1:5,sample_cpu3_freq,1900,MHz
optimized,1:5,sample_cpu4_freq,2500,MHz
optimized,1:5,sample_cpu5_freq,2500,MHz
optimized,1:5,sample_cpu6_freq,2500,MHz
optimized,1:5,sample_cpu7_freq,2500,MHz
optimized,1:6,sample_elapsed,801,ms
optimized,1:6,sample_power,4.460,W
optimized,1:6,sample_process_cpu,482.209,% one core
optimized,1:6,sample_free_ram,1.022,GiB
optimized,1:6,sample_battery_temp,37.000,C
optimized,1:6,sample_thermal_status,1,Android PowerManager status
optimized,1:6,sample_cpu0_freq,1900,MHz
optimized,1:6,sample_cpu1_freq,1900,MHz
optimized,1:6,sample_cpu2_freq,1900,MHz
optimized,1:6,sample_cpu3_freq,800,MHz
optimized,1:6,sample_cpu4_freq,2500,MHz
optimized,1:6,sample_cpu5_freq,2500,MHz
optimized,1:6,sample_cpu6_freq,2500,MHz
optimized,1:6,sample_cpu7_freq,2500,MHz
optimized,1:7,sample_elapsed,956,ms
optimized,1:7,sample_power,4.460,W
optimized,1:7,sample_process_cpu,465.806,% one core
optimized,1:7,sample_free_ram,1.022,GiB
optimized,1:7,sample_battery_temp,37.000,C
optimized,1:7,sample_thermal_status,1,Android PowerManager status
optimized,1:7,sample_cpu0_freq,1900,MHz
optimized,1:7,sample_cpu1_freq,1900,MHz
optimized,1:7,sample_cpu2_freq,1900,MHz
optimized,1:7,sample_cpu3_freq,1900,MHz
optimized,1:7,sample_cpu4_freq,2500,MHz
optimized,1:7,sample_cpu5_freq,2500,MHz
optimized,1:7,sample_cpu6_freq,2500,MHz
optimized,1:7,sample_cpu7_freq,2500,MHz
optimized,1:8,sample_elapsed,1116,ms
optimized,1:8,sample_power,4.460,W
optimized,1:8,sample_process_cpu,465.625,% one core
optimized,1:8,sample_free_ram,1.022,GiB
optimized,1:8,sample_battery_temp,37.000,C
optimized,1:8,sample_thermal_status,1,Android PowerManager status
optimized,1:8,sample_cpu0_freq,1900,MHz
optimized,1:8,sample_cpu1_freq,1900,MHz
optimized,1:8,sample_cpu2_freq,1900,MHz
optimized,1:8,sample_cpu3_freq,1900,MHz
optimized,1:8,sample_cpu4_freq,2500,MHz
optimized,1:8,sample_cpu5_freq,2500,MHz
optimized,1:8,sample_cpu6_freq,2500,MHz
optimized,1:8,sample_cpu7_freq,2500,MHz
optimized,1:9,sample_elapsed,1272,ms
optimized,1:9,sample_power,4.511,W
optimized,1:9,sample_process_cpu,470.513,% one core
optimized,1:9,sample_free_ram,1.022,GiB
optimized,1:9,sample_battery_temp,37.000,C
optimized,1:9,sample_thermal_status,1,Android PowerManager status
optimized,1:9,sample_cpu0_freq,1900,MHz
optimized,1:9,sample_cpu1_freq,1900,MHz
optimized,1:9,sample_cpu2_freq,1900,MHz
optimized,1:9,sample_cpu3_freq,1900,MHz
optimized,1:9,sample_cpu4_freq,2500,MHz
optimized,1:9,sample_cpu5_freq,2500,MHz
optimized,1:9,sample_cpu6_freq,2500,MHz
optimized,1:9,sample_cpu7_freq,2500,MHz
optimized,1:10,sample_elapsed,1429,ms
optimized,1:10,sample_power,4.511,W
optimized,1:10,sample_process_cpu,463.057,% one core
optimized,1:10,sample_free_ram,1.022,GiB
optimized,1:10,sample_battery_temp,37.000,C
optimized,1:10,sample_thermal_status,1,Android PowerManager status
optimized,1:10,sample_cpu0_freq,600,MHz
optimized,1:10,sample_cpu1_freq,600,MHz
optimized,1:10,sample_cpu2_freq,600,MHz
optimized,1:10,sample_cpu3_freq,1900,MHz
optimized,1:10,sample_cpu4_freq,2500,MHz
optimized,1:10,sample_cpu5_freq,2500,MHz
optimized,1:10,sample_cpu6_freq,2500,MHz
optimized,1:10,sample_cpu7_freq,2500,MHz
optimized,1:11,sample_elapsed,1587,ms
optimized,1:11,sample_power,4.511,W
optimized,1:11,sample_process_cpu,470.253,% one core
optimized,1:11,sample_free_ram,1.022,GiB
optimized,1:11,sample_battery_temp,37.000,C
optimized,1:11,sample_thermal_status,1,Android PowerManager status
optimized,1:11,sample_cpu0_freq,1900,MHz
optimized,1:11,sample_cpu1_freq,1900,MHz
optimized,1:11,sample_cpu2_freq,1900,MHz
optimized,1:11,sample_cpu3_freq,1900,MHz
optimized,1:11,sample_cpu4_freq,2500,MHz
optimized,1:11,sample_cpu5_freq,2500,MHz
optimized,1:11,sample_cpu6_freq,2500,MHz
optimized,1:11,sample_cpu7_freq,2500,MHz
optimized,1:12,sample_elapsed,1744,ms
optimized,1:12,sample_power,4.511,W
optimized,1:12,sample_process_cpu,467.516,% one core
optimized,1:12,sample_free_ram,1.022,GiB
optimized,1:12,sample_battery_temp,37.000,C
optimized,1:12,sample_thermal_status,1,Android PowerManager status
optimized,1:12,sample_cpu0_freq,1900,MHz
optimized,1:12,sample_cpu1_freq,1900,MHz
optimized,1:12,sample_cpu2_freq,1900,MHz
optimized,1:12,sample_cpu3_freq,1900,MHz
optimized,1:12,sample_cpu4_freq,2500,MHz
optimized,1:12,sample_cpu5_freq,2500,MHz
optimized,1:12,sample_cpu6_freq,2500,MHz
optimized,1:12,sample_cpu7_freq,2500,MHz
optimized,1:13,sample_elapsed,1901,ms
optimized,1:13,sample_power,4.455,W
optimized,1:13,sample_process_cpu,469.427,% one core
optimized,1:13,sample_free_ram,1.022,GiB
optimized,1:13,sample_battery_temp,37.000,C
optimized,1:13,sample_thermal_status,1,Android PowerManager status
optimized,1:13,sample_cpu0_freq,1900,MHz
optimized,1:13,sample_cpu1_freq,1900,MHz
optimized,1:13,sample_cpu2_freq,1900,MHz
optimized,1:13,sample_cpu3_freq,1900,MHz
optimized,1:13,sample_cpu4_freq,2500,MHz
optimized,1:13,sample_cpu5_freq,2500,MHz
optimized,1:13,sample_cpu6_freq,2500,MHz
optimized,1:13,sample_cpu7_freq,2500,MHz
optimized,1:14,sample_elapsed,2063,ms
optimized,1:14,sample_power,4.455,W
optimized,1:14,sample_process_cpu,456.790,% one core
optimized,1:14,sample_free_ram,1.022,GiB
optimized,1:14,sample_battery_temp,37.000,C
optimized,1:14,sample_thermal_status,1,Android PowerManager status
optimized,1:14,sample_cpu0_freq,1900,MHz
optimized,1:14,sample_cpu1_freq,1900,MHz
optimized,1:14,sample_cpu2_freq,1900,MHz
optimized,1:14,sample_cpu3_freq,1900,MHz
optimized,1:14,sample_cpu4_freq,2500,MHz
optimized,1:14,sample_cpu5_freq,2500,MHz
optimized,1:14,sample_cpu6_freq,2500,MHz
optimized,1:14,sample_cpu7_freq,2500,MHz
optimized,1:15,sample_elapsed,2221,ms
optimized,1:15,sample_power,4.455,W
optimized,1:15,sample_process_cpu,456.329,% one core
optimized,1:15,sample_free_ram,1.022,GiB
optimized,1:15,sample_battery_temp,37.000,C
optimized,1:15,sample_thermal_status,1,Android PowerManager status
optimized,1:15,sample_cpu0_freq,1900,MHz
optimized,1:15,sample_cpu1_freq,1800,MHz
optimized,1:15,sample_cpu2_freq,1900,MHz
optimized,1:15,sample_cpu3_freq,1200,MHz
optimized,1:15,sample_cpu4_freq,2500,MHz
optimized,1:15,sample_cpu5_freq,2500,MHz
optimized,1:15,sample_cpu6_freq,2500,MHz
optimized,1:15,sample_cpu7_freq,2500,MHz
optimized,1:16,sample_elapsed,2378,ms
optimized,1:16,sample_power,4.455,W
optimized,1:16,sample_process_cpu,464.968,% one core
optimized,1:16,sample_free_ram,1.022,GiB
optimized,1:16,sample_battery_temp,37.000,C
optimized,1:16,sample_thermal_status,1,Android PowerManager status
optimized,1:16,sample_cpu0_freq,1900,MHz
optimized,1:16,sample_cpu1_freq,1900,MHz
optimized,1:16,sample_cpu2_freq,1900,MHz
optimized,1:16,sample_cpu3_freq,1900,MHz
optimized,1:16,sample_cpu4_freq,2500,MHz
optimized,1:16,sample_cpu5_freq,2500,MHz
optimized,1:16,sample_cpu6_freq,2500,MHz
optimized,1:16,sample_cpu7_freq,2500,MHz
optimized,1:17,sample_elapsed,2538,ms
optimized,1:17,sample_power,4.337,W
optimized,1:17,sample_process_cpu,486.875,% one core
optimized,1:17,sample_free_ram,1.022,GiB
optimized,1:17,sample_battery_temp,37.000,C
optimized,1:17,sample_thermal_status,1,Android PowerManager status
optimized,1:17,sample_cpu0_freq,1900,MHz
optimized,1:17,sample_cpu1_freq,1900,MHz
optimized,1:17,sample_cpu2_freq,1900,MHz
optimized,1:17,sample_cpu3_freq,1900,MHz
optimized,1:17,sample_cpu4_freq,2500,MHz
optimized,1:17,sample_cpu5_freq,2500,MHz
optimized,1:17,sample_cpu6_freq,2500,MHz
optimized,1:17,sample_cpu7_freq,2500,MHz
optimized,1:18,sample_elapsed,2702,ms
optimized,1:18,sample_power,4.337,W
optimized,1:18,sample_process_cpu,440.854,% one core
optimized,1:18,sample_free_ram,1.022,GiB
optimized,1:18,sample_battery_temp,37.000,C
optimized,1:18,sample_thermal_status,1,Android PowerManager status
optimized,1:18,sample_cpu0_freq,1900,MHz
optimized,1:18,sample_cpu1_freq,1900,MHz
optimized,1:18,sample_cpu2_freq,1900,MHz
optimized,1:18,sample_cpu3_freq,1900,MHz
optimized,1:18,sample_cpu4_freq,2500,MHz
optimized,1:18,sample_cpu5_freq,2500,MHz
optimized,1:18,sample_cpu6_freq,2500,MHz
optimized,1:18,sample_cpu7_freq,2500,MHz
optimized,1:19,sample_elapsed,2857,ms
optimized,1:19,sample_power,4.337,W
optimized,1:19,sample_process_cpu,465.161,% one core
optimized,1:19,sample_free_ram,1.021,GiB
optimized,1:19,sample_battery_temp,37.000,C
optimized,1:19,sample_thermal_status,1,Android PowerManager status
optimized,1:19,sample_cpu0_freq,1900,MHz
optimized,1:19,sample_cpu1_freq,1900,MHz
optimized,1:19,sample_cpu2_freq,700,MHz
optimized,1:19,sample_cpu3_freq,700,MHz
optimized,1:19,sample_cpu4_freq,2500,MHz
optimized,1:19,sample_cpu5_freq,2500,MHz
optimized,1:19,sample_cpu6_freq,2500,MHz
optimized,1:19,sample_cpu7_freq,2500,MHz
optimized,1:20,sample_elapsed,3013,ms
optimized,1:20,sample_power,4.337,W
optimized,1:20,sample_process_cpu,465.385,% one core
optimized,1:20,sample_free_ram,1.021,GiB
optimized,1:20,sample_battery_temp,37.000,C
optimized,1:20,sample_thermal_status,1,Android PowerManager status
optimized,1:20,sample_cpu0_freq,1900,MHz
optimized,1:20,sample_cpu1_freq,1900,MHz
optimized,1:20,sample_cpu2_freq,1900,MHz
optimized,1:20,sample_cpu3_freq,1900,MHz
optimized,1:20,sample_cpu4_freq,2500,MHz
optimized,1:20,sample_cpu5_freq,2500,MHz
optimized,1:20,sample_cpu6_freq,2500,MHz
optimized,1:20,sample_cpu7_freq,2500,MHz
optimized,1:21,sample_elapsed,3169,ms
optimized,1:21,sample_power,4.212,W
optimized,1:21,sample_process_cpu,475.641,% one core
optimized,1:21,sample_free_ram,1.021,GiB
optimized,1:21,sample_battery_temp,37.000,C
optimized,1:21,sample_thermal_status,1,Android PowerManager status
optimized,1:21,sample_cpu0_freq,1900,MHz
optimized,1:21,sample_cpu1_freq,1900,MHz
optimized,1:21,sample_cpu2_freq,1900,MHz
optimized,1:21,sample_cpu3_freq,1900,MHz
optimized,1:21,sample_cpu4_freq,2500,MHz
optimized,1:21,sample_cpu5_freq,2500,MHz
optimized,1:21,sample_cpu6_freq,2500,MHz
optimized,1:21,sample_cpu7_freq,2500,MHz
optimized,1:22,sample_elapsed,3328,ms
optimized,1:22,sample_power,4.322,W
optimized,1:22,sample_process_cpu,457.233,% one core
optimized,1:22,sample_free_ram,1.021,GiB
optimized,1:22,sample_battery_temp,37.000,C
optimized,1:22,sample_thermal_status,1,Android PowerManager status
optimized,1:22,sample_cpu0_freq,800,MHz
optimized,1:22,sample_cpu1_freq,800,MHz
optimized,1:22,sample_cpu2_freq,800,MHz
optimized,1:22,sample_cpu3_freq,800,MHz
optimized,1:22,sample_cpu4_freq,2500,MHz
optimized,1:22,sample_cpu5_freq,2500,MHz
optimized,1:22,sample_cpu6_freq,2500,MHz
optimized,1:22,sample_cpu7_freq,2500,MHz
optimized,1:23,sample_elapsed,3489,ms
optimized,1:23,sample_power,4.322,W
optimized,1:23,sample_process_cpu,460.870,% one core
optimized,1:23,sample_free_ram,1.021,GiB
optimized,1:23,sample_battery_temp,37.000,C
optimized,1:23,sample_thermal_status,1,Android PowerManager status
optimized,1:23,sample_cpu0_freq,1900,MHz
optimized,1:23,sample_cpu1_freq,1900,MHz
optimized,1:23,sample_cpu2_freq,1900,MHz
optimized,1:23,sample_cpu3_freq,1900,MHz
optimized,1:23,sample_cpu4_freq,2500,MHz
optimized,1:23,sample_cpu5_freq,2500,MHz
optimized,1:23,sample_cpu6_freq,2500,MHz
optimized,1:23,sample_cpu7_freq,2500,MHz
optimized,1:24,sample_elapsed,3645,ms
optimized,1:24,sample_power,4.322,W
optimized,1:24,sample_process_cpu,464.744,% one core
optimized,1:24,sample_free_ram,1.021,GiB
optimized,1:24,sample_battery_temp,37.000,C
optimized,1:24,sample_thermal_status,1,Android PowerManager status
optimized,1:24,sample_cpu0_freq,1200,MHz
optimized,1:24,sample_cpu1_freq,1200,MHz
optimized,1:24,sample_cpu2_freq,1200,MHz
optimized,1:24,sample_cpu3_freq,1200,MHz
optimized,1:24,sample_cpu4_freq,2500,MHz
optimized,1:24,sample_cpu5_freq,2500,MHz
optimized,1:24,sample_cpu6_freq,2500,MHz
optimized,1:24,sample_cpu7_freq,2500,MHz
optimized,1:25,sample_elapsed,3807,ms
optimized,1:25,sample_power,4.141,W
optimized,1:25,sample_process_cpu,467.284,% one core
optimized,1:25,sample_free_ram,1.021,GiB
optimized,1:25,sample_battery_temp,37.000,C
optimized,1:25,sample_thermal_status,1,Android PowerManager status
optimized,1:25,sample_cpu0_freq,1300,MHz
optimized,1:25,sample_cpu1_freq,1300,MHz
optimized,1:25,sample_cpu2_freq,1900,MHz
optimized,1:25,sample_cpu3_freq,1900,MHz
optimized,1:25,sample_cpu4_freq,2500,MHz
optimized,1:25,sample_cpu5_freq,2500,MHz
optimized,1:25,sample_cpu6_freq,2500,MHz
optimized,1:25,sample_cpu7_freq,2500,MHz
optimized,1:26,sample_elapsed,3986,ms
optimized,1:26,sample_power,4.141,W
optimized,1:26,sample_process_cpu,494.413,% one core
optimized,1:26,sample_free_ram,1.021,GiB
optimized,1:26,sample_battery_temp,37.000,C
optimized,1:26,sample_thermal_status,1,Android PowerManager status
optimized,1:26,sample_cpu0_freq,1900,MHz
optimized,1:26,sample_cpu1_freq,1900,MHz
optimized,1:26,sample_cpu2_freq,1900,MHz
optimized,1:26,sample_cpu3_freq,1900,MHz
optimized,1:26,sample_cpu4_freq,2500,MHz
optimized,1:26,sample_cpu5_freq,2500,MHz
optimized,1:26,sample_cpu6_freq,2500,MHz
optimized,1:26,sample_cpu7_freq,2500,MHz
optimized,1:27,sample_elapsed,4159,ms
optimized,1:27,sample_power,4.141,W
optimized,1:27,sample_process_cpu,490.173,% one core
optimized,1:27,sample_free_ram,1.021,GiB
optimized,1:27,sample_battery_temp,37.000,C
optimized,1:27,sample_thermal_status,1,Android PowerManager status
optimized,1:27,sample_cpu0_freq,1900,MHz
optimized,1:27,sample_cpu1_freq,1900,MHz
optimized,1:27,sample_cpu2_freq,1900,MHz
optimized,1:27,sample_cpu3_freq,1900,MHz
optimized,1:27,sample_cpu4_freq,2500,MHz
optimized,1:27,sample_cpu5_freq,2500,MHz
optimized,1:27,sample_cpu6_freq,2500,MHz
optimized,1:27,sample_cpu7_freq,2500,MHz
optimized,1:28,sample_elapsed,4336,ms
optimized,1:28,sample_power,4.431,W
optimized,1:28,sample_process_cpu,482.486,% one core
optimized,1:28,sample_free_ram,1.021,GiB
optimized,1:28,sample_battery_temp,37.000,C
optimized,1:28,sample_thermal_status,1,Android PowerManager status
optimized,1:28,sample_cpu0_freq,1900,MHz
optimized,1:28,sample_cpu1_freq,1900,MHz
optimized,1:28,sample_cpu2_freq,1900,MHz
optimized,1:28,sample_cpu3_freq,1900,MHz
optimized,1:28,sample_cpu4_freq,2500,MHz
optimized,1:28,sample_cpu5_freq,2500,MHz
optimized,1:28,sample_cpu6_freq,2500,MHz
optimized,1:28,sample_cpu7_freq,2500,MHz
optimized,1:29,sample_elapsed,4514,ms
optimized,1:29,sample_power,4.431,W
optimized,1:29,sample_process_cpu,480.899,% one core
optimized,1:29,sample_free_ram,1.021,GiB
optimized,1:29,sample_battery_temp,37.000,C
optimized,1:29,sample_thermal_status,1,Android PowerManager status
optimized,1:29,sample_cpu0_freq,1900,MHz
optimized,1:29,sample_cpu1_freq,1900,MHz
optimized,1:29,sample_cpu2_freq,1900,MHz
optimized,1:29,sample_cpu3_freq,1900,MHz
optimized,1:29,sample_cpu4_freq,2500,MHz
optimized,1:29,sample_cpu5_freq,2500,MHz
optimized,1:29,sample_cpu6_freq,2500,MHz
optimized,1:29,sample_cpu7_freq,2500,MHz
optimized,1:30,sample_elapsed,4681,ms
optimized,1:30,sample_power,4.431,W
optimized,1:30,sample_process_cpu,495.210,% one core
optimized,1:30,sample_free_ram,1.021,GiB
optimized,1:30,sample_battery_temp,37.000,C
optimized,1:30,sample_thermal_status,1,Android PowerManager status
optimized,1:30,sample_cpu0_freq,1900,MHz
optimized,1:30,sample_cpu1_freq,1900,MHz
optimized,1:30,sample_cpu2_freq,1900,MHz
optimized,1:30,sample_cpu3_freq,1900,MHz
optimized,1:30,sample_cpu4_freq,2500,MHz
optimized,1:30,sample_cpu5_freq,2500,MHz
optimized,1:30,sample_cpu6_freq,2500,MHz
optimized,1:30,sample_cpu7_freq,2500,MHz
optimized,1:31,sample_elapsed,4862,ms
optimized,1:31,sample_power,4.275,W
optimized,1:31,sample_process_cpu,501.105,% one core
optimized,1:31,sample_free_ram,1.021,GiB
optimized,1:31,sample_battery_temp,37.000,C
optimized,1:31,sample_thermal_status,1,Android PowerManager status
optimized,1:31,sample_cpu0_freq,1900,MHz
optimized,1:31,sample_cpu1_freq,1900,MHz
optimized,1:31,sample_cpu2_freq,1900,MHz
optimized,1:31,sample_cpu3_freq,1900,MHz
optimized,1:31,sample_cpu4_freq,2500,MHz
optimized,1:31,sample_cpu5_freq,2500,MHz
optimized,1:31,sample_cpu6_freq,2500,MHz
optimized,1:31,sample_cpu7_freq,2500,MHz
optimized,1:32,sample_elapsed,5052,ms
optimized,1:32,sample_power,4.275,W
optimized,1:32,sample_process_cpu,486.316,% one core
optimized,1:32,sample_free_ram,1.021,GiB
optimized,1:32,sample_battery_temp,37.000,C
optimized,1:32,sample_thermal_status,1,Android PowerManager status
optimized,1:32,sample_cpu0_freq,1900,MHz
optimized,1:32,sample_cpu1_freq,1900,MHz
optimized,1:32,sample_cpu2_freq,1900,MHz
optimized,1:32,sample_cpu3_freq,1900,MHz
optimized,1:32,sample_cpu4_freq,2500,MHz
optimized,1:32,sample_cpu5_freq,2500,MHz
optimized,1:32,sample_cpu6_freq,2500,MHz
optimized,1:32,sample_cpu7_freq,2500,MHz
optimized,1:33,sample_elapsed,5227,ms
optimized,1:33,sample_power,4.275,W
optimized,1:33,sample_process_cpu,473.143,% one core
optimized,1:33,sample_free_ram,1.020,GiB
optimized,1:33,sample_battery_temp,37.000,C
optimized,1:33,sample_thermal_status,1,Android PowerManager status
optimized,1:33,sample_cpu0_freq,1900,MHz
optimized,1:33,sample_cpu1_freq,1900,MHz
optimized,1:33,sample_cpu2_freq,1900,MHz
optimized,1:33,sample_cpu3_freq,1900,MHz
optimized,1:33,sample_cpu4_freq,2500,MHz
optimized,1:33,sample_cpu5_freq,2500,MHz
optimized,1:33,sample_cpu6_freq,2500,MHz
optimized,1:33,sample_cpu7_freq,2500,MHz
optimized,1:34,sample_elapsed,5401,ms
optimized,1:34,sample_power,4.398,W
optimized,1:34,sample_process_cpu,498.851,% one core
optimized,1:34,sample_free_ram,1.020,GiB
optimized,1:34,sample_battery_temp,37.000,C
optimized,1:34,sample_thermal_status,1,Android PowerManager status
optimized,1:34,sample_cpu0_freq,1900,MHz
optimized,1:34,sample_cpu1_freq,1900,MHz
optimized,1:34,sample_cpu2_freq,1900,MHz
optimized,1:34,sample_cpu3_freq,1900,MHz
optimized,1:34,sample_cpu4_freq,2500,MHz
optimized,1:34,sample_cpu5_freq,2500,MHz
optimized,1:34,sample_cpu6_freq,2500,MHz
optimized,1:34,sample_cpu7_freq,2500,MHz
optimized,1:35,sample_elapsed,5583,ms
optimized,1:35,sample_power,4.398,W
optimized,1:35,sample_process_cpu,506.044,% one core
optimized,1:35,sample_free_ram,1.020,GiB
optimized,1:35,sample_battery_temp,37.000,C
optimized,1:35,sample_thermal_status,1,Android PowerManager status
optimized,1:35,sample_cpu0_freq,1900,MHz
optimized,1:35,sample_cpu1_freq,1900,MHz
optimized,1:35,sample_cpu2_freq,1900,MHz
optimized,1:35,sample_cpu3_freq,1900,MHz
optimized,1:35,sample_cpu4_freq,2500,MHz
optimized,1:35,sample_cpu5_freq,2500,MHz
optimized,1:35,sample_cpu6_freq,2500,MHz
optimized,1:35,sample_cpu7_freq,2500,MHz
optimized,1:36,sample_elapsed,5765,ms
optimized,1:36,sample_power,4.398,W
optimized,1:36,sample_process_cpu,479.121,% one core
optimized,1:36,sample_free_ram,1.020,GiB
optimized,1:36,sample_battery_temp,37.000,C
optimized,1:36,sample_thermal_status,1,Android PowerManager status
optimized,1:36,sample_cpu0_freq,1900,MHz
optimized,1:36,sample_cpu1_freq,1900,MHz
optimized,1:36,sample_cpu2_freq,1900,MHz
optimized,1:36,sample_cpu3_freq,1900,MHz
optimized,1:36,sample_cpu4_freq,2500,MHz
optimized,1:36,sample_cpu5_freq,2500,MHz
optimized,1:36,sample_cpu6_freq,2500,MHz
optimized,1:36,sample_cpu7_freq,2500,MHz
optimized,1:37,sample_elapsed,5927,ms
optimized,1:37,sample_power,4.355,W
optimized,1:37,sample_process_cpu,483.951,% one core
optimized,1:37,sample_free_ram,1.020,GiB
optimized,1:37,sample_battery_temp,37.000,C
optimized,1:37,sample_thermal_status,1,Android PowerManager status
optimized,1:37,sample_cpu0_freq,1900,MHz
optimized,1:37,sample_cpu1_freq,1900,MHz
optimized,1:37,sample_cpu2_freq,1900,MHz
optimized,1:37,sample_cpu3_freq,1900,MHz
optimized,1:37,sample_cpu4_freq,2500,MHz
optimized,1:37,sample_cpu5_freq,2500,MHz
optimized,1:37,sample_cpu6_freq,2500,MHz
optimized,1:37,sample_cpu7_freq,2500,MHz
optimized,1:38,sample_elapsed,6099,ms
optimized,1:38,sample_power,4.355,W
optimized,1:38,sample_process_cpu,486.047,% one core
optimized,1:38,sample_free_ram,1.020,GiB
optimized,1:38,sample_battery_temp,37.000,C
optimized,1:38,sample_thermal_status,1,Android PowerManager status
optimized,1:38,sample_cpu0_freq,1900,MHz
optimized,1:38,sample_cpu1_freq,1900,MHz
optimized,1:38,sample_cpu2_freq,1900,MHz
optimized,1:38,sample_cpu3_freq,1900,MHz
optimized,1:38,sample_cpu4_freq,2500,MHz
optimized,1:38,sample_cpu5_freq,2500,MHz
optimized,1:38,sample_cpu6_freq,2500,MHz
optimized,1:38,sample_cpu7_freq,2500,MHz
optimized,1:39,sample_elapsed,6291,ms
optimized,1:39,sample_power,4.355,W
optimized,1:39,sample_process_cpu,480.208,% one core
optimized,1:39,sample_free_ram,1.020,GiB
optimized,1:39,sample_battery_temp,37.000,C
optimized,1:39,sample_thermal_status,1,Android PowerManager status
optimized,1:39,sample_cpu0_freq,1900,MHz
optimized,1:39,sample_cpu1_freq,1900,MHz
optimized,1:39,sample_cpu2_freq,1900,MHz
optimized,1:39,sample_cpu3_freq,1900,MHz
optimized,1:39,sample_cpu4_freq,2500,MHz
optimized,1:39,sample_cpu5_freq,2500,MHz
optimized,1:39,sample_cpu6_freq,2500,MHz
optimized,1:39,sample_cpu7_freq,2500,MHz
optimized,1:40,sample_elapsed,6463,ms
optimized,1:40,sample_power,4.364,W
optimized,1:40,sample_process_cpu,490.698,% one core
optimized,1:40,sample_free_ram,1.020,GiB
optimized,1:40,sample_battery_temp,37.000,C
optimized,1:40,sample_thermal_status,1,Android PowerManager status
optimized,1:40,sample_cpu0_freq,1900,MHz
optimized,1:40,sample_cpu1_freq,1900,MHz
optimized,1:40,sample_cpu2_freq,1900,MHz
optimized,1:40,sample_cpu3_freq,1900,MHz
optimized,1:40,sample_cpu4_freq,2500,MHz
optimized,1:40,sample_cpu5_freq,2500,MHz
optimized,1:40,sample_cpu6_freq,2500,MHz
optimized,1:40,sample_cpu7_freq,2500,MHz
optimized,1:41,sample_elapsed,6642,ms
optimized,1:41,sample_power,4.364,W
optimized,1:41,sample_process_cpu,497.207,% one core
optimized,1:41,sample_free_ram,1.020,GiB
optimized,1:41,sample_battery_temp,37.000,C
optimized,1:41,sample_thermal_status,1,Android PowerManager status
optimized,1:41,sample_cpu0_freq,1900,MHz
optimized,1:41,sample_cpu1_freq,1900,MHz
optimized,1:41,sample_cpu2_freq,1900,MHz
optimized,1:41,sample_cpu3_freq,1900,MHz
optimized,1:41,sample_cpu4_freq,2500,MHz
optimized,1:41,sample_cpu5_freq,2500,MHz
optimized,1:41,sample_cpu6_freq,2500,MHz
optimized,1:41,sample_cpu7_freq,2500,MHz
optimized,1:42,sample_elapsed,6820,ms
optimized,1:42,sample_power,4.364,W
optimized,1:42,sample_process_cpu,473.034,% one core
optimized,1:42,sample_free_ram,1.020,GiB
optimized,1:42,sample_battery_temp,37.000,C
optimized,1:42,sample_thermal_status,1,Android PowerManager status
optimized,1:42,sample_cpu0_freq,1900,MHz
optimized,1:42,sample_cpu1_freq,1900,MHz
optimized,1:42,sample_cpu2_freq,1900,MHz
optimized,1:42,sample_cpu3_freq,1900,MHz
optimized,1:42,sample_cpu4_freq,2500,MHz
optimized,1:42,sample_cpu5_freq,2500,MHz
optimized,1:42,sample_cpu6_freq,2500,MHz
optimized,1:42,sample_cpu7_freq,2500,MHz
optimized,1:43,sample_elapsed,6988,ms
optimized,1:43,sample_power,4.355,W
optimized,1:43,sample_process_cpu,507.143,% one core
optimized,1:43,sample_free_ram,1.020,GiB
optimized,1:43,sample_battery_temp,37.000,C
optimized,1:43,sample_thermal_status,1,Android PowerManager status
optimized,1:43,sample_cpu0_freq,1900,MHz
optimized,1:43,sample_cpu1_freq,1900,MHz
optimized,1:43,sample_cpu2_freq,1900,MHz
optimized,1:43,sample_cpu3_freq,1900,MHz
optimized,1:43,sample_cpu4_freq,2500,MHz
optimized,1:43,sample_cpu5_freq,2500,MHz
optimized,1:43,sample_cpu6_freq,2500,MHz
optimized,1:43,sample_cpu7_freq,2500,MHz
optimized,1:44,sample_elapsed,7168,ms
optimized,1:44,sample_power,4.355,W
optimized,1:44,sample_process_cpu,475.000,% one core
optimized,1:44,sample_free_ram,1.020,GiB
optimized,1:44,sample_battery_temp,37.000,C
optimized,1:44,sample_thermal_status,1,Android PowerManager status
optimized,1:44,sample_cpu0_freq,1900,MHz
optimized,1:44,sample_cpu1_freq,1900,MHz
optimized,1:44,sample_cpu2_freq,1900,MHz
optimized,1:44,sample_cpu3_freq,1900,MHz
optimized,1:44,sample_cpu4_freq,2500,MHz
optimized,1:44,sample_cpu5_freq,2500,MHz
optimized,1:44,sample_cpu6_freq,2500,MHz
optimized,1:44,sample_cpu7_freq,2500,MHz
optimized,1:45,sample_elapsed,7345,ms
optimized,1:45,sample_power,4.355,W
optimized,1:45,sample_process_cpu,488.701,% one core
optimized,1:45,sample_free_ram,1.020,GiB
optimized,1:45,sample_battery_temp,37.000,C
optimized,1:45,sample_thermal_status,1,Android PowerManager status
optimized,1:45,sample_cpu0_freq,1900,MHz
optimized,1:45,sample_cpu1_freq,1900,MHz
optimized,1:45,sample_cpu2_freq,1900,MHz
optimized,1:45,sample_cpu3_freq,1900,MHz
optimized,1:45,sample_cpu4_freq,2500,MHz
optimized,1:45,sample_cpu5_freq,2500,MHz
optimized,1:45,sample_cpu6_freq,2500,MHz
optimized,1:45,sample_cpu7_freq,2500,MHz
optimized,1:46,sample_elapsed,7525,ms
optimized,1:46,sample_power,4.422,W
optimized,1:46,sample_process_cpu,480.000,% one core
optimized,1:46,sample_free_ram,1.020,GiB
optimized,1:46,sample_battery_temp,37.000,C
optimized,1:46,sample_thermal_status,1,Android PowerManager status
optimized,1:46,sample_cpu0_freq,1900,MHz
optimized,1:46,sample_cpu1_freq,1900,MHz
optimized,1:46,sample_cpu2_freq,1900,MHz
optimized,1:46,sample_cpu3_freq,1900,MHz
optimized,1:46,sample_cpu4_freq,2500,MHz
optimized,1:46,sample_cpu5_freq,2500,MHz
optimized,1:46,sample_cpu6_freq,2500,MHz
optimized,1:46,sample_cpu7_freq,2500,MHz
optimized,1:47,sample_elapsed,7697,ms
optimized,1:47,sample_power,4.422,W
optimized,1:47,sample_process_cpu,484.302,% one core
optimized,1:47,sample_free_ram,1.019,GiB
optimized,1:47,sample_battery_temp,37.000,C
optimized,1:47,sample_thermal_status,1,Android PowerManager status
optimized,1:47,sample_cpu0_freq,1900,MHz
optimized,1:47,sample_cpu1_freq,1900,MHz
optimized,1:47,sample_cpu2_freq,1900,MHz
optimized,1:47,sample_cpu3_freq,1900,MHz
optimized,1:47,sample_cpu4_freq,2500,MHz
optimized,1:47,sample_cpu5_freq,2500,MHz
optimized,1:47,sample_cpu6_freq,2500,MHz
optimized,1:47,sample_cpu7_freq,2500,MHz
optimized,1:48,sample_elapsed,7865,ms
optimized,1:48,sample_power,4.422,W
optimized,1:48,sample_process_cpu,484.524,% one core
optimized,1:48,sample_free_ram,1.019,GiB
optimized,1:48,sample_battery_temp,37.000,C
optimized,1:48,sample_thermal_status,1,Android PowerManager status
optimized,1:48,sample_cpu0_freq,1900,MHz
optimized,1:48,sample_cpu1_freq,1900,MHz
optimized,1:48,sample_cpu2_freq,1900,MHz
optimized,1:48,sample_cpu3_freq,1900,MHz
optimized,1:48,sample_cpu4_freq,2500,MHz
optimized,1:48,sample_cpu5_freq,2500,MHz
optimized,1:48,sample_cpu6_freq,2500,MHz
optimized,1:48,sample_cpu7_freq,2500,MHz
optimized,1:49,sample_elapsed,8037,ms
optimized,1:49,sample_power,4.368,W
optimized,1:49,sample_process_cpu,500.000,% one core
optimized,1:49,sample_free_ram,1.019,GiB
optimized,1:49,sample_battery_temp,37.000,C
optimized,1:49,sample_thermal_status,1,Android PowerManager status
optimized,1:49,sample_cpu0_freq,1900,MHz
optimized,1:49,sample_cpu1_freq,1900,MHz
optimized,1:49,sample_cpu2_freq,1900,MHz
optimized,1:49,sample_cpu3_freq,1900,MHz
optimized,1:49,sample_cpu4_freq,2500,MHz
optimized,1:49,sample_cpu5_freq,2500,MHz
optimized,1:49,sample_cpu6_freq,2500,MHz
optimized,1:49,sample_cpu7_freq,2500,MHz
optimized,1:50,sample_elapsed,8210,ms
optimized,1:50,sample_power,4.368,W
optimized,1:50,sample_process_cpu,472.254,% one core
optimized,1:50,sample_free_ram,1.019,GiB
optimized,1:50,sample_battery_temp,37.000,C
optimized,1:50,sample_thermal_status,1,Android PowerManager status
optimized,1:50,sample_cpu0_freq,1900,MHz
optimized,1:50,sample_cpu1_freq,1900,MHz
optimized,1:50,sample_cpu2_freq,1900,MHz
optimized,1:50,sample_cpu3_freq,1900,MHz
optimized,1:50,sample_cpu4_freq,2500,MHz
optimized,1:50,sample_cpu5_freq,2500,MHz
optimized,1:50,sample_cpu6_freq,2500,MHz
optimized,1:50,sample_cpu7_freq,2500,MHz
optimized,1:51,sample_elapsed,8375,ms
optimized,1:51,sample_power,4.368,W
optimized,1:51,sample_process_cpu,464.242,% one core
optimized,1:51,sample_free_ram,1.019,GiB
optimized,1:51,sample_battery_temp,37.000,C
optimized,1:51,sample_thermal_status,1,Android PowerManager status
optimized,1:51,sample_cpu0_freq,1900,MHz
optimized,1:51,sample_cpu1_freq,1900,MHz
optimized,1:51,sample_cpu2_freq,1900,MHz
optimized,1:51,sample_cpu3_freq,1900,MHz
optimized,1:51,sample_cpu4_freq,2500,MHz
optimized,1:51,sample_cpu5_freq,2500,MHz
optimized,1:51,sample_cpu6_freq,2500,MHz
optimized,1:51,sample_cpu7_freq,2500,MHz
optimized,1:52,sample_elapsed,8530,ms
optimized,1:52,sample_power,4.368,W
optimized,1:52,sample_process_cpu,485.161,% one core
optimized,1:52,sample_free_ram,1.018,GiB
optimized,1:52,sample_battery_temp,37.000,C
optimized,1:52,sample_thermal_status,1,Android PowerManager status
optimized,1:52,sample_cpu0_freq,1900,MHz
optimized,1:52,sample_cpu1_freq,1900,MHz
optimized,1:52,sample_cpu2_freq,1900,MHz
optimized,1:52,sample_cpu3_freq,1900,MHz
optimized,1:52,sample_cpu4_freq,2500,MHz
optimized,1:52,sample_cpu5_freq,2500,MHz
optimized,1:52,sample_cpu6_freq,2500,MHz
optimized,1:52,sample_cpu7_freq,2500,MHz
optimized,1:53,sample_elapsed,8692,ms
optimized,1:53,sample_power,4.341,W
optimized,1:53,sample_process_cpu,490.123,% one core
optimized,1:53,sample_free_ram,1.018,GiB
optimized,1:53,sample_battery_temp,37.000,C
optimized,1:53,sample_thermal_status,1,Android PowerManager status
optimized,1:53,sample_cpu0_freq,1900,MHz
optimized,1:53,sample_cpu1_freq,1900,MHz
optimized,1:53,sample_cpu2_freq,1900,MHz
optimized,1:53,sample_cpu3_freq,1900,MHz
optimized,1:53,sample_cpu4_freq,2500,MHz
optimized,1:53,sample_cpu5_freq,2500,MHz
optimized,1:53,sample_cpu6_freq,2500,MHz
optimized,1:53,sample_cpu7_freq,2500,MHz
optimized,1:54,sample_elapsed,8869,ms
optimized,1:54,sample_power,4.341,W
optimized,1:54,sample_process_cpu,479.096,% one core
optimized,1:54,sample_free_ram,1.018,GiB
optimized,1:54,sample_battery_temp,37.000,C
optimized,1:54,sample_thermal_status,1,Android PowerManager status
optimized,1:54,sample_cpu0_freq,1900,MHz
optimized,1:54,sample_cpu1_freq,1900,MHz
optimized,1:54,sample_cpu2_freq,1900,MHz
optimized,1:54,sample_cpu3_freq,1900,MHz
optimized,1:54,sample_cpu4_freq,2500,MHz
optimized,1:54,sample_cpu5_freq,2500,MHz
optimized,1:54,sample_cpu6_freq,2500,MHz
optimized,1:54,sample_cpu7_freq,2500,MHz
optimized,1:55,sample_elapsed,9045,ms
optimized,1:55,sample_power,4.341,W
optimized,1:55,sample_process_cpu,494.318,% one core
optimized,1:55,sample_free_ram,1.018,GiB
optimized,1:55,sample_battery_temp,37.000,C
optimized,1:55,sample_thermal_status,1,Android PowerManager status
optimized,1:55,sample_cpu0_freq,1900,MHz
optimized,1:55,sample_cpu1_freq,1900,MHz
optimized,1:55,sample_cpu2_freq,1900,MHz
optimized,1:55,sample_cpu3_freq,1900,MHz
optimized,1:55,sample_cpu4_freq,2500,MHz
optimized,1:55,sample_cpu5_freq,2500,MHz
optimized,1:55,sample_cpu6_freq,2500,MHz
optimized,1:55,sample_cpu7_freq,2500,MHz
optimized,1:56,sample_elapsed,9223,ms
optimized,1:56,sample_power,4.368,W
optimized,1:56,sample_process_cpu,512.921,% one core
optimized,1:56,sample_free_ram,1.017,GiB
optimized,1:56,sample_battery_temp,37.000,C
optimized,1:56,sample_thermal_status,1,Android PowerManager status
optimized,1:56,sample_cpu0_freq,1900,MHz
optimized,1:56,sample_cpu1_freq,1900,MHz
optimized,1:56,sample_cpu2_freq,1900,MHz
optimized,1:56,sample_cpu3_freq,1900,MHz
optimized,1:56,sample_cpu4_freq,2500,MHz
optimized,1:56,sample_cpu5_freq,2500,MHz
optimized,1:56,sample_cpu6_freq,2500,MHz
optimized,1:56,sample_cpu7_freq,2500,MHz
optimized,1:57,sample_elapsed,9397,ms
optimized,1:57,sample_power,4.368,W
optimized,1:57,sample_process_cpu,469.540,% one core
optimized,1:57,sample_free_ram,1.017,GiB
optimized,1:57,sample_battery_temp,37.000,C
optimized,1:57,sample_thermal_status,1,Android PowerManager status
optimized,1:57,sample_cpu0_freq,1900,MHz
optimized,1:57,sample_cpu1_freq,1900,MHz
optimized,1:57,sample_cpu2_freq,1900,MHz
optimized,1:57,sample_cpu3_freq,1900,MHz
optimized,1:57,sample_cpu4_freq,2500,MHz
optimized,1:57,sample_cpu5_freq,2500,MHz
optimized,1:57,sample_cpu6_freq,2500,MHz
optimized,1:57,sample_cpu7_freq,2500,MHz
optimized,1:58,sample_elapsed,9567,ms
optimized,1:58,sample_power,4.368,W
optimized,1:58,sample_process_cpu,490.588,% one core
optimized,1:58,sample_free_ram,1.017,GiB
optimized,1:58,sample_battery_temp,37.000,C
optimized,1:58,sample_thermal_status,1,Android PowerManager status
optimized,1:58,sample_cpu0_freq,1900,MHz
optimized,1:58,sample_cpu1_freq,1900,MHz
optimized,1:58,sample_cpu2_freq,1900,MHz
optimized,1:58,sample_cpu3_freq,1900,MHz
optimized,1:58,sample_cpu4_freq,2500,MHz
optimized,1:58,sample_cpu5_freq,2500,MHz
optimized,1:58,sample_cpu6_freq,2500,MHz
optimized,1:58,sample_cpu7_freq,2500,MHz
optimized,1:59,sample_elapsed,9738,ms
optimized,1:59,sample_power,4.402,W
optimized,1:59,sample_process_cpu,492.982,% one core
optimized,1:59,sample_free_ram,1.017,GiB
optimized,1:59,sample_battery_temp,37.000,C
optimized,1:59,sample_thermal_status,1,Android PowerManager status
optimized,1:59,sample_cpu0_freq,1900,MHz
optimized,1:59,sample_cpu1_freq,1900,MHz
optimized,1:59,sample_cpu2_freq,1900,MHz
optimized,1:59,sample_cpu3_freq,1900,MHz
optimized,1:59,sample_cpu4_freq,2500,MHz
optimized,1:59,sample_cpu5_freq,2500,MHz
optimized,1:59,sample_cpu6_freq,2500,MHz
optimized,1:59,sample_cpu7_freq,2500,MHz
optimized,1:60,sample_elapsed,9921,ms
optimized,1:60,sample_power,4.402,W
optimized,1:60,sample_process_cpu,479.781,% one core
optimized,1:60,sample_free_ram,1.017,GiB
optimized,1:60,sample_battery_temp,37.000,C
optimized,1:60,sample_thermal_status,1,Android PowerManager status
optimized,1:60,sample_cpu0_freq,1900,MHz
optimized,1:60,sample_cpu1_freq,1900,MHz
optimized,1:60,sample_cpu2_freq,1900,MHz
optimized,1:60,sample_cpu3_freq,1900,MHz
optimized,1:60,sample_cpu4_freq,2500,MHz
optimized,1:60,sample_cpu5_freq,2500,MHz
optimized,1:60,sample_cpu6_freq,2500,MHz
optimized,1:60,sample_cpu7_freq,2500,MHz
optimized,1:61,sample_elapsed,10089,ms
optimized,1:61,sample_power,4.402,W
optimized,1:61,sample_process_cpu,479.762,% one core
optimized,1:61,sample_free_ram,1.017,GiB
optimized,1:61,sample_battery_temp,37.000,C
optimized,1:61,sample_thermal_status,1,Android PowerManager status
optimized,1:61,sample_cpu0_freq,1900,MHz
optimized,1:61,sample_cpu1_freq,1900,MHz
optimized,1:61,sample_cpu2_freq,1900,MHz
optimized,1:61,sample_cpu3_freq,1900,MHz
optimized,1:61,sample_cpu4_freq,2500,MHz
optimized,1:61,sample_cpu5_freq,2500,MHz
optimized,1:61,sample_cpu6_freq,2500,MHz
optimized,1:61,sample_cpu7_freq,2500,MHz
optimized,1:62,sample_elapsed,10263,ms
optimized,1:62,sample_power,4.473,W
optimized,1:62,sample_process_cpu,486.782,% one core
optimized,1:62,sample_free_ram,1.017,GiB
optimized,1:62,sample_battery_temp,37.000,C
optimized,1:62,sample_thermal_status,1,Android PowerManager status
optimized,1:62,sample_cpu0_freq,1900,MHz
optimized,1:62,sample_cpu1_freq,1800,MHz
optimized,1:62,sample_cpu2_freq,1900,MHz
optimized,1:62,sample_cpu3_freq,1900,MHz
optimized,1:62,sample_cpu4_freq,2500,MHz
optimized,1:62,sample_cpu5_freq,2500,MHz
optimized,1:62,sample_cpu6_freq,2500,MHz
optimized,1:62,sample_cpu7_freq,2500,MHz
optimized,1:63,sample_elapsed,10449,ms
optimized,1:63,sample_power,4.473,W
optimized,1:63,sample_process_cpu,460.215,% one core
optimized,1:63,sample_free_ram,1.017,GiB
optimized,1:63,sample_battery_temp,37.000,C
optimized,1:63,sample_thermal_status,1,Android PowerManager status
optimized,1:63,sample_cpu0_freq,1900,MHz
optimized,1:63,sample_cpu1_freq,1900,MHz
optimized,1:63,sample_cpu2_freq,1900,MHz
optimized,1:63,sample_cpu3_freq,1900,MHz
optimized,1:63,sample_cpu4_freq,2500,MHz
optimized,1:63,sample_cpu5_freq,2500,MHz
optimized,1:63,sample_cpu6_freq,2500,MHz
optimized,1:63,sample_cpu7_freq,2500,MHz
optimized,1:64,sample_elapsed,10626,ms
optimized,1:64,sample_power,4.473,W
optimized,1:64,sample_process_cpu,488.701,% one core
optimized,1:64,sample_free_ram,1.017,GiB
optimized,1:64,sample_battery_temp,37.000,C
optimized,1:64,sample_thermal_status,1,Android PowerManager status
optimized,1:64,sample_cpu0_freq,1900,MHz
optimized,1:64,sample_cpu1_freq,1900,MHz
optimized,1:64,sample_cpu2_freq,1900,MHz
optimized,1:64,sample_cpu3_freq,1900,MHz
optimized,1:64,sample_cpu4_freq,2500,MHz
optimized,1:64,sample_cpu5_freq,2500,MHz
optimized,1:64,sample_cpu6_freq,2500,MHz
optimized,1:64,sample_cpu7_freq,2500,MHz
optimized,1:65,sample_elapsed,10795,ms
optimized,1:65,sample_power,4.398,W
optimized,1:65,sample_process_cpu,495.266,% one core
optimized,1:65,sample_free_ram,1.017,GiB
optimized,1:65,sample_battery_temp,37.000,C
optimized,1:65,sample_thermal_status,1,Android PowerManager status
optimized,1:65,sample_cpu0_freq,1900,MHz
optimized,1:65,sample_cpu1_freq,1900,MHz
optimized,1:65,sample_cpu2_freq,1900,MHz
optimized,1:65,sample_cpu3_freq,1900,MHz
optimized,1:65,sample_cpu4_freq,2500,MHz
optimized,1:65,sample_cpu5_freq,2500,MHz
optimized,1:65,sample_cpu6_freq,2500,MHz
optimized,1:65,sample_cpu7_freq,2500,MHz
optimized,1:66,sample_elapsed,10979,ms
optimized,1:66,sample_power,4.398,W
optimized,1:66,sample_process_cpu,488.587,% one core
optimized,1:66,sample_free_ram,1.016,GiB
optimized,1:66,sample_battery_temp,37.000,C
optimized,1:66,sample_thermal_status,1,Android PowerManager status
optimized,1:66,sample_cpu0_freq,1900,MHz
optimized,1:66,sample_cpu1_freq,1900,MHz
optimized,1:66,sample_cpu2_freq,1900,MHz
optimized,1:66,sample_cpu3_freq,1900,MHz
optimized,1:66,sample_cpu4_freq,2500,MHz
optimized,1:66,sample_cpu5_freq,2500,MHz
optimized,1:66,sample_cpu6_freq,2500,MHz
optimized,1:66,sample_cpu7_freq,2500,MHz
optimized,1:67,sample_elapsed,11146,ms
optimized,1:67,sample_power,4.398,W
optimized,1:67,sample_process_cpu,469.461,% one core
optimized,1:67,sample_free_ram,1.016,GiB
optimized,1:67,sample_battery_temp,37.000,C
optimized,1:67,sample_thermal_status,1,Android PowerManager status
optimized,1:67,sample_cpu0_freq,1900,MHz
optimized,1:67,sample_cpu1_freq,1900,MHz
optimized,1:67,sample_cpu2_freq,1900,MHz
optimized,1:67,sample_cpu3_freq,1900,MHz
optimized,1:67,sample_cpu4_freq,2500,MHz
optimized,1:67,sample_cpu5_freq,2500,MHz
optimized,1:67,sample_cpu6_freq,2500,MHz
optimized,1:67,sample_cpu7_freq,2500,MHz
optimized,1:68,sample_elapsed,11311,ms
optimized,1:68,sample_power,4.297,W
optimized,1:68,sample_process_cpu,480.606,% one core
optimized,1:68,sample_free_ram,1.016,GiB
optimized,1:68,sample_battery_temp,37.000,C
optimized,1:68,sample_thermal_status,1,Android PowerManager status
optimized,1:68,sample_cpu0_freq,1900,MHz
optimized,1:68,sample_cpu1_freq,1900,MHz
optimized,1:68,sample_cpu2_freq,1900,MHz
optimized,1:68,sample_cpu3_freq,1900,MHz
optimized,1:68,sample_cpu4_freq,2500,MHz
optimized,1:68,sample_cpu5_freq,2500,MHz
optimized,1:68,sample_cpu6_freq,2500,MHz
optimized,1:68,sample_cpu7_freq,2500,MHz
optimized,1:69,sample_elapsed,11477,ms
optimized,1:69,sample_power,4.297,W
optimized,1:69,sample_process_cpu,489.759,% one core
optimized,1:69,sample_free_ram,1.015,GiB
optimized,1:69,sample_battery_temp,37.000,C
optimized,1:69,sample_thermal_status,1,Android PowerManager status
optimized,1:69,sample_cpu0_freq,1900,MHz
optimized,1:69,sample_cpu1_freq,1900,MHz
optimized,1:69,sample_cpu2_freq,1900,MHz
optimized,1:69,sample_cpu3_freq,1900,MHz
optimized,1:69,sample_cpu4_freq,2500,MHz
optimized,1:69,sample_cpu5_freq,2500,MHz
optimized,1:69,sample_cpu6_freq,2500,MHz
optimized,1:69,sample_cpu7_freq,2500,MHz
optimized,1:70,sample_elapsed,11653,ms
optimized,1:70,sample_power,4.297,W
optimized,1:70,sample_process_cpu,501.705,% one core
optimized,1:70,sample_free_ram,1.015,GiB
optimized,1:70,sample_battery_temp,37.000,C
optimized,1:70,sample_thermal_status,1,Android PowerManager status
optimized,1:70,sample_cpu0_freq,1900,MHz
optimized,1:70,sample_cpu1_freq,1900,MHz
optimized,1:70,sample_cpu2_freq,1900,MHz
optimized,1:70,sample_cpu3_freq,1900,MHz
optimized,1:70,sample_cpu4_freq,2500,MHz
optimized,1:70,sample_cpu5_freq,2500,MHz
optimized,1:70,sample_cpu6_freq,2500,MHz
optimized,1:70,sample_cpu7_freq,2500,MHz
optimized,1:71,sample_elapsed,11824,ms
optimized,1:71,sample_power,4.484,W
optimized,1:71,sample_process_cpu,495.906,% one core
optimized,1:71,sample_free_ram,1.015,GiB
optimized,1:71,sample_battery_temp,37.000,C
optimized,1:71,sample_thermal_status,1,Android PowerManager status
optimized,1:71,sample_cpu0_freq,1900,MHz
optimized,1:71,sample_cpu1_freq,1900,MHz
optimized,1:71,sample_cpu2_freq,1900,MHz
optimized,1:71,sample_cpu3_freq,1900,MHz
optimized,1:71,sample_cpu4_freq,2500,MHz
optimized,1:71,sample_cpu5_freq,2500,MHz
optimized,1:71,sample_cpu6_freq,2500,MHz
optimized,1:71,sample_cpu7_freq,2500,MHz
optimized,2,pp,132.000,tok/s
optimized,2,tg,15.700,tok/s
optimized,2,power,4.204,W
optimized,2,tok_per_w,3.735,tok/W
optimized,2,ttft_pp512_derived,3942.482,ms
optimized,2,start_temp,37.000,C
optimized,2,average_process_cpu,472.961,% one core
optimized,2,minimum_free_ram,1.011,GiB
optimized,2,peak_battery_temp,38.000,C
optimized,2,peak_thermal_status,1,Android PowerManager status
optimized,2:1,sample_elapsed,1,ms
optimized,2:1,sample_power,0.914,W
optimized,2:1,sample_process_cpu,1200.000,% one core
optimized,2:1,sample_free_ram,1.071,GiB
optimized,2:1,sample_battery_temp,37.000,C
optimized,2:1,sample_thermal_status,1,Android PowerManager status
optimized,2:1,sample_cpu0_freq,1000,MHz
optimized,2:1,sample_cpu1_freq,1000,MHz
optimized,2:1,sample_cpu2_freq,1000,MHz
optimized,2:1,sample_cpu3_freq,1000,MHz
optimized,2:1,sample_cpu4_freq,500,MHz
optimized,2:1,sample_cpu5_freq,500,MHz
optimized,2:1,sample_cpu6_freq,500,MHz
optimized,2:1,sample_cpu7_freq,500,MHz
optimized,2:2,sample_elapsed,161,ms
optimized,2:2,sample_power,0.914,W
optimized,2:2,sample_process_cpu,385.625,% one core
optimized,2:2,sample_free_ram,1.011,GiB
optimized,2:2,sample_battery_temp,37.000,C
optimized,2:2,sample_thermal_status,1,Android PowerManager status
optimized,2:2,sample_cpu0_freq,1900,MHz
optimized,2:2,sample_cpu1_freq,1900,MHz
optimized,2:2,sample_cpu2_freq,1900,MHz
optimized,2:2,sample_cpu3_freq,1900,MHz
optimized,2:2,sample_cpu4_freq,2500,MHz
optimized,2:2,sample_cpu5_freq,2500,MHz
optimized,2:2,sample_cpu6_freq,2500,MHz
optimized,2:2,sample_cpu7_freq,2500,MHz
optimized,2:3,sample_elapsed,321,ms
optimized,2:3,sample_power,0.914,W
optimized,2:3,sample_process_cpu,469.375,% one core
optimized,2:3,sample_free_ram,1.030,GiB
optimized,2:3,sample_battery_temp,37.000,C
optimized,2:3,sample_thermal_status,1,Android PowerManager status
optimized,2:3,sample_cpu0_freq,1300,MHz
optimized,2:3,sample_cpu1_freq,1300,MHz
optimized,2:3,sample_cpu2_freq,1300,MHz
optimized,2:3,sample_cpu3_freq,1300,MHz
optimized,2:3,sample_cpu4_freq,2500,MHz
optimized,2:3,sample_cpu5_freq,2500,MHz
optimized,2:3,sample_cpu6_freq,2500,MHz
optimized,2:3,sample_cpu7_freq,2500,MHz
optimized,2:4,sample_elapsed,486,ms
optimized,2:4,sample_power,0.914,W
optimized,2:4,sample_process_cpu,416.364,% one core
optimized,2:4,sample_free_ram,1.029,GiB
optimized,2:4,sample_battery_temp,37.000,C
optimized,2:4,sample_thermal_status,1,Android PowerManager status
optimized,2:4,sample_cpu0_freq,1900,MHz
optimized,2:4,sample_cpu1_freq,1900,MHz
optimized,2:4,sample_cpu2_freq,1900,MHz
optimized,2:4,sample_cpu3_freq,1900,MHz
optimized,2:4,sample_cpu4_freq,2500,MHz
optimized,2:4,sample_cpu5_freq,2500,MHz
optimized,2:4,sample_cpu6_freq,2500,MHz
optimized,2:4,sample_cpu7_freq,2500,MHz
optimized,2:5,sample_elapsed,639,ms
optimized,2:5,sample_power,4.402,W
optimized,2:5,sample_process_cpu,473.856,% one core
optimized,2:5,sample_free_ram,1.029,GiB
optimized,2:5,sample_battery_temp,37.000,C
optimized,2:5,sample_thermal_status,1,Android PowerManager status
optimized,2:5,sample_cpu0_freq,1900,MHz
optimized,2:5,sample_cpu1_freq,1900,MHz
optimized,2:5,sample_cpu2_freq,1900,MHz
optimized,2:5,sample_cpu3_freq,1900,MHz
optimized,2:5,sample_cpu4_freq,2500,MHz
optimized,2:5,sample_cpu5_freq,2500,MHz
optimized,2:5,sample_cpu6_freq,2500,MHz
optimized,2:5,sample_cpu7_freq,2500,MHz
optimized,2:6,sample_elapsed,796,ms
optimized,2:6,sample_power,4.402,W
optimized,2:6,sample_process_cpu,452.229,% one core
optimized,2:6,sample_free_ram,1.029,GiB
optimized,2:6,sample_battery_temp,37.000,C
optimized,2:6,sample_thermal_status,1,Android PowerManager status
optimized,2:6,sample_cpu0_freq,1900,MHz
optimized,2:6,sample_cpu1_freq,1900,MHz
optimized,2:6,sample_cpu2_freq,1900,MHz
optimized,2:6,sample_cpu3_freq,1900,MHz
optimized,2:6,sample_cpu4_freq,2500,MHz
optimized,2:6,sample_cpu5_freq,2500,MHz
optimized,2:6,sample_cpu6_freq,2500,MHz
optimized,2:6,sample_cpu7_freq,2500,MHz
optimized,2:7,sample_elapsed,949,ms
optimized,2:7,sample_power,4.402,W
optimized,2:7,sample_process_cpu,463.399,% one core
optimized,2:7,sample_free_ram,1.028,GiB
optimized,2:7,sample_battery_temp,37.000,C
optimized,2:7,sample_thermal_status,1,Android PowerManager status
optimized,2:7,sample_cpu0_freq,1900,MHz
optimized,2:7,sample_cpu1_freq,1900,MHz
optimized,2:7,sample_cpu2_freq,1900,MHz
optimized,2:7,sample_cpu3_freq,1900,MHz
optimized,2:7,sample_cpu4_freq,2500,MHz
optimized,2:7,sample_cpu5_freq,2500,MHz
optimized,2:7,sample_cpu6_freq,2500,MHz
optimized,2:7,sample_cpu7_freq,2500,MHz
optimized,2:8,sample_elapsed,1102,ms
optimized,2:8,sample_power,4.402,W
optimized,2:8,sample_process_cpu,464.052,% one core
optimized,2:8,sample_free_ram,1.028,GiB
optimized,2:8,sample_battery_temp,37.000,C
optimized,2:8,sample_thermal_status,1,Android PowerManager status
optimized,2:8,sample_cpu0_freq,1900,MHz
optimized,2:8,sample_cpu1_freq,1900,MHz
optimized,2:8,sample_cpu2_freq,1900,MHz
optimized,2:8,sample_cpu3_freq,1900,MHz
optimized,2:8,sample_cpu4_freq,2500,MHz
optimized,2:8,sample_cpu5_freq,2500,MHz
optimized,2:8,sample_cpu6_freq,2500,MHz
optimized,2:8,sample_cpu7_freq,2500,MHz
optimized,2:9,sample_elapsed,1255,ms
optimized,2:9,sample_power,4.199,W
optimized,2:9,sample_process_cpu,469.935,% one core
optimized,2:9,sample_free_ram,1.028,GiB
optimized,2:9,sample_battery_temp,37.000,C
optimized,2:9,sample_thermal_status,1,Android PowerManager status
optimized,2:9,sample_cpu0_freq,1900,MHz
optimized,2:9,sample_cpu1_freq,1900,MHz
optimized,2:9,sample_cpu2_freq,1900,MHz
optimized,2:9,sample_cpu3_freq,1900,MHz
optimized,2:9,sample_cpu4_freq,2500,MHz
optimized,2:9,sample_cpu5_freq,2500,MHz
optimized,2:9,sample_cpu6_freq,2500,MHz
optimized,2:9,sample_cpu7_freq,2500,MHz
optimized,2:10,sample_elapsed,1412,ms
optimized,2:10,sample_power,4.199,W
optimized,2:10,sample_process_cpu,450.955,% one core
optimized,2:10,sample_free_ram,1.028,GiB
optimized,2:10,sample_battery_temp,37.000,C
optimized,2:10,sample_thermal_status,1,Android PowerManager status
optimized,2:10,sample_cpu0_freq,1100,MHz
optimized,2:10,sample_cpu1_freq,1200,MHz
optimized,2:10,sample_cpu2_freq,1100,MHz
optimized,2:10,sample_cpu3_freq,1100,MHz
optimized,2:10,sample_cpu4_freq,2500,MHz
optimized,2:10,sample_cpu5_freq,2500,MHz
optimized,2:10,sample_cpu6_freq,2500,MHz
optimized,2:10,sample_cpu7_freq,2500,MHz
optimized,2:11,sample_elapsed,1566,ms
optimized,2:11,sample_power,4.199,W
optimized,2:11,sample_process_cpu,468.831,% one core
optimized,2:11,sample_free_ram,1.028,GiB
optimized,2:11,sample_battery_temp,37.000,C
optimized,2:11,sample_thermal_status,1,Android PowerManager status
optimized,2:11,sample_cpu0_freq,1900,MHz
optimized,2:11,sample_cpu1_freq,1900,MHz
optimized,2:11,sample_cpu2_freq,1900,MHz
optimized,2:11,sample_cpu3_freq,1900,MHz
optimized,2:11,sample_cpu4_freq,2500,MHz
optimized,2:11,sample_cpu5_freq,2500,MHz
optimized,2:11,sample_cpu6_freq,2500,MHz
optimized,2:11,sample_cpu7_freq,2500,MHz
optimized,2:12,sample_elapsed,1720,ms
optimized,2:12,sample_power,4.199,W
optimized,2:12,sample_process_cpu,463.636,% one core
optimized,2:12,sample_free_ram,1.028,GiB
optimized,2:12,sample_battery_temp,37.000,C
optimized,2:12,sample_thermal_status,1,Android PowerManager status
optimized,2:12,sample_cpu0_freq,1900,MHz
optimized,2:12,sample_cpu1_freq,1900,MHz
optimized,2:12,sample_cpu2_freq,1900,MHz
optimized,2:12,sample_cpu3_freq,1900,MHz
optimized,2:12,sample_cpu4_freq,2500,MHz
optimized,2:12,sample_cpu5_freq,2500,MHz
optimized,2:12,sample_cpu6_freq,2500,MHz
optimized,2:12,sample_cpu7_freq,2500,MHz
optimized,2:13,sample_elapsed,1874,ms
optimized,2:13,sample_power,4.284,W
optimized,2:13,sample_process_cpu,461.039,% one core
optimized,2:13,sample_free_ram,1.028,GiB
optimized,2:13,sample_battery_temp,37.000,C
optimized,2:13,sample_thermal_status,1,Android PowerManager status
optimized,2:13,sample_cpu0_freq,1900,MHz
optimized,2:13,sample_cpu1_freq,1900,MHz
optimized,2:13,sample_cpu2_freq,1900,MHz
optimized,2:13,sample_cpu3_freq,1900,MHz
optimized,2:13,sample_cpu4_freq,2500,MHz
optimized,2:13,sample_cpu5_freq,2500,MHz
optimized,2:13,sample_cpu6_freq,2500,MHz
optimized,2:13,sample_cpu7_freq,2500,MHz
optimized,2:14,sample_elapsed,2029,ms
optimized,2:14,sample_power,4.284,W
optimized,2:14,sample_process_cpu,472.903,% one core
optimized,2:14,sample_free_ram,1.027,GiB
optimized,2:14,sample_battery_temp,37.000,C
optimized,2:14,sample_thermal_status,1,Android PowerManager status
optimized,2:14,sample_cpu0_freq,1900,MHz
optimized,2:14,sample_cpu1_freq,1900,MHz
optimized,2:14,sample_cpu2_freq,1900,MHz
optimized,2:14,sample_cpu3_freq,1900,MHz
optimized,2:14,sample_cpu4_freq,2500,MHz
optimized,2:14,sample_cpu5_freq,2500,MHz
optimized,2:14,sample_cpu6_freq,2500,MHz
optimized,2:14,sample_cpu7_freq,2500,MHz
optimized,2:15,sample_elapsed,2186,ms
optimized,2:15,sample_power,4.284,W
optimized,2:15,sample_process_cpu,450.955,% one core
optimized,2:15,sample_free_ram,1.027,GiB
optimized,2:15,sample_battery_temp,37.000,C
optimized,2:15,sample_thermal_status,1,Android PowerManager status
optimized,2:15,sample_cpu0_freq,1900,MHz
optimized,2:15,sample_cpu1_freq,1900,MHz
optimized,2:15,sample_cpu2_freq,1900,MHz
optimized,2:15,sample_cpu3_freq,1900,MHz
optimized,2:15,sample_cpu4_freq,2500,MHz
optimized,2:15,sample_cpu5_freq,2500,MHz
optimized,2:15,sample_cpu6_freq,2500,MHz
optimized,2:15,sample_cpu7_freq,2500,MHz
optimized,2:16,sample_elapsed,2340,ms
optimized,2:16,sample_power,4.284,W
optimized,2:16,sample_process_cpu,458.442,% one core
optimized,2:16,sample_free_ram,1.027,GiB
optimized,2:16,sample_battery_temp,37.000,C
optimized,2:16,sample_thermal_status,1,Android PowerManager status
optimized,2:16,sample_cpu0_freq,1900,MHz
optimized,2:16,sample_cpu1_freq,1900,MHz
optimized,2:16,sample_cpu2_freq,1900,MHz
optimized,2:16,sample_cpu3_freq,1900,MHz
optimized,2:16,sample_cpu4_freq,2500,MHz
optimized,2:16,sample_cpu5_freq,2500,MHz
optimized,2:16,sample_cpu6_freq,2500,MHz
optimized,2:16,sample_cpu7_freq,2500,MHz
optimized,2:17,sample_elapsed,2494,ms
optimized,2:17,sample_power,4.036,W
optimized,2:17,sample_process_cpu,464.935,% one core
optimized,2:17,sample_free_ram,1.027,GiB
optimized,2:17,sample_battery_temp,37.000,C
optimized,2:17,sample_thermal_status,1,Android PowerManager status
optimized,2:17,sample_cpu0_freq,450,MHz
optimized,2:17,sample_cpu1_freq,1900,MHz
optimized,2:17,sample_cpu2_freq,1900,MHz
optimized,2:17,sample_cpu3_freq,1900,MHz
optimized,2:17,sample_cpu4_freq,2500,MHz
optimized,2:17,sample_cpu5_freq,2500,MHz
optimized,2:17,sample_cpu6_freq,2500,MHz
optimized,2:17,sample_cpu7_freq,2500,MHz
optimized,2:18,sample_elapsed,2648,ms
optimized,2:18,sample_power,4.036,W
optimized,2:18,sample_process_cpu,459.740,% one core
optimized,2:18,sample_free_ram,1.027,GiB
optimized,2:18,sample_battery_temp,37.000,C
optimized,2:18,sample_thermal_status,1,Android PowerManager status
optimized,2:18,sample_cpu0_freq,800,MHz
optimized,2:18,sample_cpu1_freq,800,MHz
optimized,2:18,sample_cpu2_freq,800,MHz
optimized,2:18,sample_cpu3_freq,800,MHz
optimized,2:18,sample_cpu4_freq,2500,MHz
optimized,2:18,sample_cpu5_freq,2500,MHz
optimized,2:18,sample_cpu6_freq,2500,MHz
optimized,2:18,sample_cpu7_freq,2500,MHz
optimized,2:19,sample_elapsed,2802,ms
optimized,2:19,sample_power,4.036,W
optimized,2:19,sample_process_cpu,453.896,% one core
optimized,2:19,sample_free_ram,1.027,GiB
optimized,2:19,sample_battery_temp,37.000,C
optimized,2:19,sample_thermal_status,1,Android PowerManager status
optimized,2:19,sample_cpu0_freq,1900,MHz
optimized,2:19,sample_cpu1_freq,1900,MHz
optimized,2:19,sample_cpu2_freq,1900,MHz
optimized,2:19,sample_cpu3_freq,1900,MHz
optimized,2:19,sample_cpu4_freq,2500,MHz
optimized,2:19,sample_cpu5_freq,2500,MHz
optimized,2:19,sample_cpu6_freq,2500,MHz
optimized,2:19,sample_cpu7_freq,2500,MHz
optimized,2:20,sample_elapsed,2954,ms
optimized,2:20,sample_power,3.860,W
optimized,2:20,sample_process_cpu,461.184,% one core
optimized,2:20,sample_free_ram,1.027,GiB
optimized,2:20,sample_battery_temp,37.000,C
optimized,2:20,sample_thermal_status,1,Android PowerManager status
optimized,2:20,sample_cpu0_freq,1900,MHz
optimized,2:20,sample_cpu1_freq,1900,MHz
optimized,2:20,sample_cpu2_freq,1900,MHz
optimized,2:20,sample_cpu3_freq,1900,MHz
optimized,2:20,sample_cpu4_freq,2500,MHz
optimized,2:20,sample_cpu5_freq,2500,MHz
optimized,2:20,sample_cpu6_freq,2500,MHz
optimized,2:20,sample_cpu7_freq,2500,MHz
optimized,2:21,sample_elapsed,3107,ms
optimized,2:21,sample_power,3.860,W
optimized,2:21,sample_process_cpu,459.477,% one core
optimized,2:21,sample_free_ram,1.026,GiB
optimized,2:21,sample_battery_temp,37.000,C
optimized,2:21,sample_thermal_status,1,Android PowerManager status
optimized,2:21,sample_cpu0_freq,1900,MHz
optimized,2:21,sample_cpu1_freq,1900,MHz
optimized,2:21,sample_cpu2_freq,1900,MHz
optimized,2:21,sample_cpu3_freq,1900,MHz
optimized,2:21,sample_cpu4_freq,2500,MHz
optimized,2:21,sample_cpu5_freq,2500,MHz
optimized,2:21,sample_cpu6_freq,2500,MHz
optimized,2:21,sample_cpu7_freq,2500,MHz
optimized,2:22,sample_elapsed,3260,ms
optimized,2:22,sample_power,3.860,W
optimized,2:22,sample_process_cpu,467.320,% one core
optimized,2:22,sample_free_ram,1.026,GiB
optimized,2:22,sample_battery_temp,37.000,C
optimized,2:22,sample_thermal_status,1,Android PowerManager status
optimized,2:22,sample_cpu0_freq,1900,MHz
optimized,2:22,sample_cpu1_freq,1900,MHz
optimized,2:22,sample_cpu2_freq,1900,MHz
optimized,2:22,sample_cpu3_freq,1900,MHz
optimized,2:22,sample_cpu4_freq,2500,MHz
optimized,2:22,sample_cpu5_freq,2500,MHz
optimized,2:22,sample_cpu6_freq,2500,MHz
optimized,2:22,sample_cpu7_freq,2500,MHz
optimized,2:23,sample_elapsed,3413,ms
optimized,2:23,sample_power,3.860,W
optimized,2:23,sample_process_cpu,464.052,% one core
optimized,2:23,sample_free_ram,1.026,GiB
optimized,2:23,sample_battery_temp,37.000,C
optimized,2:23,sample_thermal_status,1,Android PowerManager status
optimized,2:23,sample_cpu0_freq,1900,MHz
optimized,2:23,sample_cpu1_freq,1900,MHz
optimized,2:23,sample_cpu2_freq,1900,MHz
optimized,2:23,sample_cpu3_freq,1900,MHz
optimized,2:23,sample_cpu4_freq,2500,MHz
optimized,2:23,sample_cpu5_freq,2500,MHz
optimized,2:23,sample_cpu6_freq,2500,MHz
optimized,2:23,sample_cpu7_freq,2500,MHz
optimized,2:24,sample_elapsed,3565,ms
optimized,2:24,sample_power,4.812,W
optimized,2:24,sample_process_cpu,463.816,% one core
optimized,2:24,sample_free_ram,1.026,GiB
optimized,2:24,sample_battery_temp,37.000,C
optimized,2:24,sample_thermal_status,1,Android PowerManager status
optimized,2:24,sample_cpu0_freq,1900,MHz
optimized,2:24,sample_cpu1_freq,1900,MHz
optimized,2:24,sample_cpu2_freq,1900,MHz
optimized,2:24,sample_cpu3_freq,1900,MHz
optimized,2:24,sample_cpu4_freq,2500,MHz
optimized,2:24,sample_cpu5_freq,2500,MHz
optimized,2:24,sample_cpu6_freq,2500,MHz
optimized,2:24,sample_cpu7_freq,2500,MHz
optimized,2:25,sample_elapsed,3722,ms
optimized,2:25,sample_power,4.812,W
optimized,2:25,sample_process_cpu,450.955,% one core
optimized,2:25,sample_free_ram,1.026,GiB
optimized,2:25,sample_battery_temp,37.000,C
optimized,2:25,sample_thermal_status,1,Android PowerManager status
optimized,2:25,sample_cpu0_freq,1900,MHz
optimized,2:25,sample_cpu1_freq,1900,MHz
optimized,2:25,sample_cpu2_freq,1900,MHz
optimized,2:25,sample_cpu3_freq,1900,MHz
optimized,2:25,sample_cpu4_freq,2500,MHz
optimized,2:25,sample_cpu5_freq,2500,MHz
optimized,2:25,sample_cpu6_freq,2500,MHz
optimized,2:25,sample_cpu7_freq,2500,MHz
optimized,2:26,sample_elapsed,3875,ms
optimized,2:26,sample_power,4.812,W
optimized,2:26,sample_process_cpu,460.784,% one core
optimized,2:26,sample_free_ram,1.026,GiB
optimized,2:26,sample_battery_temp,37.000,C
optimized,2:26,sample_thermal_status,1,Android PowerManager status
optimized,2:26,sample_cpu0_freq,1900,MHz
optimized,2:26,sample_cpu1_freq,1900,MHz
optimized,2:26,sample_cpu2_freq,1900,MHz
optimized,2:26,sample_cpu3_freq,1900,MHz
optimized,2:26,sample_cpu4_freq,2500,MHz
optimized,2:26,sample_cpu5_freq,2500,MHz
optimized,2:26,sample_cpu6_freq,2500,MHz
optimized,2:26,sample_cpu7_freq,2500,MHz
optimized,2:27,sample_elapsed,4030,ms
optimized,2:27,sample_power,4.812,W
optimized,2:27,sample_process_cpu,483.871,% one core
optimized,2:27,sample_free_ram,1.026,GiB
optimized,2:27,sample_battery_temp,37.000,C
optimized,2:27,sample_thermal_status,1,Android PowerManager status
optimized,2:27,sample_cpu0_freq,1900,MHz
optimized,2:27,sample_cpu1_freq,1900,MHz
optimized,2:27,sample_cpu2_freq,1900,MHz
optimized,2:27,sample_cpu3_freq,1900,MHz
optimized,2:27,sample_cpu4_freq,2500,MHz
optimized,2:27,sample_cpu5_freq,2500,MHz
optimized,2:27,sample_cpu6_freq,2500,MHz
optimized,2:27,sample_cpu7_freq,2500,MHz
optimized,2:28,sample_elapsed,4190,ms
optimized,2:28,sample_power,4.317,W
optimized,2:28,sample_process_cpu,493.125,% one core
optimized,2:28,sample_free_ram,1.026,GiB
optimized,2:28,sample_battery_temp,37.000,C
optimized,2:28,sample_thermal_status,1,Android PowerManager status
optimized,2:28,sample_cpu0_freq,1900,MHz
optimized,2:28,sample_cpu1_freq,1900,MHz
optimized,2:28,sample_cpu2_freq,1900,MHz
optimized,2:28,sample_cpu3_freq,1900,MHz
optimized,2:28,sample_cpu4_freq,2500,MHz
optimized,2:28,sample_cpu5_freq,2500,MHz
optimized,2:28,sample_cpu6_freq,2500,MHz
optimized,2:28,sample_cpu7_freq,2500,MHz
optimized,2:29,sample_elapsed,4356,ms
optimized,2:29,sample_power,4.317,W
optimized,2:29,sample_process_cpu,462.048,% one core
optimized,2:29,sample_free_ram,1.026,GiB
optimized,2:29,sample_battery_temp,37.000,C
optimized,2:29,sample_thermal_status,1,Android PowerManager status
optimized,2:29,sample_cpu0_freq,1900,MHz
optimized,2:29,sample_cpu1_freq,1900,MHz
optimized,2:29,sample_cpu2_freq,1900,MHz
optimized,2:29,sample_cpu3_freq,1900,MHz
optimized,2:29,sample_cpu4_freq,2500,MHz
optimized,2:29,sample_cpu5_freq,2500,MHz
optimized,2:29,sample_cpu6_freq,2500,MHz
optimized,2:29,sample_cpu7_freq,2500,MHz
optimized,2:30,sample_elapsed,4512,ms
optimized,2:30,sample_power,4.317,W
optimized,2:30,sample_process_cpu,476.282,% one core
optimized,2:30,sample_free_ram,1.026,GiB
optimized,2:30,sample_battery_temp,37.000,C
optimized,2:30,sample_thermal_status,1,Android PowerManager status
optimized,2:30,sample_cpu0_freq,1900,MHz
optimized,2:30,sample_cpu1_freq,1900,MHz
optimized,2:30,sample_cpu2_freq,1900,MHz
optimized,2:30,sample_cpu3_freq,1900,MHz
optimized,2:30,sample_cpu4_freq,2500,MHz
optimized,2:30,sample_cpu5_freq,2500,MHz
optimized,2:30,sample_cpu6_freq,2500,MHz
optimized,2:30,sample_cpu7_freq,2500,MHz
optimized,2:31,sample_elapsed,4667,ms
optimized,2:31,sample_power,4.317,W
optimized,2:31,sample_process_cpu,504.516,% one core
optimized,2:31,sample_free_ram,1.025,GiB
optimized,2:31,sample_battery_temp,37.000,C
optimized,2:31,sample_thermal_status,1,Android PowerManager status
optimized,2:31,sample_cpu0_freq,1900,MHz
optimized,2:31,sample_cpu1_freq,1900,MHz
optimized,2:31,sample_cpu2_freq,1900,MHz
optimized,2:31,sample_cpu3_freq,1900,MHz
optimized,2:31,sample_cpu4_freq,2500,MHz
optimized,2:31,sample_cpu5_freq,2500,MHz
optimized,2:31,sample_cpu6_freq,2500,MHz
optimized,2:31,sample_cpu7_freq,2500,MHz
optimized,2:32,sample_elapsed,4832,ms
optimized,2:32,sample_power,4.297,W
optimized,2:32,sample_process_cpu,483.636,% one core
optimized,2:32,sample_free_ram,1.025,GiB
optimized,2:32,sample_battery_temp,37.000,C
optimized,2:32,sample_thermal_status,1,Android PowerManager status
optimized,2:32,sample_cpu0_freq,1900,MHz
optimized,2:32,sample_cpu1_freq,1900,MHz
optimized,2:32,sample_cpu2_freq,1900,MHz
optimized,2:32,sample_cpu3_freq,1900,MHz
optimized,2:32,sample_cpu4_freq,2500,MHz
optimized,2:32,sample_cpu5_freq,2500,MHz
optimized,2:32,sample_cpu6_freq,2500,MHz
optimized,2:32,sample_cpu7_freq,2500,MHz
optimized,2:33,sample_elapsed,4994,ms
optimized,2:33,sample_power,4.297,W
optimized,2:33,sample_process_cpu,467.901,% one core
optimized,2:33,sample_free_ram,1.025,GiB
optimized,2:33,sample_battery_temp,37.000,C
optimized,2:33,sample_thermal_status,1,Android PowerManager status
optimized,2:33,sample_cpu0_freq,1900,MHz
optimized,2:33,sample_cpu1_freq,1900,MHz
optimized,2:33,sample_cpu2_freq,1900,MHz
optimized,2:33,sample_cpu3_freq,1900,MHz
optimized,2:33,sample_cpu4_freq,2500,MHz
optimized,2:33,sample_cpu5_freq,2500,MHz
optimized,2:33,sample_cpu6_freq,2500,MHz
optimized,2:33,sample_cpu7_freq,2500,MHz
optimized,2:34,sample_elapsed,5166,ms
optimized,2:34,sample_power,4.297,W
optimized,2:34,sample_process_cpu,492.442,% one core
optimized,2:34,sample_free_ram,1.025,GiB
optimized,2:34,sample_battery_temp,37.000,C
optimized,2:34,sample_thermal_status,1,Android PowerManager status
optimized,2:34,sample_cpu0_freq,1900,MHz
optimized,2:34,sample_cpu1_freq,1900,MHz
optimized,2:34,sample_cpu2_freq,1900,MHz
optimized,2:34,sample_cpu3_freq,1900,MHz
optimized,2:34,sample_cpu4_freq,2500,MHz
optimized,2:34,sample_cpu5_freq,2500,MHz
optimized,2:34,sample_cpu6_freq,2500,MHz
optimized,2:34,sample_cpu7_freq,2500,MHz
optimized,2:35,sample_elapsed,5328,ms
optimized,2:35,sample_power,4.297,W
optimized,2:35,sample_process_cpu,483.951,% one core
optimized,2:35,sample_free_ram,1.025,GiB
optimized,2:35,sample_battery_temp,37.000,C
optimized,2:35,sample_thermal_status,1,Android PowerManager status
optimized,2:35,sample_cpu0_freq,1900,MHz
optimized,2:35,sample_cpu1_freq,1900,MHz
optimized,2:35,sample_cpu2_freq,1900,MHz
optimized,2:35,sample_cpu3_freq,1900,MHz
optimized,2:35,sample_cpu4_freq,2500,MHz
optimized,2:35,sample_cpu5_freq,2500,MHz
optimized,2:35,sample_cpu6_freq,2500,MHz
optimized,2:35,sample_cpu7_freq,2500,MHz
optimized,2:36,sample_elapsed,5486,ms
optimized,2:36,sample_power,4.750,W
optimized,2:36,sample_process_cpu,501.266,% one core
optimized,2:36,sample_free_ram,1.025,GiB
optimized,2:36,sample_battery_temp,37.000,C
optimized,2:36,sample_thermal_status,1,Android PowerManager status
optimized,2:36,sample_cpu0_freq,1900,MHz
optimized,2:36,sample_cpu1_freq,1900,MHz
optimized,2:36,sample_cpu2_freq,1900,MHz
optimized,2:36,sample_cpu3_freq,1900,MHz
optimized,2:36,sample_cpu4_freq,2500,MHz
optimized,2:36,sample_cpu5_freq,2500,MHz
optimized,2:36,sample_cpu6_freq,2500,MHz
optimized,2:36,sample_cpu7_freq,2500,MHz
optimized,2:37,sample_elapsed,5652,ms
optimized,2:37,sample_power,4.750,W
optimized,2:37,sample_process_cpu,475.301,% one core
optimized,2:37,sample_free_ram,1.026,GiB
optimized,2:37,sample_battery_temp,37.000,C
optimized,2:37,sample_thermal_status,1,Android PowerManager status
optimized,2:37,sample_cpu0_freq,1900,MHz
optimized,2:37,sample_cpu1_freq,1900,MHz
optimized,2:37,sample_cpu2_freq,1900,MHz
optimized,2:37,sample_cpu3_freq,1900,MHz
optimized,2:37,sample_cpu4_freq,2500,MHz
optimized,2:37,sample_cpu5_freq,2500,MHz
optimized,2:37,sample_cpu6_freq,2500,MHz
optimized,2:37,sample_cpu7_freq,2500,MHz
optimized,2:38,sample_elapsed,5811,ms
optimized,2:38,sample_power,4.750,W
optimized,2:38,sample_process_cpu,475.472,% one core
optimized,2:38,sample_free_ram,1.028,GiB
optimized,2:38,sample_battery_temp,37.000,C
optimized,2:38,sample_thermal_status,1,Android PowerManager status
optimized,2:38,sample_cpu0_freq,1900,MHz
optimized,2:38,sample_cpu1_freq,1900,MHz
optimized,2:38,sample_cpu2_freq,1900,MHz
optimized,2:38,sample_cpu3_freq,1900,MHz
optimized,2:38,sample_cpu4_freq,2500,MHz
optimized,2:38,sample_cpu5_freq,2500,MHz
optimized,2:38,sample_cpu6_freq,2500,MHz
optimized,2:38,sample_cpu7_freq,2500,MHz
optimized,2:39,sample_elapsed,5975,ms
optimized,2:39,sample_power,4.750,W
optimized,2:39,sample_process_cpu,471.951,% one core
optimized,2:39,sample_free_ram,1.028,GiB
optimized,2:39,sample_battery_temp,37.000,C
optimized,2:39,sample_thermal_status,1,Android PowerManager status
optimized,2:39,sample_cpu0_freq,1900,MHz
optimized,2:39,sample_cpu1_freq,1900,MHz
optimized,2:39,sample_cpu2_freq,1900,MHz
optimized,2:39,sample_cpu3_freq,1900,MHz
optimized,2:39,sample_cpu4_freq,2500,MHz
optimized,2:39,sample_cpu5_freq,2500,MHz
optimized,2:39,sample_cpu6_freq,2500,MHz
optimized,2:39,sample_cpu7_freq,2500,MHz
optimized,2:40,sample_elapsed,6132,ms
optimized,2:40,sample_power,4.435,W
optimized,2:40,sample_process_cpu,470.701,% one core
optimized,2:40,sample_free_ram,1.028,GiB
optimized,2:40,sample_battery_temp,37.000,C
optimized,2:40,sample_thermal_status,1,Android PowerManager status
optimized,2:40,sample_cpu0_freq,1900,MHz
optimized,2:40,sample_cpu1_freq,1900,MHz
optimized,2:40,sample_cpu2_freq,1900,MHz
optimized,2:40,sample_cpu3_freq,1900,MHz
optimized,2:40,sample_cpu4_freq,2500,MHz
optimized,2:40,sample_cpu5_freq,2500,MHz
optimized,2:40,sample_cpu6_freq,2500,MHz
optimized,2:40,sample_cpu7_freq,2500,MHz
optimized,2:41,sample_elapsed,6292,ms
optimized,2:41,sample_power,4.435,W
optimized,2:41,sample_process_cpu,500.625,% one core
optimized,2:41,sample_free_ram,1.028,GiB
optimized,2:41,sample_battery_temp,37.000,C
optimized,2:41,sample_thermal_status,1,Android PowerManager status
optimized,2:41,sample_cpu0_freq,1900,MHz
optimized,2:41,sample_cpu1_freq,1900,MHz
optimized,2:41,sample_cpu2_freq,1900,MHz
optimized,2:41,sample_cpu3_freq,1900,MHz
optimized,2:41,sample_cpu4_freq,2500,MHz
optimized,2:41,sample_cpu5_freq,2500,MHz
optimized,2:41,sample_cpu6_freq,2500,MHz
optimized,2:41,sample_cpu7_freq,2500,MHz
optimized,2:42,sample_elapsed,6459,ms
optimized,2:42,sample_power,4.435,W
optimized,2:42,sample_process_cpu,456.886,% one core
optimized,2:42,sample_free_ram,1.028,GiB
optimized,2:42,sample_battery_temp,37.000,C
optimized,2:42,sample_thermal_status,1,Android PowerManager status
optimized,2:42,sample_cpu0_freq,1900,MHz
optimized,2:42,sample_cpu1_freq,1900,MHz
optimized,2:42,sample_cpu2_freq,1900,MHz
optimized,2:42,sample_cpu3_freq,1900,MHz
optimized,2:42,sample_cpu4_freq,2500,MHz
optimized,2:42,sample_cpu5_freq,2500,MHz
optimized,2:42,sample_cpu6_freq,2500,MHz
optimized,2:42,sample_cpu7_freq,2500,MHz
optimized,2:43,sample_elapsed,6614,ms
optimized,2:43,sample_power,4.435,W
optimized,2:43,sample_process_cpu,483.226,% one core
optimized,2:43,sample_free_ram,1.028,GiB
optimized,2:43,sample_battery_temp,37.000,C
optimized,2:43,sample_thermal_status,1,Android PowerManager status
optimized,2:43,sample_cpu0_freq,1900,MHz
optimized,2:43,sample_cpu1_freq,1900,MHz
optimized,2:43,sample_cpu2_freq,1900,MHz
optimized,2:43,sample_cpu3_freq,1900,MHz
optimized,2:43,sample_cpu4_freq,2500,MHz
optimized,2:43,sample_cpu5_freq,2500,MHz
optimized,2:43,sample_cpu6_freq,2500,MHz
optimized,2:43,sample_cpu7_freq,2500,MHz
optimized,2:44,sample_elapsed,6772,ms
optimized,2:44,sample_power,4.531,W
optimized,2:44,sample_process_cpu,489.873,% one core
optimized,2:44,sample_free_ram,1.028,GiB
optimized,2:44,sample_battery_temp,37.000,C
optimized,2:44,sample_thermal_status,1,Android PowerManager status
optimized,2:44,sample_cpu0_freq,1900,MHz
optimized,2:44,sample_cpu1_freq,1900,MHz
optimized,2:44,sample_cpu2_freq,1900,MHz
optimized,2:44,sample_cpu3_freq,1900,MHz
optimized,2:44,sample_cpu4_freq,2500,MHz
optimized,2:44,sample_cpu5_freq,2500,MHz
optimized,2:44,sample_cpu6_freq,2500,MHz
optimized,2:44,sample_cpu7_freq,2500,MHz
optimized,2:45,sample_elapsed,6932,ms
optimized,2:45,sample_power,4.531,W
optimized,2:45,sample_process_cpu,468.125,% one core
optimized,2:45,sample_free_ram,1.028,GiB
optimized,2:45,sample_battery_temp,37.000,C
optimized,2:45,sample_thermal_status,1,Android PowerManager status
optimized,2:45,sample_cpu0_freq,1900,MHz
optimized,2:45,sample_cpu1_freq,1900,MHz
optimized,2:45,sample_cpu2_freq,1900,MHz
optimized,2:45,sample_cpu3_freq,1900,MHz
optimized,2:45,sample_cpu4_freq,2500,MHz
optimized,2:45,sample_cpu5_freq,2500,MHz
optimized,2:45,sample_cpu6_freq,2500,MHz
optimized,2:45,sample_cpu7_freq,2500,MHz
optimized,2:46,sample_elapsed,7087,ms
optimized,2:46,sample_power,4.346,W
optimized,2:46,sample_process_cpu,492.258,% one core
optimized,2:46,sample_free_ram,1.028,GiB
optimized,2:46,sample_battery_temp,37.000,C
optimized,2:46,sample_thermal_status,1,Android PowerManager status
optimized,2:46,sample_cpu0_freq,1900,MHz
optimized,2:46,sample_cpu1_freq,1900,MHz
optimized,2:46,sample_cpu2_freq,1900,MHz
optimized,2:46,sample_cpu3_freq,1900,MHz
optimized,2:46,sample_cpu4_freq,2500,MHz
optimized,2:46,sample_cpu5_freq,2500,MHz
optimized,2:46,sample_cpu6_freq,2500,MHz
optimized,2:46,sample_cpu7_freq,2500,MHz
optimized,2:47,sample_elapsed,7246,ms
optimized,2:47,sample_power,4.346,W
optimized,2:47,sample_process_cpu,475.472,% one core
optimized,2:47,sample_free_ram,1.028,GiB
optimized,2:47,sample_battery_temp,37.000,C
optimized,2:47,sample_thermal_status,1,Android PowerManager status
optimized,2:47,sample_cpu0_freq,1900,MHz
optimized,2:47,sample_cpu1_freq,1900,MHz
optimized,2:47,sample_cpu2_freq,1900,MHz
optimized,2:47,sample_cpu3_freq,1900,MHz
optimized,2:47,sample_cpu4_freq,2500,MHz
optimized,2:47,sample_cpu5_freq,2500,MHz
optimized,2:47,sample_cpu6_freq,2500,MHz
optimized,2:47,sample_cpu7_freq,2500,MHz
optimized,2:48,sample_elapsed,7405,ms
optimized,2:48,sample_power,4.346,W
optimized,2:48,sample_process_cpu,481.132,% one core
optimized,2:48,sample_free_ram,1.028,GiB
optimized,2:48,sample_battery_temp,37.000,C
optimized,2:48,sample_thermal_status,1,Android PowerManager status
optimized,2:48,sample_cpu0_freq,1900,MHz
optimized,2:48,sample_cpu1_freq,1900,MHz
optimized,2:48,sample_cpu2_freq,1900,MHz
optimized,2:48,sample_cpu3_freq,1900,MHz
optimized,2:48,sample_cpu4_freq,2500,MHz
optimized,2:48,sample_cpu5_freq,2500,MHz
optimized,2:48,sample_cpu6_freq,2500,MHz
optimized,2:48,sample_cpu7_freq,2500,MHz
optimized,2:49,sample_elapsed,7564,ms
optimized,2:49,sample_power,4.359,W
optimized,2:49,sample_process_cpu,493.711,% one core
optimized,2:49,sample_free_ram,1.028,GiB
optimized,2:49,sample_battery_temp,37.000,C
optimized,2:49,sample_thermal_status,1,Android PowerManager status
optimized,2:49,sample_cpu0_freq,1900,MHz
optimized,2:49,sample_cpu1_freq,1900,MHz
optimized,2:49,sample_cpu2_freq,1900,MHz
optimized,2:49,sample_cpu3_freq,1900,MHz
optimized,2:49,sample_cpu4_freq,2500,MHz
optimized,2:49,sample_cpu5_freq,2500,MHz
optimized,2:49,sample_cpu6_freq,2500,MHz
optimized,2:49,sample_cpu7_freq,2500,MHz
optimized,2:50,sample_elapsed,7725,ms
optimized,2:50,sample_power,4.359,W
optimized,2:50,sample_process_cpu,488.820,% one core
optimized,2:50,sample_free_ram,1.028,GiB
optimized,2:50,sample_battery_temp,37.000,C
optimized,2:50,sample_thermal_status,1,Android PowerManager status
optimized,2:50,sample_cpu0_freq,1900,MHz
optimized,2:50,sample_cpu1_freq,1900,MHz
optimized,2:50,sample_cpu2_freq,1900,MHz
optimized,2:50,sample_cpu3_freq,1900,MHz
optimized,2:50,sample_cpu4_freq,2500,MHz
optimized,2:50,sample_cpu5_freq,2500,MHz
optimized,2:50,sample_cpu6_freq,2500,MHz
optimized,2:50,sample_cpu7_freq,2500,MHz
optimized,2:51,sample_elapsed,7886,ms
optimized,2:51,sample_power,4.359,W
optimized,2:51,sample_process_cpu,480.745,% one core
optimized,2:51,sample_free_ram,1.028,GiB
optimized,2:51,sample_battery_temp,37.000,C
optimized,2:51,sample_thermal_status,1,Android PowerManager status
optimized,2:51,sample_cpu0_freq,1900,MHz
optimized,2:51,sample_cpu1_freq,1900,MHz
optimized,2:51,sample_cpu2_freq,1900,MHz
optimized,2:51,sample_cpu3_freq,1900,MHz
optimized,2:51,sample_cpu4_freq,2500,MHz
optimized,2:51,sample_cpu5_freq,2500,MHz
optimized,2:51,sample_cpu6_freq,2500,MHz
optimized,2:51,sample_cpu7_freq,2500,MHz
optimized,2:52,sample_elapsed,8043,ms
optimized,2:52,sample_power,4.359,W
optimized,2:52,sample_process_cpu,473.248,% one core
optimized,2:52,sample_free_ram,1.028,GiB
optimized,2:52,sample_battery_temp,37.000,C
optimized,2:52,sample_thermal_status,1,Android PowerManager status
optimized,2:52,sample_cpu0_freq,1900,MHz
optimized,2:52,sample_cpu1_freq,1900,MHz
optimized,2:52,sample_cpu2_freq,1900,MHz
optimized,2:52,sample_cpu3_freq,1900,MHz
optimized,2:52,sample_cpu4_freq,2500,MHz
optimized,2:52,sample_cpu5_freq,2500,MHz
optimized,2:52,sample_cpu6_freq,2500,MHz
optimized,2:52,sample_cpu7_freq,2500,MHz
optimized,2:53,sample_elapsed,8202,ms
optimized,2:53,sample_power,4.545,W
optimized,2:53,sample_process_cpu,488.050,% one core
optimized,2:53,sample_free_ram,1.028,GiB
optimized,2:53,sample_battery_temp,37.000,C
optimized,2:53,sample_thermal_status,1,Android PowerManager status
optimized,2:53,sample_cpu0_freq,1900,MHz
optimized,2:53,sample_cpu1_freq,1900,MHz
optimized,2:53,sample_cpu2_freq,1900,MHz
optimized,2:53,sample_cpu3_freq,1900,MHz
optimized,2:53,sample_cpu4_freq,2500,MHz
optimized,2:53,sample_cpu5_freq,2500,MHz
optimized,2:53,sample_cpu6_freq,2500,MHz
optimized,2:53,sample_cpu7_freq,2500,MHz
optimized,2:54,sample_elapsed,8363,ms
optimized,2:54,sample_power,4.545,W
optimized,2:54,sample_process_cpu,470.186,% one core
optimized,2:54,sample_free_ram,1.028,GiB
optimized,2:54,sample_battery_temp,37.000,C
optimized,2:54,sample_thermal_status,1,Android PowerManager status
optimized,2:54,sample_cpu0_freq,1900,MHz
optimized,2:54,sample_cpu1_freq,1900,MHz
optimized,2:54,sample_cpu2_freq,1900,MHz
optimized,2:54,sample_cpu3_freq,1900,MHz
optimized,2:54,sample_cpu4_freq,2500,MHz
optimized,2:54,sample_cpu5_freq,2500,MHz
optimized,2:54,sample_cpu6_freq,2500,MHz
optimized,2:54,sample_cpu7_freq,2500,MHz
optimized,2:55,sample_elapsed,8521,ms
optimized,2:55,sample_power,4.545,W
optimized,2:55,sample_process_cpu,491.139,% one core
optimized,2:55,sample_free_ram,1.028,GiB
optimized,2:55,sample_battery_temp,37.000,C
optimized,2:55,sample_thermal_status,1,Android PowerManager status
optimized,2:55,sample_cpu0_freq,1900,MHz
optimized,2:55,sample_cpu1_freq,1900,MHz
optimized,2:55,sample_cpu2_freq,1900,MHz
optimized,2:55,sample_cpu3_freq,1900,MHz
optimized,2:55,sample_cpu4_freq,2500,MHz
optimized,2:55,sample_cpu5_freq,2500,MHz
optimized,2:55,sample_cpu6_freq,2500,MHz
optimized,2:55,sample_cpu7_freq,2500,MHz
optimized,2:56,sample_elapsed,8686,ms
optimized,2:56,sample_power,4.545,W
optimized,2:56,sample_process_cpu,500.000,% one core
optimized,2:56,sample_free_ram,1.028,GiB
optimized,2:56,sample_battery_temp,37.000,C
optimized,2:56,sample_thermal_status,1,Android PowerManager status
optimized,2:56,sample_cpu0_freq,1900,MHz
optimized,2:56,sample_cpu1_freq,1900,MHz
optimized,2:56,sample_cpu2_freq,1900,MHz
optimized,2:56,sample_cpu3_freq,1900,MHz
optimized,2:56,sample_cpu4_freq,2500,MHz
optimized,2:56,sample_cpu5_freq,2500,MHz
optimized,2:56,sample_cpu6_freq,2500,MHz
optimized,2:56,sample_cpu7_freq,2500,MHz
optimized,2:57,sample_elapsed,8851,ms
optimized,2:57,sample_power,4.516,W
optimized,2:57,sample_process_cpu,461.212,% one core
optimized,2:57,sample_free_ram,1.028,GiB
optimized,2:57,sample_battery_temp,37.000,C
optimized,2:57,sample_thermal_status,1,Android PowerManager status
optimized,2:57,sample_cpu0_freq,1900,MHz
optimized,2:57,sample_cpu1_freq,1900,MHz
optimized,2:57,sample_cpu2_freq,1900,MHz
optimized,2:57,sample_cpu3_freq,1900,MHz
optimized,2:57,sample_cpu4_freq,2500,MHz
optimized,2:57,sample_cpu5_freq,2500,MHz
optimized,2:57,sample_cpu6_freq,2500,MHz
optimized,2:57,sample_cpu7_freq,2500,MHz
optimized,2:58,sample_elapsed,9010,ms
optimized,2:58,sample_power,4.516,W
optimized,2:58,sample_process_cpu,492.453,% one core
optimized,2:58,sample_free_ram,1.028,GiB
optimized,2:58,sample_battery_temp,37.000,C
optimized,2:58,sample_thermal_status,1,Android PowerManager status
optimized,2:58,sample_cpu0_freq,1900,MHz
optimized,2:58,sample_cpu1_freq,1900,MHz
optimized,2:58,sample_cpu2_freq,1900,MHz
optimized,2:58,sample_cpu3_freq,1900,MHz
optimized,2:58,sample_cpu4_freq,2500,MHz
optimized,2:58,sample_cpu5_freq,2500,MHz
optimized,2:58,sample_cpu6_freq,2500,MHz
optimized,2:58,sample_cpu7_freq,2500,MHz
optimized,2:59,sample_elapsed,9172,ms
optimized,2:59,sample_power,4.516,W
optimized,2:59,sample_process_cpu,485.802,% one core
optimized,2:59,sample_free_ram,1.028,GiB
optimized,2:59,sample_battery_temp,37.000,C
optimized,2:59,sample_thermal_status,1,Android PowerManager status
optimized,2:59,sample_cpu0_freq,1900,MHz
optimized,2:59,sample_cpu1_freq,1900,MHz
optimized,2:59,sample_cpu2_freq,1900,MHz
optimized,2:59,sample_cpu3_freq,1900,MHz
optimized,2:59,sample_cpu4_freq,2500,MHz
optimized,2:59,sample_cpu5_freq,2500,MHz
optimized,2:59,sample_cpu6_freq,2500,MHz
optimized,2:59,sample_cpu7_freq,2500,MHz
optimized,2:60,sample_elapsed,9332,ms
optimized,2:60,sample_power,4.516,W
optimized,2:60,sample_process_cpu,484.375,% one core
optimized,2:60,sample_free_ram,1.028,GiB
optimized,2:60,sample_battery_temp,37.000,C
optimized,2:60,sample_thermal_status,1,Android PowerManager status
optimized,2:60,sample_cpu0_freq,1900,MHz
optimized,2:60,sample_cpu1_freq,1900,MHz
optimized,2:60,sample_cpu2_freq,1900,MHz
optimized,2:60,sample_cpu3_freq,1900,MHz
optimized,2:60,sample_cpu4_freq,2500,MHz
optimized,2:60,sample_cpu5_freq,2500,MHz
optimized,2:60,sample_cpu6_freq,2500,MHz
optimized,2:60,sample_cpu7_freq,2500,MHz
optimized,2:61,sample_elapsed,9491,ms
optimized,2:61,sample_power,4.574,W
optimized,2:61,sample_process_cpu,504.403,% one core
optimized,2:61,sample_free_ram,1.028,GiB
optimized,2:61,sample_battery_temp,37.000,C
optimized,2:61,sample_thermal_status,1,Android PowerManager status
optimized,2:61,sample_cpu0_freq,1900,MHz
optimized,2:61,sample_cpu1_freq,1900,MHz
optimized,2:61,sample_cpu2_freq,1900,MHz
optimized,2:61,sample_cpu3_freq,1900,MHz
optimized,2:61,sample_cpu4_freq,2500,MHz
optimized,2:61,sample_cpu5_freq,2500,MHz
optimized,2:61,sample_cpu6_freq,2500,MHz
optimized,2:61,sample_cpu7_freq,2500,MHz
optimized,2:62,sample_elapsed,9653,ms
optimized,2:62,sample_power,4.237,W
optimized,2:62,sample_process_cpu,442.593,% one core
optimized,2:62,sample_free_ram,1.027,GiB
optimized,2:62,sample_battery_temp,38.000,C
optimized,2:62,sample_thermal_status,1,Android PowerManager status
optimized,2:62,sample_cpu0_freq,1900,MHz
optimized,2:62,sample_cpu1_freq,1900,MHz
optimized,2:62,sample_cpu2_freq,1900,MHz
optimized,2:62,sample_cpu3_freq,1900,MHz
optimized,2:62,sample_cpu4_freq,2500,MHz
optimized,2:62,sample_cpu5_freq,2500,MHz
optimized,2:62,sample_cpu6_freq,2500,MHz
optimized,2:62,sample_cpu7_freq,2500,MHz
optimized,2:63,sample_elapsed,9823,ms
optimized,2:63,sample_power,4.384,W
optimized,2:63,sample_process_cpu,474.706,% one core
optimized,2:63,sample_free_ram,1.027,GiB
optimized,2:63,sample_battery_temp,38.000,C
optimized,2:63,sample_thermal_status,1,Android PowerManager status
optimized,2:63,sample_cpu0_freq,1900,MHz
optimized,2:63,sample_cpu1_freq,1900,MHz
optimized,2:63,sample_cpu2_freq,1900,MHz
optimized,2:63,sample_cpu3_freq,1900,MHz
optimized,2:63,sample_cpu4_freq,2500,MHz
optimized,2:63,sample_cpu5_freq,2500,MHz
optimized,2:63,sample_cpu6_freq,2500,MHz
optimized,2:63,sample_cpu7_freq,2500,MHz
optimized,2:64,sample_elapsed,9984,ms
optimized,2:64,sample_power,4.384,W
optimized,2:64,sample_process_cpu,472.050,% one core
optimized,2:64,sample_free_ram,1.027,GiB
optimized,2:64,sample_battery_temp,38.000,C
optimized,2:64,sample_thermal_status,1,Android PowerManager status
optimized,2:64,sample_cpu0_freq,1900,MHz
optimized,2:64,sample_cpu1_freq,1900,MHz
optimized,2:64,sample_cpu2_freq,1900,MHz
optimized,2:64,sample_cpu3_freq,1900,MHz
optimized,2:64,sample_cpu4_freq,2500,MHz
optimized,2:64,sample_cpu5_freq,2500,MHz
optimized,2:64,sample_cpu6_freq,2500,MHz
optimized,2:64,sample_cpu7_freq,2500,MHz
optimized,2:65,sample_elapsed,10143,ms
optimized,2:65,sample_power,4.384,W
optimized,2:65,sample_process_cpu,476.730,% one core
optimized,2:65,sample_free_ram,1.027,GiB
optimized,2:65,sample_battery_temp,38.000,C
optimized,2:65,sample_thermal_status,1,Android PowerManager status
optimized,2:65,sample_cpu0_freq,1900,MHz
optimized,2:65,sample_cpu1_freq,1900,MHz
optimized,2:65,sample_cpu2_freq,1900,MHz
optimized,2:65,sample_cpu3_freq,1900,MHz
optimized,2:65,sample_cpu4_freq,2500,MHz
optimized,2:65,sample_cpu5_freq,2500,MHz
optimized,2:65,sample_cpu6_freq,2500,MHz
optimized,2:65,sample_cpu7_freq,2500,MHz
optimized,2:66,sample_elapsed,10301,ms
optimized,2:66,sample_power,4.297,W
optimized,2:66,sample_process_cpu,485.443,% one core
optimized,2:66,sample_free_ram,1.028,GiB
optimized,2:66,sample_battery_temp,38.000,C
optimized,2:66,sample_thermal_status,1,Android PowerManager status
optimized,2:66,sample_cpu0_freq,1900,MHz
optimized,2:66,sample_cpu1_freq,1900,MHz
optimized,2:66,sample_cpu2_freq,1900,MHz
optimized,2:66,sample_cpu3_freq,1900,MHz
optimized,2:66,sample_cpu4_freq,2500,MHz
optimized,2:66,sample_cpu5_freq,2500,MHz
optimized,2:66,sample_cpu6_freq,2500,MHz
optimized,2:66,sample_cpu7_freq,2500,MHz
optimized,2:67,sample_elapsed,10458,ms
optimized,2:67,sample_power,4.297,W
optimized,2:67,sample_process_cpu,480.892,% one core
optimized,2:67,sample_free_ram,1.028,GiB
optimized,2:67,sample_battery_temp,38.000,C
optimized,2:67,sample_thermal_status,1,Android PowerManager status
optimized,2:67,sample_cpu0_freq,1900,MHz
optimized,2:67,sample_cpu1_freq,1900,MHz
optimized,2:67,sample_cpu2_freq,1900,MHz
optimized,2:67,sample_cpu3_freq,1900,MHz
optimized,2:67,sample_cpu4_freq,2500,MHz
optimized,2:67,sample_cpu5_freq,2500,MHz
optimized,2:67,sample_cpu6_freq,2500,MHz
optimized,2:67,sample_cpu7_freq,2500,MHz
optimized,2:68,sample_elapsed,10622,ms
optimized,2:68,sample_power,4.297,W
optimized,2:68,sample_process_cpu,473.780,% one core
optimized,2:68,sample_free_ram,1.028,GiB
optimized,2:68,sample_battery_temp,38.000,C
optimized,2:68,sample_thermal_status,1,Android PowerManager status
optimized,2:68,sample_cpu0_freq,1900,MHz
optimized,2:68,sample_cpu1_freq,1900,MHz
optimized,2:68,sample_cpu2_freq,1900,MHz
optimized,2:68,sample_cpu3_freq,1900,MHz
optimized,2:68,sample_cpu4_freq,2500,MHz
optimized,2:68,sample_cpu5_freq,2500,MHz
optimized,2:68,sample_cpu6_freq,2500,MHz
optimized,2:68,sample_cpu7_freq,2500,MHz
optimized,2:69,sample_elapsed,10789,ms
optimized,2:69,sample_power,4.297,W
optimized,2:69,sample_process_cpu,470.659,% one core
optimized,2:69,sample_free_ram,1.028,GiB
optimized,2:69,sample_battery_temp,38.000,C
optimized,2:69,sample_thermal_status,1,Android PowerManager status
optimized,2:69,sample_cpu0_freq,1900,MHz
optimized,2:69,sample_cpu1_freq,1900,MHz
optimized,2:69,sample_cpu2_freq,1900,MHz
optimized,2:69,sample_cpu3_freq,1900,MHz
optimized,2:69,sample_cpu4_freq,2500,MHz
optimized,2:69,sample_cpu5_freq,2500,MHz
optimized,2:69,sample_cpu6_freq,2500,MHz
optimized,2:69,sample_cpu7_freq,2500,MHz
optimized,2:70,sample_elapsed,10948,ms
optimized,2:70,sample_power,4.502,W
optimized,2:70,sample_process_cpu,483.648,% one core
optimized,2:70,sample_free_ram,1.028,GiB
optimized,2:70,sample_battery_temp,38.000,C
optimized,2:70,sample_thermal_status,1,Android PowerManager status
optimized,2:70,sample_cpu0_freq,1900,MHz
optimized,2:70,sample_cpu1_freq,1900,MHz
optimized,2:70,sample_cpu2_freq,1900,MHz
optimized,2:70,sample_cpu3_freq,1900,MHz
optimized,2:70,sample_cpu4_freq,2500,MHz
optimized,2:70,sample_cpu5_freq,2500,MHz
optimized,2:70,sample_cpu6_freq,2500,MHz
optimized,2:70,sample_cpu7_freq,2500,MHz
optimized,2:71,sample_elapsed,11106,ms
optimized,2:71,sample_power,4.502,W
optimized,2:71,sample_process_cpu,479.114,% one core
optimized,2:71,sample_free_ram,1.028,GiB
optimized,2:71,sample_battery_temp,38.000,C
optimized,2:71,sample_thermal_status,1,Android PowerManager status
optimized,2:71,sample_cpu0_freq,1900,MHz
optimized,2:71,sample_cpu1_freq,1900,MHz
optimized,2:71,sample_cpu2_freq,1900,MHz
optimized,2:71,sample_cpu3_freq,1900,MHz
optimized,2:71,sample_cpu4_freq,2500,MHz
optimized,2:71,sample_cpu5_freq,2500,MHz
optimized,2:71,sample_cpu6_freq,2500,MHz
optimized,2:71,sample_cpu7_freq,2500,MHz
optimized,2:72,sample_elapsed,11267,ms
optimized,2:72,sample_power,4.502,W
optimized,2:72,sample_process_cpu,479.503,% one core
optimized,2:72,sample_free_ram,1.028,GiB
optimized,2:72,sample_battery_temp,38.000,C
optimized,2:72,sample_thermal_status,1,Android PowerManager status
optimized,2:72,sample_cpu0_freq,1900,MHz
optimized,2:72,sample_cpu1_freq,1900,MHz
optimized,2:72,sample_cpu2_freq,1900,MHz
optimized,2:72,sample_cpu3_freq,1900,MHz
optimized,2:72,sample_cpu4_freq,2500,MHz
optimized,2:72,sample_cpu5_freq,2500,MHz
optimized,2:72,sample_cpu6_freq,2500,MHz
optimized,2:72,sample_cpu7_freq,2500,MHz
optimized,2:73,sample_elapsed,11431,ms
optimized,2:73,sample_power,4.502,W
optimized,2:73,sample_process_cpu,484.146,% one core
optimized,2:73,sample_free_ram,1.028,GiB
optimized,2:73,sample_battery_temp,38.000,C
optimized,2:73,sample_thermal_status,1,Android PowerManager status
optimized,2:73,sample_cpu0_freq,1900,MHz
optimized,2:73,sample_cpu1_freq,1900,MHz
optimized,2:73,sample_cpu2_freq,1900,MHz
optimized,2:73,sample_cpu3_freq,1900,MHz
optimized,2:73,sample_cpu4_freq,2500,MHz
optimized,2:73,sample_cpu5_freq,2500,MHz
optimized,2:73,sample_cpu6_freq,2500,MHz
optimized,2:73,sample_cpu7_freq,2500,MHz
optimized,2:74,sample_elapsed,11601,ms
optimized,2:74,sample_power,4.460,W
optimized,2:74,sample_process_cpu,475.882,% one core
optimized,2:74,sample_free_ram,1.028,GiB
optimized,2:74,sample_battery_temp,38.000,C
optimized,2:74,sample_thermal_status,1,Android PowerManager status
optimized,2:74,sample_cpu0_freq,1900,MHz
optimized,2:74,sample_cpu1_freq,1900,MHz
optimized,2:74,sample_cpu2_freq,1900,MHz
optimized,2:74,sample_cpu3_freq,1900,MHz
optimized,2:74,sample_cpu4_freq,2500,MHz
optimized,2:74,sample_cpu5_freq,2500,MHz
optimized,2:74,sample_cpu6_freq,2500,MHz
optimized,2:74,sample_cpu7_freq,2500,MHz
optimized,2:75,sample_elapsed,11761,ms
optimized,2:75,sample_power,4.460,W
optimized,2:75,sample_process_cpu,481.250,% one core
optimized,2:75,sample_free_ram,1.028,GiB
optimized,2:75,sample_battery_temp,38.000,C
optimized,2:75,sample_thermal_status,1,Android PowerManager status
optimized,2:75,sample_cpu0_freq,1900,MHz
optimized,2:75,sample_cpu1_freq,1900,MHz
optimized,2:75,sample_cpu2_freq,1900,MHz
optimized,2:75,sample_cpu3_freq,1900,MHz
optimized,2:75,sample_cpu4_freq,2500,MHz
optimized,2:75,sample_cpu5_freq,2500,MHz
optimized,2:75,sample_cpu6_freq,2500,MHz
optimized,2:75,sample_cpu7_freq,2500,MHz
optimized,2:76,sample_elapsed,11919,ms
optimized,2:76,sample_power,4.460,W
optimized,2:76,sample_process_cpu,479.747,% one core
optimized,2:76,sample_free_ram,1.028,GiB
optimized,2:76,sample_battery_temp,38.000,C
optimized,2:76,sample_thermal_status,1,Android PowerManager status
optimized,2:76,sample_cpu0_freq,1900,MHz
optimized,2:76,sample_cpu1_freq,1900,MHz
optimized,2:76,sample_cpu2_freq,1900,MHz
optimized,2:76,sample_cpu3_freq,1900,MHz
optimized,2:76,sample_cpu4_freq,2500,MHz
optimized,2:76,sample_cpu5_freq,2500,MHz
optimized,2:76,sample_cpu6_freq,2500,MHz
optimized,2:76,sample_cpu7_freq,2500,MHz
optimized,3,pp,132.000,tok/s
optimized,3,tg,15.900,tok/s
optimized,3,power,4.215,W
optimized,3,tok_per_w,3.772,tok/W
optimized,3,ttft_pp512_derived,3941.681,ms
optimized,3,start_temp,38.000,C
optimized,3,average_process_cpu,474.420,% one core
optimized,3,minimum_free_ram,1.030,GiB
optimized,3,peak_battery_temp,38.000,C
optimized,3,peak_thermal_status,1,Android PowerManager status
optimized,3:1,sample_elapsed,1,ms
optimized,3:1,sample_power,1.056,W
optimized,3:1,sample_process_cpu,400.000,% one core
optimized,3:1,sample_free_ram,1.091,GiB
optimized,3:1,sample_battery_temp,38.000,C
optimized,3:1,sample_thermal_status,1,Android PowerManager status
optimized,3:1,sample_cpu0_freq,1900,MHz
optimized,3:1,sample_cpu1_freq,800,MHz
optimized,3:1,sample_cpu2_freq,800,MHz
optimized,3:1,sample_cpu3_freq,800,MHz
optimized,3:1,sample_cpu4_freq,400,MHz
optimized,3:1,sample_cpu5_freq,400,MHz
optimized,3:1,sample_cpu6_freq,400,MHz
optimized,3:1,sample_cpu7_freq,400,MHz
optimized,3:2,sample_elapsed,161,ms
optimized,3:2,sample_power,1.056,W
optimized,3:2,sample_process_cpu,404.375,% one core
optimized,3:2,sample_free_ram,1.030,GiB
optimized,3:2,sample_battery_temp,38.000,C
optimized,3:2,sample_thermal_status,1,Android PowerManager status
optimized,3:2,sample_cpu0_freq,1900,MHz
optimized,3:2,sample_cpu1_freq,1900,MHz
optimized,3:2,sample_cpu2_freq,1900,MHz
optimized,3:2,sample_cpu3_freq,1900,MHz
optimized,3:2,sample_cpu4_freq,2500,MHz
optimized,3:2,sample_cpu5_freq,2500,MHz
optimized,3:2,sample_cpu6_freq,2500,MHz
optimized,3:2,sample_cpu7_freq,2500,MHz
optimized,3:3,sample_elapsed,323,ms
optimized,3:3,sample_power,1.056,W
optimized,3:3,sample_process_cpu,500.617,% one core
optimized,3:3,sample_free_ram,1.050,GiB
optimized,3:3,sample_battery_temp,38.000,C
optimized,3:3,sample_thermal_status,1,Android PowerManager status
optimized,3:3,sample_cpu0_freq,1900,MHz
optimized,3:3,sample_cpu1_freq,1900,MHz
optimized,3:3,sample_cpu2_freq,1900,MHz
optimized,3:3,sample_cpu3_freq,1900,MHz
optimized,3:3,sample_cpu4_freq,2500,MHz
optimized,3:3,sample_cpu5_freq,2500,MHz
optimized,3:3,sample_cpu6_freq,2500,MHz
optimized,3:3,sample_cpu7_freq,2500,MHz
optimized,3:4,sample_elapsed,499,ms
optimized,3:4,sample_power,1.056,W
optimized,3:4,sample_process_cpu,423.295,% one core
optimized,3:4,sample_free_ram,1.055,GiB
optimized,3:4,sample_battery_temp,38.000,C
optimized,3:4,sample_thermal_status,1,Android PowerManager status
optimized,3:4,sample_cpu0_freq,1900,MHz
optimized,3:4,sample_cpu1_freq,1900,MHz
optimized,3:4,sample_cpu2_freq,1900,MHz
optimized,3:4,sample_cpu3_freq,1900,MHz
optimized,3:4,sample_cpu4_freq,2500,MHz
optimized,3:4,sample_cpu5_freq,2500,MHz
optimized,3:4,sample_cpu6_freq,2500,MHz
optimized,3:4,sample_cpu7_freq,2500,MHz
optimized,3:5,sample_elapsed,652,ms
optimized,3:5,sample_power,4.247,W
optimized,3:5,sample_process_cpu,462.745,% one core
optimized,3:5,sample_free_ram,1.055,GiB
optimized,3:5,sample_battery_temp,38.000,C
optimized,3:5,sample_thermal_status,1,Android PowerManager status
optimized,3:5,sample_cpu0_freq,1900,MHz
optimized,3:5,sample_cpu1_freq,1900,MHz
optimized,3:5,sample_cpu2_freq,1900,MHz
optimized,3:5,sample_cpu3_freq,1900,MHz
optimized,3:5,sample_cpu4_freq,2500,MHz
optimized,3:5,sample_cpu5_freq,2500,MHz
optimized,3:5,sample_cpu6_freq,2500,MHz
optimized,3:5,sample_cpu7_freq,2500,MHz
optimized,3:6,sample_elapsed,807,ms
optimized,3:6,sample_power,4.247,W
optimized,3:6,sample_process_cpu,461.290,% one core
optimized,3:6,sample_free_ram,1.055,GiB
optimized,3:6,sample_battery_temp,38.000,C
optimized,3:6,sample_thermal_status,1,Android PowerManager status
optimized,3:6,sample_cpu0_freq,1900,MHz
optimized,3:6,sample_cpu1_freq,1900,MHz
optimized,3:6,sample_cpu2_freq,1900,MHz
optimized,3:6,sample_cpu3_freq,1900,MHz
optimized,3:6,sample_cpu4_freq,2500,MHz
optimized,3:6,sample_cpu5_freq,2500,MHz
optimized,3:6,sample_cpu6_freq,2500,MHz
optimized,3:6,sample_cpu7_freq,2500,MHz
optimized,3:7,sample_elapsed,961,ms
optimized,3:7,sample_power,4.247,W
optimized,3:7,sample_process_cpu,452.597,% one core
optimized,3:7,sample_free_ram,1.055,GiB
optimized,3:7,sample_battery_temp,38.000,C
optimized,3:7,sample_thermal_status,1,Android PowerManager status
optimized,3:7,sample_cpu0_freq,1900,MHz
optimized,3:7,sample_cpu1_freq,1900,MHz
optimized,3:7,sample_cpu2_freq,1900,MHz
optimized,3:7,sample_cpu3_freq,1900,MHz
optimized,3:7,sample_cpu4_freq,2500,MHz
optimized,3:7,sample_cpu5_freq,2500,MHz
optimized,3:7,sample_cpu6_freq,2500,MHz
optimized,3:7,sample_cpu7_freq,2500,MHz
optimized,3:8,sample_elapsed,1118,ms
optimized,3:8,sample_power,4.247,W
optimized,3:8,sample_process_cpu,465.605,% one core
optimized,3:8,sample_free_ram,1.055,GiB
optimized,3:8,sample_battery_temp,38.000,C
optimized,3:8,sample_thermal_status,1,Android PowerManager status
optimized,3:8,sample_cpu0_freq,1900,MHz
optimized,3:8,sample_cpu1_freq,1900,MHz
optimized,3:8,sample_cpu2_freq,1900,MHz
optimized,3:8,sample_cpu3_freq,1900,MHz
optimized,3:8,sample_cpu4_freq,2500,MHz
optimized,3:8,sample_cpu5_freq,2500,MHz
optimized,3:8,sample_cpu6_freq,2500,MHz
optimized,3:8,sample_cpu7_freq,2500,MHz
optimized,3:9,sample_elapsed,1271,ms
optimized,3:9,sample_power,4.411,W
optimized,3:9,sample_process_cpu,464.706,% one core
optimized,3:9,sample_free_ram,1.054,GiB
optimized,3:9,sample_battery_temp,38.000,C
optimized,3:9,sample_thermal_status,1,Android PowerManager status
optimized,3:9,sample_cpu0_freq,1900,MHz
optimized,3:9,sample_cpu1_freq,1900,MHz
optimized,3:9,sample_cpu2_freq,1900,MHz
optimized,3:9,sample_cpu3_freq,1900,MHz
optimized,3:9,sample_cpu4_freq,2500,MHz
optimized,3:9,sample_cpu5_freq,2500,MHz
optimized,3:9,sample_cpu6_freq,2500,MHz
optimized,3:9,sample_cpu7_freq,2500,MHz
optimized,3:10,sample_elapsed,1427,ms
optimized,3:10,sample_power,4.411,W
optimized,3:10,sample_process_cpu,460.897,% one core
optimized,3:10,sample_free_ram,1.054,GiB
optimized,3:10,sample_battery_temp,38.000,C
optimized,3:10,sample_thermal_status,1,Android PowerManager status
optimized,3:10,sample_cpu0_freq,1900,MHz
optimized,3:10,sample_cpu1_freq,1900,MHz
optimized,3:10,sample_cpu2_freq,1900,MHz
optimized,3:10,sample_cpu3_freq,1900,MHz
optimized,3:10,sample_cpu4_freq,2500,MHz
optimized,3:10,sample_cpu5_freq,2500,MHz
optimized,3:10,sample_cpu6_freq,2500,MHz
optimized,3:10,sample_cpu7_freq,2500,MHz
optimized,3:11,sample_elapsed,1581,ms
optimized,3:11,sample_power,4.411,W
optimized,3:11,sample_process_cpu,455.844,% one core
optimized,3:11,sample_free_ram,1.054,GiB
optimized,3:11,sample_battery_temp,38.000,C
optimized,3:11,sample_thermal_status,1,Android PowerManager status
optimized,3:11,sample_cpu0_freq,1900,MHz
optimized,3:11,sample_cpu1_freq,1900,MHz
optimized,3:11,sample_cpu2_freq,1900,MHz
optimized,3:11,sample_cpu3_freq,1900,MHz
optimized,3:11,sample_cpu4_freq,2500,MHz
optimized,3:11,sample_cpu5_freq,2500,MHz
optimized,3:11,sample_cpu6_freq,2500,MHz
optimized,3:11,sample_cpu7_freq,2500,MHz
optimized,3:12,sample_elapsed,1735,ms
optimized,3:12,sample_power,4.411,W
optimized,3:12,sample_process_cpu,466.234,% one core
optimized,3:12,sample_free_ram,1.054,GiB
optimized,3:12,sample_battery_temp,38.000,C
optimized,3:12,sample_thermal_status,1,Android PowerManager status
optimized,3:12,sample_cpu0_freq,1900,MHz
optimized,3:12,sample_cpu1_freq,1900,MHz
optimized,3:12,sample_cpu2_freq,1900,MHz
optimized,3:12,sample_cpu3_freq,1900,MHz
optimized,3:12,sample_cpu4_freq,2500,MHz
optimized,3:12,sample_cpu5_freq,2500,MHz
optimized,3:12,sample_cpu6_freq,2500,MHz
optimized,3:12,sample_cpu7_freq,2500,MHz
optimized,3:13,sample_elapsed,1888,ms
optimized,3:13,sample_power,4.251,W
optimized,3:13,sample_process_cpu,462.092,% one core
optimized,3:13,sample_free_ram,1.054,GiB
optimized,3:13,sample_battery_temp,38.000,C
optimized,3:13,sample_thermal_status,1,Android PowerManager status
optimized,3:13,sample_cpu0_freq,1900,MHz
optimized,3:13,sample_cpu1_freq,1900,MHz
optimized,3:13,sample_cpu2_freq,1900,MHz
optimized,3:13,sample_cpu3_freq,1900,MHz
optimized,3:13,sample_cpu4_freq,2500,MHz
optimized,3:13,sample_cpu5_freq,2500,MHz
optimized,3:13,sample_cpu6_freq,2500,MHz
optimized,3:13,sample_cpu7_freq,2500,MHz
optimized,3:14,sample_elapsed,2042,ms
optimized,3:14,sample_power,4.251,W
optimized,3:14,sample_process_cpu,460.390,% one core
optimized,3:14,sample_free_ram,1.054,GiB
optimized,3:14,sample_battery_temp,38.000,C
optimized,3:14,sample_thermal_status,1,Android PowerManager status
optimized,3:14,sample_cpu0_freq,1900,MHz
optimized,3:14,sample_cpu1_freq,1900,MHz
optimized,3:14,sample_cpu2_freq,1900,MHz
optimized,3:14,sample_cpu3_freq,1900,MHz
optimized,3:14,sample_cpu4_freq,2500,MHz
optimized,3:14,sample_cpu5_freq,2500,MHz
optimized,3:14,sample_cpu6_freq,2500,MHz
optimized,3:14,sample_cpu7_freq,2500,MHz
optimized,3:15,sample_elapsed,2195,ms
optimized,3:15,sample_power,4.251,W
optimized,3:15,sample_process_cpu,464.706,% one core
optimized,3:15,sample_free_ram,1.054,GiB
optimized,3:15,sample_battery_temp,38.000,C
optimized,3:15,sample_thermal_status,1,Android PowerManager status
optimized,3:15,sample_cpu0_freq,1900,MHz
optimized,3:15,sample_cpu1_freq,1900,MHz
optimized,3:15,sample_cpu2_freq,1900,MHz
optimized,3:15,sample_cpu3_freq,1900,MHz
optimized,3:15,sample_cpu4_freq,2500,MHz
optimized,3:15,sample_cpu5_freq,2500,MHz
optimized,3:15,sample_cpu6_freq,2500,MHz
optimized,3:15,sample_cpu7_freq,2500,MHz
optimized,3:16,sample_elapsed,2349,ms
optimized,3:16,sample_power,4.251,W
optimized,3:16,sample_process_cpu,457.143,% one core
optimized,3:16,sample_free_ram,1.054,GiB
optimized,3:16,sample_battery_temp,38.000,C
optimized,3:16,sample_thermal_status,1,Android PowerManager status
optimized,3:16,sample_cpu0_freq,1900,MHz
optimized,3:16,sample_cpu1_freq,1100,MHz
optimized,3:16,sample_cpu2_freq,1900,MHz
optimized,3:16,sample_cpu3_freq,1900,MHz
optimized,3:16,sample_cpu4_freq,2500,MHz
optimized,3:16,sample_cpu5_freq,2500,MHz
optimized,3:16,sample_cpu6_freq,2500,MHz
optimized,3:16,sample_cpu7_freq,2500,MHz
optimized,3:17,sample_elapsed,2506,ms
optimized,3:17,sample_power,3.864,W
optimized,3:17,sample_process_cpu,469.427,% one core
optimized,3:17,sample_free_ram,1.053,GiB
optimized,3:17,sample_battery_temp,38.000,C
optimized,3:17,sample_thermal_status,1,Android PowerManager status
optimized,3:17,sample_cpu0_freq,1900,MHz
optimized,3:17,sample_cpu1_freq,1900,MHz
optimized,3:17,sample_cpu2_freq,1900,MHz
optimized,3:17,sample_cpu3_freq,1900,MHz
optimized,3:17,sample_cpu4_freq,2500,MHz
optimized,3:17,sample_cpu5_freq,2500,MHz
optimized,3:17,sample_cpu6_freq,2500,MHz
optimized,3:17,sample_cpu7_freq,2500,MHz
optimized,3:18,sample_elapsed,2661,ms
optimized,3:18,sample_power,3.864,W
optimized,3:18,sample_process_cpu,454.839,% one core
optimized,3:18,sample_free_ram,1.053,GiB
optimized,3:18,sample_battery_temp,38.000,C
optimized,3:18,sample_thermal_status,1,Android PowerManager status
optimized,3:18,sample_cpu0_freq,1900,MHz
optimized,3:18,sample_cpu1_freq,1900,MHz
optimized,3:18,sample_cpu2_freq,1900,MHz
optimized,3:18,sample_cpu3_freq,1900,MHz
optimized,3:18,sample_cpu4_freq,2500,MHz
optimized,3:18,sample_cpu5_freq,2500,MHz
optimized,3:18,sample_cpu6_freq,2500,MHz
optimized,3:18,sample_cpu7_freq,2500,MHz
optimized,3:19,sample_elapsed,2814,ms
optimized,3:19,sample_power,3.864,W
optimized,3:19,sample_process_cpu,468.627,% one core
optimized,3:19,sample_free_ram,1.053,GiB
optimized,3:19,sample_battery_temp,38.000,C
optimized,3:19,sample_thermal_status,1,Android PowerManager status
optimized,3:19,sample_cpu0_freq,1000,MHz
optimized,3:19,sample_cpu1_freq,1900,MHz
optimized,3:19,sample_cpu2_freq,1100,MHz
optimized,3:19,sample_cpu3_freq,1900,MHz
optimized,3:19,sample_cpu4_freq,2500,MHz
optimized,3:19,sample_cpu5_freq,2500,MHz
optimized,3:19,sample_cpu6_freq,2500,MHz
optimized,3:19,sample_cpu7_freq,2500,MHz
optimized,3:20,sample_elapsed,2968,ms
optimized,3:20,sample_power,3.864,W
optimized,3:20,sample_process_cpu,459.740,% one core
optimized,3:20,sample_free_ram,1.053,GiB
optimized,3:20,sample_battery_temp,38.000,C
optimized,3:20,sample_thermal_status,1,Android PowerManager status
optimized,3:20,sample_cpu0_freq,1900,MHz
optimized,3:20,sample_cpu1_freq,1900,MHz
optimized,3:20,sample_cpu2_freq,1900,MHz
optimized,3:20,sample_cpu3_freq,1900,MHz
optimized,3:20,sample_cpu4_freq,2500,MHz
optimized,3:20,sample_cpu5_freq,2500,MHz
optimized,3:20,sample_cpu6_freq,2500,MHz
optimized,3:20,sample_cpu7_freq,2500,MHz
optimized,3:21,sample_elapsed,3121,ms
optimized,3:21,sample_power,4.683,W
optimized,3:21,sample_process_cpu,467.974,% one core
optimized,3:21,sample_free_ram,1.053,GiB
optimized,3:21,sample_battery_temp,38.000,C
optimized,3:21,sample_thermal_status,1,Android PowerManager status
optimized,3:21,sample_cpu0_freq,1900,MHz
optimized,3:21,sample_cpu1_freq,1900,MHz
optimized,3:21,sample_cpu2_freq,1900,MHz
optimized,3:21,sample_cpu3_freq,1900,MHz
optimized,3:21,sample_cpu4_freq,2500,MHz
optimized,3:21,sample_cpu5_freq,2500,MHz
optimized,3:21,sample_cpu6_freq,2500,MHz
optimized,3:21,sample_cpu7_freq,2500,MHz
optimized,3:22,sample_elapsed,3275,ms
optimized,3:22,sample_power,4.683,W
optimized,3:22,sample_process_cpu,456.494,% one core
optimized,3:22,sample_free_ram,1.053,GiB
optimized,3:22,sample_battery_temp,38.000,C
optimized,3:22,sample_thermal_status,1,Android PowerManager status
optimized,3:22,sample_cpu0_freq,1900,MHz
optimized,3:22,sample_cpu1_freq,1900,MHz
optimized,3:22,sample_cpu2_freq,1900,MHz
optimized,3:22,sample_cpu3_freq,1900,MHz
optimized,3:22,sample_cpu4_freq,2500,MHz
optimized,3:22,sample_cpu5_freq,2500,MHz
optimized,3:22,sample_cpu6_freq,2500,MHz
optimized,3:22,sample_cpu7_freq,2500,MHz
optimized,3:23,sample_elapsed,3428,ms
optimized,3:23,sample_power,4.683,W
optimized,3:23,sample_process_cpu,457.516,% one core
optimized,3:23,sample_free_ram,1.053,GiB
optimized,3:23,sample_battery_temp,38.000,C
optimized,3:23,sample_thermal_status,1,Android PowerManager status
optimized,3:23,sample_cpu0_freq,1900,MHz
optimized,3:23,sample_cpu1_freq,1900,MHz
optimized,3:23,sample_cpu2_freq,1900,MHz
optimized,3:23,sample_cpu3_freq,1900,MHz
optimized,3:23,sample_cpu4_freq,2500,MHz
optimized,3:23,sample_cpu5_freq,2500,MHz
optimized,3:23,sample_cpu6_freq,2500,MHz
optimized,3:23,sample_cpu7_freq,2500,MHz
optimized,3:24,sample_elapsed,3581,ms
optimized,3:24,sample_power,4.683,W
optimized,3:24,sample_process_cpu,455.556,% one core
optimized,3:24,sample_free_ram,1.052,GiB
optimized,3:24,sample_battery_temp,38.000,C
optimized,3:24,sample_thermal_status,1,Android PowerManager status
optimized,3:24,sample_cpu0_freq,1900,MHz
optimized,3:24,sample_cpu1_freq,1900,MHz
optimized,3:24,sample_cpu2_freq,1900,MHz
optimized,3:24,sample_cpu3_freq,1900,MHz
optimized,3:24,sample_cpu4_freq,2500,MHz
optimized,3:24,sample_cpu5_freq,2500,MHz
optimized,3:24,sample_cpu6_freq,2500,MHz
optimized,3:24,sample_cpu7_freq,2500,MHz
optimized,3:25,sample_elapsed,3735,ms
optimized,3:25,sample_power,4.184,W
optimized,3:25,sample_process_cpu,464.286,% one core
optimized,3:25,sample_free_ram,1.052,GiB
optimized,3:25,sample_battery_temp,38.000,C
optimized,3:25,sample_thermal_status,1,Android PowerManager status
optimized,3:25,sample_cpu0_freq,1900,MHz
optimized,3:25,sample_cpu1_freq,1900,MHz
optimized,3:25,sample_cpu2_freq,1900,MHz
optimized,3:25,sample_cpu3_freq,1900,MHz
optimized,3:25,sample_cpu4_freq,2500,MHz
optimized,3:25,sample_cpu5_freq,2500,MHz
optimized,3:25,sample_cpu6_freq,2500,MHz
optimized,3:25,sample_cpu7_freq,2500,MHz
optimized,3:26,sample_elapsed,3894,ms
optimized,3:26,sample_power,4.184,W
optimized,3:26,sample_process_cpu,452.201,% one core
optimized,3:26,sample_free_ram,1.052,GiB
optimized,3:26,sample_battery_temp,38.000,C
optimized,3:26,sample_thermal_status,1,Android PowerManager status
optimized,3:26,sample_cpu0_freq,1900,MHz
optimized,3:26,sample_cpu1_freq,1900,MHz
optimized,3:26,sample_cpu2_freq,1900,MHz
optimized,3:26,sample_cpu3_freq,1900,MHz
optimized,3:26,sample_cpu4_freq,2500,MHz
optimized,3:26,sample_cpu5_freq,2500,MHz
optimized,3:26,sample_cpu6_freq,2500,MHz
optimized,3:26,sample_cpu7_freq,2500,MHz
optimized,3:27,sample_elapsed,4047,ms
optimized,3:27,sample_power,4.184,W
optimized,3:27,sample_process_cpu,493.464,% one core
optimized,3:27,sample_free_ram,1.052,GiB
optimized,3:27,sample_battery_temp,38.000,C
optimized,3:27,sample_thermal_status,1,Android PowerManager status
optimized,3:27,sample_cpu0_freq,1900,MHz
optimized,3:27,sample_cpu1_freq,1900,MHz
optimized,3:27,sample_cpu2_freq,1900,MHz
optimized,3:27,sample_cpu3_freq,1900,MHz
optimized,3:27,sample_cpu4_freq,2500,MHz
optimized,3:27,sample_cpu5_freq,2500,MHz
optimized,3:27,sample_cpu6_freq,2500,MHz
optimized,3:27,sample_cpu7_freq,2500,MHz
optimized,3:28,sample_elapsed,4203,ms
optimized,3:28,sample_power,4.184,W
optimized,3:28,sample_process_cpu,469.231,% one core
optimized,3:28,sample_free_ram,1.052,GiB
optimized,3:28,sample_battery_temp,38.000,C
optimized,3:28,sample_thermal_status,1,Android PowerManager status
optimized,3:28,sample_cpu0_freq,1900,MHz
optimized,3:28,sample_cpu1_freq,1900,MHz
optimized,3:28,sample_cpu2_freq,1900,MHz
optimized,3:28,sample_cpu3_freq,1900,MHz
optimized,3:28,sample_cpu4_freq,2500,MHz
optimized,3:28,sample_cpu5_freq,2500,MHz
optimized,3:28,sample_cpu6_freq,2500,MHz
optimized,3:28,sample_cpu7_freq,2500,MHz
optimized,3:29,sample_elapsed,4363,ms
optimized,3:29,sample_power,4.631,W
optimized,3:29,sample_process_cpu,475.625,% one core
optimized,3:29,sample_free_ram,1.052,GiB
optimized,3:29,sample_battery_temp,38.000,C
optimized,3:29,sample_thermal_status,1,Android PowerManager status
optimized,3:29,sample_cpu0_freq,1900,MHz
optimized,3:29,sample_cpu1_freq,1900,MHz
optimized,3:29,sample_cpu2_freq,1900,MHz
optimized,3:29,sample_cpu3_freq,1900,MHz
optimized,3:29,sample_cpu4_freq,2500,MHz
optimized,3:29,sample_cpu5_freq,2500,MHz
optimized,3:29,sample_cpu6_freq,2500,MHz
optimized,3:29,sample_cpu7_freq,2500,MHz
optimized,3:30,sample_elapsed,4549,ms
optimized,3:30,sample_power,4.631,W
optimized,3:30,sample_process_cpu,473.118,% one core
optimized,3:30,sample_free_ram,1.052,GiB
optimized,3:30,sample_battery_temp,38.000,C
optimized,3:30,sample_thermal_status,1,Android PowerManager status
optimized,3:30,sample_cpu0_freq,1900,MHz
optimized,3:30,sample_cpu1_freq,1900,MHz
optimized,3:30,sample_cpu2_freq,1900,MHz
optimized,3:30,sample_cpu3_freq,1900,MHz
optimized,3:30,sample_cpu4_freq,2500,MHz
optimized,3:30,sample_cpu5_freq,2500,MHz
optimized,3:30,sample_cpu6_freq,2500,MHz
optimized,3:30,sample_cpu7_freq,2500,MHz
optimized,3:31,sample_elapsed,4703,ms
optimized,3:31,sample_power,4.631,W
optimized,3:31,sample_process_cpu,490.260,% one core
optimized,3:31,sample_free_ram,1.051,GiB
optimized,3:31,sample_battery_temp,38.000,C
optimized,3:31,sample_thermal_status,1,Android PowerManager status
optimized,3:31,sample_cpu0_freq,1900,MHz
optimized,3:31,sample_cpu1_freq,1900,MHz
optimized,3:31,sample_cpu2_freq,1900,MHz
optimized,3:31,sample_cpu3_freq,1900,MHz
optimized,3:31,sample_cpu4_freq,2500,MHz
optimized,3:31,sample_cpu5_freq,2500,MHz
optimized,3:31,sample_cpu6_freq,2500,MHz
optimized,3:31,sample_cpu7_freq,2500,MHz
optimized,3:32,sample_elapsed,4874,ms
optimized,3:32,sample_power,4.395,W
optimized,3:32,sample_process_cpu,490.058,% one core
optimized,3:32,sample_free_ram,1.051,GiB
optimized,3:32,sample_battery_temp,38.000,C
optimized,3:32,sample_thermal_status,1,Android PowerManager status
optimized,3:32,sample_cpu0_freq,1900,MHz
optimized,3:32,sample_cpu1_freq,1900,MHz
optimized,3:32,sample_cpu2_freq,1900,MHz
optimized,3:32,sample_cpu3_freq,1900,MHz
optimized,3:32,sample_cpu4_freq,2500,MHz
optimized,3:32,sample_cpu5_freq,2500,MHz
optimized,3:32,sample_cpu6_freq,2500,MHz
optimized,3:32,sample_cpu7_freq,2500,MHz
optimized,3:33,sample_elapsed,5034,ms
optimized,3:33,sample_power,4.395,W
optimized,3:33,sample_process_cpu,476.250,% one core
optimized,3:33,sample_free_ram,1.051,GiB
optimized,3:33,sample_battery_temp,38.000,C
optimized,3:33,sample_thermal_status,1,Android PowerManager status
optimized,3:33,sample_cpu0_freq,1900,MHz
optimized,3:33,sample_cpu1_freq,1900,MHz
optimized,3:33,sample_cpu2_freq,1900,MHz
optimized,3:33,sample_cpu3_freq,1900,MHz
optimized,3:33,sample_cpu4_freq,2500,MHz
optimized,3:33,sample_cpu5_freq,2500,MHz
optimized,3:33,sample_cpu6_freq,2500,MHz
optimized,3:33,sample_cpu7_freq,2500,MHz
optimized,3:34,sample_elapsed,5193,ms
optimized,3:34,sample_power,4.395,W
optimized,3:34,sample_process_cpu,472.956,% one core
optimized,3:34,sample_free_ram,1.051,GiB
optimized,3:34,sample_battery_temp,38.000,C
optimized,3:34,sample_thermal_status,1,Android PowerManager status
optimized,3:34,sample_cpu0_freq,1900,MHz
optimized,3:34,sample_cpu1_freq,1900,MHz
optimized,3:34,sample_cpu2_freq,1900,MHz
optimized,3:34,sample_cpu3_freq,1900,MHz
optimized,3:34,sample_cpu4_freq,2500,MHz
optimized,3:34,sample_cpu5_freq,2500,MHz
optimized,3:34,sample_cpu6_freq,2500,MHz
optimized,3:34,sample_cpu7_freq,2500,MHz
optimized,3:35,sample_elapsed,5353,ms
optimized,3:35,sample_power,4.395,W
optimized,3:35,sample_process_cpu,496.875,% one core
optimized,3:35,sample_free_ram,1.051,GiB
optimized,3:35,sample_battery_temp,38.000,C
optimized,3:35,sample_thermal_status,1,Android PowerManager status
optimized,3:35,sample_cpu0_freq,1900,MHz
optimized,3:35,sample_cpu1_freq,1900,MHz
optimized,3:35,sample_cpu2_freq,1900,MHz
optimized,3:35,sample_cpu3_freq,1900,MHz
optimized,3:35,sample_cpu4_freq,2500,MHz
optimized,3:35,sample_cpu5_freq,2500,MHz
optimized,3:35,sample_cpu6_freq,2500,MHz
optimized,3:35,sample_cpu7_freq,2500,MHz
optimized,3:36,sample_elapsed,5514,ms
optimized,3:36,sample_power,4.301,W
optimized,3:36,sample_process_cpu,483.230,% one core
optimized,3:36,sample_free_ram,1.051,GiB
optimized,3:36,sample_battery_temp,38.000,C
optimized,3:36,sample_thermal_status,1,Android PowerManager status
optimized,3:36,sample_cpu0_freq,1900,MHz
optimized,3:36,sample_cpu1_freq,1900,MHz
optimized,3:36,sample_cpu2_freq,1900,MHz
optimized,3:36,sample_cpu3_freq,1900,MHz
optimized,3:36,sample_cpu4_freq,2500,MHz
optimized,3:36,sample_cpu5_freq,2500,MHz
optimized,3:36,sample_cpu6_freq,2500,MHz
optimized,3:36,sample_cpu7_freq,2500,MHz
optimized,3:37,sample_elapsed,5676,ms
optimized,3:37,sample_power,4.301,W
optimized,3:37,sample_process_cpu,467.284,% one core
optimized,3:37,sample_free_ram,1.051,GiB
optimized,3:37,sample_battery_temp,38.000,C
optimized,3:37,sample_thermal_status,1,Android PowerManager status
optimized,3:37,sample_cpu0_freq,1900,MHz
optimized,3:37,sample_cpu1_freq,1900,MHz
optimized,3:37,sample_cpu2_freq,1900,MHz
optimized,3:37,sample_cpu3_freq,1900,MHz
optimized,3:37,sample_cpu4_freq,2500,MHz
optimized,3:37,sample_cpu5_freq,2500,MHz
optimized,3:37,sample_cpu6_freq,2500,MHz
optimized,3:37,sample_cpu7_freq,2500,MHz
optimized,3:38,sample_elapsed,5831,ms
optimized,3:38,sample_power,4.301,W
optimized,3:38,sample_process_cpu,483.871,% one core
optimized,3:38,sample_free_ram,1.051,GiB
optimized,3:38,sample_battery_temp,38.000,C
optimized,3:38,sample_thermal_status,1,Android PowerManager status
optimized,3:38,sample_cpu0_freq,1900,MHz
optimized,3:38,sample_cpu1_freq,1900,MHz
optimized,3:38,sample_cpu2_freq,1900,MHz
optimized,3:38,sample_cpu3_freq,1900,MHz
optimized,3:38,sample_cpu4_freq,2500,MHz
optimized,3:38,sample_cpu5_freq,2500,MHz
optimized,3:38,sample_cpu6_freq,2500,MHz
optimized,3:38,sample_cpu7_freq,2500,MHz
optimized,3:39,sample_elapsed,5990,ms
optimized,3:39,sample_power,4.301,W
optimized,3:39,sample_process_cpu,495.597,% one core
optimized,3:39,sample_free_ram,1.050,GiB
optimized,3:39,sample_battery_temp,38.000,C
optimized,3:39,sample_thermal_status,1,Android PowerManager status
optimized,3:39,sample_cpu0_freq,1900,MHz
optimized,3:39,sample_cpu1_freq,1900,MHz
optimized,3:39,sample_cpu2_freq,1900,MHz
optimized,3:39,sample_cpu3_freq,1900,MHz
optimized,3:39,sample_cpu4_freq,2500,MHz
optimized,3:39,sample_cpu5_freq,2500,MHz
optimized,3:39,sample_cpu6_freq,2500,MHz
optimized,3:39,sample_cpu7_freq,2500,MHz
optimized,3:40,sample_elapsed,6149,ms
optimized,3:40,sample_power,4.391,W
optimized,3:40,sample_process_cpu,481.761,% one core
optimized,3:40,sample_free_ram,1.050,GiB
optimized,3:40,sample_battery_temp,38.000,C
optimized,3:40,sample_thermal_status,1,Android PowerManager status
optimized,3:40,sample_cpu0_freq,1900,MHz
optimized,3:40,sample_cpu1_freq,1900,MHz
optimized,3:40,sample_cpu2_freq,1900,MHz
optimized,3:40,sample_cpu3_freq,1900,MHz
optimized,3:40,sample_cpu4_freq,2500,MHz
optimized,3:40,sample_cpu5_freq,2500,MHz
optimized,3:40,sample_cpu6_freq,2500,MHz
optimized,3:40,sample_cpu7_freq,2500,MHz
optimized,3:41,sample_elapsed,6307,ms
optimized,3:41,sample_power,4.391,W
optimized,3:41,sample_process_cpu,486.076,% one core
optimized,3:41,sample_free_ram,1.050,GiB
optimized,3:41,sample_battery_temp,38.000,C
optimized,3:41,sample_thermal_status,1,Android PowerManager status
optimized,3:41,sample_cpu0_freq,1900,MHz
optimized,3:41,sample_cpu1_freq,1900,MHz
optimized,3:41,sample_cpu2_freq,1900,MHz
optimized,3:41,sample_cpu3_freq,1900,MHz
optimized,3:41,sample_cpu4_freq,2500,MHz
optimized,3:41,sample_cpu5_freq,2500,MHz
optimized,3:41,sample_cpu6_freq,2500,MHz
optimized,3:41,sample_cpu7_freq,2500,MHz
optimized,3:42,sample_elapsed,6465,ms
optimized,3:42,sample_power,4.391,W
optimized,3:42,sample_process_cpu,520.886,% one core
optimized,3:42,sample_free_ram,1.050,GiB
optimized,3:42,sample_battery_temp,38.000,C
optimized,3:42,sample_thermal_status,1,Android PowerManager status
optimized,3:42,sample_cpu0_freq,1900,MHz
optimized,3:42,sample_cpu1_freq,1900,MHz
optimized,3:42,sample_cpu2_freq,1900,MHz
optimized,3:42,sample_cpu3_freq,1900,MHz
optimized,3:42,sample_cpu4_freq,2500,MHz
optimized,3:42,sample_cpu5_freq,2500,MHz
optimized,3:42,sample_cpu6_freq,2500,MHz
optimized,3:42,sample_cpu7_freq,2500,MHz
optimized,3:43,sample_elapsed,6634,ms
optimized,3:43,sample_power,4.391,W
optimized,3:43,sample_process_cpu,457.396,% one core
optimized,3:43,sample_free_ram,1.050,GiB
optimized,3:43,sample_battery_temp,38.000,C
optimized,3:43,sample_thermal_status,1,Android PowerManager status
optimized,3:43,sample_cpu0_freq,1900,MHz
optimized,3:43,sample_cpu1_freq,1900,MHz
optimized,3:43,sample_cpu2_freq,1900,MHz
optimized,3:43,sample_cpu3_freq,1900,MHz
optimized,3:43,sample_cpu4_freq,2500,MHz
optimized,3:43,sample_cpu5_freq,2500,MHz
optimized,3:43,sample_cpu6_freq,2500,MHz
optimized,3:43,sample_cpu7_freq,2500,MHz
optimized,3:44,sample_elapsed,6791,ms
optimized,3:44,sample_power,4.462,W
optimized,3:44,sample_process_cpu,494.904,% one core
optimized,3:44,sample_free_ram,1.050,GiB
optimized,3:44,sample_battery_temp,38.000,C
optimized,3:44,sample_thermal_status,1,Android PowerManager status
optimized,3:44,sample_cpu0_freq,1900,MHz
optimized,3:44,sample_cpu1_freq,1900,MHz
optimized,3:44,sample_cpu2_freq,1900,MHz
optimized,3:44,sample_cpu3_freq,1900,MHz
optimized,3:44,sample_cpu4_freq,2500,MHz
optimized,3:44,sample_cpu5_freq,2500,MHz
optimized,3:44,sample_cpu6_freq,2500,MHz
optimized,3:44,sample_cpu7_freq,2500,MHz
optimized,3:45,sample_elapsed,6955,ms
optimized,3:45,sample_power,4.415,W
optimized,3:45,sample_process_cpu,476.220,% one core
optimized,3:45,sample_free_ram,1.050,GiB
optimized,3:45,sample_battery_temp,38.000,C
optimized,3:45,sample_thermal_status,1,Android PowerManager status
optimized,3:45,sample_cpu0_freq,1900,MHz
optimized,3:45,sample_cpu1_freq,1900,MHz
optimized,3:45,sample_cpu2_freq,1900,MHz
optimized,3:45,sample_cpu3_freq,1900,MHz
optimized,3:45,sample_cpu4_freq,2500,MHz
optimized,3:45,sample_cpu5_freq,2500,MHz
optimized,3:45,sample_cpu6_freq,2500,MHz
optimized,3:45,sample_cpu7_freq,2500,MHz
optimized,3:46,sample_elapsed,7111,ms
optimized,3:46,sample_power,4.415,W
optimized,3:46,sample_process_cpu,476.923,% one core
optimized,3:46,sample_free_ram,1.050,GiB
optimized,3:46,sample_battery_temp,38.000,C
optimized,3:46,sample_thermal_status,1,Android PowerManager status
optimized,3:46,sample_cpu0_freq,1900,MHz
optimized,3:46,sample_cpu1_freq,1900,MHz
optimized,3:46,sample_cpu2_freq,1900,MHz
optimized,3:46,sample_cpu3_freq,1900,MHz
optimized,3:46,sample_cpu4_freq,2500,MHz
optimized,3:46,sample_cpu5_freq,2500,MHz
optimized,3:46,sample_cpu6_freq,2500,MHz
optimized,3:46,sample_cpu7_freq,2500,MHz
optimized,3:47,sample_elapsed,7268,ms
optimized,3:47,sample_power,4.415,W
optimized,3:47,sample_process_cpu,471.975,% one core
optimized,3:47,sample_free_ram,1.050,GiB
optimized,3:47,sample_battery_temp,38.000,C
optimized,3:47,sample_thermal_status,1,Android PowerManager status
optimized,3:47,sample_cpu0_freq,1900,MHz
optimized,3:47,sample_cpu1_freq,1900,MHz
optimized,3:47,sample_cpu2_freq,1900,MHz
optimized,3:47,sample_cpu3_freq,1900,MHz
optimized,3:47,sample_cpu4_freq,2500,MHz
optimized,3:47,sample_cpu5_freq,2500,MHz
optimized,3:47,sample_cpu6_freq,2500,MHz
optimized,3:47,sample_cpu7_freq,2500,MHz
optimized,3:48,sample_elapsed,7425,ms
optimized,3:48,sample_power,4.409,W
optimized,3:48,sample_process_cpu,485.987,% one core
optimized,3:48,sample_free_ram,1.050,GiB
optimized,3:48,sample_battery_temp,38.000,C
optimized,3:48,sample_thermal_status,1,Android PowerManager status
optimized,3:48,sample_cpu0_freq,1900,MHz
optimized,3:48,sample_cpu1_freq,1900,MHz
optimized,3:48,sample_cpu2_freq,1900,MHz
optimized,3:48,sample_cpu3_freq,1900,MHz
optimized,3:48,sample_cpu4_freq,2500,MHz
optimized,3:48,sample_cpu5_freq,2500,MHz
optimized,3:48,sample_cpu6_freq,2500,MHz
optimized,3:48,sample_cpu7_freq,2500,MHz
optimized,3:49,sample_elapsed,7589,ms
optimized,3:49,sample_power,4.409,W
optimized,3:49,sample_process_cpu,468.293,% one core
optimized,3:49,sample_free_ram,1.050,GiB
optimized,3:49,sample_battery_temp,38.000,C
optimized,3:49,sample_thermal_status,1,Android PowerManager status
optimized,3:49,sample_cpu0_freq,1900,MHz
optimized,3:49,sample_cpu1_freq,1900,MHz
optimized,3:49,sample_cpu2_freq,1900,MHz
optimized,3:49,sample_cpu3_freq,1900,MHz
optimized,3:49,sample_cpu4_freq,2500,MHz
optimized,3:49,sample_cpu5_freq,2500,MHz
optimized,3:49,sample_cpu6_freq,2500,MHz
optimized,3:49,sample_cpu7_freq,2500,MHz
optimized,3:50,sample_elapsed,7747,ms
optimized,3:50,sample_power,4.409,W
optimized,3:50,sample_process_cpu,499.367,% one core
optimized,3:50,sample_free_ram,1.049,GiB
optimized,3:50,sample_battery_temp,38.000,C
optimized,3:50,sample_thermal_status,1,Android PowerManager status
optimized,3:50,sample_cpu0_freq,1900,MHz
optimized,3:50,sample_cpu1_freq,1900,MHz
optimized,3:50,sample_cpu2_freq,1900,MHz
optimized,3:50,sample_cpu3_freq,1900,MHz
optimized,3:50,sample_cpu4_freq,2500,MHz
optimized,3:50,sample_cpu5_freq,2500,MHz
optimized,3:50,sample_cpu6_freq,2500,MHz
optimized,3:50,sample_cpu7_freq,2500,MHz
optimized,3:51,sample_elapsed,7913,ms
optimized,3:51,sample_power,4.409,W
optimized,3:51,sample_process_cpu,448.193,% one core
optimized,3:51,sample_free_ram,1.049,GiB
optimized,3:51,sample_battery_temp,38.000,C
optimized,3:51,sample_thermal_status,1,Android PowerManager status
optimized,3:51,sample_cpu0_freq,1900,MHz
optimized,3:51,sample_cpu1_freq,1900,MHz
optimized,3:51,sample_cpu2_freq,1900,MHz
optimized,3:51,sample_cpu3_freq,1900,MHz
optimized,3:51,sample_cpu4_freq,2500,MHz
optimized,3:51,sample_cpu5_freq,2500,MHz
optimized,3:51,sample_cpu6_freq,2500,MHz
optimized,3:51,sample_cpu7_freq,2500,MHz
optimized,3:52,sample_elapsed,8073,ms
optimized,3:52,sample_power,4.458,W
optimized,3:52,sample_process_cpu,495.625,% one core
optimized,3:52,sample_free_ram,1.049,GiB
optimized,3:52,sample_battery_temp,38.000,C
optimized,3:52,sample_thermal_status,1,Android PowerManager status
optimized,3:52,sample_cpu0_freq,1900,MHz
optimized,3:52,sample_cpu1_freq,1900,MHz
optimized,3:52,sample_cpu2_freq,1900,MHz
optimized,3:52,sample_cpu3_freq,1900,MHz
optimized,3:52,sample_cpu4_freq,2500,MHz
optimized,3:52,sample_cpu5_freq,2500,MHz
optimized,3:52,sample_cpu6_freq,2500,MHz
optimized,3:52,sample_cpu7_freq,2500,MHz
optimized,3:53,sample_elapsed,8236,ms
optimized,3:53,sample_power,4.458,W
optimized,3:53,sample_process_cpu,480.368,% one core
optimized,3:53,sample_free_ram,1.049,GiB
optimized,3:53,sample_battery_temp,38.000,C
optimized,3:53,sample_thermal_status,1,Android PowerManager status
optimized,3:53,sample_cpu0_freq,1900,MHz
optimized,3:53,sample_cpu1_freq,1900,MHz
optimized,3:53,sample_cpu2_freq,1900,MHz
optimized,3:53,sample_cpu3_freq,1900,MHz
optimized,3:53,sample_cpu4_freq,2500,MHz
optimized,3:53,sample_cpu5_freq,2500,MHz
optimized,3:53,sample_cpu6_freq,2500,MHz
optimized,3:53,sample_cpu7_freq,2500,MHz
optimized,3:54,sample_elapsed,8395,ms
optimized,3:54,sample_power,4.458,W
optimized,3:54,sample_process_cpu,484.906,% one core
optimized,3:54,sample_free_ram,1.049,GiB
optimized,3:54,sample_battery_temp,38.000,C
optimized,3:54,sample_thermal_status,1,Android PowerManager status
optimized,3:54,sample_cpu0_freq,1900,MHz
optimized,3:54,sample_cpu1_freq,1900,MHz
optimized,3:54,sample_cpu2_freq,1900,MHz
optimized,3:54,sample_cpu3_freq,1900,MHz
optimized,3:54,sample_cpu4_freq,2500,MHz
optimized,3:54,sample_cpu5_freq,2500,MHz
optimized,3:54,sample_cpu6_freq,2500,MHz
optimized,3:54,sample_cpu7_freq,2500,MHz
optimized,3:55,sample_elapsed,8555,ms
optimized,3:55,sample_power,4.458,W
optimized,3:55,sample_process_cpu,486.250,% one core
optimized,3:55,sample_free_ram,1.049,GiB
optimized,3:55,sample_battery_temp,38.000,C
optimized,3:55,sample_thermal_status,1,Android PowerManager status
optimized,3:55,sample_cpu0_freq,1900,MHz
optimized,3:55,sample_cpu1_freq,1900,MHz
optimized,3:55,sample_cpu2_freq,1900,MHz
optimized,3:55,sample_cpu3_freq,1900,MHz
optimized,3:55,sample_cpu4_freq,2500,MHz
optimized,3:55,sample_cpu5_freq,2500,MHz
optimized,3:55,sample_cpu6_freq,2500,MHz
optimized,3:55,sample_cpu7_freq,2500,MHz
optimized,3:56,sample_elapsed,8725,ms
optimized,3:56,sample_power,4.411,W
optimized,3:56,sample_process_cpu,492.941,% one core
optimized,3:56,sample_free_ram,1.049,GiB
optimized,3:56,sample_battery_temp,38.000,C
optimized,3:56,sample_thermal_status,1,Android PowerManager status
optimized,3:56,sample_cpu0_freq,1900,MHz
optimized,3:56,sample_cpu1_freq,1900,MHz
optimized,3:56,sample_cpu2_freq,1900,MHz
optimized,3:56,sample_cpu3_freq,1900,MHz
optimized,3:56,sample_cpu4_freq,2500,MHz
optimized,3:56,sample_cpu5_freq,2500,MHz
optimized,3:56,sample_cpu6_freq,2500,MHz
optimized,3:56,sample_cpu7_freq,2500,MHz
optimized,3:57,sample_elapsed,8891,ms
optimized,3:57,sample_power,4.411,W
optimized,3:57,sample_process_cpu,472.289,% one core
optimized,3:57,sample_free_ram,1.049,GiB
optimized,3:57,sample_battery_temp,38.000,C
optimized,3:57,sample_thermal_status,1,Android PowerManager status
optimized,3:57,sample_cpu0_freq,1900,MHz
optimized,3:57,sample_cpu1_freq,1900,MHz
optimized,3:57,sample_cpu2_freq,1900,MHz
optimized,3:57,sample_cpu3_freq,1900,MHz
optimized,3:57,sample_cpu4_freq,2500,MHz
optimized,3:57,sample_cpu5_freq,2500,MHz
optimized,3:57,sample_cpu6_freq,2500,MHz
optimized,3:57,sample_cpu7_freq,2500,MHz
optimized,3:58,sample_elapsed,9048,ms
optimized,3:58,sample_power,4.411,W
optimized,3:58,sample_process_cpu,471.338,% one core
optimized,3:58,sample_free_ram,1.048,GiB
optimized,3:58,sample_battery_temp,38.000,C
optimized,3:58,sample_thermal_status,1,Android PowerManager status
optimized,3:58,sample_cpu0_freq,1900,MHz
optimized,3:58,sample_cpu1_freq,1900,MHz
optimized,3:58,sample_cpu2_freq,1900,MHz
optimized,3:58,sample_cpu3_freq,1900,MHz
optimized,3:58,sample_cpu4_freq,2500,MHz
optimized,3:58,sample_cpu5_freq,2500,MHz
optimized,3:58,sample_cpu6_freq,2500,MHz
optimized,3:58,sample_cpu7_freq,2500,MHz
optimized,3:59,sample_elapsed,9203,ms
optimized,3:59,sample_power,4.411,W
optimized,3:59,sample_process_cpu,498.065,% one core
optimized,3:59,sample_free_ram,1.048,GiB
optimized,3:59,sample_battery_temp,38.000,C
optimized,3:59,sample_thermal_status,1,Android PowerManager status
optimized,3:59,sample_cpu0_freq,1900,MHz
optimized,3:59,sample_cpu1_freq,1900,MHz
optimized,3:59,sample_cpu2_freq,1900,MHz
optimized,3:59,sample_cpu3_freq,1900,MHz
optimized,3:59,sample_cpu4_freq,2500,MHz
optimized,3:59,sample_cpu5_freq,2500,MHz
optimized,3:59,sample_cpu6_freq,2500,MHz
optimized,3:59,sample_cpu7_freq,2500,MHz
optimized,3:60,sample_elapsed,9362,ms
optimized,3:60,sample_power,4.476,W
optimized,3:60,sample_process_cpu,485.535,% one core
optimized,3:60,sample_free_ram,1.048,GiB
optimized,3:60,sample_battery_temp,38.000,C
optimized,3:60,sample_thermal_status,1,Android PowerManager status
optimized,3:60,sample_cpu0_freq,1900,MHz
optimized,3:60,sample_cpu1_freq,1900,MHz
optimized,3:60,sample_cpu2_freq,1900,MHz
optimized,3:60,sample_cpu3_freq,1900,MHz
optimized,3:60,sample_cpu4_freq,2500,MHz
optimized,3:60,sample_cpu5_freq,2500,MHz
optimized,3:60,sample_cpu6_freq,2500,MHz
optimized,3:60,sample_cpu7_freq,2500,MHz
optimized,3:61,sample_elapsed,9524,ms
optimized,3:61,sample_power,4.476,W
optimized,3:61,sample_process_cpu,470.988,% one core
optimized,3:61,sample_free_ram,1.048,GiB
optimized,3:61,sample_battery_temp,38.000,C
optimized,3:61,sample_thermal_status,1,Android PowerManager status
optimized,3:61,sample_cpu0_freq,1900,MHz
optimized,3:61,sample_cpu1_freq,1900,MHz
optimized,3:61,sample_cpu2_freq,1900,MHz
optimized,3:61,sample_cpu3_freq,1900,MHz
optimized,3:61,sample_cpu4_freq,2500,MHz
optimized,3:61,sample_cpu5_freq,2500,MHz
optimized,3:61,sample_cpu6_freq,2500,MHz
optimized,3:61,sample_cpu7_freq,2500,MHz
optimized,3:62,sample_elapsed,9682,ms
optimized,3:62,sample_power,4.476,W
optimized,3:62,sample_process_cpu,474.684,% one core
optimized,3:62,sample_free_ram,1.048,GiB
optimized,3:62,sample_battery_temp,38.000,C
optimized,3:62,sample_thermal_status,1,Android PowerManager status
optimized,3:62,sample_cpu0_freq,1900,MHz
optimized,3:62,sample_cpu1_freq,1900,MHz
optimized,3:62,sample_cpu2_freq,1900,MHz
optimized,3:62,sample_cpu3_freq,1900,MHz
optimized,3:62,sample_cpu4_freq,2500,MHz
optimized,3:62,sample_cpu5_freq,2500,MHz
optimized,3:62,sample_cpu6_freq,2500,MHz
optimized,3:62,sample_cpu7_freq,2500,MHz
optimized,3:63,sample_elapsed,9838,ms
optimized,3:63,sample_power,4.476,W
optimized,3:63,sample_process_cpu,495.513,% one core
optimized,3:63,sample_free_ram,1.048,GiB
optimized,3:63,sample_battery_temp,38.000,C
optimized,3:63,sample_thermal_status,1,Android PowerManager status
optimized,3:63,sample_cpu0_freq,1900,MHz
optimized,3:63,sample_cpu1_freq,1900,MHz
optimized,3:63,sample_cpu2_freq,1900,MHz
optimized,3:63,sample_cpu3_freq,1900,MHz
optimized,3:63,sample_cpu4_freq,2500,MHz
optimized,3:63,sample_cpu5_freq,2500,MHz
optimized,3:63,sample_cpu6_freq,2500,MHz
optimized,3:63,sample_cpu7_freq,2500,MHz
optimized,3:64,sample_elapsed,10001,ms
optimized,3:64,sample_power,4.409,W
optimized,3:64,sample_process_cpu,500.613,% one core
optimized,3:64,sample_free_ram,1.048,GiB
optimized,3:64,sample_battery_temp,38.000,C
optimized,3:64,sample_thermal_status,1,Android PowerManager status
optimized,3:64,sample_cpu0_freq,1900,MHz
optimized,3:64,sample_cpu1_freq,1900,MHz
optimized,3:64,sample_cpu2_freq,1900,MHz
optimized,3:64,sample_cpu3_freq,1900,MHz
optimized,3:64,sample_cpu4_freq,2500,MHz
optimized,3:64,sample_cpu5_freq,2500,MHz
optimized,3:64,sample_cpu6_freq,2500,MHz
optimized,3:64,sample_cpu7_freq,2500,MHz
optimized,3:65,sample_elapsed,10164,ms
optimized,3:65,sample_power,4.409,W
optimized,3:65,sample_process_cpu,461.350,% one core
optimized,3:65,sample_free_ram,1.048,GiB
optimized,3:65,sample_battery_temp,38.000,C
optimized,3:65,sample_thermal_status,1,Android PowerManager status
optimized,3:65,sample_cpu0_freq,1900,MHz
optimized,3:65,sample_cpu1_freq,1900,MHz
optimized,3:65,sample_cpu2_freq,1900,MHz
optimized,3:65,sample_cpu3_freq,1900,MHz
optimized,3:65,sample_cpu4_freq,2500,MHz
optimized,3:65,sample_cpu5_freq,2500,MHz
optimized,3:65,sample_cpu6_freq,2500,MHz
optimized,3:65,sample_cpu7_freq,2500,MHz
optimized,3:66,sample_elapsed,10321,ms
optimized,3:66,sample_power,4.409,W
optimized,3:66,sample_process_cpu,480.892,% one core
optimized,3:66,sample_free_ram,1.048,GiB
optimized,3:66,sample_battery_temp,38.000,C
optimized,3:66,sample_thermal_status,1,Android PowerManager status
optimized,3:66,sample_cpu0_freq,1900,MHz
optimized,3:66,sample_cpu1_freq,1900,MHz
optimized,3:66,sample_cpu2_freq,1900,MHz
optimized,3:66,sample_cpu3_freq,1900,MHz
optimized,3:66,sample_cpu4_freq,2500,MHz
optimized,3:66,sample_cpu5_freq,2500,MHz
optimized,3:66,sample_cpu6_freq,2500,MHz
optimized,3:66,sample_cpu7_freq,2500,MHz
optimized,3:67,sample_elapsed,10477,ms
optimized,3:67,sample_power,4.409,W
optimized,3:67,sample_process_cpu,476.923,% one core
optimized,3:67,sample_free_ram,1.047,GiB
optimized,3:67,sample_battery_temp,38.000,C
optimized,3:67,sample_thermal_status,1,Android PowerManager status
optimized,3:67,sample_cpu0_freq,1900,MHz
optimized,3:67,sample_cpu1_freq,1900,MHz
optimized,3:67,sample_cpu2_freq,1900,MHz
optimized,3:67,sample_cpu3_freq,1900,MHz
optimized,3:67,sample_cpu4_freq,2500,MHz
optimized,3:67,sample_cpu5_freq,2500,MHz
optimized,3:67,sample_cpu6_freq,2500,MHz
optimized,3:67,sample_cpu7_freq,2500,MHz
optimized,3:68,sample_elapsed,10635,ms
optimized,3:68,sample_power,4.624,W
optimized,3:68,sample_process_cpu,486.709,% one core
optimized,3:68,sample_free_ram,1.047,GiB
optimized,3:68,sample_battery_temp,38.000,C
optimized,3:68,sample_thermal_status,1,Android PowerManager status
optimized,3:68,sample_cpu0_freq,1900,MHz
optimized,3:68,sample_cpu1_freq,1900,MHz
optimized,3:68,sample_cpu2_freq,1900,MHz
optimized,3:68,sample_cpu3_freq,1900,MHz
optimized,3:68,sample_cpu4_freq,2500,MHz
optimized,3:68,sample_cpu5_freq,2500,MHz
optimized,3:68,sample_cpu6_freq,2500,MHz
optimized,3:68,sample_cpu7_freq,2500,MHz
optimized,3:69,sample_elapsed,10802,ms
optimized,3:69,sample_power,4.624,W
optimized,3:69,sample_process_cpu,478.443,% one core
optimized,3:69,sample_free_ram,1.047,GiB
optimized,3:69,sample_battery_temp,38.000,C
optimized,3:69,sample_thermal_status,1,Android PowerManager status
optimized,3:69,sample_cpu0_freq,1900,MHz
optimized,3:69,sample_cpu1_freq,1900,MHz
optimized,3:69,sample_cpu2_freq,1900,MHz
optimized,3:69,sample_cpu3_freq,1900,MHz
optimized,3:69,sample_cpu4_freq,2500,MHz
optimized,3:69,sample_cpu5_freq,2500,MHz
optimized,3:69,sample_cpu6_freq,2500,MHz
optimized,3:69,sample_cpu7_freq,2500,MHz
optimized,3:70,sample_elapsed,10961,ms
optimized,3:70,sample_power,4.624,W
optimized,3:70,sample_process_cpu,478.616,% one core
optimized,3:70,sample_free_ram,1.047,GiB
optimized,3:70,sample_battery_temp,38.000,C
optimized,3:70,sample_thermal_status,1,Android PowerManager status
optimized,3:70,sample_cpu0_freq,1900,MHz
optimized,3:70,sample_cpu1_freq,1900,MHz
optimized,3:70,sample_cpu2_freq,1900,MHz
optimized,3:70,sample_cpu3_freq,1900,MHz
optimized,3:70,sample_cpu4_freq,2500,MHz
optimized,3:70,sample_cpu5_freq,2500,MHz
optimized,3:70,sample_cpu6_freq,2500,MHz
optimized,3:70,sample_cpu7_freq,2500,MHz
optimized,3:71,sample_elapsed,11116,ms
optimized,3:71,sample_power,4.624,W
optimized,3:71,sample_process_cpu,489.032,% one core
optimized,3:71,sample_free_ram,1.047,GiB
optimized,3:71,sample_battery_temp,38.000,C
optimized,3:71,sample_thermal_status,1,Android PowerManager status
optimized,3:71,sample_cpu0_freq,1900,MHz
optimized,3:71,sample_cpu1_freq,1900,MHz
optimized,3:71,sample_cpu2_freq,1900,MHz
optimized,3:71,sample_cpu3_freq,1900,MHz
optimized,3:71,sample_cpu4_freq,2500,MHz
optimized,3:71,sample_cpu5_freq,2500,MHz
optimized,3:71,sample_cpu6_freq,2500,MHz
optimized,3:71,sample_cpu7_freq,2500,MHz
optimized,3:72,sample_elapsed,11271,ms
optimized,3:72,sample_power,4.496,W
optimized,3:72,sample_process_cpu,486.452,% one core
optimized,3:72,sample_free_ram,1.047,GiB
optimized,3:72,sample_battery_temp,38.000,C
optimized,3:72,sample_thermal_status,1,Android PowerManager status
optimized,3:72,sample_cpu0_freq,1900,MHz
optimized,3:72,sample_cpu1_freq,1900,MHz
optimized,3:72,sample_cpu2_freq,1900,MHz
optimized,3:72,sample_cpu3_freq,1900,MHz
optimized,3:72,sample_cpu4_freq,2500,MHz
optimized,3:72,sample_cpu5_freq,2500,MHz
optimized,3:72,sample_cpu6_freq,2500,MHz
optimized,3:72,sample_cpu7_freq,2500,MHz
optimized,3:73,sample_elapsed,11427,ms
optimized,3:73,sample_power,4.496,W
optimized,3:73,sample_process_cpu,483.974,% one core
optimized,3:73,sample_free_ram,1.047,GiB
optimized,3:73,sample_battery_temp,38.000,C
optimized,3:73,sample_thermal_status,1,Android PowerManager status
optimized,3:73,sample_cpu0_freq,1900,MHz
optimized,3:73,sample_cpu1_freq,1900,MHz
optimized,3:73,sample_cpu2_freq,1900,MHz
optimized,3:73,sample_cpu3_freq,1900,MHz
optimized,3:73,sample_cpu4_freq,2500,MHz
optimized,3:73,sample_cpu5_freq,2500,MHz
optimized,3:73,sample_cpu6_freq,2500,MHz
optimized,3:73,sample_cpu7_freq,2500,MHz
optimized,3:74,sample_elapsed,11584,ms
optimized,3:74,sample_power,4.496,W
optimized,3:74,sample_process_cpu,486.624,% one core
optimized,3:74,sample_free_ram,1.047,GiB
optimized,3:74,sample_battery_temp,38.000,C
optimized,3:74,sample_thermal_status,1,Android PowerManager status
optimized,3:74,sample_cpu0_freq,1900,MHz
optimized,3:74,sample_cpu1_freq,1900,MHz
optimized,3:74,sample_cpu2_freq,1900,MHz
optimized,3:74,sample_cpu3_freq,1900,MHz
optimized,3:74,sample_cpu4_freq,2500,MHz
optimized,3:74,sample_cpu5_freq,2500,MHz
optimized,3:74,sample_cpu6_freq,2500,MHz
optimized,3:74,sample_cpu7_freq,2500,MHz
optimized,3:75,sample_elapsed,11742,ms
optimized,3:75,sample_power,4.496,W
optimized,3:75,sample_process_cpu,481.646,% one core
optimized,3:75,sample_free_ram,1.047,GiB
optimized,3:75,sample_battery_temp,38.000,C
optimized,3:75,sample_thermal_status,1,Android PowerManager status
optimized,3:75,sample_cpu0_freq,1900,MHz
optimized,3:75,sample_cpu1_freq,1900,MHz
optimized,3:75,sample_cpu2_freq,1900,MHz
optimized,3:75,sample_cpu3_freq,1900,MHz
optimized,3:75,sample_cpu4_freq,2500,MHz
optimized,3:75,sample_cpu5_freq,2500,MHz
optimized,3:75,sample_cpu6_freq,2500,MHz
optimized,3:75,sample_cpu7_freq,2500,MHz
optimized,3:76,sample_elapsed,11901,ms
optimized,3:76,sample_power,4.519,W
optimized,3:76,sample_process_cpu,476.730,% one core
optimized,3:76,sample_free_ram,1.046,GiB
optimized,3:76,sample_battery_temp,38.000,C
optimized,3:76,sample_thermal_status,1,Android PowerManager status
optimized,3:76,sample_cpu0_freq,1900,MHz
optimized,3:76,sample_cpu1_freq,1900,MHz
optimized,3:76,sample_cpu2_freq,1900,MHz
optimized,3:76,sample_cpu3_freq,1900,MHz
optimized,3:76,sample_cpu4_freq,2500,MHz
optimized,3:76,sample_cpu5_freq,2500,MHz
optimized,3:76,sample_cpu6_freq,2500,MHz
optimized,3:76,sample_cpu7_freq,2500,MHz
optimized,median,pp,132.000,tok/s
optimized,stddev,pp,1.414,tok/s
optimized,median,tg,15.900,tok/s
optimized,stddev,tg,0.094,tok/s
optimized,median,power,4.204,W
optimized,stddev,power,0.012,W
optimized,median,tok_per_w,3.772,tok/W
optimized,stddev,tok_per_w,0.026,tok/W
optimized,median,ttft_pp512_derived,3941.681,ms
optimized,stddev,ttft_pp512_derived,40.823,ms
optimized,median,start_temp,37.000,C
optimized,stddev,start_temp,0.471,C
optimized,median,average_process_cpu,474.420,% one core
optimized,stddev,average_process_cpu,2.270,% one core
optimized,median,minimum_free_ram,1.011,GiB
optimized,stddev,minimum_free_ram,0.009,GiB
optimized,median,peak_battery_temp,38.000,C
optimized,stddev,peak_battery_temp,0.471,C
optimized,median,mean_perf_core_clock,2500.000,MHz
optimized,stddev,mean_perf_core_clock,0.000,MHz
optimized,median,mean_little_core_clock,1862.167,MHz
optimized,stddev,mean_little_core_clock,27.428,MHz
