config,run_index,metric,value,unit
meta,,app,ENTITY,
meta,,app_version,2.1.0,
meta,,app_version_code,5,
meta,,exported_at_epoch_ms,1784052701044,ms
meta,,model,Llama-3.2-1B-Instruct-Q4_0,
meta,,device,Nothing A015,
meta,,device_manufacturer,Nothing,
meta,,device_model,A015,
meta,,device_fingerprint,Nothing/TetrisIND/Tetris:16/BP2A.250605.031.A3/2606151652:user/release-keys,
meta,,android,16,
meta,,android_sdk,36,
meta,,supported_abis,arm64-v8a,
meta,,charging,true,
meta,,benchmark_start_temp,35.000,C
meta,,benchmark_start_thermal_status,1,Android PowerManager status
meta,,pp,512,tokens
meta,,tg,128,tokens
meta,,runs_per_config,3,
meta,,warmup,PP 64 / TG 16 / discarded,
meta,,configuration_order,naive_then_threads_only_then_optimized,
meta,,threads_naive,8,
meta,,threads_threads_only,4,
meta,,threads_optimized,4,
meta,,affinity_naive,pinned_fast_cores,
meta,,affinity_threads_only,none_scheduler_placed,
meta,,affinity_optimized,pinned_fast_cores,
meta,,cooldown_minimum,15,s
meta,,cooldown_maximum,90,s
meta,,cooldown_target_margin,0.500,C above benchmark-start temperature
meta,,perf_cores,4 5 6 7,cpu index
meta,,little_cores,0 1 2 3,cpu index
meta,,cpu_max_clocks,2000 2000 2000 2000 2500 2500 2500 2500,MHz per cpu index
naive,1,pp,98.700,tok/s
naive,1,tg,6.940,tok/s
naive,1,power,0.497,W
naive,1,tok_per_w,13.977,tok/W
naive,1,ttft_pp512_derived,5331.529,ms
naive,1,start_temp,35.000,C
naive,1,average_process_cpu,461.768,% one core
naive,1,minimum_free_ram,1.326,GiB
naive,1,peak_battery_temp,35.000,C
naive,1,peak_thermal_status,1,Android PowerManager status
naive,1:1,sample_elapsed,1,ms
naive,1:1,sample_power,3.785,W
naive,1:1,sample_process_cpu,1400.000,% one core
naive,1:1,sample_free_ram,1.402,GiB
naive,1:1,sample_battery_temp,35.000,C
naive,1:1,sample_thermal_status,1,Android PowerManager status
naive,1:1,sample_cpu0_freq,800,MHz
naive,1:1,sample_cpu1_freq,800,MHz
naive,1:1,sample_cpu2_freq,800,MHz
naive,1:1,sample_cpu3_freq,800,MHz
naive,1:1,sample_cpu4_freq,1100,MHz
naive,1:1,sample_cpu5_freq,1100,MHz
naive,1:1,sample_cpu6_freq,1100,MHz
naive,1:1,sample_cpu7_freq,1100,MHz
naive,1:2,sample_elapsed,169,ms
naive,1:2,sample_power,3.785,W
naive,1:2,sample_process_cpu,407.143,% one core
naive,1:2,sample_free_ram,1.374,GiB
naive,1:2,sample_battery_temp,35.000,C
naive,1:2,sample_thermal_status,1,Android PowerManager status
naive,1:2,sample_cpu0_freq,2000,MHz
naive,1:2,sample_cpu1_freq,2000,MHz
naive,1:2,sample_cpu2_freq,2000,MHz
naive,1:2,sample_cpu3_freq,2000,MHz
naive,1:2,sample_cpu4_freq,2500,MHz
naive,1:2,sample_cpu5_freq,2500,MHz
naive,1:2,sample_cpu6_freq,2500,MHz
naive,1:2,sample_cpu7_freq,2500,MHz
naive,1:3,sample_elapsed,323,ms
naive,1:3,sample_power,3.785,W
naive,1:3,sample_process_cpu,462.338,% one core
naive,1:3,sample_free_ram,1.340,GiB
naive,1:3,sample_battery_temp,35.000,C
naive,1:3,sample_thermal_status,1,Android PowerManager status
naive,1:3,sample_cpu0_freq,2000,MHz
naive,1:3,sample_cpu1_freq,2000,MHz
naive,1:3,sample_cpu2_freq,2000,MHz
naive,1:3,sample_cpu3_freq,2000,MHz
naive,1:3,sample_cpu4_freq,2500,MHz
naive,1:3,sample_cpu5_freq,2500,MHz
naive,1:3,sample_cpu6_freq,2500,MHz
naive,1:3,sample_cpu7_freq,2500,MHz
naive,1:4,sample_elapsed,477,ms
naive,1:4,sample_power,0.328,W
naive,1:4,sample_process_cpu,461.688,% one core
naive,1:4,sample_free_ram,1.340,GiB
naive,1:4,sample_battery_temp,35.000,C
naive,1:4,sample_thermal_status,1,Android PowerManager status
naive,1:4,sample_cpu0_freq,2000,MHz
naive,1:4,sample_cpu1_freq,2000,MHz
naive,1:4,sample_cpu2_freq,2000,MHz
naive,1:4,sample_cpu3_freq,2000,MHz
naive,1:4,sample_cpu4_freq,2500,MHz
naive,1:4,sample_cpu5_freq,2500,MHz
naive,1:4,sample_cpu6_freq,2500,MHz
naive,1:4,sample_cpu7_freq,2500,MHz
naive,1:5,sample_elapsed,633,ms
naive,1:5,sample_power,0.328,W
naive,1:5,sample_process_cpu,442.308,% one core
naive,1:5,sample_free_ram,1.347,GiB
naive,1:5,sample_battery_temp,35.000,C
naive,1:5,sample_thermal_status,1,Android PowerManager status
naive,1:5,sample_cpu0_freq,2000,MHz
naive,1:5,sample_cpu1_freq,2000,MHz
naive,1:5,sample_cpu2_freq,2000,MHz
naive,1:5,sample_cpu3_freq,2000,MHz
naive,1:5,sample_cpu4_freq,2500,MHz
naive,1:5,sample_cpu5_freq,2500,MHz
naive,1:5,sample_cpu6_freq,2500,MHz
naive,1:5,sample_cpu7_freq,2500,MHz
naive,1:6,sample_elapsed,788,ms
naive,1:6,sample_power,0.328,W
naive,1:6,sample_process_cpu,504.516,% one core
naive,1:6,sample_free_ram,1.350,GiB
naive,1:6,sample_battery_temp,35.000,C
naive,1:6,sample_thermal_status,1,Android PowerManager status
naive,1:6,sample_cpu0_freq,2000,MHz
naive,1:6,sample_cpu1_freq,2000,MHz
naive,1:6,sample_cpu2_freq,2000,MHz
naive,1:6,sample_cpu3_freq,2000,MHz
naive,1:6,sample_cpu4_freq,2500,MHz
naive,1:6,sample_cpu5_freq,2500,MHz
naive,1:6,sample_cpu6_freq,2500,MHz
naive,1:6,sample_cpu7_freq,2500,MHz
naive,1:7,sample_elapsed,943,ms
naive,1:7,sample_power,0.508,W
naive,1:7,sample_process_cpu,467.742,% one core
naive,1:7,sample_free_ram,1.350,GiB
naive,1:7,sample_battery_temp,35.000,C
naive,1:7,sample_thermal_status,1,Android PowerManager status
naive,1:7,sample_cpu0_freq,2000,MHz
naive,1:7,sample_cpu1_freq,2000,MHz
naive,1:7,sample_cpu2_freq,800,MHz
naive,1:7,sample_cpu3_freq,700,MHz
naive,1:7,sample_cpu4_freq,2500,MHz
naive,1:7,sample_cpu5_freq,2500,MHz
naive,1:7,sample_cpu6_freq,2500,MHz
naive,1:7,sample_cpu7_freq,2500,MHz
naive,1:8,sample_elapsed,1101,ms
naive,1:8,sample_power,0.508,W
naive,1:8,sample_process_cpu,462.658,% one core
naive,1:8,sample_free_ram,1.350,GiB
naive,1:8,sample_battery_temp,35.000,C
naive,1:8,sample_thermal_status,1,Android PowerManager status
naive,1:8,sample_cpu0_freq,2000,MHz
naive,1:8,sample_cpu1_freq,2000,MHz
naive,1:8,sample_cpu2_freq,2000,MHz
naive,1:8,sample_cpu3_freq,2000,MHz
naive,1:8,sample_cpu4_freq,2500,MHz
naive,1:8,sample_cpu5_freq,2500,MHz
naive,1:8,sample_cpu6_freq,2500,MHz
naive,1:8,sample_cpu7_freq,2500,MHz
naive,1:9,sample_elapsed,1260,ms
naive,1:9,sample_power,0.508,W
naive,1:9,sample_process_cpu,459.119,% one core
naive,1:9,sample_free_ram,1.350,GiB
naive,1:9,sample_battery_temp,35.000,C
naive,1:9,sample_thermal_status,1,Android PowerManager status
naive,1:9,sample_cpu0_freq,1600,MHz
naive,1:9,sample_cpu1_freq,1600,MHz
naive,1:9,sample_cpu2_freq,1600,MHz
naive,1:9,sample_cpu3_freq,1600,MHz
naive,1:9,sample_cpu4_freq,2500,MHz
naive,1:9,sample_cpu5_freq,2500,MHz
naive,1:9,sample_cpu6_freq,2500,MHz
naive,1:9,sample_cpu7_freq,2500,MHz
naive,1:10,sample_elapsed,1415,ms
naive,1:10,sample_power,0.508,W
naive,1:10,sample_process_cpu,470.323,% one core
naive,1:10,sample_free_ram,1.350,GiB
naive,1:10,sample_battery_temp,35.000,C
naive,1:10,sample_thermal_status,1,Android PowerManager status
naive,1:10,sample_cpu0_freq,2000,MHz
naive,1:10,sample_cpu1_freq,2000,MHz
naive,1:10,sample_cpu2_freq,2000,MHz
naive,1:10,sample_cpu3_freq,2000,MHz
naive,1:10,sample_cpu4_freq,2500,MHz
naive,1:10,sample_cpu5_freq,2500,MHz
naive,1:10,sample_cpu6_freq,2500,MHz
naive,1:10,sample_cpu7_freq,2500,MHz
naive,1:11,sample_elapsed,1569,ms
naive,1:11,sample_power,1.043,W
naive,1:11,sample_process_cpu,452.597,% one core
naive,1:11,sample_free_ram,1.350,GiB
naive,1:11,sample_battery_temp,35.000,C
naive,1:11,sample_thermal_status,1,Android PowerManager status
naive,1:11,sample_cpu0_freq,1500,MHz
naive,1:11,sample_cpu1_freq,1500,MHz
naive,1:11,sample_cpu2_freq,1500,MHz
naive,1:11,sample_cpu3_freq,1500,MHz
naive,1:11,sample_cpu4_freq,2500,MHz
naive,1:11,sample_cpu5_freq,2500,MHz
naive,1:11,sample_cpu6_freq,2500,MHz
naive,1:11,sample_cpu7_freq,2500,MHz
naive,1:12,sample_elapsed,1724,ms
naive,1:12,sample_power,1.043,W
naive,1:12,sample_process_cpu,469.032,% one core
naive,1:12,sample_free_ram,1.350,GiB
naive,1:12,sample_battery_temp,35.000,C
naive,1:12,sample_thermal_status,1,Android PowerManager status
naive,1:12,sample_cpu0_freq,900,MHz
naive,1:12,sample_cpu1_freq,900,MHz
naive,1:12,sample_cpu2_freq,1700,MHz
naive,1:12,sample_cpu3_freq,900,MHz
naive,1:12,sample_cpu4_freq,2500,MHz
naive,1:12,sample_cpu5_freq,2500,MHz
naive,1:12,sample_cpu6_freq,2500,MHz
naive,1:12,sample_cpu7_freq,2500,MHz
naive,1:13,sample_elapsed,1879,ms
naive,1:13,sample_power,1.043,W
naive,1:13,sample_process_cpu,449.677,% one core
naive,1:13,sample_free_ram,1.349,GiB
naive,1:13,sample_battery_temp,35.000,C
naive,1:13,sample_thermal_status,1,Android PowerManager status
naive,1:13,sample_cpu0_freq,450,MHz
naive,1:13,sample_cpu1_freq,1000,MHz
naive,1:13,sample_cpu2_freq,1500,MHz
naive,1:13,sample_cpu3_freq,1500,MHz
naive,1:13,sample_cpu4_freq,2500,MHz
naive,1:13,sample_cpu5_freq,2500,MHz
naive,1:13,sample_cpu6_freq,2500,MHz
naive,1:13,sample_cpu7_freq,2500,MHz
naive,1:14,sample_elapsed,2033,ms
naive,1:14,sample_power,0.410,W
naive,1:14,sample_process_cpu,475.974,% one core
naive,1:14,sample_free_ram,1.349,GiB
naive,1:14,sample_battery_temp,35.000,C
naive,1:14,sample_thermal_status,1,Android PowerManager status
naive,1:14,sample_cpu0_freq,2000,MHz
naive,1:14,sample_cpu1_freq,2000,MHz
naive,1:14,sample_cpu2_freq,2000,MHz
naive,1:14,sample_cpu3_freq,2000,MHz
naive,1:14,sample_cpu4_freq,2500,MHz
naive,1:14,sample_cpu5_freq,2500,MHz
naive,1:14,sample_cpu6_freq,2500,MHz
naive,1:14,sample_cpu7_freq,2500,MHz
naive,1:15,sample_elapsed,2190,ms
naive,1:15,sample_power,0.410,W
naive,1:15,sample_process_cpu,458.599,% one core
naive,1:15,sample_free_ram,1.349,GiB
naive,1:15,sample_battery_temp,35.000,C
naive,1:15,sample_thermal_status,1,Android PowerManager status
naive,1:15,sample_cpu0_freq,900,MHz
naive,1:15,sample_cpu1_freq,2000,MHz
naive,1:15,sample_cpu2_freq,2000,MHz
naive,1:15,sample_cpu3_freq,800,MHz
naive,1:15,sample_cpu4_freq,2500,MHz
naive,1:15,sample_cpu5_freq,2500,MHz
naive,1:15,sample_cpu6_freq,2500,MHz
naive,1:15,sample_cpu7_freq,2500,MHz
naive,1:16,sample_elapsed,2349,ms
naive,1:16,sample_power,0.410,W
naive,1:16,sample_process_cpu,465.409,% one core
naive,1:16,sample_free_ram,1.348,GiB
naive,1:16,sample_battery_temp,35.000,C
naive,1:16,sample_thermal_status,1,Android PowerManager status
naive,1:16,sample_cpu0_freq,1900,MHz
naive,1:16,sample_cpu1_freq,1900,MHz
naive,1:16,sample_cpu2_freq,2000,MHz
naive,1:16,sample_cpu3_freq,2000,MHz
naive,1:16,sample_cpu4_freq,2500,MHz
naive,1:16,sample_cpu5_freq,2500,MHz
naive,1:16,sample_cpu6_freq,2500,MHz
naive,1:16,sample_cpu7_freq,2500,MHz
naive,1:17,sample_elapsed,2504,ms
naive,1:17,sample_power,0.410,W
naive,1:17,sample_process_cpu,464.516,% one core
naive,1:17,sample_free_ram,1.348,GiB
naive,1:17,sample_battery_temp,35.000,C
naive,1:17,sample_thermal_status,1,Android PowerManager status
naive,1:17,sample_cpu0_freq,450,MHz
naive,1:17,sample_cpu1_freq,600,MHz
naive,1:17,sample_cpu2_freq,600,MHz
naive,1:17,sample_cpu3_freq,600,MHz
naive,1:17,sample_cpu4_freq,2500,MHz
naive,1:17,sample_cpu5_freq,2500,MHz
naive,1:17,sample_cpu6_freq,2500,MHz
naive,1:17,sample_cpu7_freq,2500,MHz
naive,1:18,sample_elapsed,2658,ms
naive,1:18,sample_power,0.220,W
naive,1:18,sample_process_cpu,475.325,% one core
naive,1:18,sample_free_ram,1.349,GiB
naive,1:18,sample_battery_temp,35.000,C
naive,1:18,sample_thermal_status,1,Android PowerManager status
naive,1:18,sample_cpu0_freq,1100,MHz
naive,1:18,sample_cpu1_freq,1100,MHz
naive,1:18,sample_cpu2_freq,1100,MHz
naive,1:18,sample_cpu3_freq,1100,MHz
naive,1:18,sample_cpu4_freq,2500,MHz
naive,1:18,sample_cpu5_freq,2500,MHz
naive,1:18,sample_cpu6_freq,2500,MHz
naive,1:18,sample_cpu7_freq,2500,MHz
naive,1:19,sample_elapsed,2817,ms
naive,1:19,sample_power,0.220,W
naive,1:19,sample_process_cpu,466.038,% one core
naive,1:19,sample_free_ram,1.349,GiB
naive,1:19,sample_battery_temp,35.000,C
naive,1:19,sample_thermal_status,1,Android PowerManager status
naive,1:19,sample_cpu0_freq,2000,MHz
naive,1:19,sample_cpu1_freq,2000,MHz
naive,1:19,sample_cpu2_freq,2000,MHz
naive,1:19,sample_cpu3_freq,2000,MHz
naive,1:19,sample_cpu4_freq,2500,MHz
naive,1:19,sample_cpu5_freq,2500,MHz
naive,1:19,sample_cpu6_freq,2500,MHz
naive,1:19,sample_cpu7_freq,2500,MHz
naive,1:20,sample_elapsed,2973,ms
naive,1:20,sample_power,0.220,W
naive,1:20,sample_process_cpu,466.026,% one core
naive,1:20,sample_free_ram,1.349,GiB
naive,1:20,sample_battery_temp,35.000,C
naive,1:20,sample_thermal_status,1,Android PowerManager status
naive,1:20,sample_cpu0_freq,900,MHz
naive,1:20,sample_cpu1_freq,450,MHz
naive,1:20,sample_cpu2_freq,450,MHz
naive,1:20,sample_cpu3_freq,450,MHz
naive,1:20,sample_cpu4_freq,2500,MHz
naive,1:20,sample_cpu5_freq,2500,MHz
naive,1:20,sample_cpu6_freq,2500,MHz
naive,1:20,sample_cpu7_freq,2500,MHz
naive,1:21,sample_elapsed,3127,ms
naive,1:21,sample_power,0.165,W
naive,1:21,sample_process_cpu,470.779,% one core
naive,1:21,sample_free_ram,1.349,GiB
naive,1:21,sample_battery_temp,35.000,C
naive,1:21,sample_thermal_status,1,Android PowerManager status
naive,1:21,sample_cpu0_freq,2000,MHz
naive,1:21,sample_cpu1_freq,1200,MHz
naive,1:21,sample_cpu2_freq,1000,MHz
naive,1:21,sample_cpu3_freq,1200,MHz
naive,1:21,sample_cpu4_freq,2500,MHz
naive,1:21,sample_cpu5_freq,2500,MHz
naive,1:21,sample_cpu6_freq,2500,MHz
naive,1:21,sample_cpu7_freq,2500,MHz
naive,1:22,sample_elapsed,3283,ms
naive,1:22,sample_power,0.165,W
naive,1:22,sample_process_cpu,458.333,% one core
naive,1:22,sample_free_ram,1.349,GiB
naive,1:22,sample_battery_temp,35.000,C
naive,1:22,sample_thermal_status,1,Android PowerManager status
naive,1:22,sample_cpu0_freq,450,MHz
naive,1:22,sample_cpu1_freq,450,MHz
naive,1:22,sample_cpu2_freq,2000,MHz
naive,1:22,sample_cpu3_freq,2000,MHz
naive,1:22,sample_cpu4_freq,2500,MHz
naive,1:22,sample_cpu5_freq,2500,MHz
naive,1:22,sample_cpu6_freq,2500,MHz
naive,1:22,sample_cpu7_freq,2500,MHz
naive,1:23,sample_elapsed,3438,ms
naive,1:23,sample_power,0.165,W
naive,1:23,sample_process_cpu,449.032,% one core
naive,1:23,sample_free_ram,1.349,GiB
naive,1:23,sample_battery_temp,35.000,C
naive,1:23,sample_thermal_status,1,Android PowerManager status
naive,1:23,sample_cpu0_freq,1800,MHz
naive,1:23,sample_cpu1_freq,2000,MHz
naive,1:23,sample_cpu2_freq,2000,MHz
naive,1:23,sample_cpu3_freq,2000,MHz
naive,1:23,sample_cpu4_freq,2500,MHz
naive,1:23,sample_cpu5_freq,2500,MHz
naive,1:23,sample_cpu6_freq,2500,MHz
naive,1:23,sample_cpu7_freq,2500,MHz
naive,1:24,sample_elapsed,3593,ms
naive,1:24,sample_power,0.165,W
naive,1:24,sample_process_cpu,467.097,% one core
naive,1:24,sample_free_ram,1.349,GiB
naive,1:24,sample_battery_temp,35.000,C
naive,1:24,sample_thermal_status,1,Android PowerManager status
naive,1:24,sample_cpu0_freq,700,MHz
naive,1:24,sample_cpu1_freq,2000,MHz
naive,1:24,sample_cpu2_freq,2000,MHz
naive,1:24,sample_cpu3_freq,2000,MHz
naive,1:24,sample_cpu4_freq,2500,MHz
naive,1:24,sample_cpu5_freq,2500,MHz
naive,1:24,sample_cpu6_freq,2500,MHz
naive,1:24,sample_cpu7_freq,2500,MHz
naive,1:25,sample_elapsed,3753,ms
naive,1:25,sample_power,0.599,W
naive,1:25,sample_process_cpu,463.125,% one core
naive,1:25,sample_free_ram,1.349,GiB
naive,1:25,sample_battery_temp,35.000,C
naive,1:25,sample_thermal_status,1,Android PowerManager status
naive,1:25,sample_cpu0_freq,2000,MHz
naive,1:25,sample_cpu1_freq,2000,MHz
naive,1:25,sample_cpu2_freq,2000,MHz
naive,1:25,sample_cpu3_freq,2000,MHz
naive,1:25,sample_cpu4_freq,2500,MHz
naive,1:25,sample_cpu5_freq,2500,MHz
naive,1:25,sample_cpu6_freq,2500,MHz
naive,1:25,sample_cpu7_freq,2500,MHz
naive,1:26,sample_elapsed,3909,ms
naive,1:26,sample_power,0.599,W
naive,1:26,sample_process_cpu,469.231,% one core
naive,1:26,sample_free_ram,1.348,GiB
naive,1:26,sample_battery_temp,35.000,C
naive,1:26,sample_thermal_status,1,Android PowerManager status
naive,1:26,sample_cpu0_freq,2000,MHz
naive,1:26,sample_cpu1_freq,2000,MHz
naive,1:26,sample_cpu2_freq,2000,MHz
naive,1:26,sample_cpu3_freq,2000,MHz
naive,1:26,sample_cpu4_freq,2500,MHz
naive,1:26,sample_cpu5_freq,2500,MHz
naive,1:26,sample_cpu6_freq,2500,MHz
naive,1:26,sample_cpu7_freq,2500,MHz
naive,1:27,sample_elapsed,4063,ms
naive,1:27,sample_power,0.599,W
naive,1:27,sample_process_cpu,464.286,% one core
naive,1:27,sample_free_ram,1.348,GiB
naive,1:27,sample_battery_temp,35.000,C
naive,1:27,sample_thermal_status,1,Android PowerManager status
naive,1:27,sample_cpu0_freq,2000,MHz
naive,1:27,sample_cpu1_freq,900,MHz
naive,1:27,sample_cpu2_freq,900,MHz
naive,1:27,sample_cpu3_freq,900,MHz
naive,1:27,sample_cpu4_freq,2500,MHz
naive,1:27,sample_cpu5_freq,2500,MHz
naive,1:27,sample_cpu6_freq,2500,MHz
naive,1:27,sample_cpu7_freq,2500,MHz
naive,1:28,sample_elapsed,4221,ms
naive,1:28,sample_power,0.583,W
naive,1:28,sample_process_cpu,459.494,% one core
naive,1:28,sample_free_ram,1.348,GiB
naive,1:28,sample_battery_temp,35.000,C
naive,1:28,sample_thermal_status,1,Android PowerManager status
naive,1:28,sample_cpu0_freq,2000,MHz
naive,1:28,sample_cpu1_freq,2000,MHz
naive,1:28,sample_cpu2_freq,2000,MHz
naive,1:28,sample_cpu3_freq,2000,MHz
naive,1:28,sample_cpu4_freq,2500,MHz
naive,1:28,sample_cpu5_freq,2500,MHz
naive,1:28,sample_cpu6_freq,2500,MHz
naive,1:28,sample_cpu7_freq,2500,MHz
naive,1:29,sample_elapsed,4377,ms
naive,1:29,sample_power,0.583,W
naive,1:29,sample_process_cpu,469.872,% one core
naive,1:29,sample_free_ram,1.348,GiB
naive,1:29,sample_battery_temp,35.000,C
naive,1:29,sample_thermal_status,1,Android PowerManager status
naive,1:29,sample_cpu0_freq,2000,MHz
naive,1:29,sample_cpu1_freq,2000,MHz
naive,1:29,sample_cpu2_freq,2000,MHz
naive,1:29,sample_cpu3_freq,2000,MHz
naive,1:29,sample_cpu4_freq,2500,MHz
naive,1:29,sample_cpu5_freq,2500,MHz
naive,1:29,sample_cpu6_freq,2500,MHz
naive,1:29,sample_cpu7_freq,2500,MHz
naive,1:30,sample_elapsed,4531,ms
naive,1:30,sample_power,0.583,W
naive,1:30,sample_process_cpu,458.442,% one core
naive,1:30,sample_free_ram,1.348,GiB
naive,1:30,sample_battery_temp,35.000,C
naive,1:30,sample_thermal_status,1,Android PowerManager status
naive,1:30,sample_cpu0_freq,2000,MHz
naive,1:30,sample_cpu1_freq,2000,MHz
naive,1:30,sample_cpu2_freq,2000,MHz
naive,1:30,sample_cpu3_freq,2000,MHz
naive,1:30,sample_cpu4_freq,2500,MHz
naive,1:30,sample_cpu5_freq,2500,MHz
naive,1:30,sample_cpu6_freq,2500,MHz
naive,1:30,sample_cpu7_freq,2500,MHz
naive,1:31,sample_elapsed,4691,ms
naive,1:31,sample_power,0.583,W
naive,1:31,sample_process_cpu,464.375,% one core
naive,1:31,sample_free_ram,1.348,GiB
naive,1:31,sample_battery_temp,35.000,C
naive,1:31,sample_thermal_status,1,Android PowerManager status
naive,1:31,sample_cpu0_freq,2000,MHz
naive,1:31,sample_cpu1_freq,2000,MHz
naive,1:31,sample_cpu2_freq,2000,MHz
naive,1:31,sample_cpu3_freq,2000,MHz
naive,1:31,sample_cpu4_freq,2500,MHz
naive,1:31,sample_cpu5_freq,2500,MHz
naive,1:31,sample_cpu6_freq,2500,MHz
naive,1:31,sample_cpu7_freq,2500,MHz
naive,1:32,sample_elapsed,4846,ms
naive,1:32,sample_power,0.762,W
naive,1:32,sample_process_cpu,458.065,% one core
naive,1:32,sample_free_ram,1.348,GiB
naive,1:32,sample_battery_temp,35.000,C
naive,1:32,sample_thermal_status,1,Android PowerManager status
naive,1:32,sample_cpu0_freq,2000,MHz
naive,1:32,sample_cpu1_freq,2000,MHz
naive,1:32,sample_cpu2_freq,2000,MHz
naive,1:32,sample_cpu3_freq,2000,MHz
naive,1:32,sample_cpu4_freq,2500,MHz
naive,1:32,sample_cpu5_freq,2500,MHz
naive,1:32,sample_cpu6_freq,2500,MHz
naive,1:32,sample_cpu7_freq,2500,MHz
naive,1:33,sample_elapsed,5002,ms
naive,1:33,sample_power,0.762,W
naive,1:33,sample_process_cpu,465.385,% one core
naive,1:33,sample_free_ram,1.347,GiB
naive,1:33,sample_battery_temp,35.000,C
naive,1:33,sample_thermal_status,1,Android PowerManager status
naive,1:33,sample_cpu0_freq,900,MHz
naive,1:33,sample_cpu1_freq,900,MHz
naive,1:33,sample_cpu2_freq,800,MHz
naive,1:33,sample_cpu3_freq,800,MHz
naive,1:33,sample_cpu4_freq,2500,MHz
naive,1:33,sample_cpu5_freq,2500,MHz
naive,1:33,sample_cpu6_freq,2500,MHz
naive,1:33,sample_cpu7_freq,2500,MHz
naive,1:34,sample_elapsed,5157,ms
naive,1:34,sample_power,0.762,W
naive,1:34,sample_process_cpu,451.613,% one core
naive,1:34,sample_free_ram,1.347,GiB
naive,1:34,sample_battery_temp,35.000,C
naive,1:34,sample_thermal_status,1,Android PowerManager status
naive,1:34,sample_cpu0_freq,600,MHz
naive,1:34,sample_cpu1_freq,600,MHz
naive,1:34,sample_cpu2_freq,600,MHz
naive,1:34,sample_cpu3_freq,600,MHz
naive,1:34,sample_cpu4_freq,2500,MHz
naive,1:34,sample_cpu5_freq,2500,MHz
naive,1:34,sample_cpu6_freq,2500,MHz
naive,1:34,sample_cpu7_freq,2500,MHz
naive,1:35,sample_elapsed,5315,ms
naive,1:35,sample_power,0.554,W
naive,1:35,sample_process_cpu,470.253,% one core
naive,1:35,sample_free_ram,1.347,GiB
naive,1:35,sample_battery_temp,35.000,C
naive,1:35,sample_thermal_status,1,Android PowerManager status
naive,1:35,sample_cpu0_freq,1200,MHz
naive,1:35,sample_cpu1_freq,1100,MHz
naive,1:35,sample_cpu2_freq,1100,MHz
naive,1:35,sample_cpu3_freq,1100,MHz
naive,1:35,sample_cpu4_freq,2500,MHz
naive,1:35,sample_cpu5_freq,2500,MHz
naive,1:35,sample_cpu6_freq,2500,MHz
naive,1:35,sample_cpu7_freq,2500,MHz
naive,1:36,sample_elapsed,5476,ms
naive,1:36,sample_power,0.554,W
naive,1:36,sample_process_cpu,461.491,% one core
naive,1:36,sample_free_ram,1.347,GiB
naive,1:36,sample_battery_temp,35.000,C
naive,1:36,sample_thermal_status,1,Android PowerManager status
naive,1:36,sample_cpu0_freq,600,MHz
naive,1:36,sample_cpu1_freq,600,MHz
naive,1:36,sample_cpu2_freq,600,MHz
naive,1:36,sample_cpu3_freq,600,MHz
naive,1:36,sample_cpu4_freq,2500,MHz
naive,1:36,sample_cpu5_freq,2500,MHz
naive,1:36,sample_cpu6_freq,2500,MHz
naive,1:36,sample_cpu7_freq,2500,MHz
naive,1:37,sample_elapsed,5636,ms
naive,1:37,sample_power,0.554,W
naive,1:37,sample_process_cpu,480.000,% one core
naive,1:37,sample_free_ram,1.347,GiB
naive,1:37,sample_battery_temp,35.000,C
naive,1:37,sample_thermal_status,1,Android PowerManager status
naive,1:37,sample_cpu0_freq,1300,MHz
naive,1:37,sample_cpu1_freq,1300,MHz
naive,1:37,sample_cpu2_freq,450,MHz
naive,1:37,sample_cpu3_freq,450,MHz
naive,1:37,sample_cpu4_freq,2500,MHz
naive,1:37,sample_cpu5_freq,2500,MHz
naive,1:37,sample_cpu6_freq,2500,MHz
naive,1:37,sample_cpu7_freq,2500,MHz
naive,1:38,sample_elapsed,5795,ms
naive,1:38,sample_power,0.554,W
naive,1:38,sample_process_cpu,457.233,% one core
naive,1:38,sample_free_ram,1.346,GiB
naive,1:38,sample_battery_temp,35.000,C
naive,1:38,sample_thermal_status,1,Android PowerManager status
naive,1:38,sample_cpu0_freq,2000,MHz
naive,1:38,sample_cpu1_freq,2000,MHz
naive,1:38,sample_cpu2_freq,2000,MHz
naive,1:38,sample_cpu3_freq,2000,MHz
naive,1:38,sample_cpu4_freq,2500,MHz
naive,1:38,sample_cpu5_freq,2500,MHz
naive,1:38,sample_cpu6_freq,2500,MHz
naive,1:38,sample_cpu7_freq,2500,MHz
naive,1:39,sample_elapsed,5952,ms
naive,1:39,sample_power,0.880,W
naive,1:39,sample_process_cpu,464.331,% one core
naive,1:39,sample_free_ram,1.345,GiB
naive,1:39,sample_battery_temp,35.000,C
naive,1:39,sample_thermal_status,1,Android PowerManager status
naive,1:39,sample_cpu0_freq,2000,MHz
naive,1:39,sample_cpu1_freq,2000,MHz
naive,1:39,sample_cpu2_freq,2000,MHz
naive,1:39,sample_cpu3_freq,2000,MHz
naive,1:39,sample_cpu4_freq,2500,MHz
naive,1:39,sample_cpu5_freq,2500,MHz
naive,1:39,sample_cpu6_freq,2500,MHz
naive,1:39,sample_cpu7_freq,2500,MHz
naive,1:40,sample_elapsed,6108,ms
naive,1:40,sample_power,0.880,W
naive,1:40,sample_process_cpu,480.769,% one core
naive,1:40,sample_free_ram,1.345,GiB
naive,1:40,sample_battery_temp,35.000,C
naive,1:40,sample_thermal_status,1,Android PowerManager status
naive,1:40,sample_cpu0_freq,1900,MHz
naive,1:40,sample_cpu1_freq,450,MHz
naive,1:40,sample_cpu2_freq,450,MHz
naive,1:40,sample_cpu3_freq,450,MHz
naive,1:40,sample_cpu4_freq,2500,MHz
naive,1:40,sample_cpu5_freq,2500,MHz
naive,1:40,sample_cpu6_freq,2500,MHz
naive,1:40,sample_cpu7_freq,2500,MHz
naive,1:41,sample_elapsed,6264,ms
naive,1:41,sample_power,0.880,W
naive,1:41,sample_process_cpu,476.282,% one core
naive,1:41,sample_free_ram,1.345,GiB
naive,1:41,sample_battery_temp,35.000,C
naive,1:41,sample_thermal_status,1,Android PowerManager status
naive,1:41,sample_cpu0_freq,800,MHz
naive,1:41,sample_cpu1_freq,800,MHz
naive,1:41,sample_cpu2_freq,800,MHz
naive,1:41,sample_cpu3_freq,800,MHz
naive,1:41,sample_cpu4_freq,2500,MHz
naive,1:41,sample_cpu5_freq,2500,MHz
naive,1:41,sample_cpu6_freq,2500,MHz
naive,1:41,sample_cpu7_freq,2500,MHz
naive,1:42,sample_elapsed,6422,ms
naive,1:42,sample_power,0.621,W
naive,1:42,sample_process_cpu,481.013,% one core
naive,1:42,sample_free_ram,1.345,GiB
naive,1:42,sample_battery_temp,35.000,C
naive,1:42,sample_thermal_status,1,Android PowerManager status
naive,1:42,sample_cpu0_freq,1100,MHz
naive,1:42,sample_cpu1_freq,1100,MHz
naive,1:42,sample_cpu2_freq,700,MHz
naive,1:42,sample_cpu3_freq,2000,MHz
naive,1:42,sample_cpu4_freq,2500,MHz
naive,1:42,sample_cpu5_freq,2500,MHz
naive,1:42,sample_cpu6_freq,2500,MHz
naive,1:42,sample_cpu7_freq,2500,MHz
naive,1:43,sample_elapsed,6584,ms
naive,1:43,sample_power,0.621,W
naive,1:43,sample_process_cpu,457.407,% one core
naive,1:43,sample_free_ram,1.345,GiB
naive,1:43,sample_battery_temp,35.000,C
naive,1:43,sample_thermal_status,1,Android PowerManager status
naive,1:43,sample_cpu0_freq,600,MHz
naive,1:43,sample_cpu1_freq,600,MHz
naive,1:43,sample_cpu2_freq,1400,MHz
naive,1:43,sample_cpu3_freq,1400,MHz
naive,1:43,sample_cpu4_freq,2500,MHz
naive,1:43,sample_cpu5_freq,2500,MHz
naive,1:43,sample_cpu6_freq,2500,MHz
naive,1:43,sample_cpu7_freq,2500,MHz
naive,1:44,sample_elapsed,6746,ms
naive,1:44,sample_power,0.621,W
naive,1:44,sample_process_cpu,455.556,% one core
naive,1:44,sample_free_ram,1.345,GiB
naive,1:44,sample_battery_temp,35.000,C
naive,1:44,sample_thermal_status,1,Android PowerManager status
naive,1:44,sample_cpu0_freq,1500,MHz
naive,1:44,sample_cpu1_freq,1500,MHz
naive,1:44,sample_cpu2_freq,1500,MHz
naive,1:44,sample_cpu3_freq,2000,MHz
naive,1:44,sample_cpu4_freq,2500,MHz
naive,1:44,sample_cpu5_freq,2500,MHz
naive,1:44,sample_cpu6_freq,2500,MHz
naive,1:44,sample_cpu7_freq,2500,MHz
naive,1:45,sample_elapsed,6901,ms
naive,1:45,sample_power,0.621,W
naive,1:45,sample_process_cpu,463.871,% one core
naive,1:45,sample_free_ram,1.345,GiB
naive,1:45,sample_battery_temp,35.000,C
naive,1:45,sample_thermal_status,1,Android PowerManager status
naive,1:45,sample_cpu0_freq,2000,MHz
naive,1:45,sample_cpu1_freq,2000,MHz
naive,1:45,sample_cpu2_freq,2000,MHz
naive,1:45,sample_cpu3_freq,700,MHz
naive,1:45,sample_cpu4_freq,2500,MHz
naive,1:45,sample_cpu5_freq,2500,MHz
naive,1:45,sample_cpu6_freq,2500,MHz
naive,1:45,sample_cpu7_freq,2500,MHz
naive,1:46,sample_elapsed,7057,ms
naive,1:46,sample_power,0.666,W
naive,1:46,sample_process_cpu,467.949,% one core
naive,1:46,sample_free_ram,1.345,GiB
naive,1:46,sample_battery_temp,35.000,C
naive,1:46,sample_thermal_status,1,Android PowerManager status
naive,1:46,sample_cpu0_freq,2000,MHz
naive,1:46,sample_cpu1_freq,2000,MHz
naive,1:46,sample_cpu2_freq,2000,MHz
naive,1:46,sample_cpu3_freq,2000,MHz
naive,1:46,sample_cpu4_freq,2500,MHz
naive,1:46,sample_cpu5_freq,2500,MHz
naive,1:46,sample_cpu6_freq,2500,MHz
naive,1:46,sample_cpu7_freq,2500,MHz
naive,1:47,sample_elapsed,7212,ms
naive,1:47,sample_power,0.666,W
naive,1:47,sample_process_cpu,472.258,% one core
naive,1:47,sample_free_ram,1.348,GiB
naive,1:47,sample_battery_temp,35.000,C
naive,1:47,sample_thermal_status,1,Android PowerManager status
naive,1:47,sample_cpu0_freq,450,MHz
naive,1:47,sample_cpu1_freq,2000,MHz
naive,1:47,sample_cpu2_freq,2000,MHz
naive,1:47,sample_cpu3_freq,2000,MHz
naive,1:47,sample_cpu4_freq,2500,MHz
naive,1:47,sample_cpu5_freq,2500,MHz
naive,1:47,sample_cpu6_freq,2500,MHz
naive,1:47,sample_cpu7_freq,2500,MHz
naive,1:48,sample_elapsed,7372,ms
naive,1:48,sample_power,0.666,W
naive,1:48,sample_process_cpu,460.000,% one core
naive,1:48,sample_free_ram,1.351,GiB
naive,1:48,sample_battery_temp,35.000,C
naive,1:48,sample_thermal_status,1,Android PowerManager status
naive,1:48,sample_cpu0_freq,450,MHz
naive,1:48,sample_cpu1_freq,450,MHz
naive,1:48,sample_cpu2_freq,450,MHz
naive,1:48,sample_cpu3_freq,450,MHz
naive,1:48,sample_cpu4_freq,2500,MHz
naive,1:48,sample_cpu5_freq,2500,MHz
naive,1:48,sample_cpu6_freq,2500,MHz
naive,1:48,sample_cpu7_freq,2500,MHz
naive,1:49,sample_elapsed,7526,ms
naive,1:49,sample_power,0.333,W
naive,1:49,sample_process_cpu,494.156,% one core
naive,1:49,sample_free_ram,1.351,GiB
naive,1:49,sample_battery_temp,35.000,C
naive,1:49,sample_thermal_status,1,Android PowerManager status
naive,1:49,sample_cpu0_freq,2000,MHz
naive,1:49,sample_cpu1_freq,2000,MHz
naive,1:49,sample_cpu2_freq,2000,MHz
naive,1:49,sample_cpu3_freq,2000,MHz
naive,1:49,sample_cpu4_freq,2500,MHz
naive,1:49,sample_cpu5_freq,2500,MHz
naive,1:49,sample_cpu6_freq,2500,MHz
naive,1:49,sample_cpu7_freq,2500,MHz
naive,1:50,sample_elapsed,7697,ms
naive,1:50,sample_power,0.333,W
naive,1:50,sample_process_cpu,460.819,% one core
naive,1:50,sample_free_ram,1.351,GiB
naive,1:50,sample_battery_temp,35.000,C
naive,1:50,sample_thermal_status,1,Android PowerManager status
naive,1:50,sample_cpu0_freq,2000,MHz
naive,1:50,sample_cpu1_freq,2000,MHz
naive,1:50,sample_cpu2_freq,2000,MHz
naive,1:50,sample_cpu3_freq,2000,MHz
naive,1:50,sample_cpu4_freq,2500,MHz
naive,1:50,sample_cpu5_freq,2500,MHz
naive,1:50,sample_cpu6_freq,2500,MHz
naive,1:50,sample_cpu7_freq,2500,MHz
naive,1:51,sample_elapsed,7857,ms
naive,1:51,sample_power,0.333,W
naive,1:51,sample_process_cpu,471.875,% one core
naive,1:51,sample_free_ram,1.351,GiB
naive,1:51,sample_battery_temp,35.000,C
naive,1:51,sample_thermal_status,1,Android PowerManager status
naive,1:51,sample_cpu0_freq,900,MHz
naive,1:51,sample_cpu1_freq,450,MHz
naive,1:51,sample_cpu2_freq,450,MHz
naive,1:51,sample_cpu3_freq,1400,MHz
naive,1:51,sample_cpu4_freq,2500,MHz
naive,1:51,sample_cpu5_freq,2500,MHz
naive,1:51,sample_cpu6_freq,2500,MHz
naive,1:51,sample_cpu7_freq,2500,MHz
naive,1:52,sample_elapsed,8013,ms
naive,1:52,sample_power,0.333,W
naive,1:52,sample_process_cpu,458.333,% one core
naive,1:52,sample_free_ram,1.351,GiB
naive,1:52,sample_battery_temp,35.000,C
naive,1:52,sample_thermal_status,1,Android PowerManager status
naive,1:52,sample_cpu0_freq,2000,MHz
naive,1:52,sample_cpu1_freq,2000,MHz
naive,1:52,sample_cpu2_freq,2000,MHz
naive,1:52,sample_cpu3_freq,2000,MHz
naive,1:52,sample_cpu4_freq,2500,MHz
naive,1:52,sample_cpu5_freq,2500,MHz
naive,1:52,sample_cpu6_freq,2500,MHz
naive,1:52,sample_cpu7_freq,2500,MHz
naive,1:53,sample_elapsed,8177,ms
naive,1:53,sample_power,0.400,W
naive,1:53,sample_process_cpu,473.780,% one core
naive,1:53,sample_free_ram,1.350,GiB
naive,1:53,sample_battery_temp,35.000,C
naive,1:53,sample_thermal_status,1,Android PowerManager status
naive,1:53,sample_cpu0_freq,2000,MHz
naive,1:53,sample_cpu1_freq,2000,MHz
naive,1:53,sample_cpu2_freq,2000,MHz
naive,1:53,sample_cpu3_freq,2000,MHz
naive,1:53,sample_cpu4_freq,2500,MHz
naive,1:53,sample_cpu5_freq,2500,MHz
naive,1:53,sample_cpu6_freq,2500,MHz
naive,1:53,sample_cpu7_freq,2500,MHz
naive,1:54,sample_elapsed,8343,ms
naive,1:54,sample_power,0.400,W
naive,1:54,sample_process_cpu,462.048,% one core
naive,1:54,sample_free_ram,1.350,GiB
naive,1:54,sample_battery_temp,35.000,C
naive,1:54,sample_thermal_status,1,Android PowerManager status
naive,1:54,sample_cpu0_freq,2000,MHz
naive,1:54,sample_cpu1_freq,2000,MHz
naive,1:54,sample_cpu2_freq,2000,MHz
naive,1:54,sample_cpu3_freq,2000,MHz
naive,1:54,sample_cpu4_freq,2500,MHz
naive,1:54,sample_cpu5_freq,2500,MHz
naive,1:54,sample_cpu6_freq,2500,MHz
naive,1:54,sample_cpu7_freq,2500,MHz
naive,1:55,sample_elapsed,8499,ms
naive,1:55,sample_power,0.400,W
naive,1:55,sample_process_cpu,458.974,% one core
naive,1:55,sample_free_ram,1.350,GiB
naive,1:55,sample_battery_temp,35.000,C
naive,1:55,sample_thermal_status,1,Android PowerManager status
naive,1:55,sample_cpu0_freq,1600,MHz
naive,1:55,sample_cpu1_freq,1700,MHz
naive,1:55,sample_cpu2_freq,1700,MHz
naive,1:55,sample_cpu3_freq,1700,MHz
naive,1:55,sample_cpu4_freq,2500,MHz
naive,1:55,sample_cpu5_freq,2500,MHz
naive,1:55,sample_cpu6_freq,2500,MHz
naive,1:55,sample_cpu7_freq,2500,MHz
naive,1:56,sample_elapsed,8654,ms
naive,1:56,sample_power,0.270,W
naive,1:56,sample_process_cpu,485.161,% one core
naive,1:56,sample_free_ram,1.350,GiB
naive,1:56,sample_battery_temp,35.000,C
naive,1:56,sample_thermal_status,1,Android PowerManager status
naive,1:56,sample_cpu0_freq,600,MHz
naive,1:56,sample_cpu1_freq,600,MHz
naive,1:56,sample_cpu2_freq,1600,MHz
naive,1:56,sample_cpu3_freq,1000,MHz
naive,1:56,sample_cpu4_freq,2500,MHz
naive,1:56,sample_cpu5_freq,2500,MHz
naive,1:56,sample_cpu6_freq,2500,MHz
naive,1:56,sample_cpu7_freq,2500,MHz
naive,1:57,sample_elapsed,8822,ms
naive,1:57,sample_power,0.270,W
naive,1:57,sample_process_cpu,452.381,% one core
naive,1:57,sample_free_ram,1.350,GiB
naive,1:57,sample_battery_temp,35.000,C
naive,1:57,sample_thermal_status,1,Android PowerManager status
naive,1:57,sample_cpu0_freq,2000,MHz
naive,1:57,sample_cpu1_freq,2000,MHz
naive,1:57,sample_cpu2_freq,2000,MHz
naive,1:57,sample_cpu3_freq,2000,MHz
naive,1:57,sample_cpu4_freq,2500,MHz
naive,1:57,sample_cpu5_freq,2500,MHz
naive,1:57,sample_cpu6_freq,2500,MHz
naive,1:57,sample_cpu7_freq,2500,MHz
naive,1:58,sample_elapsed,8977,ms
naive,1:58,sample_power,0.270,W
naive,1:58,sample_process_cpu,476.129,% one core
naive,1:58,sample_free_ram,1.350,GiB
naive,1:58,sample_battery_temp,35.000,C
naive,1:58,sample_thermal_status,1,Android PowerManager status
naive,1:58,sample_cpu0_freq,2000,MHz
naive,1:58,sample_cpu1_freq,2000,MHz
naive,1:58,sample_cpu2_freq,2000,MHz
naive,1:58,sample_cpu3_freq,2000,MHz
naive,1:58,sample_cpu4_freq,2500,MHz
naive,1:58,sample_cpu5_freq,2500,MHz
naive,1:58,sample_cpu6_freq,2500,MHz
naive,1:58,sample_cpu7_freq,2500,MHz
naive,1:59,sample_elapsed,9138,ms
naive,1:59,sample_power,0.314,W
naive,1:59,sample_process_cpu,446.584,% one core
naive,1:59,sample_free_ram,1.349,GiB
naive,1:59,sample_battery_temp,35.000,C
naive,1:59,sample_thermal_status,1,Android PowerManager status
naive,1:59,sample_cpu0_freq,2000,MHz
naive,1:59,sample_cpu1_freq,2000,MHz
naive,1:59,sample_cpu2_freq,2000,MHz
naive,1:59,sample_cpu3_freq,2000,MHz
naive,1:59,sample_cpu4_freq,2500,MHz
naive,1:59,sample_cpu5_freq,2500,MHz
naive,1:59,sample_cpu6_freq,2500,MHz
naive,1:59,sample_cpu7_freq,2500,MHz
naive,1:60,sample_elapsed,9309,ms
naive,1:60,sample_power,0.314,W
naive,1:60,sample_process_cpu,470.175,% one core
naive,1:60,sample_free_ram,1.350,GiB
naive,1:60,sample_battery_temp,35.000,C
naive,1:60,sample_thermal_status,1,Android PowerManager status
naive,1:60,sample_cpu0_freq,2000,MHz
naive,1:60,sample_cpu1_freq,800,MHz
naive,1:60,sample_cpu2_freq,1000,MHz
naive,1:60,sample_cpu3_freq,1000,MHz
naive,1:60,sample_cpu4_freq,2500,MHz
naive,1:60,sample_cpu5_freq,2500,MHz
naive,1:60,sample_cpu6_freq,2500,MHz
naive,1:60,sample_cpu7_freq,2500,MHz
naive,1:61,sample_elapsed,9468,ms
naive,1:61,sample_power,0.314,W
naive,1:61,sample_process_cpu,475.472,% one core
naive,1:61,sample_free_ram,1.349,GiB
naive,1:61,sample_battery_temp,35.000,C
naive,1:61,sample_thermal_status,1,Android PowerManager status
naive,1:61,sample_cpu0_freq,2000,MHz
naive,1:61,sample_cpu1_freq,2000,MHz
naive,1:61,sample_cpu2_freq,2000,MHz
naive,1:61,sample_cpu3_freq,2000,MHz
naive,1:61,sample_cpu4_freq,2500,MHz
naive,1:61,sample_cpu5_freq,2500,MHz
naive,1:61,sample_cpu6_freq,2500,MHz
naive,1:61,sample_cpu7_freq,2500,MHz
naive,1:62,sample_elapsed,9624,ms
naive,1:62,sample_power,0.079,W
naive,1:62,sample_process_cpu,480.128,% one core
naive,1:62,sample_free_ram,1.349,GiB
naive,1:62,sample_battery_temp,35.000,C
naive,1:62,sample_thermal_status,1,Android PowerManager status
naive,1:62,sample_cpu0_freq,2000,MHz
naive,1:62,sample_cpu1_freq,2000,MHz
naive,1:62,sample_cpu2_freq,2000,MHz
naive,1:62,sample_cpu3_freq,2000,MHz
naive,1:62,sample_cpu4_freq,2500,MHz
naive,1:62,sample_cpu5_freq,2500,MHz
naive,1:62,sample_cpu6_freq,2500,MHz
naive,1:62,sample_cpu7_freq,2500,MHz
naive,1:63,sample_elapsed,9780,ms
naive,1:63,sample_power,0.079,W
naive,1:63,sample_process_cpu,465.385,% one core
naive,1:63,sample_free_ram,1.349,GiB
naive,1:63,sample_battery_temp,35.000,C
naive,1:63,sample_thermal_status,1,Android PowerManager status
naive,1:63,sample_cpu0_freq,1000,MHz
naive,1:63,sample_cpu1_freq,1000,MHz
naive,1:63,sample_cpu2_freq,1000,MHz
naive,1:63,sample_cpu3_freq,1000,MHz
naive,1:63,sample_cpu4_freq,2500,MHz
naive,1:63,sample_cpu5_freq,2500,MHz
naive,1:63,sample_cpu6_freq,2500,MHz
naive,1:63,sample_cpu7_freq,2500,MHz
naive,1:64,sample_elapsed,9936,ms
naive,1:64,sample_power,0.079,W
naive,1:64,sample_process_cpu,466.026,% one core
naive,1:64,sample_free_ram,1.347,GiB
naive,1:64,sample_battery_temp,35.000,C
naive,1:64,sample_thermal_status,1,Android PowerManager status
naive,1:64,sample_cpu0_freq,2000,MHz
naive,1:64,sample_cpu1_freq,2000,MHz
naive,1:64,sample_cpu2_freq,2000,MHz
naive,1:64,sample_cpu3_freq,1900,MHz
naive,1:64,sample_cpu4_freq,2500,MHz
naive,1:64,sample_cpu5_freq,2500,MHz
naive,1:64,sample_cpu6_freq,2500,MHz
naive,1:64,sample_cpu7_freq,2500,MHz
naive,1:65,sample_elapsed,10091,ms
naive,1:65,sample_power,0.079,W
naive,1:65,sample_process_cpu,459.355,% one core
naive,1:65,sample_free_ram,1.340,GiB
naive,1:65,sample_battery_temp,35.000,C
naive,1:65,sample_thermal_status,1,Android PowerManager status
naive,1:65,sample_cpu0_freq,2000,MHz
naive,1:65,sample_cpu1_freq,2000,MHz
naive,1:65,sample_cpu2_freq,2000,MHz
naive,1:65,sample_cpu3_freq,2000,MHz
naive,1:65,sample_cpu4_freq,2500,MHz
naive,1:65,sample_cpu5_freq,2500,MHz
naive,1:65,sample_cpu6_freq,2500,MHz
naive,1:65,sample_cpu7_freq,2500,MHz
naive,1:66,sample_elapsed,10251,ms
naive,1:66,sample_power,0.391,W
naive,1:66,sample_process_cpu,456.250,% one core
naive,1:66,sample_free_ram,1.338,GiB
naive,1:66,sample_battery_temp,35.000,C
naive,1:66,sample_thermal_status,1,Android PowerManager status
naive,1:66,sample_cpu0_freq,2000,MHz
naive,1:66,sample_cpu1_freq,2000,MHz
naive,1:66,sample_cpu2_freq,2000,MHz
naive,1:66,sample_cpu3_freq,2000,MHz
naive,1:66,sample_cpu4_freq,2500,MHz
naive,1:66,sample_cpu5_freq,2500,MHz
naive,1:66,sample_cpu6_freq,2500,MHz
naive,1:66,sample_cpu7_freq,2500,MHz
naive,1:67,sample_elapsed,10405,ms
naive,1:67,sample_power,0.391,W
naive,1:67,sample_process_cpu,456.494,% one core
naive,1:67,sample_free_ram,1.334,GiB
naive,1:67,sample_battery_temp,35.000,C
naive,1:67,sample_thermal_status,1,Android PowerManager status
naive,1:67,sample_cpu0_freq,2000,MHz
naive,1:67,sample_cpu1_freq,2000,MHz
naive,1:67,sample_cpu2_freq,2000,MHz
naive,1:67,sample_cpu3_freq,2000,MHz
naive,1:67,sample_cpu4_freq,2500,MHz
naive,1:67,sample_cpu5_freq,2500,MHz
naive,1:67,sample_cpu6_freq,2500,MHz
naive,1:67,sample_cpu7_freq,2500,MHz
naive,1:68,sample_elapsed,10559,ms
naive,1:68,sample_power,0.391,W
naive,1:68,sample_process_cpu,463.636,% one core
naive,1:68,sample_free_ram,1.332,GiB
naive,1:68,sample_battery_temp,35.000,C
naive,1:68,sample_thermal_status,1,Android PowerManager status
naive,1:68,sample_cpu0_freq,2000,MHz
naive,1:68,sample_cpu1_freq,2000,MHz
naive,1:68,sample_cpu2_freq,2000,MHz
naive,1:68,sample_cpu3_freq,2000,MHz
naive,1:68,sample_cpu4_freq,2500,MHz
naive,1:68,sample_cpu5_freq,2500,MHz
naive,1:68,sample_cpu6_freq,2500,MHz
naive,1:68,sample_cpu7_freq,2500,MHz
naive,1:69,sample_elapsed,10724,ms
naive,1:69,sample_power,0.237,W
naive,1:69,sample_process_cpu,468.485,% one core
naive,1:69,sample_free_ram,1.329,GiB
naive,1:69,sample_battery_temp,35.000,C
naive,1:69,sample_thermal_status,1,Android PowerManager status
naive,1:69,sample_cpu0_freq,2000,MHz
naive,1:69,sample_cpu1_freq,2000,MHz
naive,1:69,sample_cpu2_freq,2000,MHz
naive,1:69,sample_cpu3_freq,2000,MHz
naive,1:69,sample_cpu4_freq,2500,MHz
naive,1:69,sample_cpu5_freq,2500,MHz
naive,1:69,sample_cpu6_freq,2500,MHz
naive,1:69,sample_cpu7_freq,2500,MHz
naive,1:70,sample_elapsed,10881,ms
naive,1:70,sample_power,0.237,W
naive,1:70,sample_process_cpu,450.318,% one core
naive,1:70,sample_free_ram,1.326,GiB
naive,1:70,sample_battery_temp,35.000,C
naive,1:70,sample_thermal_status,1,Android PowerManager status
naive,1:70,sample_cpu0_freq,2000,MHz
naive,1:70,sample_cpu1_freq,2000,MHz
naive,1:70,sample_cpu2_freq,2000,MHz
naive,1:70,sample_cpu3_freq,2000,MHz
naive,1:70,sample_cpu4_freq,2500,MHz
naive,1:70,sample_cpu5_freq,2500,MHz
naive,1:70,sample_cpu6_freq,2500,MHz
naive,1:70,sample_cpu7_freq,2500,MHz
naive,1:71,sample_elapsed,11036,ms
naive,1:71,sample_power,0.237,W
naive,1:71,sample_process_cpu,458.065,% one core
naive,1:71,sample_free_ram,1.327,GiB
naive,1:71,sample_battery_temp,35.000,C
naive,1:71,sample_thermal_status,1,Android PowerManager status
naive,1:71,sample_cpu0_freq,2000,MHz
naive,1:71,sample_cpu1_freq,2000,MHz
naive,1:71,sample_cpu2_freq,2000,MHz
naive,1:71,sample_cpu3_freq,2000,MHz
naive,1:71,sample_cpu4_freq,2500,MHz
naive,1:71,sample_cpu5_freq,2500,MHz
naive,1:71,sample_cpu6_freq,2500,MHz
naive,1:71,sample_cpu7_freq,2500,MHz
naive,1:72,sample_elapsed,11199,ms
naive,1:72,sample_power,0.237,W
naive,1:72,sample_process_cpu,451.534,% one core
naive,1:72,sample_free_ram,1.367,GiB
naive,1:72,sample_battery_temp,35.000,C
naive,1:72,sample_thermal_status,1,Android PowerManager status
naive,1:72,sample_cpu0_freq,2000,MHz
naive,1:72,sample_cpu1_freq,2000,MHz
naive,1:72,sample_cpu2_freq,2000,MHz
naive,1:72,sample_cpu3_freq,2000,MHz
naive,1:72,sample_cpu4_freq,2500,MHz
naive,1:72,sample_cpu5_freq,2500,MHz
naive,1:72,sample_cpu6_freq,2500,MHz
naive,1:72,sample_cpu7_freq,2500,MHz
naive,1:73,sample_elapsed,11360,ms
naive,1:73,sample_power,0.527,W
naive,1:73,sample_process_cpu,438.509,% one core
naive,1:73,sample_free_ram,1.402,GiB
naive,1:73,sample_battery_temp,35.000,C
naive,1:73,sample_thermal_status,1,Android PowerManager status
naive,1:73,sample_cpu0_freq,2000,MHz
naive,1:73,sample_cpu1_freq,2000,MHz
naive,1:73,sample_cpu2_freq,2000,MHz
naive,1:73,sample_cpu3_freq,2000,MHz
naive,1:73,sample_cpu4_freq,2500,MHz
naive,1:73,sample_cpu5_freq,2500,MHz
naive,1:73,sample_cpu6_freq,2500,MHz
naive,1:73,sample_cpu7_freq,2500,MHz
naive,1:74,sample_elapsed,11521,ms
naive,1:74,sample_power,0.527,W
naive,1:74,sample_process_cpu,445.342,% one core
naive,1:74,sample_free_ram,1.408,GiB
naive,1:74,sample_battery_temp,35.000,C
naive,1:74,sample_thermal_status,1,Android PowerManager status
naive,1:74,sample_cpu0_freq,2000,MHz
naive,1:74,sample_cpu1_freq,2000,MHz
naive,1:74,sample_cpu2_freq,2000,MHz
naive,1:74,sample_cpu3_freq,2000,MHz
naive,1:74,sample_cpu4_freq,2500,MHz
naive,1:74,sample_cpu5_freq,2500,MHz
naive,1:74,sample_cpu6_freq,2500,MHz
naive,1:74,sample_cpu7_freq,2500,MHz
naive,1:75,sample_elapsed,11676,ms
naive,1:75,sample_power,0.527,W
naive,1:75,sample_process_cpu,450.323,% one core
naive,1:75,sample_free_ram,1.420,GiB
naive,1:75,sample_battery_temp,35.000,C
naive,1:75,sample_thermal_status,1,Android PowerManager status
naive,1:75,sample_cpu0_freq,2000,MHz
naive,1:75,sample_cpu1_freq,2000,MHz
naive,1:75,sample_cpu2_freq,2000,MHz
naive,1:75,sample_cpu3_freq,2000,MHz
naive,1:75,sample_cpu4_freq,2500,MHz
naive,1:75,sample_cpu5_freq,2500,MHz
naive,1:75,sample_cpu6_freq,2500,MHz
naive,1:75,sample_cpu7_freq,2500,MHz
naive,1:76,sample_elapsed,11830,ms
naive,1:76,sample_power,1.273,W
naive,1:76,sample_process_cpu,439.610,% one core
naive,1:76,sample_free_ram,1.420,GiB
naive,1:76,sample_battery_temp,35.000,C
naive,1:76,sample_thermal_status,1,Android PowerManager status
naive,1:76,sample_cpu0_freq,2000,MHz
naive,1:76,sample_cpu1_freq,2000,MHz
naive,1:76,sample_cpu2_freq,2000,MHz
naive,1:76,sample_cpu3_freq,2000,MHz
naive,1:76,sample_cpu4_freq,2500,MHz
naive,1:76,sample_cpu5_freq,2500,MHz
naive,1:76,sample_cpu6_freq,2500,MHz
naive,1:76,sample_cpu7_freq,2500,MHz
naive,1:77,sample_elapsed,11989,ms
naive,1:77,sample_power,1.273,W
naive,1:77,sample_process_cpu,428.931,% one core
naive,1:77,sample_free_ram,1.413,GiB
naive,1:77,sample_battery_temp,35.000,C
naive,1:77,sample_thermal_status,1,Android PowerManager status
naive,1:77,sample_cpu0_freq,2000,MHz
naive,1:77,sample_cpu1_freq,2000,MHz
naive,1:77,sample_cpu2_freq,2000,MHz
naive,1:77,sample_cpu3_freq,2000,MHz
naive,1:77,sample_cpu4_freq,2500,MHz
naive,1:77,sample_cpu5_freq,2500,MHz
naive,1:77,sample_cpu6_freq,2500,MHz
naive,1:77,sample_cpu7_freq,2500,MHz
naive,1:78,sample_elapsed,12142,ms
naive,1:78,sample_power,1.273,W
naive,1:78,sample_process_cpu,373.856,% one core
naive,1:78,sample_free_ram,1.430,GiB
naive,1:78,sample_battery_temp,35.000,C
naive,1:78,sample_thermal_status,1,Android PowerManager status
naive,1:78,sample_cpu0_freq,2000,MHz
naive,1:78,sample_cpu1_freq,2000,MHz
naive,1:78,sample_cpu2_freq,2000,MHz
naive,1:78,sample_cpu3_freq,2000,MHz
naive,1:78,sample_cpu4_freq,2500,MHz
naive,1:78,sample_cpu5_freq,2500,MHz
naive,1:78,sample_cpu6_freq,2500,MHz
naive,1:78,sample_cpu7_freq,2500,MHz
naive,1:79,sample_elapsed,12301,ms
naive,1:79,sample_power,1.273,W
naive,1:79,sample_process_cpu,380.503,% one core
naive,1:79,sample_free_ram,1.443,GiB
naive,1:79,sample_battery_temp,35.000,C
naive,1:79,sample_thermal_status,1,Android PowerManager status
naive,1:79,sample_cpu0_freq,2000,MHz
naive,1:79,sample_cpu1_freq,2000,MHz
naive,1:79,sample_cpu2_freq,2000,MHz
naive,1:79,sample_cpu3_freq,2000,MHz
naive,1:79,sample_cpu4_freq,2500,MHz
naive,1:79,sample_cpu5_freq,2500,MHz
naive,1:79,sample_cpu6_freq,2500,MHz
naive,1:79,sample_cpu7_freq,2500,MHz
naive,1:80,sample_elapsed,12454,ms
naive,1:80,sample_power,0.120,W
naive,1:80,sample_process_cpu,458.824,% one core
naive,1:80,sample_free_ram,1.445,GiB
naive,1:80,sample_battery_temp,35.000,C
naive,1:80,sample_thermal_status,1,Android PowerManager status
naive,1:80,sample_cpu0_freq,2000,MHz
naive,1:80,sample_cpu1_freq,2000,MHz
naive,1:80,sample_cpu2_freq,2000,MHz
naive,1:80,sample_cpu3_freq,2000,MHz
naive,1:80,sample_cpu4_freq,2500,MHz
naive,1:80,sample_cpu5_freq,2500,MHz
naive,1:80,sample_cpu6_freq,2500,MHz
naive,1:80,sample_cpu7_freq,2500,MHz
naive,1:81,sample_elapsed,12609,ms
naive,1:81,sample_power,0.120,W
naive,1:81,sample_process_cpu,463.871,% one core
naive,1:81,sample_free_ram,1.447,GiB
naive,1:81,sample_battery_temp,35.000,C
naive,1:81,sample_thermal_status,1,Android PowerManager status
naive,1:81,sample_cpu0_freq,2000,MHz
naive,1:81,sample_cpu1_freq,2000,MHz
naive,1:81,sample_cpu2_freq,2000,MHz
naive,1:81,sample_cpu3_freq,2000,MHz
naive,1:81,sample_cpu4_freq,2500,MHz
naive,1:81,sample_cpu5_freq,2500,MHz
naive,1:81,sample_cpu6_freq,2500,MHz
naive,1:81,sample_cpu7_freq,2500,MHz
naive,1:82,sample_elapsed,12764,ms
naive,1:82,sample_power,0.120,W
naive,1:82,sample_process_cpu,440.000,% one core
naive,1:82,sample_free_ram,1.447,GiB
naive,1:82,sample_battery_temp,35.000,C
naive,1:82,sample_thermal_status,1,Android PowerManager status
naive,1:82,sample_cpu0_freq,2000,MHz
naive,1:82,sample_cpu1_freq,2000,MHz
naive,1:82,sample_cpu2_freq,2000,MHz
naive,1:82,sample_cpu3_freq,2000,MHz
naive,1:82,sample_cpu4_freq,2500,MHz
naive,1:82,sample_cpu5_freq,2500,MHz
naive,1:82,sample_cpu6_freq,2500,MHz
naive,1:82,sample_cpu7_freq,2500,MHz
naive,1:83,sample_elapsed,12920,ms
naive,1:83,sample_power,0.237,W
naive,1:83,sample_process_cpu,477.564,% one core
naive,1:83,sample_free_ram,1.444,GiB
naive,1:83,sample_battery_temp,35.000,C
naive,1:83,sample_thermal_status,1,Android PowerManager status
naive,1:83,sample_cpu0_freq,2000,MHz
naive,1:83,sample_cpu1_freq,2000,MHz
naive,1:83,sample_cpu2_freq,2000,MHz
naive,1:83,sample_cpu3_freq,2000,MHz
naive,1:83,sample_cpu4_freq,2500,MHz
naive,1:83,sample_cpu5_freq,2500,MHz
naive,1:83,sample_cpu6_freq,2500,MHz
naive,1:83,sample_cpu7_freq,2500,MHz
naive,1:84,sample_elapsed,13079,ms
naive,1:84,sample_power,0.237,W
naive,1:84,sample_process_cpu,462.264,% one core
naive,1:84,sample_free_ram,1.443,GiB
naive,1:84,sample_battery_temp,35.000,C
naive,1:84,sample_thermal_status,1,Android PowerManager status
naive,1:84,sample_cpu0_freq,2000,MHz
naive,1:84,sample_cpu1_freq,2000,MHz
naive,1:84,sample_cpu2_freq,1900,MHz
naive,1:84,sample_cpu3_freq,1900,MHz
naive,1:84,sample_cpu4_freq,2500,MHz
naive,1:84,sample_cpu5_freq,2500,MHz
naive,1:84,sample_cpu6_freq,2500,MHz
naive,1:84,sample_cpu7_freq,2500,MHz
naive,1:85,sample_elapsed,13238,ms
naive,1:85,sample_power,0.237,W
naive,1:85,sample_process_cpu,454.088,% one core
naive,1:85,sample_free_ram,1.441,GiB
naive,1:85,sample_battery_temp,35.000,C
naive,1:85,sample_thermal_status,1,Android PowerManager status
naive,1:85,sample_cpu0_freq,2000,MHz
naive,1:85,sample_cpu1_freq,2000,MHz
naive,1:85,sample_cpu2_freq,2000,MHz
naive,1:85,sample_cpu3_freq,2000,MHz
naive,1:85,sample_cpu4_freq,2500,MHz
naive,1:85,sample_cpu5_freq,2500,MHz
naive,1:85,sample_cpu6_freq,2500,MHz
naive,1:85,sample_cpu7_freq,2500,MHz
naive,1:86,sample_elapsed,13392,ms
naive,1:86,sample_power,0.237,W
naive,1:86,sample_process_cpu,462.338,% one core
naive,1:86,sample_free_ram,1.419,GiB
naive,1:86,sample_battery_temp,35.000,C
naive,1:86,sample_thermal_status,1,Android PowerManager status
naive,1:86,sample_cpu0_freq,2000,MHz
naive,1:86,sample_cpu1_freq,2000,MHz
naive,1:86,sample_cpu2_freq,2000,MHz
naive,1:86,sample_cpu3_freq,2000,MHz
naive,1:86,sample_cpu4_freq,2500,MHz
naive,1:86,sample_cpu5_freq,2500,MHz
naive,1:86,sample_cpu6_freq,2500,MHz
naive,1:86,sample_cpu7_freq,2500,MHz
naive,1:87,sample_elapsed,13546,ms
naive,1:87,sample_power,0.026,W
naive,1:87,sample_process_cpu,463.636,% one core
naive,1:87,sample_free_ram,1.417,GiB
naive,1:87,sample_battery_temp,35.000,C
naive,1:87,sample_thermal_status,1,Android PowerManager status
naive,1:87,sample_cpu0_freq,1100,MHz
naive,1:87,sample_cpu1_freq,2000,MHz
naive,1:87,sample_cpu2_freq,2000,MHz
naive,1:87,sample_cpu3_freq,2000,MHz
naive,1:87,sample_cpu4_freq,2500,MHz
naive,1:87,sample_cpu5_freq,2500,MHz
naive,1:87,sample_cpu6_freq,2500,MHz
naive,1:87,sample_cpu7_freq,2500,MHz
naive,1:88,sample_elapsed,13699,ms
naive,1:88,sample_power,0.026,W
naive,1:88,sample_process_cpu,462.092,% one core
naive,1:88,sample_free_ram,1.415,GiB
naive,1:88,sample_battery_temp,35.000,C
naive,1:88,sample_thermal_status,1,Android PowerManager status
naive,1:88,sample_cpu0_freq,2000,MHz
naive,1:88,sample_cpu1_freq,2000,MHz
naive,1:88,sample_cpu2_freq,2000,MHz
naive,1:88,sample_cpu3_freq,2000,MHz
naive,1:88,sample_cpu4_freq,2500,MHz
naive,1:88,sample_cpu5_freq,2500,MHz
naive,1:88,sample_cpu6_freq,2500,MHz
naive,1:88,sample_cpu7_freq,2500,MHz
naive,1:89,sample_elapsed,13854,ms
naive,1:89,sample_power,0.026,W
naive,1:89,sample_process_cpu,457.419,% one core
naive,1:89,sample_free_ram,1.410,GiB
naive,1:89,sample_battery_temp,35.000,C
naive,1:89,sample_thermal_status,1,Android PowerManager status
naive,1:89,sample_cpu0_freq,2000,MHz
naive,1:89,sample_cpu1_freq,2000,MHz
naive,1:89,sample_cpu2_freq,2000,MHz
naive,1:89,sample_cpu3_freq,2000,MHz
naive,1:89,sample_cpu4_freq,2500,MHz
naive,1:89,sample_cpu5_freq,2500,MHz
naive,1:89,sample_cpu6_freq,2500,MHz
naive,1:89,sample_cpu7_freq,2500,MHz
naive,1:90,sample_elapsed,14007,ms
naive,1:90,sample_power,0.427,W
naive,1:90,sample_process_cpu,466.667,% one core
naive,1:90,sample_free_ram,1.406,GiB
naive,1:90,sample_battery_temp,35.000,C
naive,1:90,sample_thermal_status,1,Android PowerManager status
naive,1:90,sample_cpu0_freq,2000,MHz
naive,1:90,sample_cpu1_freq,2000,MHz
naive,1:90,sample_cpu2_freq,2000,MHz
naive,1:90,sample_cpu3_freq,2000,MHz
naive,1:90,sample_cpu4_freq,2500,MHz
naive,1:90,sample_cpu5_freq,2500,MHz
naive,1:90,sample_cpu6_freq,2500,MHz
naive,1:90,sample_cpu7_freq,2500,MHz
naive,1:91,sample_elapsed,14165,ms
naive,1:91,sample_power,0.427,W
naive,1:91,sample_process_cpu,460.127,% one core
naive,1:91,sample_free_ram,1.401,GiB
naive,1:91,sample_battery_temp,35.000,C
naive,1:91,sample_thermal_status,1,Android PowerManager status
naive,1:91,sample_cpu0_freq,2000,MHz
naive,1:91,sample_cpu1_freq,2000,MHz
naive,1:91,sample_cpu2_freq,2000,MHz
naive,1:91,sample_cpu3_freq,2000,MHz
naive,1:91,sample_cpu4_freq,2500,MHz
naive,1:91,sample_cpu5_freq,2500,MHz
naive,1:91,sample_cpu6_freq,2500,MHz
naive,1:91,sample_cpu7_freq,2500,MHz
naive,1:92,sample_elapsed,14320,ms
naive,1:92,sample_power,0.427,W
naive,1:92,sample_process_cpu,462.581,% one core
naive,1:92,sample_free_ram,1.401,GiB
naive,1:92,sample_battery_temp,35.000,C
naive,1:92,sample_thermal_status,1,Android PowerManager status
naive,1:92,sample_cpu0_freq,2000,MHz
naive,1:92,sample_cpu1_freq,2000,MHz
naive,1:92,sample_cpu2_freq,2000,MHz
naive,1:92,sample_cpu3_freq,2000,MHz
naive,1:92,sample_cpu4_freq,2500,MHz
naive,1:92,sample_cpu5_freq,2500,MHz
naive,1:92,sample_cpu6_freq,2500,MHz
naive,1:92,sample_cpu7_freq,2500,MHz
naive,1:93,sample_elapsed,14476,ms
naive,1:93,sample_power,0.427,W
naive,1:93,sample_process_cpu,478.205,% one core
naive,1:93,sample_free_ram,1.399,GiB
naive,1:93,sample_battery_temp,35.000,C
naive,1:93,sample_thermal_status,1,Android PowerManager status
naive,1:93,sample_cpu0_freq,2000,MHz
naive,1:93,sample_cpu1_freq,2000,MHz
naive,1:93,sample_cpu2_freq,2000,MHz
naive,1:93,sample_cpu3_freq,2000,MHz
naive,1:93,sample_cpu4_freq,2500,MHz
naive,1:93,sample_cpu5_freq,2500,MHz
naive,1:93,sample_cpu6_freq,2500,MHz
naive,1:93,sample_cpu7_freq,2500,MHz
naive,1:94,sample_elapsed,14633,ms
naive,1:94,sample_power,0.043,W
naive,1:94,sample_process_cpu,485.987,% one core
naive,1:94,sample_free_ram,1.400,GiB
naive,1:94,sample_battery_temp,35.000,C
naive,1:94,sample_thermal_status,1,Android PowerManager status
naive,1:94,sample_cpu0_freq,2000,MHz
naive,1:94,sample_cpu1_freq,2000,MHz
naive,1:94,sample_cpu2_freq,2000,MHz
naive,1:94,sample_cpu3_freq,2000,MHz
naive,1:94,sample_cpu4_freq,2500,MHz
naive,1:94,sample_cpu5_freq,2500,MHz
naive,1:94,sample_cpu6_freq,2500,MHz
naive,1:94,sample_cpu7_freq,2500,MHz
naive,1:95,sample_elapsed,14799,ms
naive,1:95,sample_power,0.043,W
naive,1:95,sample_process_cpu,481.325,% one core
naive,1:95,sample_free_ram,1.399,GiB
naive,1:95,sample_battery_temp,35.000,C
naive,1:95,sample_thermal_status,1,Android PowerManager status
naive,1:95,sample_cpu0_freq,2000,MHz
naive,1:95,sample_cpu1_freq,1500,MHz
naive,1:95,sample_cpu2_freq,1200,MHz
naive,1:95,sample_cpu3_freq,2000,MHz
naive,1:95,sample_cpu4_freq,2500,MHz
naive,1:95,sample_cpu5_freq,2500,MHz
naive,1:95,sample_cpu6_freq,2500,MHz
naive,1:95,sample_cpu7_freq,2500,MHz
naive,1:96,sample_elapsed,14953,ms
naive,1:96,sample_power,0.043,W
naive,1:96,sample_process_cpu,470.779,% one core
naive,1:96,sample_free_ram,1.398,GiB
naive,1:96,sample_battery_temp,35.000,C
naive,1:96,sample_thermal_status,1,Android PowerManager status
naive,1:96,sample_cpu0_freq,2000,MHz
naive,1:96,sample_cpu1_freq,2000,MHz
naive,1:96,sample_cpu2_freq,2000,MHz
naive,1:96,sample_cpu3_freq,2000,MHz
naive,1:96,sample_cpu4_freq,2500,MHz
naive,1:96,sample_cpu5_freq,2500,MHz
naive,1:96,sample_cpu6_freq,2500,MHz
naive,1:96,sample_cpu7_freq,2500,MHz
naive,1:97,sample_elapsed,15109,ms
naive,1:97,sample_power,0.328,W
naive,1:97,sample_process_cpu,470.513,% one core
naive,1:97,sample_free_ram,1.397,GiB
naive,1:97,sample_battery_temp,35.000,C
naive,1:97,sample_thermal_status,1,Android PowerManager status
naive,1:97,sample_cpu0_freq,2000,MHz
naive,1:97,sample_cpu1_freq,2000,MHz
naive,1:97,sample_cpu2_freq,2000,MHz
naive,1:97,sample_cpu3_freq,2000,MHz
naive,1:97,sample_cpu4_freq,2500,MHz
naive,1:97,sample_cpu5_freq,2500,MHz
naive,1:97,sample_cpu6_freq,2500,MHz
naive,1:97,sample_cpu7_freq,2500,MHz
naive,1:98,sample_elapsed,15281,ms
naive,1:98,sample_power,0.328,W
naive,1:98,sample_process_cpu,459.302,% one core
naive,1:98,sample_free_ram,1.394,GiB
naive,1:98,sample_battery_temp,35.000,C
naive,1:98,sample_thermal_status,1,Android PowerManager status
naive,1:98,sample_cpu0_freq,2000,MHz
naive,1:98,sample_cpu1_freq,2000,MHz
naive,1:98,sample_cpu2_freq,2000,MHz
naive,1:98,sample_cpu3_freq,2000,MHz
naive,1:98,sample_cpu4_freq,2500,MHz
naive,1:98,sample_cpu5_freq,2500,MHz
naive,1:98,sample_cpu6_freq,2500,MHz
naive,1:98,sample_cpu7_freq,2500,MHz
naive,1:99,sample_elapsed,15436,ms
naive,1:99,sample_power,0.328,W
naive,1:99,sample_process_cpu,469.032,% one core
naive,1:99,sample_free_ram,1.393,GiB
naive,1:99,sample_battery_temp,35.000,C
naive,1:99,sample_thermal_status,1,Android PowerManager status
naive,1:99,sample_cpu0_freq,2000,MHz
naive,1:99,sample_cpu1_freq,2000,MHz
naive,1:99,sample_cpu2_freq,2000,MHz
naive,1:99,sample_cpu3_freq,2000,MHz
naive,1:99,sample_cpu4_freq,2500,MHz
naive,1:99,sample_cpu5_freq,2500,MHz
naive,1:99,sample_cpu6_freq,2500,MHz
naive,1:99,sample_cpu7_freq,2500,MHz
naive,1:100,sample_elapsed,15592,ms
naive,1:100,sample_power,0.328,W
naive,1:100,sample_process_cpu,464.103,% one core
naive,1:100,sample_free_ram,1.392,GiB
naive,1:100,sample_battery_temp,35.000,C
naive,1:100,sample_thermal_status,1,Android PowerManager status
naive,1:100,sample_cpu0_freq,2000,MHz
naive,1:100,sample_cpu1_freq,2000,MHz
naive,1:100,sample_cpu2_freq,2000,MHz
naive,1:100,sample_cpu3_freq,2000,MHz
naive,1:100,sample_cpu4_freq,2500,MHz
naive,1:100,sample_cpu5_freq,2500,MHz
naive,1:100,sample_cpu6_freq,2500,MHz
naive,1:100,sample_cpu7_freq,2500,MHz
naive,1:101,sample_elapsed,15746,ms
naive,1:101,sample_power,0.618,W
naive,1:101,sample_process_cpu,460.390,% one core
naive,1:101,sample_free_ram,1.389,GiB
naive,1:101,sample_battery_temp,35.000,C
naive,1:101,sample_thermal_status,1,Android PowerManager status
naive,1:101,sample_cpu0_freq,2000,MHz
naive,1:101,sample_cpu1_freq,2000,MHz
naive,1:101,sample_cpu2_freq,2000,MHz
naive,1:101,sample_cpu3_freq,2000,MHz
naive,1:101,sample_cpu4_freq,2500,MHz
naive,1:101,sample_cpu5_freq,2500,MHz
naive,1:101,sample_cpu6_freq,2500,MHz
naive,1:101,sample_cpu7_freq,2500,MHz
naive,1:102,sample_elapsed,15904,ms
naive,1:102,sample_power,0.618,W
naive,1:102,sample_process_cpu,462.025,% one core
naive,1:102,sample_free_ram,1.388,GiB
naive,1:102,sample_battery_temp,35.000,C
naive,1:102,sample_thermal_status,1,Android PowerManager status
naive,1:102,sample_cpu0_freq,2000,MHz
naive,1:102,sample_cpu1_freq,2000,MHz
naive,1:102,sample_cpu2_freq,2000,MHz
naive,1:102,sample_cpu3_freq,2000,MHz
naive,1:102,sample_cpu4_freq,2500,MHz
naive,1:102,sample_cpu5_freq,2500,MHz
naive,1:102,sample_cpu6_freq,2500,MHz
naive,1:102,sample_cpu7_freq,2500,MHz
naive,1:103,sample_elapsed,16059,ms
naive,1:103,sample_power,0.618,W
naive,1:103,sample_process_cpu,441.935,% one core
naive,1:103,sample_free_ram,1.389,GiB
naive,1:103,sample_battery_temp,35.000,C
naive,1:103,sample_thermal_status,1,Android PowerManager status
naive,1:103,sample_cpu0_freq,2000,MHz
naive,1:103,sample_cpu1_freq,2000,MHz
naive,1:103,sample_cpu2_freq,2000,MHz
naive,1:103,sample_cpu3_freq,2000,MHz
naive,1:103,sample_cpu4_freq,2500,MHz
naive,1:103,sample_cpu5_freq,2500,MHz
naive,1:103,sample_cpu6_freq,2500,MHz
naive,1:103,sample_cpu7_freq,2500,MHz
naive,1:104,sample_elapsed,16215,ms
naive,1:104,sample_power,0.359,W
naive,1:104,sample_process_cpu,467.949,% one core
naive,1:104,sample_free_ram,1.388,GiB
naive,1:104,sample_battery_temp,35.000,C
naive,1:104,sample_thermal_status,1,Android PowerManager status
naive,1:104,sample_cpu0_freq,2000,MHz
naive,1:104,sample_cpu1_freq,2000,MHz
naive,1:104,sample_cpu2_freq,2000,MHz
naive,1:104,sample_cpu3_freq,2000,MHz
naive,1:104,sample_cpu4_freq,2500,MHz
naive,1:104,sample_cpu5_freq,2500,MHz
naive,1:104,sample_cpu6_freq,2500,MHz
naive,1:104,sample_cpu7_freq,2500,MHz
naive,1:105,sample_elapsed,16371,ms
naive,1:105,sample_power,0.359,W
naive,1:105,sample_process_cpu,463.462,% one core
naive,1:105,sample_free_ram,1.386,GiB
naive,1:105,sample_battery_temp,35.000,C
naive,1:105,sample_thermal_status,1,Android PowerManager status
naive,1:105,sample_cpu0_freq,2000,MHz
naive,1:105,sample_cpu1_freq,2000,MHz
naive,1:105,sample_cpu2_freq,2000,MHz
naive,1:105,sample_cpu3_freq,2000,MHz
naive,1:105,sample_cpu4_freq,2500,MHz
naive,1:105,sample_cpu5_freq,2500,MHz
naive,1:105,sample_cpu6_freq,2500,MHz
naive,1:105,sample_cpu7_freq,2500,MHz
naive,1:106,sample_elapsed,16526,ms
naive,1:106,sample_power,0.359,W
naive,1:106,sample_process_cpu,463.226,% one core
naive,1:106,sample_free_ram,1.385,GiB
naive,1:106,sample_battery_temp,35.000,C
naive,1:106,sample_thermal_status,1,Android PowerManager status
naive,1:106,sample_cpu0_freq,2000,MHz
naive,1:106,sample_cpu1_freq,2000,MHz
naive,1:106,sample_cpu2_freq,2000,MHz
naive,1:106,sample_cpu3_freq,2000,MHz
naive,1:106,sample_cpu4_freq,2500,MHz
naive,1:106,sample_cpu5_freq,2500,MHz
naive,1:106,sample_cpu6_freq,2500,MHz
naive,1:106,sample_cpu7_freq,2500,MHz
naive,1:107,sample_elapsed,16681,ms
naive,1:107,sample_power,0.359,W
naive,1:107,sample_process_cpu,462.581,% one core
naive,1:107,sample_free_ram,1.385,GiB
naive,1:107,sample_battery_temp,35.000,C
naive,1:107,sample_thermal_status,1,Android PowerManager status
naive,1:107,sample_cpu0_freq,1300,MHz
naive,1:107,sample_cpu1_freq,1300,MHz
naive,1:107,sample_cpu2_freq,2000,MHz
naive,1:107,sample_cpu3_freq,2000,MHz
naive,1:107,sample_cpu4_freq,2500,MHz
naive,1:107,sample_cpu5_freq,2500,MHz
naive,1:107,sample_cpu6_freq,2500,MHz
naive,1:107,sample_cpu7_freq,2500,MHz
naive,1:108,sample_elapsed,16835,ms
naive,1:108,sample_power,0.175,W
naive,1:108,sample_process_cpu,504.545,% one core
naive,1:108,sample_free_ram,1.391,GiB
naive,1:108,sample_battery_temp,35.000,C
naive,1:108,sample_thermal_status,1,Android PowerManager status
naive,1:108,sample_cpu0_freq,2000,MHz
naive,1:108,sample_cpu1_freq,1400,MHz
naive,1:108,sample_cpu2_freq,1300,MHz
naive,1:108,sample_cpu3_freq,900,MHz
naive,1:108,sample_cpu4_freq,2500,MHz
naive,1:108,sample_cpu5_freq,2500,MHz
naive,1:108,sample_cpu6_freq,2500,MHz
naive,1:108,sample_cpu7_freq,2500,MHz
naive,1:109,sample_elapsed,16990,ms
naive,1:109,sample_power,0.175,W
naive,1:109,sample_process_cpu,461.290,% one core
naive,1:109,sample_free_ram,1.393,GiB
naive,1:109,sample_battery_temp,35.000,C
naive,1:109,sample_thermal_status,1,Android PowerManager status
naive,1:109,sample_cpu0_freq,2000,MHz
naive,1:109,sample_cpu1_freq,2000,MHz
naive,1:109,sample_cpu2_freq,2000,MHz
naive,1:109,sample_cpu3_freq,2000,MHz
naive,1:109,sample_cpu4_freq,2500,MHz
naive,1:109,sample_cpu5_freq,2500,MHz
naive,1:109,sample_cpu6_freq,2500,MHz
naive,1:109,sample_cpu7_freq,2500,MHz
naive,1:110,sample_elapsed,17144,ms
naive,1:110,sample_power,0.175,W
naive,1:110,sample_process_cpu,455.195,% one core
naive,1:110,sample_free_ram,1.393,GiB
naive,1:110,sample_battery_temp,35.000,C
naive,1:110,sample_thermal_status,1,Android PowerManager status
naive,1:110,sample_cpu0_freq,2000,MHz
naive,1:110,sample_cpu1_freq,2000,MHz
naive,1:110,sample_cpu2_freq,2000,MHz
naive,1:110,sample_cpu3_freq,2000,MHz
naive,1:110,sample_cpu4_freq,2500,MHz
naive,1:110,sample_cpu5_freq,2500,MHz
naive,1:110,sample_cpu6_freq,2500,MHz
naive,1:110,sample_cpu7_freq,2500,MHz
naive,1:111,sample_elapsed,17300,ms
naive,1:111,sample_power,0.328,W
naive,1:111,sample_process_cpu,473.077,% one core
naive,1:111,sample_free_ram,1.411,GiB
naive,1:111,sample_battery_temp,35.000,C
naive,1:111,sample_thermal_status,1,Android PowerManager status
naive,1:111,sample_cpu0_freq,2000,MHz
naive,1:111,sample_cpu1_freq,2000,MHz
naive,1:111,sample_cpu2_freq,2000,MHz
naive,1:111,sample_cpu3_freq,2000,MHz
naive,1:111,sample_cpu4_freq,2500,MHz
naive,1:111,sample_cpu5_freq,2500,MHz
naive,1:111,sample_cpu6_freq,2500,MHz
naive,1:111,sample_cpu7_freq,2500,MHz
naive,1:112,sample_elapsed,17456,ms
naive,1:112,sample_power,0.328,W
naive,1:112,sample_process_cpu,475.641,% one core
naive,1:112,sample_free_ram,1.410,GiB
naive,1:112,sample_battery_temp,35.000,C
naive,1:112,sample_thermal_status,1,Android PowerManager status
naive,1:112,sample_cpu0_freq,2000,MHz
naive,1:112,sample_cpu1_freq,2000,MHz
naive,1:112,sample_cpu2_freq,2000,MHz
naive,1:112,sample_cpu3_freq,2000,MHz
naive,1:112,sample_cpu4_freq,2500,MHz
naive,1:112,sample_cpu5_freq,2500,MHz
naive,1:112,sample_cpu6_freq,2500,MHz
naive,1:112,sample_cpu7_freq,2500,MHz
naive,1:113,sample_elapsed,17612,ms
naive,1:113,sample_power,0.328,W
naive,1:113,sample_process_cpu,467.949,% one core
naive,1:113,sample_free_ram,1.415,GiB
naive,1:113,sample_battery_temp,35.000,C
naive,1:113,sample_thermal_status,1,Android PowerManager status
naive,1:113,sample_cpu0_freq,2000,MHz
naive,1:113,sample_cpu1_freq,2000,MHz
naive,1:113,sample_cpu2_freq,2000,MHz
naive,1:113,sample_cpu3_freq,2000,MHz
naive,1:113,sample_cpu4_freq,2500,MHz
naive,1:113,sample_cpu5_freq,2500,MHz
naive,1:113,sample_cpu6_freq,2500,MHz
naive,1:113,sample_cpu7_freq,2500,MHz
naive,1:114,sample_elapsed,17767,ms
naive,1:114,sample_power,0.328,W
naive,1:114,sample_process_cpu,471.613,% one core
naive,1:114,sample_free_ram,1.420,GiB
naive,1:114,sample_battery_temp,35.000,C
naive,1:114,sample_thermal_status,1,Android PowerManager status
naive,1:114,sample_cpu0_freq,2000,MHz
naive,1:114,sample_cpu1_freq,2000,MHz
naive,1:114,sample_cpu2_freq,2000,MHz
naive,1:114,sample_cpu3_freq,2000,MHz
naive,1:114,sample_cpu4_freq,2500,MHz
naive,1:114,sample_cpu5_freq,2500,MHz
naive,1:114,sample_cpu6_freq,2500,MHz
naive,1:114,sample_cpu7_freq,2500,MHz
naive,1:115,sample_elapsed,17938,ms
naive,1:115,sample_power,0.237,W
naive,1:115,sample_process_cpu,463.158,% one core
naive,1:115,sample_free_ram,1.424,GiB
naive,1:115,sample_battery_temp,35.000,C
naive,1:115,sample_thermal_status,1,Android PowerManager status
naive,1:115,sample_cpu0_freq,2000,MHz
naive,1:115,sample_cpu1_freq,2000,MHz
naive,1:115,sample_cpu2_freq,2000,MHz
naive,1:115,sample_cpu3_freq,2000,MHz
naive,1:115,sample_cpu4_freq,2500,MHz
naive,1:115,sample_cpu5_freq,2500,MHz
naive,1:115,sample_cpu6_freq,2500,MHz
naive,1:115,sample_cpu7_freq,2500,MHz
naive,1:116,sample_elapsed,18092,ms
naive,1:116,sample_power,0.237,W
naive,1:116,sample_process_cpu,444.156,% one core
naive,1:116,sample_free_ram,1.423,GiB
naive,1:116,sample_battery_temp,35.000,C
naive,1:116,sample_thermal_status,1,Android PowerManager status
naive,1:116,sample_cpu0_freq,2000,MHz
naive,1:116,sample_cpu1_freq,2000,MHz
naive,1:116,sample_cpu2_freq,2000,MHz
naive,1:116,sample_cpu3_freq,2000,MHz
naive,1:116,sample_cpu4_freq,2500,MHz
naive,1:116,sample_cpu5_freq,2500,MHz
naive,1:116,sample_cpu6_freq,2500,MHz
naive,1:116,sample_cpu7_freq,2500,MHz
naive,1:117,sample_elapsed,18247,ms
naive,1:117,sample_power,0.237,W
naive,1:117,sample_process_cpu,470.968,% one core
naive,1:117,sample_free_ram,1.429,GiB
naive,1:117,sample_battery_temp,35.000,C
naive,1:117,sample_thermal_status,1,Android PowerManager status
naive,1:117,sample_cpu0_freq,2000,MHz
naive,1:117,sample_cpu1_freq,2000,MHz
naive,1:117,sample_cpu2_freq,2000,MHz
naive,1:117,sample_cpu3_freq,2000,MHz
naive,1:117,sample_cpu4_freq,2500,MHz
naive,1:117,sample_cpu5_freq,2500,MHz
naive,1:117,sample_cpu6_freq,2500,MHz
naive,1:117,sample_cpu7_freq,2500,MHz
naive,1:118,sample_elapsed,18406,ms
naive,1:118,sample_power,0.420,W
naive,1:118,sample_process_cpu,467.925,% one core
naive,1:118,sample_free_ram,1.428,GiB
naive,1:118,sample_battery_temp,35.000,C
naive,1:118,sample_thermal_status,1,Android PowerManager status
naive,1:118,sample_cpu0_freq,2000,MHz
naive,1:118,sample_cpu1_freq,2000,MHz
naive,1:118,sample_cpu2_freq,2000,MHz
naive,1:118,sample_cpu3_freq,2000,MHz
naive,1:118,sample_cpu4_freq,2500,MHz
naive,1:118,sample_cpu5_freq,2500,MHz
naive,1:118,sample_cpu6_freq,2500,MHz
naive,1:118,sample_cpu7_freq,2500,MHz
naive,1:119,sample_elapsed,18561,ms
naive,1:119,sample_power,0.420,W
naive,1:119,sample_process_cpu,461.290,% one core
naive,1:119,sample_free_ram,1.427,GiB
naive,1:119,sample_battery_temp,35.000,C
naive,1:119,sample_thermal_status,1,Android PowerManager status
naive,1:119,sample_cpu0_freq,2000,MHz
naive,1:119,sample_cpu1_freq,1400,MHz
naive,1:119,sample_cpu2_freq,450,MHz
naive,1:119,sample_cpu3_freq,450,MHz
naive,1:119,sample_cpu4_freq,2500,MHz
naive,1:119,sample_cpu5_freq,2500,MHz
naive,1:119,sample_cpu6_freq,2500,MHz
naive,1:119,sample_cpu7_freq,2500,MHz
naive,1:120,sample_elapsed,18715,ms
naive,1:120,sample_power,0.420,W
naive,1:120,sample_process_cpu,462.987,% one core
naive,1:120,sample_free_ram,1.426,GiB
naive,1:120,sample_battery_temp,35.000,C
naive,1:120,sample_thermal_status,1,Android PowerManager status
naive,1:120,sample_cpu0_freq,2000,MHz
naive,1:120,sample_cpu1_freq,2000,MHz
naive,1:120,sample_cpu2_freq,2000,MHz
naive,1:120,sample_cpu3_freq,2000,MHz
naive,1:120,sample_cpu4_freq,2500,MHz
naive,1:120,sample_cpu5_freq,2500,MHz
naive,1:120,sample_cpu6_freq,2500,MHz
naive,1:120,sample_cpu7_freq,2500,MHz
naive,1:121,sample_elapsed,18876,ms
naive,1:121,sample_power,0.420,W
naive,1:121,sample_process_cpu,462.112,% one core
naive,1:121,sample_free_ram,1.424,GiB
naive,1:121,sample_battery_temp,35.000,C
naive,1:121,sample_thermal_status,1,Android PowerManager status
naive,1:121,sample_cpu0_freq,2000,MHz
naive,1:121,sample_cpu1_freq,2000,MHz
naive,1:121,sample_cpu2_freq,2000,MHz
naive,1:121,sample_cpu3_freq,2000,MHz
naive,1:121,sample_cpu4_freq,2500,MHz
naive,1:121,sample_cpu5_freq,2500,MHz
naive,1:121,sample_cpu6_freq,2500,MHz
naive,1:121,sample_cpu7_freq,2500,MHz
naive,1:122,sample_elapsed,19031,ms
naive,1:122,sample_power,0.487,W
naive,1:122,sample_process_cpu,463.226,% one core
naive,1:122,sample_free_ram,1.424,GiB
naive,1:122,sample_battery_temp,35.000,C
naive,1:122,sample_thermal_status,1,Android PowerManager status
naive,1:122,sample_cpu0_freq,2000,MHz
naive,1:122,sample_cpu1_freq,2000,MHz
naive,1:122,sample_cpu2_freq,2000,MHz
naive,1:122,sample_cpu3_freq,2000,MHz
naive,1:122,sample_cpu4_freq,2500,MHz
naive,1:122,sample_cpu5_freq,2500,MHz
naive,1:122,sample_cpu6_freq,2500,MHz
naive,1:122,sample_cpu7_freq,2500,MHz
naive,1:123,sample_elapsed,19187,ms
naive,1:123,sample_power,0.487,W
naive,1:123,sample_process_cpu,458.333,% one core
naive,1:123,sample_free_ram,1.423,GiB
naive,1:123,sample_battery_temp,35.000,C
naive,1:123,sample_thermal_status,1,Android PowerManager status
naive,1:123,sample_cpu0_freq,2000,MHz
naive,1:123,sample_cpu1_freq,2000,MHz
naive,1:123,sample_cpu2_freq,2000,MHz
naive,1:123,sample_cpu3_freq,2000,MHz
naive,1:123,sample_cpu4_freq,2500,MHz
naive,1:123,sample_cpu5_freq,2500,MHz
naive,1:123,sample_cpu6_freq,2500,MHz
naive,1:123,sample_cpu7_freq,2500,MHz
naive,1:124,sample_elapsed,19340,ms
naive,1:124,sample_power,0.487,W
naive,1:124,sample_process_cpu,460.784,% one core
naive,1:124,sample_free_ram,1.421,GiB
naive,1:124,sample_battery_temp,35.000,C
naive,1:124,sample_thermal_status,1,Android PowerManager status
naive,1:124,sample_cpu0_freq,2000,MHz
naive,1:124,sample_cpu1_freq,1900,MHz
naive,1:124,sample_cpu2_freq,1900,MHz
naive,1:124,sample_cpu3_freq,1900,MHz
naive,1:124,sample_cpu4_freq,2500,MHz
naive,1:124,sample_cpu5_freq,2500,MHz
naive,1:124,sample_cpu6_freq,2500,MHz
naive,1:124,sample_cpu7_freq,2500,MHz
naive,1:125,sample_elapsed,19493,ms
naive,1:125,sample_power,0.702,W
naive,1:125,sample_process_cpu,461.438,% one core
naive,1:125,sample_free_ram,1.420,GiB
naive,1:125,sample_battery_temp,35.000,C
naive,1:125,sample_thermal_status,1,Android PowerManager status
naive,1:125,sample_cpu0_freq,2000,MHz
naive,1:125,sample_cpu1_freq,2000,MHz
naive,1:125,sample_cpu2_freq,2000,MHz
naive,1:125,sample_cpu3_freq,2000,MHz
naive,1:125,sample_cpu4_freq,2500,MHz
naive,1:125,sample_cpu5_freq,2500,MHz
naive,1:125,sample_cpu6_freq,2500,MHz
naive,1:125,sample_cpu7_freq,2500,MHz
naive,1:126,sample_elapsed,19649,ms
naive,1:126,sample_power,0.702,W
naive,1:126,sample_process_cpu,458.333,% one core
naive,1:126,sample_free_ram,1.419,GiB
naive,1:126,sample_battery_temp,35.000,C
naive,1:126,sample_thermal_status,1,Android PowerManager status
naive,1:126,sample_cpu0_freq,2000,MHz
naive,1:126,sample_cpu1_freq,2000,MHz
naive,1:126,sample_cpu2_freq,2000,MHz
naive,1:126,sample_cpu3_freq,2000,MHz
naive,1:126,sample_cpu4_freq,2500,MHz
naive,1:126,sample_cpu5_freq,2500,MHz
naive,1:126,sample_cpu6_freq,2500,MHz
naive,1:126,sample_cpu7_freq,2500,MHz
naive,1:127,sample_elapsed,19802,ms
naive,1:127,sample_power,0.702,W
naive,1:127,sample_process_cpu,464.052,% one core
naive,1:127,sample_free_ram,1.414,GiB
naive,1:127,sample_battery_temp,35.000,C
naive,1:127,sample_thermal_status,1,Android PowerManager status
naive,1:127,sample_cpu0_freq,2000,MHz
naive,1:127,sample_cpu1_freq,2000,MHz
naive,1:127,sample_cpu2_freq,2000,MHz
naive,1:127,sample_cpu3_freq,2000,MHz
naive,1:127,sample_cpu4_freq,2500,MHz
naive,1:127,sample_cpu5_freq,2500,MHz
naive,1:127,sample_cpu6_freq,2500,MHz
naive,1:127,sample_cpu7_freq,2500,MHz
naive,1:128,sample_elapsed,19956,ms
naive,1:128,sample_power,0.702,W
naive,1:128,sample_process_cpu,464.286,% one core
naive,1:128,sample_free_ram,1.411,GiB
naive,1:128,sample_battery_temp,35.000,C
naive,1:128,sample_thermal_status,1,Android PowerManager status
naive,1:128,sample_cpu0_freq,2000,MHz
naive,1:128,sample_cpu1_freq,2000,MHz
naive,1:128,sample_cpu2_freq,2000,MHz
naive,1:128,sample_cpu3_freq,2000,MHz
naive,1:128,sample_cpu4_freq,2500,MHz
naive,1:128,sample_cpu5_freq,2500,MHz
naive,1:128,sample_cpu6_freq,2500,MHz
naive,1:128,sample_cpu7_freq,2500,MHz
naive,1:129,sample_elapsed,20119,ms
naive,1:129,sample_power,0.695,W
naive,1:129,sample_process_cpu,453.988,% one core
naive,1:129,sample_free_ram,1.410,GiB
naive,1:129,sample_battery_temp,35.000,C
naive,1:129,sample_thermal_status,1,Android PowerManager status
naive,1:129,sample_cpu0_freq,2000,MHz
naive,1:129,sample_cpu1_freq,2000,MHz
naive,1:129,sample_cpu2_freq,2000,MHz
naive,1:129,sample_cpu3_freq,2000,MHz
naive,1:129,sample_cpu4_freq,2500,MHz
naive,1:129,sample_cpu5_freq,2500,MHz
naive,1:129,sample_cpu6_freq,2500,MHz
naive,1:129,sample_cpu7_freq,2500,MHz
naive,1:130,sample_elapsed,20272,ms
naive,1:130,sample_power,0.695,W
naive,1:130,sample_process_cpu,452.941,% one core
naive,1:130,sample_free_ram,1.406,GiB
naive,1:130,sample_battery_temp,35.000,C
naive,1:130,sample_thermal_status,1,Android PowerManager status
naive,1:130,sample_cpu0_freq,2000,MHz
naive,1:130,sample_cpu1_freq,2000,MHz
naive,1:130,sample_cpu2_freq,2000,MHz
naive,1:130,sample_cpu3_freq,2000,MHz
naive,1:130,sample_cpu4_freq,2500,MHz
naive,1:130,sample_cpu5_freq,2500,MHz
naive,1:130,sample_cpu6_freq,2500,MHz
naive,1:130,sample_cpu7_freq,2500,MHz
naive,1:131,sample_elapsed,20426,ms
naive,1:131,sample_power,0.695,W
naive,1:131,sample_process_cpu,463.636,% one core
naive,1:131,sample_free_ram,1.403,GiB
naive,1:131,sample_battery_temp,35.000,C
naive,1:131,sample_thermal_status,1,Android PowerManager status
naive,1:131,sample_cpu0_freq,2000,MHz
naive,1:131,sample_cpu1_freq,2000,MHz
naive,1:131,sample_cpu2_freq,2000,MHz
naive,1:131,sample_cpu3_freq,2000,MHz
naive,1:131,sample_cpu4_freq,2500,MHz
naive,1:131,sample_cpu5_freq,2500,MHz
naive,1:131,sample_cpu6_freq,2500,MHz
naive,1:131,sample_cpu7_freq,2500,MHz
naive,1:132,sample_elapsed,20581,ms
naive,1:132,sample_power,0.216,W
naive,1:132,sample_process_cpu,462.581,% one core
naive,1:132,sample_free_ram,1.400,GiB
naive,1:132,sample_battery_temp,35.000,C
naive,1:132,sample_thermal_status,1,Android PowerManager status
naive,1:132,sample_cpu0_freq,2000,MHz
naive,1:132,sample_cpu1_freq,2000,MHz
naive,1:132,sample_cpu2_freq,2000,MHz
naive,1:132,sample_cpu3_freq,2000,MHz
naive,1:132,sample_cpu4_freq,2500,MHz
naive,1:132,sample_cpu5_freq,2500,MHz
naive,1:132,sample_cpu6_freq,2500,MHz
naive,1:132,sample_cpu7_freq,2500,MHz
naive,1:133,sample_elapsed,20740,ms
naive,1:133,sample_power,0.216,W
naive,1:133,sample_process_cpu,451.572,% one core
naive,1:133,sample_free_ram,1.394,GiB
naive,1:133,sample_battery_temp,35.000,C
naive,1:133,sample_thermal_status,1,Android PowerManager status
naive,1:133,sample_cpu0_freq,2000,MHz
naive,1:133,sample_cpu1_freq,2000,MHz
naive,1:133,sample_cpu2_freq,2000,MHz
naive,1:133,sample_cpu3_freq,2000,MHz
naive,1:133,sample_cpu4_freq,2500,MHz
naive,1:133,sample_cpu5_freq,2500,MHz
naive,1:133,sample_cpu6_freq,2500,MHz
naive,1:133,sample_cpu7_freq,2500,MHz
naive,1:134,sample_elapsed,20896,ms
naive,1:134,sample_power,0.216,W
naive,1:134,sample_process_cpu,444.872,% one core
naive,1:134,sample_free_ram,1.370,GiB
naive,1:134,sample_battery_temp,35.000,C
naive,1:134,sample_thermal_status,1,Android PowerManager status
naive,1:134,sample_cpu0_freq,2000,MHz
naive,1:134,sample_cpu1_freq,2000,MHz
naive,1:134,sample_cpu2_freq,2000,MHz
naive,1:134,sample_cpu3_freq,2000,MHz
naive,1:134,sample_cpu4_freq,2500,MHz
naive,1:134,sample_cpu5_freq,2500,MHz
naive,1:134,sample_cpu6_freq,2500,MHz
naive,1:134,sample_cpu7_freq,2500,MHz
naive,1:135,sample_elapsed,21051,ms
naive,1:135,sample_power,0.216,W
naive,1:135,sample_process_cpu,464.516,% one core
naive,1:135,sample_free_ram,1.370,GiB
naive,1:135,sample_battery_temp,35.000,C
naive,1:135,sample_thermal_status,1,Android PowerManager status
naive,1:135,sample_cpu0_freq,2000,MHz
naive,1:135,sample_cpu1_freq,2000,MHz
naive,1:135,sample_cpu2_freq,2000,MHz
naive,1:135,sample_cpu3_freq,2000,MHz
naive,1:135,sample_cpu4_freq,2500,MHz
naive,1:135,sample_cpu5_freq,2500,MHz
naive,1:135,sample_cpu6_freq,2500,MHz
naive,1:135,sample_cpu7_freq,2500,MHz
naive,1:136,sample_elapsed,21207,ms
naive,1:136,sample_power,0.410,W
naive,1:136,sample_process_cpu,457.692,% one core
naive,1:136,sample_free_ram,1.366,GiB
naive,1:136,sample_battery_temp,35.000,C
naive,1:136,sample_thermal_status,1,Android PowerManager status
naive,1:136,sample_cpu0_freq,2000,MHz
naive,1:136,sample_cpu1_freq,2000,MHz
naive,1:136,sample_cpu2_freq,2000,MHz
naive,1:136,sample_cpu3_freq,2000,MHz
naive,1:136,sample_cpu4_freq,2500,MHz
naive,1:136,sample_cpu5_freq,2500,MHz
naive,1:136,sample_cpu6_freq,2500,MHz
naive,1:136,sample_cpu7_freq,2500,MHz
naive,1:137,sample_elapsed,21366,ms
naive,1:137,sample_power,0.410,W
naive,1:137,sample_process_cpu,451.572,% one core
naive,1:137,sample_free_ram,1.360,GiB
naive,1:137,sample_battery_temp,35.000,C
naive,1:137,sample_thermal_status,1,Android PowerManager status
naive,1:137,sample_cpu0_freq,2000,MHz
naive,1:137,sample_cpu1_freq,2000,MHz
naive,1:137,sample_cpu2_freq,2000,MHz
naive,1:137,sample_cpu3_freq,2000,MHz
naive,1:137,sample_cpu4_freq,2500,MHz
naive,1:137,sample_cpu5_freq,2500,MHz
naive,1:137,sample_cpu6_freq,2500,MHz
naive,1:137,sample_cpu7_freq,2500,MHz
naive,1:138,sample_elapsed,21520,ms
naive,1:138,sample_power,0.410,W
naive,1:138,sample_process_cpu,451.299,% one core
naive,1:138,sample_free_ram,1.356,GiB
naive,1:138,sample_battery_temp,35.000,C
naive,1:138,sample_thermal_status,1,Android PowerManager status
naive,1:138,sample_cpu0_freq,2000,MHz
naive,1:138,sample_cpu1_freq,2000,MHz
naive,1:138,sample_cpu2_freq,2000,MHz
naive,1:138,sample_cpu3_freq,2000,MHz
naive,1:138,sample_cpu4_freq,2500,MHz
naive,1:138,sample_cpu5_freq,2500,MHz
naive,1:138,sample_cpu6_freq,2500,MHz
naive,1:138,sample_cpu7_freq,2500,MHz
naive,1:139,sample_elapsed,21674,ms
naive,1:139,sample_power,1.019,W
naive,1:139,sample_process_cpu,462.987,% one core
naive,1:139,sample_free_ram,1.351,GiB
naive,1:139,sample_battery_temp,35.000,C
naive,1:139,sample_thermal_status,1,Android PowerManager status
naive,1:139,sample_cpu0_freq,2000,MHz
naive,1:139,sample_cpu1_freq,2000,MHz
naive,1:139,sample_cpu2_freq,2000,MHz
naive,1:139,sample_cpu3_freq,2000,MHz
naive,1:139,sample_cpu4_freq,2500,MHz
naive,1:139,sample_cpu5_freq,2500,MHz
naive,1:139,sample_cpu6_freq,2500,MHz
naive,1:139,sample_cpu7_freq,2500,MHz
naive,1:140,sample_elapsed,21829,ms
naive,1:140,sample_power,1.019,W
naive,1:140,sample_process_cpu,463.871,% one core
naive,1:140,sample_free_ram,1.343,GiB
naive,1:140,sample_battery_temp,35.000,C
naive,1:140,sample_thermal_status,1,Android PowerManager status
naive,1:140,sample_cpu0_freq,2000,MHz
naive,1:140,sample_cpu1_freq,2000,MHz
naive,1:140,sample_cpu2_freq,2000,MHz
naive,1:140,sample_cpu3_freq,2000,MHz
naive,1:140,sample_cpu4_freq,2500,MHz
naive,1:140,sample_cpu5_freq,2500,MHz
naive,1:140,sample_cpu6_freq,2500,MHz
naive,1:140,sample_cpu7_freq,2500,MHz
naive,1:141,sample_elapsed,21984,ms
naive,1:141,sample_power,1.019,W
naive,1:141,sample_process_cpu,457.419,% one core
naive,1:141,sample_free_ram,1.339,GiB
naive,1:141,sample_battery_temp,35.000,C
naive,1:141,sample_thermal_status,1,Android PowerManager status
naive,1:141,sample_cpu0_freq,2000,MHz
naive,1:141,sample_cpu1_freq,2000,MHz
naive,1:141,sample_cpu2_freq,2000,MHz
naive,1:141,sample_cpu3_freq,2000,MHz
naive,1:141,sample_cpu4_freq,2500,MHz
naive,1:141,sample_cpu5_freq,2500,MHz
naive,1:141,sample_cpu6_freq,2500,MHz
naive,1:141,sample_cpu7_freq,2500,MHz
naive,1:142,sample_elapsed,22139,ms
naive,1:142,sample_power,1.019,W
naive,1:142,sample_process_cpu,461.935,% one core
naive,1:142,sample_free_ram,1.338,GiB
naive,1:142,sample_battery_temp,35.000,C
naive,1:142,sample_thermal_status,1,Android PowerManager status
naive,1:142,sample_cpu0_freq,2000,MHz
naive,1:142,sample_cpu1_freq,2000,MHz
naive,1:142,sample_cpu2_freq,2000,MHz
naive,1:142,sample_cpu3_freq,2000,MHz
naive,1:142,sample_cpu4_freq,2500,MHz
naive,1:142,sample_cpu5_freq,2500,MHz
naive,1:142,sample_cpu6_freq,2500,MHz
naive,1:142,sample_cpu7_freq,2500,MHz
naive,1:143,sample_elapsed,22295,ms
naive,1:143,sample_power,0.072,W
naive,1:143,sample_process_cpu,464.744,% one core
naive,1:143,sample_free_ram,1.335,GiB
naive,1:143,sample_battery_temp,35.000,C
naive,1:143,sample_thermal_status,1,Android PowerManager status
naive,1:143,sample_cpu0_freq,2000,MHz
naive,1:143,sample_cpu1_freq,2000,MHz
naive,1:143,sample_cpu2_freq,2000,MHz
naive,1:143,sample_cpu3_freq,2000,MHz
naive,1:143,sample_cpu4_freq,2500,MHz
naive,1:143,sample_cpu5_freq,2500,MHz
naive,1:143,sample_cpu6_freq,2500,MHz
naive,1:143,sample_cpu7_freq,2500,MHz
naive,1:144,sample_elapsed,22455,ms
naive,1:144,sample_power,0.072,W
naive,1:144,sample_process_cpu,464.375,% one core
naive,1:144,sample_free_ram,1.334,GiB
naive,1:144,sample_battery_temp,35.000,C
naive,1:144,sample_thermal_status,1,Android PowerManager status
naive,1:144,sample_cpu0_freq,2000,MHz
naive,1:144,sample_cpu1_freq,2000,MHz
naive,1:144,sample_cpu2_freq,2000,MHz
naive,1:144,sample_cpu3_freq,2000,MHz
naive,1:144,sample_cpu4_freq,2500,MHz
naive,1:144,sample_cpu5_freq,2500,MHz
naive,1:144,sample_cpu6_freq,2500,MHz
naive,1:144,sample_cpu7_freq,2500,MHz
naive,1:145,sample_elapsed,22611,ms
naive,1:145,sample_power,0.072,W
naive,1:145,sample_process_cpu,464.103,% one core
naive,1:145,sample_free_ram,1.333,GiB
naive,1:145,sample_battery_temp,35.000,C
naive,1:145,sample_thermal_status,1,Android PowerManager status
naive,1:145,sample_cpu0_freq,2000,MHz
naive,1:145,sample_cpu1_freq,2000,MHz
naive,1:145,sample_cpu2_freq,2000,MHz
naive,1:145,sample_cpu3_freq,2000,MHz
naive,1:145,sample_cpu4_freq,2500,MHz
naive,1:145,sample_cpu5_freq,2500,MHz
naive,1:145,sample_cpu6_freq,2500,MHz
naive,1:145,sample_cpu7_freq,2500,MHz
naive,1:146,sample_elapsed,22765,ms
naive,1:146,sample_power,0.057,W
naive,1:146,sample_process_cpu,466.883,% one core
naive,1:146,sample_free_ram,1.331,GiB
naive,1:146,sample_battery_temp,35.000,C
naive,1:146,sample_thermal_status,1,Android PowerManager status
naive,1:146,sample_cpu0_freq,1600,MHz
naive,1:146,sample_cpu1_freq,1600,MHz
naive,1:146,sample_cpu2_freq,600,MHz
naive,1:146,sample_cpu3_freq,2000,MHz
naive,1:146,sample_cpu4_freq,2500,MHz
naive,1:146,sample_cpu5_freq,2500,MHz
naive,1:146,sample_cpu6_freq,2500,MHz
naive,1:146,sample_cpu7_freq,2500,MHz
naive,1:147,sample_elapsed,22921,ms
naive,1:147,sample_power,0.057,W
naive,1:147,sample_process_cpu,456.410,% one core
naive,1:147,sample_free_ram,1.331,GiB
naive,1:147,sample_battery_temp,35.000,C
naive,1:147,sample_thermal_status,1,Android PowerManager status
naive,1:147,sample_cpu0_freq,2000,MHz
naive,1:147,sample_cpu1_freq,2000,MHz
naive,1:147,sample_cpu2_freq,2000,MHz
naive,1:147,sample_cpu3_freq,2000,MHz
naive,1:147,sample_cpu4_freq,2500,MHz
naive,1:147,sample_cpu5_freq,2500,MHz
naive,1:147,sample_cpu6_freq,2500,MHz
naive,1:147,sample_cpu7_freq,2500,MHz
naive,1:148,sample_elapsed,23075,ms
naive,1:148,sample_power,0.057,W
naive,1:148,sample_process_cpu,462.987,% one core
naive,1:148,sample_free_ram,1.331,GiB
naive,1:148,sample_battery_temp,35.000,C
naive,1:148,sample_thermal_status,1,Android PowerManager status
naive,1:148,sample_cpu0_freq,600,MHz
naive,1:148,sample_cpu1_freq,450,MHz
naive,1:148,sample_cpu2_freq,2000,MHz
naive,1:148,sample_cpu3_freq,2000,MHz
naive,1:148,sample_cpu4_freq,2500,MHz
naive,1:148,sample_cpu5_freq,2500,MHz
naive,1:148,sample_cpu6_freq,2500,MHz
naive,1:148,sample_cpu7_freq,2500,MHz
naive,1:149,sample_elapsed,23231,ms
naive,1:149,sample_power,0.057,W
naive,1:149,sample_process_cpu,463.462,% one core
naive,1:149,sample_free_ram,1.331,GiB
naive,1:149,sample_battery_temp,35.000,C
naive,1:149,sample_thermal_status,1,Android PowerManager status
naive,1:149,sample_cpu0_freq,700,MHz
naive,1:149,sample_cpu1_freq,700,MHz
naive,1:149,sample_cpu2_freq,700,MHz
naive,1:149,sample_cpu3_freq,700,MHz
naive,1:149,sample_cpu4_freq,2500,MHz
naive,1:149,sample_cpu5_freq,2500,MHz
naive,1:149,sample_cpu6_freq,2500,MHz
naive,1:149,sample_cpu7_freq,2500,MHz
naive,1:150,sample_elapsed,23391,ms
naive,1:150,sample_power,0.251,W
naive,1:150,sample_process_cpu,486.250,% one core
naive,1:150,sample_free_ram,1.331,GiB
naive,1:150,sample_battery_temp,35.000,C
naive,1:150,sample_thermal_status,1,Android PowerManager status
naive,1:150,sample_cpu0_freq,2000,MHz
naive,1:150,sample_cpu1_freq,700,MHz
naive,1:150,sample_cpu2_freq,900,MHz
naive,1:150,sample_cpu3_freq,900,MHz
naive,1:150,sample_cpu4_freq,2500,MHz
naive,1:150,sample_cpu5_freq,2500,MHz
naive,1:150,sample_cpu6_freq,2500,MHz
naive,1:150,sample_cpu7_freq,2500,MHz
naive,1:151,sample_elapsed,23547,ms
naive,1:151,sample_power,0.093,W
naive,1:151,sample_process_cpu,453.205,% one core
naive,1:151,sample_free_ram,1.331,GiB
naive,1:151,sample_battery_temp,35.000,C
naive,1:151,sample_thermal_status,1,Android PowerManager status
naive,1:151,sample_cpu0_freq,2000,MHz
naive,1:151,sample_cpu1_freq,2000,MHz
naive,1:151,sample_cpu2_freq,2000,MHz
naive,1:151,sample_cpu3_freq,2000,MHz
naive,1:151,sample_cpu4_freq,2500,MHz
naive,1:151,sample_cpu5_freq,2500,MHz
naive,1:151,sample_cpu6_freq,2500,MHz
naive,1:151,sample_cpu7_freq,2500,MHz
naive,2,pp,96.600,tok/s
naive,2,tg,7.210,tok/s
naive,2,power,1.451,W
naive,2,tok_per_w,4.969,tok/W
naive,2,ttft_pp512_derived,5438.903,ms
naive,2,start_temp,35.000,C
naive,2,average_process_cpu,467.535,% one core
naive,2,minimum_free_ram,1.259,GiB
naive,2,peak_battery_temp,35.000,C
naive,2,peak_thermal_status,1,Android PowerManager status
naive,2:1,sample_elapsed,1,ms
naive,2:1,sample_power,4.328,W
naive,2:1,sample_process_cpu,500.000,% one core
naive,2:1,sample_free_ram,1.390,GiB
naive,2:1,sample_battery_temp,35.000,C
naive,2:1,sample_thermal_status,1,Android PowerManager status
naive,2:1,sample_cpu0_freq,1300,MHz
naive,2:1,sample_cpu1_freq,1300,MHz
naive,2:1,sample_cpu2_freq,1300,MHz
naive,2:1,sample_cpu3_freq,1300,MHz
naive,2:1,sample_cpu4_freq,400,MHz
naive,2:1,sample_cpu5_freq,400,MHz
naive,2:1,sample_cpu6_freq,400,MHz
naive,2:1,sample_cpu7_freq,500,MHz
naive,2:2,sample_elapsed,164,ms
naive,2:2,sample_power,4.112,W
naive,2:2,sample_process_cpu,401.840,% one core
naive,2:2,sample_free_ram,1.348,GiB
naive,2:2,sample_battery_temp,35.000,C
naive,2:2,sample_thermal_status,1,Android PowerManager status
naive,2:2,sample_cpu0_freq,1900,MHz
naive,2:2,sample_cpu1_freq,1900,MHz
naive,2:2,sample_cpu2_freq,1900,MHz
naive,2:2,sample_cpu3_freq,1900,MHz
naive,2:2,sample_cpu4_freq,2500,MHz
naive,2:2,sample_cpu5_freq,2500,MHz
naive,2:2,sample_cpu6_freq,2500,MHz
naive,2:2,sample_cpu7_freq,2500,MHz
naive,2:3,sample_elapsed,319,ms
naive,2:3,sample_power,4.112,W
naive,2:3,sample_process_cpu,454.839,% one core
naive,2:3,sample_free_ram,1.319,GiB
naive,2:3,sample_battery_temp,35.000,C
naive,2:3,sample_thermal_status,1,Android PowerManager status
naive,2:3,sample_cpu0_freq,1900,MHz
naive,2:3,sample_cpu1_freq,1900,MHz
naive,2:3,sample_cpu2_freq,1900,MHz
naive,2:3,sample_cpu3_freq,1900,MHz
naive,2:3,sample_cpu4_freq,2500,MHz
naive,2:3,sample_cpu5_freq,2500,MHz
naive,2:3,sample_cpu6_freq,2500,MHz
naive,2:3,sample_cpu7_freq,2500,MHz
naive,2:4,sample_elapsed,473,ms
naive,2:4,sample_power,4.112,W
naive,2:4,sample_process_cpu,473.377,% one core
naive,2:4,sample_free_ram,1.319,GiB
naive,2:4,sample_battery_temp,35.000,C
naive,2:4,sample_thermal_status,1,Android PowerManager status
naive,2:4,sample_cpu0_freq,700,MHz
naive,2:4,sample_cpu1_freq,700,MHz
naive,2:4,sample_cpu2_freq,1100,MHz
naive,2:4,sample_cpu3_freq,1100,MHz
naive,2:4,sample_cpu4_freq,2500,MHz
naive,2:4,sample_cpu5_freq,2500,MHz
naive,2:4,sample_cpu6_freq,2500,MHz
naive,2:4,sample_cpu7_freq,2500,MHz
naive,2:5,sample_elapsed,628,ms
naive,2:5,sample_power,1.349,W
naive,2:5,sample_process_cpu,483.871,% one core
naive,2:5,sample_free_ram,1.319,GiB
naive,2:5,sample_battery_temp,35.000,C
naive,2:5,sample_thermal_status,1,Android PowerManager status
naive,2:5,sample_cpu0_freq,1400,MHz
naive,2:5,sample_cpu1_freq,1400,MHz
naive,2:5,sample_cpu2_freq,1400,MHz
naive,2:5,sample_cpu3_freq,1400,MHz
naive,2:5,sample_cpu4_freq,2500,MHz
naive,2:5,sample_cpu5_freq,2500,MHz
naive,2:5,sample_cpu6_freq,2500,MHz
naive,2:5,sample_cpu7_freq,2500,MHz
naive,2:6,sample_elapsed,789,ms
naive,2:6,sample_power,1.349,W
naive,2:6,sample_process_cpu,453.416,% one core
naive,2:6,sample_free_ram,1.319,GiB
naive,2:6,sample_battery_temp,35.000,C
naive,2:6,sample_thermal_status,1,Android PowerManager status
naive,2:6,sample_cpu0_freq,800,MHz
naive,2:6,sample_cpu1_freq,800,MHz
naive,2:6,sample_cpu2_freq,800,MHz
naive,2:6,sample_cpu3_freq,800,MHz
naive,2:6,sample_cpu4_freq,2500,MHz
naive,2:6,sample_cpu5_freq,2500,MHz
naive,2:6,sample_cpu6_freq,2500,MHz
naive,2:6,sample_cpu7_freq,2500,MHz
naive,2:7,sample_elapsed,943,ms
naive,2:7,sample_power,0.579,W
naive,2:7,sample_process_cpu,477.922,% one core
naive,2:7,sample_free_ram,1.318,GiB
naive,2:7,sample_battery_temp,35.000,C
naive,2:7,sample_thermal_status,1,Android PowerManager status
naive,2:7,sample_cpu0_freq,450,MHz
naive,2:7,sample_cpu1_freq,450,MHz
naive,2:7,sample_cpu2_freq,450,MHz
naive,2:7,sample_cpu3_freq,450,MHz
naive,2:7,sample_cpu4_freq,2500,MHz
naive,2:7,sample_cpu5_freq,2500,MHz
naive,2:7,sample_cpu6_freq,2500,MHz
naive,2:7,sample_cpu7_freq,2500,MHz
naive,2:8,sample_elapsed,1103,ms
naive,2:8,sample_power,0.579,W
naive,2:8,sample_process_cpu,465.000,% one core
naive,2:8,sample_free_ram,1.318,GiB
naive,2:8,sample_battery_temp,35.000,C
naive,2:8,sample_thermal_status,1,Android PowerManager status
naive,2:8,sample_cpu0_freq,1600,MHz
naive,2:8,sample_cpu1_freq,1700,MHz
naive,2:8,sample_cpu2_freq,1900,MHz
naive,2:8,sample_cpu3_freq,900,MHz
naive,2:8,sample_cpu4_freq,2500,MHz
naive,2:8,sample_cpu5_freq,2500,MHz
naive,2:8,sample_cpu6_freq,2500,MHz
naive,2:8,sample_cpu7_freq,2500,MHz
naive,2:9,sample_elapsed,1263,ms
naive,2:9,sample_power,0.579,W
naive,2:9,sample_process_cpu,461.875,% one core
naive,2:9,sample_free_ram,1.317,GiB
naive,2:9,sample_battery_temp,35.000,C
naive,2:9,sample_thermal_status,1,Android PowerManager status
naive,2:9,sample_cpu0_freq,1900,MHz
naive,2:9,sample_cpu1_freq,1900,MHz
naive,2:9,sample_cpu2_freq,1900,MHz
naive,2:9,sample_cpu3_freq,1900,MHz
naive,2:9,sample_cpu4_freq,2500,MHz
naive,2:9,sample_cpu5_freq,2500,MHz
naive,2:9,sample_cpu6_freq,2500,MHz
naive,2:9,sample_cpu7_freq,2500,MHz
naive,2:10,sample_elapsed,1419,ms
naive,2:10,sample_power,0.473,W
naive,2:10,sample_process_cpu,453.846,% one core
naive,2:10,sample_free_ram,1.314,GiB
naive,2:10,sample_battery_temp,35.000,C
naive,2:10,sample_thermal_status,1,Android PowerManager status
naive,2:10,sample_cpu0_freq,1900,MHz
naive,2:10,sample_cpu1_freq,1900,MHz
naive,2:10,sample_cpu2_freq,1900,MHz
naive,2:10,sample_cpu3_freq,1900,MHz
naive,2:10,sample_cpu4_freq,2500,MHz
naive,2:10,sample_cpu5_freq,2500,MHz
naive,2:10,sample_cpu6_freq,2500,MHz
naive,2:10,sample_cpu7_freq,2500,MHz
naive,2:11,sample_elapsed,1573,ms
naive,2:11,sample_power,0.473,W
naive,2:11,sample_process_cpu,447.403,% one core
naive,2:11,sample_free_ram,1.310,GiB
naive,2:11,sample_battery_temp,35.000,C
naive,2:11,sample_thermal_status,1,Android PowerManager status
naive,2:11,sample_cpu0_freq,1900,MHz
naive,2:11,sample_cpu1_freq,1900,MHz
naive,2:11,sample_cpu2_freq,1900,MHz
naive,2:11,sample_cpu3_freq,1900,MHz
naive,2:11,sample_cpu4_freq,2500,MHz
naive,2:11,sample_cpu5_freq,2500,MHz
naive,2:11,sample_cpu6_freq,2500,MHz
naive,2:11,sample_cpu7_freq,2500,MHz
naive,2:12,sample_elapsed,1728,ms
naive,2:12,sample_power,0.473,W
naive,2:12,sample_process_cpu,454.194,% one core
naive,2:12,sample_free_ram,1.309,GiB
naive,2:12,sample_battery_temp,35.000,C
naive,2:12,sample_thermal_status,1,Android PowerManager status
naive,2:12,sample_cpu0_freq,1900,MHz
naive,2:12,sample_cpu1_freq,1900,MHz
naive,2:12,sample_cpu2_freq,1900,MHz
naive,2:12,sample_cpu3_freq,1900,MHz
naive,2:12,sample_cpu4_freq,2500,MHz
naive,2:12,sample_cpu5_freq,2500,MHz
naive,2:12,sample_cpu6_freq,2500,MHz
naive,2:12,sample_cpu7_freq,2500,MHz
naive,2:13,sample_elapsed,1882,ms
naive,2:13,sample_power,0.473,W
naive,2:13,sample_process_cpu,458.442,% one core
naive,2:13,sample_free_ram,1.307,GiB
naive,2:13,sample_battery_temp,35.000,C
naive,2:13,sample_thermal_status,1,Android PowerManager status
naive,2:13,sample_cpu0_freq,1900,MHz
naive,2:13,sample_cpu1_freq,1900,MHz
naive,2:13,sample_cpu2_freq,1900,MHz
naive,2:13,sample_cpu3_freq,1900,MHz
naive,2:13,sample_cpu4_freq,2500,MHz
naive,2:13,sample_cpu5_freq,2500,MHz
naive,2:13,sample_cpu6_freq,2500,MHz
naive,2:13,sample_cpu7_freq,2500,MHz
naive,2:14,sample_elapsed,2038,ms
naive,2:14,sample_power,0.841,W
naive,2:14,sample_process_cpu,460.897,% one core
naive,2:14,sample_free_ram,1.305,GiB
naive,2:14,sample_battery_temp,35.000,C
naive,2:14,sample_thermal_status,1,Android PowerManager status
naive,2:14,sample_cpu0_freq,1900,MHz
naive,2:14,sample_cpu1_freq,1900,MHz
naive,2:14,sample_cpu2_freq,1900,MHz
naive,2:14,sample_cpu3_freq,1900,MHz
naive,2:14,sample_cpu4_freq,2500,MHz
naive,2:14,sample_cpu5_freq,2500,MHz
naive,2:14,sample_cpu6_freq,2500,MHz
naive,2:14,sample_cpu7_freq,2500,MHz
naive,2:15,sample_elapsed,2192,ms
naive,2:15,sample_power,0.841,W
naive,2:15,sample_process_cpu,453.247,% one core
naive,2:15,sample_free_ram,1.300,GiB
naive,2:15,sample_battery_temp,35.000,C
naive,2:15,sample_thermal_status,1,Android PowerManager status
naive,2:15,sample_cpu0_freq,1900,MHz
naive,2:15,sample_cpu1_freq,1900,MHz
naive,2:15,sample_cpu2_freq,1900,MHz
naive,2:15,sample_cpu3_freq,1900,MHz
naive,2:15,sample_cpu4_freq,2500,MHz
naive,2:15,sample_cpu5_freq,2500,MHz
naive,2:15,sample_cpu6_freq,2500,MHz
naive,2:15,sample_cpu7_freq,2500,MHz
naive,2:16,sample_elapsed,2347,ms
naive,2:16,sample_power,0.841,W
naive,2:16,sample_process_cpu,465.806,% one core
naive,2:16,sample_free_ram,1.300,GiB
naive,2:16,sample_battery_temp,35.000,C
naive,2:16,sample_thermal_status,1,Android PowerManager status
naive,2:16,sample_cpu0_freq,1900,MHz
naive,2:16,sample_cpu1_freq,1900,MHz
naive,2:16,sample_cpu2_freq,1900,MHz
naive,2:16,sample_cpu3_freq,1900,MHz
naive,2:16,sample_cpu4_freq,2500,MHz
naive,2:16,sample_cpu5_freq,2500,MHz
naive,2:16,sample_cpu6_freq,2500,MHz
naive,2:16,sample_cpu7_freq,2500,MHz
naive,2:17,sample_elapsed,2502,ms
naive,2:17,sample_power,0.194,W
naive,2:17,sample_process_cpu,457.419,% one core
naive,2:17,sample_free_ram,1.298,GiB
naive,2:17,sample_battery_temp,35.000,C
naive,2:17,sample_thermal_status,1,Android PowerManager status
naive,2:17,sample_cpu0_freq,1900,MHz
naive,2:17,sample_cpu1_freq,1900,MHz
naive,2:17,sample_cpu2_freq,1900,MHz
naive,2:17,sample_cpu3_freq,1900,MHz
naive,2:17,sample_cpu4_freq,2500,MHz
naive,2:17,sample_cpu5_freq,2500,MHz
naive,2:17,sample_cpu6_freq,2500,MHz
naive,2:17,sample_cpu7_freq,2500,MHz
naive,2:18,sample_elapsed,2658,ms
naive,2:18,sample_power,0.194,W
naive,2:18,sample_process_cpu,460.256,% one core
naive,2:18,sample_free_ram,1.296,GiB
naive,2:18,sample_battery_temp,35.000,C
naive,2:18,sample_thermal_status,1,Android PowerManager status
naive,2:18,sample_cpu0_freq,1900,MHz
naive,2:18,sample_cpu1_freq,1900,MHz
naive,2:18,sample_cpu2_freq,1900,MHz
naive,2:18,sample_cpu3_freq,1900,MHz
naive,2:18,sample_cpu4_freq,2500,MHz
naive,2:18,sample_cpu5_freq,2500,MHz
naive,2:18,sample_cpu6_freq,2500,MHz
naive,2:18,sample_cpu7_freq,2500,MHz
naive,2:19,sample_elapsed,2812,ms
naive,2:19,sample_power,0.194,W
naive,2:19,sample_process_cpu,462.987,% one core
naive,2:19,sample_free_ram,1.295,GiB
naive,2:19,sample_battery_temp,35.000,C
naive,2:19,sample_thermal_status,1,Android PowerManager status
naive,2:19,sample_cpu0_freq,450,MHz
naive,2:19,sample_cpu1_freq,450,MHz
naive,2:19,sample_cpu2_freq,450,MHz
naive,2:19,sample_cpu3_freq,450,MHz
naive,2:19,sample_cpu4_freq,2500,MHz
naive,2:19,sample_cpu5_freq,2500,MHz
naive,2:19,sample_cpu6_freq,2500,MHz
naive,2:19,sample_cpu7_freq,2500,MHz
naive,2:20,sample_elapsed,2967,ms
naive,2:20,sample_power,0.194,W
naive,2:20,sample_process_cpu,481.935,% one core
naive,2:20,sample_free_ram,1.294,GiB
naive,2:20,sample_battery_temp,35.000,C
naive,2:20,sample_thermal_status,1,Android PowerManager status
naive,2:20,sample_cpu0_freq,1000,MHz
naive,2:20,sample_cpu1_freq,1000,MHz
naive,2:20,sample_cpu2_freq,1900,MHz
naive,2:20,sample_cpu3_freq,1900,MHz
naive,2:20,sample_cpu4_freq,2500,MHz
naive,2:20,sample_cpu5_freq,2500,MHz
naive,2:20,sample_cpu6_freq,2500,MHz
naive,2:20,sample_cpu7_freq,2500,MHz
naive,2:21,sample_elapsed,3128,ms
naive,2:21,sample_power,1.442,W
naive,2:21,sample_process_cpu,444.720,% one core
naive,2:21,sample_free_ram,1.294,GiB
naive,2:21,sample_battery_temp,35.000,C
naive,2:21,sample_thermal_status,1,Android PowerManager status
naive,2:21,sample_cpu0_freq,1900,MHz
naive,2:21,sample_cpu1_freq,1900,MHz
naive,2:21,sample_cpu2_freq,1900,MHz
naive,2:21,sample_cpu3_freq,1900,MHz
naive,2:21,sample_cpu4_freq,2500,MHz
naive,2:21,sample_cpu5_freq,2500,MHz
naive,2:21,sample_cpu6_freq,2500,MHz
naive,2:21,sample_cpu7_freq,2500,MHz
naive,2:22,sample_elapsed,3285,ms
naive,2:22,sample_power,1.442,W
naive,2:22,sample_process_cpu,464.331,% one core
naive,2:22,sample_free_ram,1.287,GiB
naive,2:22,sample_battery_temp,35.000,C
naive,2:22,sample_thermal_status,1,Android PowerManager status
naive,2:22,sample_cpu0_freq,1900,MHz
naive,2:22,sample_cpu1_freq,1900,MHz
naive,2:22,sample_cpu2_freq,1900,MHz
naive,2:22,sample_cpu3_freq,1900,MHz
naive,2:22,sample_cpu4_freq,2500,MHz
naive,2:22,sample_cpu5_freq,2500,MHz
naive,2:22,sample_cpu6_freq,2500,MHz
naive,2:22,sample_cpu7_freq,2500,MHz
naive,2:23,sample_elapsed,3471,ms
naive,2:23,sample_power,1.442,W
naive,2:23,sample_process_cpu,439.785,% one core
naive,2:23,sample_free_ram,1.291,GiB
naive,2:23,sample_battery_temp,35.000,C
naive,2:23,sample_thermal_status,1,Android PowerManager status
naive,2:23,sample_cpu0_freq,1900,MHz
naive,2:23,sample_cpu1_freq,1900,MHz
naive,2:23,sample_cpu2_freq,1900,MHz
naive,2:23,sample_cpu3_freq,1900,MHz
naive,2:23,sample_cpu4_freq,2500,MHz
naive,2:23,sample_cpu5_freq,2500,MHz
naive,2:23,sample_cpu6_freq,2500,MHz
naive,2:23,sample_cpu7_freq,2500,MHz
naive,2:24,sample_elapsed,3626,ms
naive,2:24,sample_power,1.887,W
naive,2:24,sample_process_cpu,464.516,% one core
naive,2:24,sample_free_ram,1.291,GiB
naive,2:24,sample_battery_temp,35.000,C
naive,2:24,sample_thermal_status,1,Android PowerManager status
naive,2:24,sample_cpu0_freq,1900,MHz
naive,2:24,sample_cpu1_freq,1900,MHz
naive,2:24,sample_cpu2_freq,1900,MHz
naive,2:24,sample_cpu3_freq,600,MHz
naive,2:24,sample_cpu4_freq,2500,MHz
naive,2:24,sample_cpu5_freq,2500,MHz
naive,2:24,sample_cpu6_freq,2500,MHz
naive,2:24,sample_cpu7_freq,2500,MHz
naive,2:25,sample_elapsed,3785,ms
naive,2:25,sample_power,1.887,W
naive,2:25,sample_process_cpu,462.264,% one core
naive,2:25,sample_free_ram,1.291,GiB
naive,2:25,sample_battery_temp,35.000,C
naive,2:25,sample_thermal_status,1,Android PowerManager status
naive,2:25,sample_cpu0_freq,1900,MHz
naive,2:25,sample_cpu1_freq,1900,MHz
naive,2:25,sample_cpu2_freq,1900,MHz
naive,2:25,sample_cpu3_freq,1900,MHz
naive,2:25,sample_cpu4_freq,2500,MHz
naive,2:25,sample_cpu5_freq,2500,MHz
naive,2:25,sample_cpu6_freq,2500,MHz
naive,2:25,sample_cpu7_freq,2500,MHz
naive,2:26,sample_elapsed,3940,ms
naive,2:26,sample_power,1.887,W
naive,2:26,sample_process_cpu,463.871,% one core
naive,2:26,sample_free_ram,1.284,GiB
naive,2:26,sample_battery_temp,35.000,C
naive,2:26,sample_thermal_status,1,Android PowerManager status
naive,2:26,sample_cpu0_freq,1900,MHz
naive,2:26,sample_cpu1_freq,1900,MHz
naive,2:26,sample_cpu2_freq,1900,MHz
naive,2:26,sample_cpu3_freq,1900,MHz
naive,2:26,sample_cpu4_freq,2500,MHz
naive,2:26,sample_cpu5_freq,2500,MHz
naive,2:26,sample_cpu6_freq,2500,MHz
naive,2:26,sample_cpu7_freq,2500,MHz
naive,2:27,sample_elapsed,4095,ms
naive,2:27,sample_power,1.887,W
naive,2:27,sample_process_cpu,454.194,% one core
naive,2:27,sample_free_ram,1.283,GiB
naive,2:27,sample_battery_temp,35.000,C
naive,2:27,sample_thermal_status,1,Android PowerManager status
naive,2:27,sample_cpu0_freq,1900,MHz
naive,2:27,sample_cpu1_freq,1900,MHz
naive,2:27,sample_cpu2_freq,1900,MHz
naive,2:27,sample_cpu3_freq,1900,MHz
naive,2:27,sample_cpu4_freq,2500,MHz
naive,2:27,sample_cpu5_freq,2500,MHz
naive,2:27,sample_cpu6_freq,2500,MHz
naive,2:27,sample_cpu7_freq,2500,MHz
naive,2:28,sample_elapsed,4250,ms
naive,2:28,sample_power,2.231,W
naive,2:28,sample_process_cpu,463.871,% one core
naive,2:28,sample_free_ram,1.283,GiB
naive,2:28,sample_battery_temp,35.000,C
naive,2:28,sample_thermal_status,1,Android PowerManager status
naive,2:28,sample_cpu0_freq,900,MHz
naive,2:28,sample_cpu1_freq,900,MHz
naive,2:28,sample_cpu2_freq,900,MHz
naive,2:28,sample_cpu3_freq,1900,MHz
naive,2:28,sample_cpu4_freq,2500,MHz
naive,2:28,sample_cpu5_freq,2500,MHz
naive,2:28,sample_cpu6_freq,2500,MHz
naive,2:28,sample_cpu7_freq,2500,MHz
naive,2:29,sample_elapsed,4406,ms
naive,2:29,sample_power,2.231,W
naive,2:29,sample_process_cpu,455.769,% one core
naive,2:29,sample_free_ram,1.283,GiB
naive,2:29,sample_battery_temp,35.000,C
naive,2:29,sample_thermal_status,1,Android PowerManager status
naive,2:29,sample_cpu0_freq,1400,MHz
naive,2:29,sample_cpu1_freq,1400,MHz
naive,2:29,sample_cpu2_freq,1400,MHz
naive,2:29,sample_cpu3_freq,1400,MHz
naive,2:29,sample_cpu4_freq,2500,MHz
naive,2:29,sample_cpu5_freq,2500,MHz
naive,2:29,sample_cpu6_freq,2500,MHz
naive,2:29,sample_cpu7_freq,2500,MHz
naive,2:30,sample_elapsed,4560,ms
naive,2:30,sample_power,2.231,W
naive,2:30,sample_process_cpu,468.831,% one core
naive,2:30,sample_free_ram,1.283,GiB
naive,2:30,sample_battery_temp,35.000,C
naive,2:30,sample_thermal_status,1,Android PowerManager status
naive,2:30,sample_cpu0_freq,600,MHz
naive,2:30,sample_cpu1_freq,1800,MHz
naive,2:30,sample_cpu2_freq,600,MHz
naive,2:30,sample_cpu3_freq,1700,MHz
naive,2:30,sample_cpu4_freq,2500,MHz
naive,2:30,sample_cpu5_freq,2500,MHz
naive,2:30,sample_cpu6_freq,2500,MHz
naive,2:30,sample_cpu7_freq,2500,MHz
naive,2:31,sample_elapsed,4716,ms
naive,2:31,sample_power,1.596,W
naive,2:31,sample_process_cpu,462.821,% one core
naive,2:31,sample_free_ram,1.283,GiB
naive,2:31,sample_battery_temp,35.000,C
naive,2:31,sample_thermal_status,1,Android PowerManager status
naive,2:31,sample_cpu0_freq,1900,MHz
naive,2:31,sample_cpu1_freq,1900,MHz
naive,2:31,sample_cpu2_freq,1900,MHz
naive,2:31,sample_cpu3_freq,1900,MHz
naive,2:31,sample_cpu4_freq,2500,MHz
naive,2:31,sample_cpu5_freq,2500,MHz
naive,2:31,sample_cpu6_freq,2500,MHz
naive,2:31,sample_cpu7_freq,2500,MHz
naive,2:32,sample_elapsed,4872,ms
naive,2:32,sample_power,1.596,W
naive,2:32,sample_process_cpu,448.077,% one core
naive,2:32,sample_free_ram,1.283,GiB
naive,2:32,sample_battery_temp,35.000,C
naive,2:32,sample_thermal_status,1,Android PowerManager status
naive,2:32,sample_cpu0_freq,1900,MHz
naive,2:32,sample_cpu1_freq,1900,MHz
naive,2:32,sample_cpu2_freq,1900,MHz
naive,2:32,sample_cpu3_freq,1900,MHz
naive,2:32,sample_cpu4_freq,2500,MHz
naive,2:32,sample_cpu5_freq,2500,MHz
naive,2:32,sample_cpu6_freq,2500,MHz
naive,2:32,sample_cpu7_freq,2500,MHz
naive,2:33,sample_elapsed,5029,ms
naive,2:33,sample_power,1.596,W
naive,2:33,sample_process_cpu,470.701,% one core
naive,2:33,sample_free_ram,1.282,GiB
naive,2:33,sample_battery_temp,35.000,C
naive,2:33,sample_thermal_status,1,Android PowerManager status
naive,2:33,sample_cpu0_freq,1900,MHz
naive,2:33,sample_cpu1_freq,1900,MHz
naive,2:33,sample_cpu2_freq,1900,MHz
naive,2:33,sample_cpu3_freq,1900,MHz
naive,2:33,sample_cpu4_freq,2500,MHz
naive,2:33,sample_cpu5_freq,2500,MHz
naive,2:33,sample_cpu6_freq,2500,MHz
naive,2:33,sample_cpu7_freq,2500,MHz
naive,2:34,sample_elapsed,5183,ms
naive,2:34,sample_power,1.596,W
naive,2:34,sample_process_cpu,458.442,% one core
naive,2:34,sample_free_ram,1.282,GiB
naive,2:34,sample_battery_temp,35.000,C
naive,2:34,sample_thermal_status,1,Android PowerManager status
naive,2:34,sample_cpu0_freq,1900,MHz
naive,2:34,sample_cpu1_freq,1900,MHz
naive,2:34,sample_cpu2_freq,1900,MHz
naive,2:34,sample_cpu3_freq,1400,MHz
naive,2:34,sample_cpu4_freq,2500,MHz
naive,2:34,sample_cpu5_freq,2500,MHz
naive,2:34,sample_cpu6_freq,2500,MHz
naive,2:34,sample_cpu7_freq,2500,MHz
naive,2:35,sample_elapsed,5341,ms
naive,2:35,sample_power,1.661,W
naive,2:35,sample_process_cpu,478.481,% one core
naive,2:35,sample_free_ram,1.282,GiB
naive,2:35,sample_battery_temp,35.000,C
naive,2:35,sample_thermal_status,1,Android PowerManager status
naive,2:35,sample_cpu0_freq,1900,MHz
naive,2:35,sample_cpu1_freq,1900,MHz
naive,2:35,sample_cpu2_freq,1900,MHz
naive,2:35,sample_cpu3_freq,1900,MHz
naive,2:35,sample_cpu4_freq,2500,MHz
naive,2:35,sample_cpu5_freq,2500,MHz
naive,2:35,sample_cpu6_freq,2500,MHz
naive,2:35,sample_cpu7_freq,2500,MHz
naive,2:36,sample_elapsed,5499,ms
naive,2:36,sample_power,1.661,W
naive,2:36,sample_process_cpu,467.089,% one core
naive,2:36,sample_free_ram,1.281,GiB
naive,2:36,sample_battery_temp,35.000,C
naive,2:36,sample_thermal_status,1,Android PowerManager status
naive,2:36,sample_cpu0_freq,1900,MHz
naive,2:36,sample_cpu1_freq,1900,MHz
naive,2:36,sample_cpu2_freq,1900,MHz
naive,2:36,sample_cpu3_freq,1900,MHz
naive,2:36,sample_cpu4_freq,2500,MHz
naive,2:36,sample_cpu5_freq,2500,MHz
naive,2:36,sample_cpu6_freq,2500,MHz
naive,2:36,sample_cpu7_freq,2500,MHz
naive,2:37,sample_elapsed,5655,ms
naive,2:37,sample_power,1.661,W
naive,2:37,sample_process_cpu,480.769,% one core
naive,2:37,sample_free_ram,1.281,GiB
naive,2:37,sample_battery_temp,35.000,C
naive,2:37,sample_thermal_status,1,Android PowerManager status
naive,2:37,sample_cpu0_freq,700,MHz
naive,2:37,sample_cpu1_freq,1900,MHz
naive,2:37,sample_cpu2_freq,1900,MHz
naive,2:37,sample_cpu3_freq,1900,MHz
naive,2:37,sample_cpu4_freq,2500,MHz
naive,2:37,sample_cpu5_freq,2500,MHz
naive,2:37,sample_cpu6_freq,2500,MHz
naive,2:37,sample_cpu7_freq,2500,MHz
naive,2:38,sample_elapsed,5812,ms
naive,2:38,sample_power,1.683,W
naive,2:38,sample_process_cpu,477.707,% one core
naive,2:38,sample_free_ram,1.281,GiB
naive,2:38,sample_battery_temp,35.000,C
naive,2:38,sample_thermal_status,1,Android PowerManager status
naive,2:38,sample_cpu0_freq,1900,MHz
naive,2:38,sample_cpu1_freq,1900,MHz
naive,2:38,sample_cpu2_freq,1900,MHz
naive,2:38,sample_cpu3_freq,1900,MHz
naive,2:38,sample_cpu4_freq,2500,MHz
naive,2:38,sample_cpu5_freq,2500,MHz
naive,2:38,sample_cpu6_freq,2500,MHz
naive,2:38,sample_cpu7_freq,2500,MHz
naive,2:39,sample_elapsed,5968,ms
naive,2:39,sample_power,1.683,W
naive,2:39,sample_process_cpu,459.615,% one core
naive,2:39,sample_free_ram,1.281,GiB
naive,2:39,sample_battery_temp,35.000,C
naive,2:39,sample_thermal_status,1,Android PowerManager status
naive,2:39,sample_cpu0_freq,1900,MHz
naive,2:39,sample_cpu1_freq,1900,MHz
naive,2:39,sample_cpu2_freq,1900,MHz
naive,2:39,sample_cpu3_freq,1900,MHz
naive,2:39,sample_cpu4_freq,2500,MHz
naive,2:39,sample_cpu5_freq,2500,MHz
naive,2:39,sample_cpu6_freq,2500,MHz
naive,2:39,sample_cpu7_freq,2500,MHz
naive,2:40,sample_elapsed,6122,ms
naive,2:40,sample_power,1.683,W
naive,2:40,sample_process_cpu,465.584,% one core
naive,2:40,sample_free_ram,1.280,GiB
naive,2:40,sample_battery_temp,35.000,C
naive,2:40,sample_thermal_status,1,Android PowerManager status
naive,2:40,sample_cpu0_freq,1300,MHz
naive,2:40,sample_cpu1_freq,1300,MHz
naive,2:40,sample_cpu2_freq,1300,MHz
naive,2:40,sample_cpu3_freq,1300,MHz
naive,2:40,sample_cpu4_freq,2500,MHz
naive,2:40,sample_cpu5_freq,2500,MHz
naive,2:40,sample_cpu6_freq,2500,MHz
naive,2:40,sample_cpu7_freq,2500,MHz
naive,2:41,sample_elapsed,6277,ms
naive,2:41,sample_power,1.683,W
naive,2:41,sample_process_cpu,460.645,% one core
naive,2:41,sample_free_ram,1.280,GiB
naive,2:41,sample_battery_temp,35.000,C
naive,2:41,sample_thermal_status,1,Android PowerManager status
naive,2:41,sample_cpu0_freq,1900,MHz
naive,2:41,sample_cpu1_freq,1900,MHz
naive,2:41,sample_cpu2_freq,1900,MHz
naive,2:41,sample_cpu3_freq,1900,MHz
naive,2:41,sample_cpu4_freq,2500,MHz
naive,2:41,sample_cpu5_freq,2500,MHz
naive,2:41,sample_cpu6_freq,2500,MHz
naive,2:41,sample_cpu7_freq,2500,MHz
naive,2:42,sample_elapsed,6441,ms
naive,2:42,sample_power,1.062,W
naive,2:42,sample_process_cpu,473.780,% one core
naive,2:42,sample_free_ram,1.280,GiB
naive,2:42,sample_battery_temp,35.000,C
naive,2:42,sample_thermal_status,1,Android PowerManager status
naive,2:42,sample_cpu0_freq,1900,MHz
naive,2:42,sample_cpu1_freq,1900,MHz
naive,2:42,sample_cpu2_freq,1900,MHz
naive,2:42,sample_cpu3_freq,1900,MHz
naive,2:42,sample_cpu4_freq,2500,MHz
naive,2:42,sample_cpu5_freq,2500,MHz
naive,2:42,sample_cpu6_freq,2500,MHz
naive,2:42,sample_cpu7_freq,2500,MHz
naive,2:43,sample_elapsed,6608,ms
naive,2:43,sample_power,1.062,W
naive,2:43,sample_process_cpu,467.665,% one core
naive,2:43,sample_free_ram,1.280,GiB
naive,2:43,sample_battery_temp,35.000,C
naive,2:43,sample_thermal_status,1,Android PowerManager status
naive,2:43,sample_cpu0_freq,1900,MHz
naive,2:43,sample_cpu1_freq,1900,MHz
naive,2:43,sample_cpu2_freq,1900,MHz
naive,2:43,sample_cpu3_freq,1900,MHz
naive,2:43,sample_cpu4_freq,2500,MHz
naive,2:43,sample_cpu5_freq,2500,MHz
naive,2:43,sample_cpu6_freq,2500,MHz
naive,2:43,sample_cpu7_freq,2500,MHz
naive,2:44,sample_elapsed,6767,ms
naive,2:44,sample_power,1.062,W
naive,2:44,sample_process_cpu,465.409,% one core
naive,2:44,sample_free_ram,1.280,GiB
naive,2:44,sample_battery_temp,35.000,C
naive,2:44,sample_thermal_status,1,Android PowerManager status
naive,2:44,sample_cpu0_freq,900,MHz
naive,2:44,sample_cpu1_freq,1000,MHz
naive,2:44,sample_cpu2_freq,1000,MHz
naive,2:44,sample_cpu3_freq,1900,MHz
naive,2:44,sample_cpu4_freq,2500,MHz
naive,2:44,sample_cpu5_freq,2500,MHz
naive,2:44,sample_cpu6_freq,2500,MHz
naive,2:44,sample_cpu7_freq,2500,MHz
naive,2:45,sample_elapsed,6922,ms
naive,2:45,sample_power,1.784,W
naive,2:45,sample_process_cpu,496.129,% one core
naive,2:45,sample_free_ram,1.277,GiB
naive,2:45,sample_battery_temp,35.000,C
naive,2:45,sample_thermal_status,1,Android PowerManager status
naive,2:45,sample_cpu0_freq,1900,MHz
naive,2:45,sample_cpu1_freq,1900,MHz
naive,2:45,sample_cpu2_freq,1900,MHz
naive,2:45,sample_cpu3_freq,1900,MHz
naive,2:45,sample_cpu4_freq,2500,MHz
naive,2:45,sample_cpu5_freq,2500,MHz
naive,2:45,sample_cpu6_freq,2500,MHz
naive,2:45,sample_cpu7_freq,2500,MHz
naive,2:46,sample_elapsed,7084,ms
naive,2:46,sample_power,1.784,W
naive,2:46,sample_process_cpu,458.642,% one core
naive,2:46,sample_free_ram,1.277,GiB
naive,2:46,sample_battery_temp,35.000,C
naive,2:46,sample_thermal_status,1,Android PowerManager status
naive,2:46,sample_cpu0_freq,1900,MHz
naive,2:46,sample_cpu1_freq,1900,MHz
naive,2:46,sample_cpu2_freq,1900,MHz
naive,2:46,sample_cpu3_freq,1900,MHz
naive,2:46,sample_cpu4_freq,2500,MHz
naive,2:46,sample_cpu5_freq,2500,MHz
naive,2:46,sample_cpu6_freq,2500,MHz
naive,2:46,sample_cpu7_freq,2500,MHz
naive,2:47,sample_elapsed,7244,ms
naive,2:47,sample_power,1.784,W
naive,2:47,sample_process_cpu,481.250,% one core
naive,2:47,sample_free_ram,1.276,GiB
naive,2:47,sample_battery_temp,35.000,C
naive,2:47,sample_thermal_status,1,Android PowerManager status
naive,2:47,sample_cpu0_freq,1900,MHz
naive,2:47,sample_cpu1_freq,1900,MHz
naive,2:47,sample_cpu2_freq,1900,MHz
naive,2:47,sample_cpu3_freq,1900,MHz
naive,2:47,sample_cpu4_freq,2500,MHz
naive,2:47,sample_cpu5_freq,2500,MHz
naive,2:47,sample_cpu6_freq,2500,MHz
naive,2:47,sample_cpu7_freq,2500,MHz
naive,2:48,sample_elapsed,7402,ms
naive,2:48,sample_power,1.784,W
naive,2:48,sample_process_cpu,477.215,% one core
naive,2:48,sample_free_ram,1.274,GiB
naive,2:48,sample_battery_temp,35.000,C
naive,2:48,sample_thermal_status,1,Android PowerManager status
naive,2:48,sample_cpu0_freq,1900,MHz
naive,2:48,sample_cpu1_freq,1900,MHz
naive,2:48,sample_cpu2_freq,1900,MHz
naive,2:48,sample_cpu3_freq,1900,MHz
naive,2:48,sample_cpu4_freq,2500,MHz
naive,2:48,sample_cpu5_freq,2500,MHz
naive,2:48,sample_cpu6_freq,2500,MHz
naive,2:48,sample_cpu7_freq,2500,MHz
naive,2:49,sample_elapsed,7566,ms
naive,2:49,sample_power,1.082,W
naive,2:49,sample_process_cpu,468.293,% one core
naive,2:49,sample_free_ram,1.273,GiB
naive,2:49,sample_battery_temp,35.000,C
naive,2:49,sample_thermal_status,1,Android PowerManager status
naive,2:49,sample_cpu0_freq,1900,MHz
naive,2:49,sample_cpu1_freq,1900,MHz
naive,2:49,sample_cpu2_freq,1900,MHz
naive,2:49,sample_cpu3_freq,1900,MHz
naive,2:49,sample_cpu4_freq,2500,MHz
naive,2:49,sample_cpu5_freq,2500,MHz
naive,2:49,sample_cpu6_freq,2500,MHz
naive,2:49,sample_cpu7_freq,2500,MHz
naive,2:50,sample_elapsed,7720,ms
naive,2:50,sample_power,1.082,W
naive,2:50,sample_process_cpu,472.727,% one core
naive,2:50,sample_free_ram,1.264,GiB
naive,2:50,sample_battery_temp,35.000,C
naive,2:50,sample_thermal_status,1,Android PowerManager status
naive,2:50,sample_cpu0_freq,1900,MHz
naive,2:50,sample_cpu1_freq,1900,MHz
naive,2:50,sample_cpu2_freq,1900,MHz
naive,2:50,sample_cpu3_freq,1900,MHz
naive,2:50,sample_cpu4_freq,2500,MHz
naive,2:50,sample_cpu5_freq,2500,MHz
naive,2:50,sample_cpu6_freq,2500,MHz
naive,2:50,sample_cpu7_freq,2500,MHz
naive,2:51,sample_elapsed,7877,ms
naive,2:51,sample_power,1.082,W
naive,2:51,sample_process_cpu,466.879,% one core
naive,2:51,sample_free_ram,1.264,GiB
naive,2:51,sample_battery_temp,35.000,C
naive,2:51,sample_thermal_status,1,Android PowerManager status
naive,2:51,sample_cpu0_freq,1900,MHz
naive,2:51,sample_cpu1_freq,1900,MHz
naive,2:51,sample_cpu2_freq,1900,MHz
naive,2:51,sample_cpu3_freq,1900,MHz
naive,2:51,sample_cpu4_freq,2500,MHz
naive,2:51,sample_cpu5_freq,2500,MHz
naive,2:51,sample_cpu6_freq,2500,MHz
naive,2:51,sample_cpu7_freq,2500,MHz
naive,2:52,sample_elapsed,8034,ms
naive,2:52,sample_power,2.027,W
naive,2:52,sample_process_cpu,479.618,% one core
naive,2:52,sample_free_ram,1.264,GiB
naive,2:52,sample_battery_temp,35.000,C
naive,2:52,sample_thermal_status,1,Android PowerManager status
naive,2:52,sample_cpu0_freq,1900,MHz
naive,2:52,sample_cpu1_freq,1900,MHz
naive,2:52,sample_cpu2_freq,1900,MHz
naive,2:52,sample_cpu3_freq,1900,MHz
naive,2:52,sample_cpu4_freq,2500,MHz
naive,2:52,sample_cpu5_freq,2500,MHz
naive,2:52,sample_cpu6_freq,2500,MHz
naive,2:52,sample_cpu7_freq,2500,MHz
naive,2:53,sample_elapsed,8192,ms
naive,2:53,sample_power,2.027,W
naive,2:53,sample_process_cpu,468.354,% one core
naive,2:53,sample_free_ram,1.263,GiB
naive,2:53,sample_battery_temp,35.000,C
naive,2:53,sample_thermal_status,1,Android PowerManager status
naive,2:53,sample_cpu0_freq,1900,MHz
naive,2:53,sample_cpu1_freq,1900,MHz
naive,2:53,sample_cpu2_freq,1900,MHz
naive,2:53,sample_cpu3_freq,1900,MHz
naive,2:53,sample_cpu4_freq,2500,MHz
naive,2:53,sample_cpu5_freq,2500,MHz
naive,2:53,sample_cpu6_freq,2500,MHz
naive,2:53,sample_cpu7_freq,2500,MHz
naive,2:54,sample_elapsed,8346,ms
naive,2:54,sample_power,2.027,W
naive,2:54,sample_process_cpu,479.870,% one core
naive,2:54,sample_free_ram,1.263,GiB
naive,2:54,sample_battery_temp,35.000,C
naive,2:54,sample_thermal_status,1,Android PowerManager status
naive,2:54,sample_cpu0_freq,1900,MHz
naive,2:54,sample_cpu1_freq,1900,MHz
naive,2:54,sample_cpu2_freq,1900,MHz
naive,2:54,sample_cpu3_freq,1900,MHz
naive,2:54,sample_cpu4_freq,2500,MHz
naive,2:54,sample_cpu5_freq,2500,MHz
naive,2:54,sample_cpu6_freq,2500,MHz
naive,2:54,sample_cpu7_freq,2500,MHz
naive,2:55,sample_elapsed,8502,ms
naive,2:55,sample_power,2.027,W
naive,2:55,sample_process_cpu,476.282,% one core
naive,2:55,sample_free_ram,1.263,GiB
naive,2:55,sample_battery_temp,35.000,C
naive,2:55,sample_thermal_status,1,Android PowerManager status
naive,2:55,sample_cpu0_freq,1900,MHz
naive,2:55,sample_cpu1_freq,1900,MHz
naive,2:55,sample_cpu2_freq,1900,MHz
naive,2:55,sample_cpu3_freq,1900,MHz
naive,2:55,sample_cpu4_freq,2500,MHz
naive,2:55,sample_cpu5_freq,2500,MHz
naive,2:55,sample_cpu6_freq,2500,MHz
naive,2:55,sample_cpu7_freq,2500,MHz
naive,2:56,sample_elapsed,8656,ms
naive,2:56,sample_power,1.519,W
naive,2:56,sample_process_cpu,464.286,% one core
naive,2:56,sample_free_ram,1.262,GiB
naive,2:56,sample_battery_temp,35.000,C
naive,2:56,sample_thermal_status,1,Android PowerManager status
naive,2:56,sample_cpu0_freq,1500,MHz
naive,2:56,sample_cpu1_freq,1000,MHz
naive,2:56,sample_cpu2_freq,1000,MHz
naive,2:56,sample_cpu3_freq,600,MHz
naive,2:56,sample_cpu4_freq,2500,MHz
naive,2:56,sample_cpu5_freq,2500,MHz
naive,2:56,sample_cpu6_freq,2500,MHz
naive,2:56,sample_cpu7_freq,2500,MHz
naive,2:57,sample_elapsed,8811,ms
naive,2:57,sample_power,1.519,W
naive,2:57,sample_process_cpu,470.323,% one core
naive,2:57,sample_free_ram,1.262,GiB
naive,2:57,sample_battery_temp,35.000,C
naive,2:57,sample_thermal_status,1,Android PowerManager status
naive,2:57,sample_cpu0_freq,1900,MHz
naive,2:57,sample_cpu1_freq,1900,MHz
naive,2:57,sample_cpu2_freq,1900,MHz
naive,2:57,sample_cpu3_freq,1900,MHz
naive,2:57,sample_cpu4_freq,2500,MHz
naive,2:57,sample_cpu5_freq,2500,MHz
naive,2:57,sample_cpu6_freq,2500,MHz
naive,2:57,sample_cpu7_freq,2500,MHz
naive,2:58,sample_elapsed,8967,ms
naive,2:58,sample_power,1.519,W
naive,2:58,sample_process_cpu,519.231,% one core
naive,2:58,sample_free_ram,1.272,GiB
naive,2:58,sample_battery_temp,35.000,C
naive,2:58,sample_thermal_status,1,Android PowerManager status
naive,2:58,sample_cpu0_freq,1900,MHz
naive,2:58,sample_cpu1_freq,700,MHz
naive,2:58,sample_cpu2_freq,700,MHz
naive,2:58,sample_cpu3_freq,700,MHz
naive,2:58,sample_cpu4_freq,2500,MHz
naive,2:58,sample_cpu5_freq,2500,MHz
naive,2:58,sample_cpu6_freq,2500,MHz
naive,2:58,sample_cpu7_freq,2500,MHz
naive,2:59,sample_elapsed,9124,ms
naive,2:59,sample_power,1.248,W
naive,2:59,sample_process_cpu,487.898,% one core
naive,2:59,sample_free_ram,1.272,GiB
naive,2:59,sample_battery_temp,35.000,C
naive,2:59,sample_thermal_status,1,Android PowerManager status
naive,2:59,sample_cpu0_freq,1900,MHz
naive,2:59,sample_cpu1_freq,1900,MHz
naive,2:59,sample_cpu2_freq,1900,MHz
naive,2:59,sample_cpu3_freq,1900,MHz
naive,2:59,sample_cpu4_freq,2500,MHz
naive,2:59,sample_cpu5_freq,2500,MHz
naive,2:59,sample_cpu6_freq,2500,MHz
naive,2:59,sample_cpu7_freq,2500,MHz
naive,2:60,sample_elapsed,9284,ms
naive,2:60,sample_power,1.248,W
naive,2:60,sample_process_cpu,451.875,% one core
naive,2:60,sample_free_ram,1.272,GiB
naive,2:60,sample_battery_temp,35.000,C
naive,2:60,sample_thermal_status,1,Android PowerManager status
naive,2:60,sample_cpu0_freq,1200,MHz
naive,2:60,sample_cpu1_freq,1900,MHz
naive,2:60,sample_cpu2_freq,1900,MHz
naive,2:60,sample_cpu3_freq,1900,MHz
naive,2:60,sample_cpu4_freq,2500,MHz
naive,2:60,sample_cpu5_freq,2500,MHz
naive,2:60,sample_cpu6_freq,2500,MHz
naive,2:60,sample_cpu7_freq,2500,MHz
naive,2:61,sample_elapsed,9441,ms
naive,2:61,sample_power,1.248,W
naive,2:61,sample_process_cpu,458.599,% one core
naive,2:61,sample_free_ram,1.272,GiB
naive,2:61,sample_battery_temp,35.000,C
naive,2:61,sample_thermal_status,1,Android PowerManager status
naive,2:61,sample_cpu0_freq,1900,MHz
naive,2:61,sample_cpu1_freq,1900,MHz
naive,2:61,sample_cpu2_freq,1900,MHz
naive,2:61,sample_cpu3_freq,1900,MHz
naive,2:61,sample_cpu4_freq,2500,MHz
naive,2:61,sample_cpu5_freq,2500,MHz
naive,2:61,sample_cpu6_freq,2500,MHz
naive,2:61,sample_cpu7_freq,2500,MHz
naive,2:62,sample_elapsed,9598,ms
naive,2:62,sample_power,2.024,W
naive,2:62,sample_process_cpu,465.605,% one core
naive,2:62,sample_free_ram,1.272,GiB
naive,2:62,sample_battery_temp,35.000,C
naive,2:62,sample_thermal_status,1,Android PowerManager status
naive,2:62,sample_cpu0_freq,1900,MHz
naive,2:62,sample_cpu1_freq,1900,MHz
naive,2:62,sample_cpu2_freq,1900,MHz
naive,2:62,sample_cpu3_freq,1900,MHz
naive,2:62,sample_cpu4_freq,2500,MHz
naive,2:62,sample_cpu5_freq,2500,MHz
naive,2:62,sample_cpu6_freq,2500,MHz
naive,2:62,sample_cpu7_freq,2500,MHz
naive,2:63,sample_elapsed,9752,ms
naive,2:63,sample_power,2.024,W
naive,2:63,sample_process_cpu,468.831,% one core
naive,2:63,sample_free_ram,1.272,GiB
naive,2:63,sample_battery_temp,35.000,C
naive,2:63,sample_thermal_status,1,Android PowerManager status
naive,2:63,sample_cpu0_freq,1900,MHz
naive,2:63,sample_cpu1_freq,700,MHz
naive,2:63,sample_cpu2_freq,450,MHz
naive,2:63,sample_cpu3_freq,700,MHz
naive,2:63,sample_cpu4_freq,2500,MHz
naive,2:63,sample_cpu5_freq,2500,MHz
naive,2:63,sample_cpu6_freq,2500,MHz
naive,2:63,sample_cpu7_freq,2500,MHz
naive,2:64,sample_elapsed,9907,ms
naive,2:64,sample_power,2.024,W
naive,2:64,sample_process_cpu,468.387,% one core
naive,2:64,sample_free_ram,1.272,GiB
naive,2:64,sample_battery_temp,35.000,C
naive,2:64,sample_thermal_status,1,Android PowerManager status
naive,2:64,sample_cpu0_freq,1900,MHz
naive,2:64,sample_cpu1_freq,1900,MHz
naive,2:64,sample_cpu2_freq,1900,MHz
naive,2:64,sample_cpu3_freq,1900,MHz
naive,2:64,sample_cpu4_freq,2500,MHz
naive,2:64,sample_cpu5_freq,2500,MHz
naive,2:64,sample_cpu6_freq,2500,MHz
naive,2:64,sample_cpu7_freq,2500,MHz
naive,2:65,sample_elapsed,10063,ms
naive,2:65,sample_power,2.024,W
naive,2:65,sample_process_cpu,468.590,% one core
naive,2:65,sample_free_ram,1.272,GiB
naive,2:65,sample_battery_temp,35.000,C
naive,2:65,sample_thermal_status,1,Android PowerManager status
naive,2:65,sample_cpu0_freq,700,MHz
naive,2:65,sample_cpu1_freq,600,MHz
naive,2:65,sample_cpu2_freq,600,MHz
naive,2:65,sample_cpu3_freq,600,MHz
naive,2:65,sample_cpu4_freq,2500,MHz
naive,2:65,sample_cpu5_freq,2500,MHz
naive,2:65,sample_cpu6_freq,2500,MHz
naive,2:65,sample_cpu7_freq,2500,MHz
naive,2:66,sample_elapsed,10219,ms
naive,2:66,sample_power,1.969,W
naive,2:66,sample_process_cpu,464.744,% one core
naive,2:66,sample_free_ram,1.272,GiB
naive,2:66,sample_battery_temp,35.000,C
naive,2:66,sample_thermal_status,1,Android PowerManager status
naive,2:66,sample_cpu0_freq,700,MHz
naive,2:66,sample_cpu1_freq,700,MHz
naive,2:66,sample_cpu2_freq,700,MHz
naive,2:66,sample_cpu3_freq,700,MHz
naive,2:66,sample_cpu4_freq,2500,MHz
naive,2:66,sample_cpu5_freq,2500,MHz
naive,2:66,sample_cpu6_freq,2500,MHz
naive,2:66,sample_cpu7_freq,2500,MHz
naive,2:67,sample_elapsed,10376,ms
naive,2:67,sample_power,1.969,W
naive,2:67,sample_process_cpu,467.516,% one core
naive,2:67,sample_free_ram,1.271,GiB
naive,2:67,sample_battery_temp,35.000,C
naive,2:67,sample_thermal_status,1,Android PowerManager status
naive,2:67,sample_cpu0_freq,1900,MHz
naive,2:67,sample_cpu1_freq,1900,MHz
naive,2:67,sample_cpu2_freq,1900,MHz
naive,2:67,sample_cpu3_freq,1900,MHz
naive,2:67,sample_cpu4_freq,2500,MHz
naive,2:67,sample_cpu5_freq,2500,MHz
naive,2:67,sample_cpu6_freq,2500,MHz
naive,2:67,sample_cpu7_freq,2500,MHz
naive,2:68,sample_elapsed,10537,ms
naive,2:68,sample_power,1.969,W
naive,2:68,sample_process_cpu,484.472,% one core
naive,2:68,sample_free_ram,1.271,GiB
naive,2:68,sample_battery_temp,35.000,C
naive,2:68,sample_thermal_status,1,Android PowerManager status
naive,2:68,sample_cpu0_freq,1900,MHz
naive,2:68,sample_cpu1_freq,1900,MHz
naive,2:68,sample_cpu2_freq,1900,MHz
naive,2:68,sample_cpu3_freq,1900,MHz
naive,2:68,sample_cpu4_freq,2500,MHz
naive,2:68,sample_cpu5_freq,2500,MHz
naive,2:68,sample_cpu6_freq,2500,MHz
naive,2:68,sample_cpu7_freq,2500,MHz
naive,2:69,sample_elapsed,10693,ms
naive,2:69,sample_power,1.883,W
naive,2:69,sample_process_cpu,483.333,% one core
naive,2:69,sample_free_ram,1.271,GiB
naive,2:69,sample_battery_temp,35.000,C
naive,2:69,sample_thermal_status,1,Android PowerManager status
naive,2:69,sample_cpu0_freq,1900,MHz
naive,2:69,sample_cpu1_freq,1900,MHz
naive,2:69,sample_cpu2_freq,1900,MHz
naive,2:69,sample_cpu3_freq,1900,MHz
naive,2:69,sample_cpu4_freq,2500,MHz
naive,2:69,sample_cpu5_freq,2500,MHz
naive,2:69,sample_cpu6_freq,2500,MHz
naive,2:69,sample_cpu7_freq,2500,MHz
naive,2:70,sample_elapsed,10850,ms
naive,2:70,sample_power,1.883,W
naive,2:70,sample_process_cpu,477.707,% one core
naive,2:70,sample_free_ram,1.271,GiB
naive,2:70,sample_battery_temp,35.000,C
naive,2:70,sample_thermal_status,1,Android PowerManager status
naive,2:70,sample_cpu0_freq,1900,MHz
naive,2:70,sample_cpu1_freq,1900,MHz
naive,2:70,sample_cpu2_freq,1900,MHz
naive,2:70,sample_cpu3_freq,1900,MHz
naive,2:70,sample_cpu4_freq,2500,MHz
naive,2:70,sample_cpu5_freq,2500,MHz
naive,2:70,sample_cpu6_freq,2500,MHz
naive,2:70,sample_cpu7_freq,2500,MHz
naive,2:71,sample_elapsed,11004,ms
naive,2:71,sample_power,1.883,W
naive,2:71,sample_process_cpu,482.468,% one core
naive,2:71,sample_free_ram,1.271,GiB
naive,2:71,sample_battery_temp,35.000,C
naive,2:71,sample_thermal_status,1,Android PowerManager status
naive,2:71,sample_cpu0_freq,1900,MHz
naive,2:71,sample_cpu1_freq,1900,MHz
naive,2:71,sample_cpu2_freq,1900,MHz
naive,2:71,sample_cpu3_freq,1900,MHz
naive,2:71,sample_cpu4_freq,2500,MHz
naive,2:71,sample_cpu5_freq,2500,MHz
naive,2:71,sample_cpu6_freq,2500,MHz
naive,2:71,sample_cpu7_freq,2500,MHz
naive,2:72,sample_elapsed,11163,ms
naive,2:72,sample_power,1.883,W
naive,2:72,sample_process_cpu,478.616,% one core
naive,2:72,sample_free_ram,1.271,GiB
naive,2:72,sample_battery_temp,35.000,C
naive,2:72,sample_thermal_status,1,Android PowerManager status
naive,2:72,sample_cpu0_freq,1900,MHz
naive,2:72,sample_cpu1_freq,1900,MHz
naive,2:72,sample_cpu2_freq,1900,MHz
naive,2:72,sample_cpu3_freq,1900,MHz
naive,2:72,sample_cpu4_freq,2500,MHz
naive,2:72,sample_cpu5_freq,2500,MHz
naive,2:72,sample_cpu6_freq,2500,MHz
naive,2:72,sample_cpu7_freq,2500,MHz
naive,2:73,sample_elapsed,11321,ms
naive,2:73,sample_power,1.752,W
naive,2:73,sample_process_cpu,462.025,% one core
naive,2:73,sample_free_ram,1.270,GiB
naive,2:73,sample_battery_temp,35.000,C
naive,2:73,sample_thermal_status,1,Android PowerManager status
naive,2:73,sample_cpu0_freq,1900,MHz
naive,2:73,sample_cpu1_freq,1900,MHz
naive,2:73,sample_cpu2_freq,1900,MHz
naive,2:73,sample_cpu3_freq,1900,MHz
naive,2:73,sample_cpu4_freq,2500,MHz
naive,2:73,sample_cpu5_freq,2500,MHz
naive,2:73,sample_cpu6_freq,2500,MHz
naive,2:73,sample_cpu7_freq,2500,MHz
naive,2:74,sample_elapsed,11484,ms
naive,2:74,sample_power,1.752,W
naive,2:74,sample_process_cpu,460.736,% one core
naive,2:74,sample_free_ram,1.270,GiB
naive,2:74,sample_battery_temp,35.000,C
naive,2:74,sample_thermal_status,1,Android PowerManager status
naive,2:74,sample_cpu0_freq,1900,MHz
naive,2:74,sample_cpu1_freq,1900,MHz
naive,2:74,sample_cpu2_freq,1900,MHz
naive,2:74,sample_cpu3_freq,1900,MHz
naive,2:74,sample_cpu4_freq,2500,MHz
naive,2:74,sample_cpu5_freq,2500,MHz
naive,2:74,sample_cpu6_freq,2500,MHz
naive,2:74,sample_cpu7_freq,2500,MHz
naive,2:75,sample_elapsed,11639,ms
naive,2:75,sample_power,1.752,W
naive,2:75,sample_process_cpu,460.000,% one core
naive,2:75,sample_free_ram,1.270,GiB
naive,2:75,sample_battery_temp,35.000,C
naive,2:75,sample_thermal_status,1,Android PowerManager status
naive,2:75,sample_cpu0_freq,900,MHz
naive,2:75,sample_cpu1_freq,1400,MHz
naive,2:75,sample_cpu2_freq,1400,MHz
naive,2:75,sample_cpu3_freq,1400,MHz
naive,2:75,sample_cpu4_freq,2500,MHz
naive,2:75,sample_cpu5_freq,2500,MHz
naive,2:75,sample_cpu6_freq,2500,MHz
naive,2:75,sample_cpu7_freq,2500,MHz
naive,2:76,sample_elapsed,11798,ms
naive,2:76,sample_power,2.096,W
naive,2:76,sample_process_cpu,469.182,% one core
naive,2:76,sample_free_ram,1.270,GiB
naive,2:76,sample_battery_temp,35.000,C
naive,2:76,sample_thermal_status,1,Android PowerManager status
naive,2:76,sample_cpu0_freq,1900,MHz
naive,2:76,sample_cpu1_freq,1900,MHz
naive,2:76,sample_cpu2_freq,1900,MHz
naive,2:76,sample_cpu3_freq,1900,MHz
naive,2:76,sample_cpu4_freq,2500,MHz
naive,2:76,sample_cpu5_freq,2500,MHz
naive,2:76,sample_cpu6_freq,2500,MHz
naive,2:76,sample_cpu7_freq,2500,MHz
naive,2:77,sample_elapsed,11954,ms
naive,2:77,sample_power,2.096,W
naive,2:77,sample_process_cpu,464.744,% one core
naive,2:77,sample_free_ram,1.270,GiB
naive,2:77,sample_battery_temp,35.000,C
naive,2:77,sample_thermal_status,1,Android PowerManager status
naive,2:77,sample_cpu0_freq,1900,MHz
naive,2:77,sample_cpu1_freq,1900,MHz
naive,2:77,sample_cpu2_freq,1900,MHz
naive,2:77,sample_cpu3_freq,1900,MHz
naive,2:77,sample_cpu4_freq,2500,MHz
naive,2:77,sample_cpu5_freq,2500,MHz
naive,2:77,sample_cpu6_freq,2500,MHz
naive,2:77,sample_cpu7_freq,2500,MHz
naive,2:78,sample_elapsed,12110,ms
naive,2:78,sample_power,2.096,W
naive,2:78,sample_process_cpu,467.308,% one core
naive,2:78,sample_free_ram,1.270,GiB
naive,2:78,sample_battery_temp,35.000,C
naive,2:78,sample_thermal_status,1,Android PowerManager status
naive,2:78,sample_cpu0_freq,1900,MHz
naive,2:78,sample_cpu1_freq,1900,MHz
naive,2:78,sample_cpu2_freq,1900,MHz
naive,2:78,sample_cpu3_freq,1900,MHz
naive,2:78,sample_cpu4_freq,2500,MHz
naive,2:78,sample_cpu5_freq,2500,MHz
naive,2:78,sample_cpu6_freq,2500,MHz
naive,2:78,sample_cpu7_freq,2500,MHz
naive,2:79,sample_elapsed,12273,ms
naive,2:79,sample_power,2.096,W
naive,2:79,sample_process_cpu,466.258,% one core
naive,2:79,sample_free_ram,1.270,GiB
naive,2:79,sample_battery_temp,35.000,C
naive,2:79,sample_thermal_status,1,Android PowerManager status
naive,2:79,sample_cpu0_freq,1900,MHz
naive,2:79,sample_cpu1_freq,1900,MHz
naive,2:79,sample_cpu2_freq,1900,MHz
naive,2:79,sample_cpu3_freq,1900,MHz
naive,2:79,sample_cpu4_freq,2500,MHz
naive,2:79,sample_cpu5_freq,2500,MHz
naive,2:79,sample_cpu6_freq,2500,MHz
naive,2:79,sample_cpu7_freq,2500,MHz
naive,2:80,sample_elapsed,12430,ms
naive,2:80,sample_power,0.909,W
naive,2:80,sample_process_cpu,480.255,% one core
naive,2:80,sample_free_ram,1.270,GiB
naive,2:80,sample_battery_temp,35.000,C
naive,2:80,sample_thermal_status,1,Android PowerManager status
naive,2:80,sample_cpu0_freq,1900,MHz
naive,2:80,sample_cpu1_freq,1900,MHz
naive,2:80,sample_cpu2_freq,1900,MHz
naive,2:80,sample_cpu3_freq,1900,MHz
naive,2:80,sample_cpu4_freq,2500,MHz
naive,2:80,sample_cpu5_freq,2500,MHz
naive,2:80,sample_cpu6_freq,2500,MHz
naive,2:80,sample_cpu7_freq,2500,MHz
naive,2:81,sample_elapsed,12588,ms
naive,2:81,sample_power,0.909,W
naive,2:81,sample_process_cpu,472.152,% one core
naive,2:81,sample_free_ram,1.269,GiB
naive,2:81,sample_battery_temp,35.000,C
naive,2:81,sample_thermal_status,1,Android PowerManager status
naive,2:81,sample_cpu0_freq,1900,MHz
naive,2:81,sample_cpu1_freq,1900,MHz
naive,2:81,sample_cpu2_freq,1900,MHz
naive,2:81,sample_cpu3_freq,500,MHz
naive,2:81,sample_cpu4_freq,2500,MHz
naive,2:81,sample_cpu5_freq,2500,MHz
naive,2:81,sample_cpu6_freq,2500,MHz
naive,2:81,sample_cpu7_freq,2500,MHz
naive,2:82,sample_elapsed,12745,ms
naive,2:82,sample_power,0.909,W
naive,2:82,sample_process_cpu,479.618,% one core
naive,2:82,sample_free_ram,1.269,GiB
naive,2:82,sample_battery_temp,35.000,C
naive,2:82,sample_thermal_status,1,Android PowerManager status
naive,2:82,sample_cpu0_freq,1000,MHz
naive,2:82,sample_cpu1_freq,1000,MHz
naive,2:82,sample_cpu2_freq,1000,MHz
naive,2:82,sample_cpu3_freq,1000,MHz
naive,2:82,sample_cpu4_freq,2500,MHz
naive,2:82,sample_cpu5_freq,2500,MHz
naive,2:82,sample_cpu6_freq,2500,MHz
naive,2:82,sample_cpu7_freq,2500,MHz
naive,2:83,sample_elapsed,12902,ms
naive,2:83,sample_power,1.488,W
naive,2:83,sample_process_cpu,502.548,% one core
naive,2:83,sample_free_ram,1.269,GiB
naive,2:83,sample_battery_temp,35.000,C
naive,2:83,sample_thermal_status,1,Android PowerManager status
naive,2:83,sample_cpu0_freq,1900,MHz
naive,2:83,sample_cpu1_freq,1900,MHz
naive,2:83,sample_cpu2_freq,1900,MHz
naive,2:83,sample_cpu3_freq,1900,MHz
naive,2:83,sample_cpu4_freq,2500,MHz
naive,2:83,sample_cpu5_freq,2500,MHz
naive,2:83,sample_cpu6_freq,2500,MHz
naive,2:83,sample_cpu7_freq,2500,MHz
naive,2:84,sample_elapsed,13069,ms
naive,2:84,sample_power,1.488,W
naive,2:84,sample_process_cpu,429.341,% one core
naive,2:84,sample_free_ram,1.269,GiB
naive,2:84,sample_battery_temp,35.000,C
naive,2:84,sample_thermal_status,1,Android PowerManager status
naive,2:84,sample_cpu0_freq,1900,MHz
naive,2:84,sample_cpu1_freq,1900,MHz
naive,2:84,sample_cpu2_freq,1900,MHz
naive,2:84,sample_cpu3_freq,1900,MHz
naive,2:84,sample_cpu4_freq,2500,MHz
naive,2:84,sample_cpu5_freq,2500,MHz
naive,2:84,sample_cpu6_freq,2500,MHz
naive,2:84,sample_cpu7_freq,2500,MHz
naive,2:85,sample_elapsed,13223,ms
naive,2:85,sample_power,1.488,W
naive,2:85,sample_process_cpu,463.636,% one core
naive,2:85,sample_free_ram,1.269,GiB
naive,2:85,sample_battery_temp,35.000,C
naive,2:85,sample_thermal_status,1,Android PowerManager status
naive,2:85,sample_cpu0_freq,1400,MHz
naive,2:85,sample_cpu1_freq,1400,MHz
naive,2:85,sample_cpu2_freq,700,MHz
naive,2:85,sample_cpu3_freq,1300,MHz
naive,2:85,sample_cpu4_freq,2500,MHz
naive,2:85,sample_cpu5_freq,2500,MHz
naive,2:85,sample_cpu6_freq,2500,MHz
naive,2:85,sample_cpu7_freq,2500,MHz
naive,2:86,sample_elapsed,13378,ms
naive,2:86,sample_power,1.488,W
naive,2:86,sample_process_cpu,467.742,% one core
naive,2:86,sample_free_ram,1.269,GiB
naive,2:86,sample_battery_temp,35.000,C
naive,2:86,sample_thermal_status,1,Android PowerManager status
naive,2:86,sample_cpu0_freq,1900,MHz
naive,2:86,sample_cpu1_freq,1900,MHz
naive,2:86,sample_cpu2_freq,1900,MHz
naive,2:86,sample_cpu3_freq,1900,MHz
naive,2:86,sample_cpu4_freq,2500,MHz
naive,2:86,sample_cpu5_freq,2500,MHz
naive,2:86,sample_cpu6_freq,2500,MHz
naive,2:86,sample_cpu7_freq,2500,MHz
naive,2:87,sample_elapsed,13532,ms
naive,2:87,sample_power,1.584,W
naive,2:87,sample_process_cpu,475.325,% one core
naive,2:87,sample_free_ram,1.269,GiB
naive,2:87,sample_battery_temp,35.000,C
naive,2:87,sample_thermal_status,1,Android PowerManager status
naive,2:87,sample_cpu0_freq,1900,MHz
naive,2:87,sample_cpu1_freq,1900,MHz
naive,2:87,sample_cpu2_freq,1900,MHz
naive,2:87,sample_cpu3_freq,600,MHz
naive,2:87,sample_cpu4_freq,2500,MHz
naive,2:87,sample_cpu5_freq,2500,MHz
naive,2:87,sample_cpu6_freq,2500,MHz
naive,2:87,sample_cpu7_freq,2500,MHz
naive,2:88,sample_elapsed,13688,ms
naive,2:88,sample_power,1.584,W
naive,2:88,sample_process_cpu,455.769,% one core
naive,2:88,sample_free_ram,1.269,GiB
naive,2:88,sample_battery_temp,35.000,C
naive,2:88,sample_thermal_status,1,Android PowerManager status
naive,2:88,sample_cpu0_freq,1900,MHz
naive,2:88,sample_cpu1_freq,1900,MHz
naive,2:88,sample_cpu2_freq,1900,MHz
naive,2:88,sample_cpu3_freq,1900,MHz
naive,2:88,sample_cpu4_freq,2500,MHz
naive,2:88,sample_cpu5_freq,2500,MHz
naive,2:88,sample_cpu6_freq,2500,MHz
naive,2:88,sample_cpu7_freq,2500,MHz
naive,2:89,sample_elapsed,13843,ms
naive,2:89,sample_power,1.584,W
naive,2:89,sample_process_cpu,465.161,% one core
naive,2:89,sample_free_ram,1.268,GiB
naive,2:89,sample_battery_temp,35.000,C
naive,2:89,sample_thermal_status,1,Android PowerManager status
naive,2:89,sample_cpu0_freq,900,MHz
naive,2:89,sample_cpu1_freq,900,MHz
naive,2:89,sample_cpu2_freq,900,MHz
naive,2:89,sample_cpu3_freq,1800,MHz
naive,2:89,sample_cpu4_freq,2500,MHz
naive,2:89,sample_cpu5_freq,2500,MHz
naive,2:89,sample_cpu6_freq,2500,MHz
naive,2:89,sample_cpu7_freq,2500,MHz
naive,2:90,sample_elapsed,13998,ms
naive,2:90,sample_power,1.252,W
naive,2:90,sample_process_cpu,457.419,% one core
naive,2:90,sample_free_ram,1.268,GiB
naive,2:90,sample_battery_temp,35.000,C
naive,2:90,sample_thermal_status,1,Android PowerManager status
naive,2:90,sample_cpu0_freq,1900,MHz
naive,2:90,sample_cpu1_freq,1900,MHz
naive,2:90,sample_cpu2_freq,1900,MHz
naive,2:90,sample_cpu3_freq,1900,MHz
naive,2:90,sample_cpu4_freq,2500,MHz
naive,2:90,sample_cpu5_freq,2500,MHz
naive,2:90,sample_cpu6_freq,2500,MHz
naive,2:90,sample_cpu7_freq,2500,MHz
naive,2:91,sample_elapsed,14154,ms
naive,2:91,sample_power,1.252,W
naive,2:91,sample_process_cpu,458.974,% one core
naive,2:91,sample_free_ram,1.268,GiB
naive,2:91,sample_battery_temp,35.000,C
naive,2:91,sample_thermal_status,1,Android PowerManager status
naive,2:91,sample_cpu0_freq,1300,MHz
naive,2:91,sample_cpu1_freq,1300,MHz
naive,2:91,sample_cpu2_freq,1300,MHz
naive,2:91,sample_cpu3_freq,1300,MHz
naive,2:91,sample_cpu4_freq,2500,MHz
naive,2:91,sample_cpu5_freq,2500,MHz
naive,2:91,sample_cpu6_freq,2500,MHz
naive,2:91,sample_cpu7_freq,2500,MHz
naive,2:92,sample_elapsed,14308,ms
naive,2:92,sample_power,1.252,W
naive,2:92,sample_process_cpu,470.130,% one core
naive,2:92,sample_free_ram,1.268,GiB
naive,2:92,sample_battery_temp,35.000,C
naive,2:92,sample_thermal_status,1,Android PowerManager status
naive,2:92,sample_cpu0_freq,1900,MHz
naive,2:92,sample_cpu1_freq,1900,MHz
naive,2:92,sample_cpu2_freq,1900,MHz
naive,2:92,sample_cpu3_freq,1900,MHz
naive,2:92,sample_cpu4_freq,2500,MHz
naive,2:92,sample_cpu5_freq,2500,MHz
naive,2:92,sample_cpu6_freq,2500,MHz
naive,2:92,sample_cpu7_freq,2500,MHz
naive,2:93,sample_elapsed,14465,ms
naive,2:93,sample_power,1.421,W
naive,2:93,sample_process_cpu,476.433,% one core
naive,2:93,sample_free_ram,1.268,GiB
naive,2:93,sample_battery_temp,35.000,C
naive,2:93,sample_thermal_status,1,Android PowerManager status
naive,2:93,sample_cpu0_freq,1900,MHz
naive,2:93,sample_cpu1_freq,1900,MHz
naive,2:93,sample_cpu2_freq,1900,MHz
naive,2:93,sample_cpu3_freq,1900,MHz
naive,2:93,sample_cpu4_freq,2500,MHz
naive,2:93,sample_cpu5_freq,2500,MHz
naive,2:93,sample_cpu6_freq,2500,MHz
naive,2:93,sample_cpu7_freq,2500,MHz
naive,2:94,sample_elapsed,14623,ms
naive,2:94,sample_power,1.421,W
naive,2:94,sample_process_cpu,464.557,% one core
naive,2:94,sample_free_ram,1.268,GiB
naive,2:94,sample_battery_temp,35.000,C
naive,2:94,sample_thermal_status,1,Android PowerManager status
naive,2:94,sample_cpu0_freq,1900,MHz
naive,2:94,sample_cpu1_freq,1900,MHz
naive,2:94,sample_cpu2_freq,1900,MHz
naive,2:94,sample_cpu3_freq,1900,MHz
naive,2:94,sample_cpu4_freq,2500,MHz
naive,2:94,sample_cpu5_freq,2500,MHz
naive,2:94,sample_cpu6_freq,2500,MHz
naive,2:94,sample_cpu7_freq,2500,MHz
naive,2:95,sample_elapsed,14778,ms
naive,2:95,sample_power,1.421,W
naive,2:95,sample_process_cpu,472.903,% one core
naive,2:95,sample_free_ram,1.268,GiB
naive,2:95,sample_battery_temp,35.000,C
naive,2:95,sample_thermal_status,1,Android PowerManager status
naive,2:95,sample_cpu0_freq,1900,MHz
naive,2:95,sample_cpu1_freq,1900,MHz
naive,2:95,sample_cpu2_freq,1500,MHz
naive,2:95,sample_cpu3_freq,1600,MHz
naive,2:95,sample_cpu4_freq,2500,MHz
naive,2:95,sample_cpu5_freq,2500,MHz
naive,2:95,sample_cpu6_freq,2500,MHz
naive,2:95,sample_cpu7_freq,2500,MHz
naive,2:96,sample_elapsed,14933,ms
naive,2:96,sample_power,1.421,W
naive,2:96,sample_process_cpu,466.452,% one core
naive,2:96,sample_free_ram,1.268,GiB
naive,2:96,sample_battery_temp,35.000,C
naive,2:96,sample_thermal_status,1,Android PowerManager status
naive,2:96,sample_cpu0_freq,1900,MHz
naive,2:96,sample_cpu1_freq,1900,MHz
naive,2:96,sample_cpu2_freq,1900,MHz
naive,2:96,sample_cpu3_freq,1900,MHz
naive,2:96,sample_cpu4_freq,2500,MHz
naive,2:96,sample_cpu5_freq,2500,MHz
naive,2:96,sample_cpu6_freq,2500,MHz
naive,2:96,sample_cpu7_freq,2500,MHz
naive,2:97,sample_elapsed,15089,ms
naive,2:97,sample_power,1.281,W
naive,2:97,sample_process_cpu,462.821,% one core
naive,2:97,sample_free_ram,1.268,GiB
naive,2:97,sample_battery_temp,35.000,C
naive,2:97,sample_thermal_status,1,Android PowerManager status
naive,2:97,sample_cpu0_freq,1900,MHz
naive,2:97,sample_cpu1_freq,1900,MHz
naive,2:97,sample_cpu2_freq,1900,MHz
naive,2:97,sample_cpu3_freq,1900,MHz
naive,2:97,sample_cpu4_freq,2500,MHz
naive,2:97,sample_cpu5_freq,2500,MHz
naive,2:97,sample_cpu6_freq,2500,MHz
naive,2:97,sample_cpu7_freq,2500,MHz
naive,2:98,sample_elapsed,15243,ms
naive,2:98,sample_power,1.281,W
naive,2:98,sample_process_cpu,467.532,% one core
naive,2:98,sample_free_ram,1.267,GiB
naive,2:98,sample_battery_temp,35.000,C
naive,2:98,sample_thermal_status,1,Android PowerManager status
naive,2:98,sample_cpu0_freq,1900,MHz
naive,2:98,sample_cpu1_freq,1900,MHz
naive,2:98,sample_cpu2_freq,1900,MHz
naive,2:98,sample_cpu3_freq,1900,MHz
naive,2:98,sample_cpu4_freq,2500,MHz
naive,2:98,sample_cpu5_freq,2500,MHz
naive,2:98,sample_cpu6_freq,2500,MHz
naive,2:98,sample_cpu7_freq,2500,MHz
naive,2:99,sample_elapsed,15397,ms
naive,2:99,sample_power,1.281,W
naive,2:99,sample_process_cpu,470.130,% one core
naive,2:99,sample_free_ram,1.267,GiB
naive,2:99,sample_battery_temp,35.000,C
naive,2:99,sample_thermal_status,1,Android PowerManager status
naive,2:99,sample_cpu0_freq,500,MHz
naive,2:99,sample_cpu1_freq,500,MHz
naive,2:99,sample_cpu2_freq,500,MHz
naive,2:99,sample_cpu3_freq,500,MHz
naive,2:99,sample_cpu4_freq,2500,MHz
naive,2:99,sample_cpu5_freq,2500,MHz
naive,2:99,sample_cpu6_freq,2500,MHz
naive,2:99,sample_cpu7_freq,2500,MHz
naive,2:100,sample_elapsed,15554,ms
naive,2:100,sample_power,1.281,W
naive,2:100,sample_process_cpu,457.962,% one core
naive,2:100,sample_free_ram,1.266,GiB
naive,2:100,sample_battery_temp,35.000,C
naive,2:100,sample_thermal_status,1,Android PowerManager status
naive,2:100,sample_cpu0_freq,1900,MHz
naive,2:100,sample_cpu1_freq,1900,MHz
naive,2:100,sample_cpu2_freq,1900,MHz
naive,2:100,sample_cpu3_freq,1900,MHz
naive,2:100,sample_cpu4_freq,2500,MHz
naive,2:100,sample_cpu5_freq,2500,MHz
naive,2:100,sample_cpu6_freq,2500,MHz
naive,2:100,sample_cpu7_freq,2500,MHz
naive,2:101,sample_elapsed,15709,ms
naive,2:101,sample_power,1.519,W
naive,2:101,sample_process_cpu,467.097,% one core
naive,2:101,sample_free_ram,1.266,GiB
naive,2:101,sample_battery_temp,35.000,C
naive,2:101,sample_thermal_status,1,Android PowerManager status
naive,2:101,sample_cpu0_freq,1900,MHz
naive,2:101,sample_cpu1_freq,1900,MHz
naive,2:101,sample_cpu2_freq,1900,MHz
naive,2:101,sample_cpu3_freq,1900,MHz
naive,2:101,sample_cpu4_freq,2500,MHz
naive,2:101,sample_cpu5_freq,2500,MHz
naive,2:101,sample_cpu6_freq,2500,MHz
naive,2:101,sample_cpu7_freq,2500,MHz
naive,2:102,sample_elapsed,15865,ms
naive,2:102,sample_power,1.519,W
naive,2:102,sample_process_cpu,463.462,% one core
naive,2:102,sample_free_ram,1.266,GiB
naive,2:102,sample_battery_temp,35.000,C
naive,2:102,sample_thermal_status,1,Android PowerManager status
naive,2:102,sample_cpu0_freq,1900,MHz
naive,2:102,sample_cpu1_freq,1900,MHz
naive,2:102,sample_cpu2_freq,1900,MHz
naive,2:102,sample_cpu3_freq,1900,MHz
naive,2:102,sample_cpu4_freq,2500,MHz
naive,2:102,sample_cpu5_freq,2500,MHz
naive,2:102,sample_cpu6_freq,2500,MHz
naive,2:102,sample_cpu7_freq,2500,MHz
naive,2:103,sample_elapsed,16021,ms
naive,2:103,sample_power,1.519,W
naive,2:103,sample_process_cpu,470.513,% one core
naive,2:103,sample_free_ram,1.266,GiB
naive,2:103,sample_battery_temp,35.000,C
naive,2:103,sample_thermal_status,1,Android PowerManager status
naive,2:103,sample_cpu0_freq,1900,MHz
naive,2:103,sample_cpu1_freq,1900,MHz
naive,2:103,sample_cpu2_freq,1900,MHz
naive,2:103,sample_cpu3_freq,1900,MHz
naive,2:103,sample_cpu4_freq,2500,MHz
naive,2:103,sample_cpu5_freq,2500,MHz
naive,2:103,sample_cpu6_freq,2500,MHz
naive,2:103,sample_cpu7_freq,2500,MHz
naive,2:104,sample_elapsed,16179,ms
naive,2:104,sample_power,0.678,W
naive,2:104,sample_process_cpu,471.519,% one core
naive,2:104,sample_free_ram,1.266,GiB
naive,2:104,sample_battery_temp,35.000,C
naive,2:104,sample_thermal_status,1,Android PowerManager status
naive,2:104,sample_cpu0_freq,1900,MHz
naive,2:104,sample_cpu1_freq,1900,MHz
naive,2:104,sample_cpu2_freq,1900,MHz
naive,2:104,sample_cpu3_freq,1900,MHz
naive,2:104,sample_cpu4_freq,2500,MHz
naive,2:104,sample_cpu5_freq,2500,MHz
naive,2:104,sample_cpu6_freq,2500,MHz
naive,2:104,sample_cpu7_freq,2500,MHz
naive,2:105,sample_elapsed,16339,ms
naive,2:105,sample_power,0.678,W
naive,2:105,sample_process_cpu,496.250,% one core
naive,2:105,sample_free_ram,1.266,GiB
naive,2:105,sample_battery_temp,35.000,C
naive,2:105,sample_thermal_status,1,Android PowerManager status
naive,2:105,sample_cpu0_freq,1900,MHz
naive,2:105,sample_cpu1_freq,1900,MHz
naive,2:105,sample_cpu2_freq,1900,MHz
naive,2:105,sample_cpu3_freq,1900,MHz
naive,2:105,sample_cpu4_freq,2500,MHz
naive,2:105,sample_cpu5_freq,2500,MHz
naive,2:105,sample_cpu6_freq,2500,MHz
naive,2:105,sample_cpu7_freq,2500,MHz
naive,2:106,sample_elapsed,16511,ms
naive,2:106,sample_power,0.678,W
naive,2:106,sample_process_cpu,461.628,% one core
naive,2:106,sample_free_ram,1.266,GiB
naive,2:106,sample_battery_temp,35.000,C
naive,2:106,sample_thermal_status,1,Android PowerManager status
naive,2:106,sample_cpu0_freq,1000,MHz
naive,2:106,sample_cpu1_freq,1000,MHz
naive,2:106,sample_cpu2_freq,1000,MHz
naive,2:106,sample_cpu3_freq,1000,MHz
naive,2:106,sample_cpu4_freq,2500,MHz
naive,2:106,sample_cpu5_freq,2500,MHz
naive,2:106,sample_cpu6_freq,2500,MHz
naive,2:106,sample_cpu7_freq,2500,MHz
naive,2:107,sample_elapsed,16670,ms
naive,2:107,sample_power,1.738,W
naive,2:107,sample_process_cpu,481.132,% one core
naive,2:107,sample_free_ram,1.266,GiB
naive,2:107,sample_battery_temp,35.000,C
naive,2:107,sample_thermal_status,1,Android PowerManager status
naive,2:107,sample_cpu0_freq,700,MHz
naive,2:107,sample_cpu1_freq,700,MHz
naive,2:107,sample_cpu2_freq,1900,MHz
naive,2:107,sample_cpu3_freq,1900,MHz
naive,2:107,sample_cpu4_freq,2500,MHz
naive,2:107,sample_cpu5_freq,2500,MHz
naive,2:107,sample_cpu6_freq,2500,MHz
naive,2:107,sample_cpu7_freq,2500,MHz
naive,2:108,sample_elapsed,16826,ms
naive,2:108,sample_power,1.738,W
naive,2:108,sample_process_cpu,459.615,% one core
naive,2:108,sample_free_ram,1.266,GiB
naive,2:108,sample_battery_temp,35.000,C
naive,2:108,sample_thermal_status,1,Android PowerManager status
naive,2:108,sample_cpu0_freq,1700,MHz
naive,2:108,sample_cpu1_freq,1700,MHz
naive,2:108,sample_cpu2_freq,1700,MHz
naive,2:108,sample_cpu3_freq,1700,MHz
naive,2:108,sample_cpu4_freq,2500,MHz
naive,2:108,sample_cpu5_freq,2500,MHz
naive,2:108,sample_cpu6_freq,2500,MHz
naive,2:108,sample_cpu7_freq,2500,MHz
naive,2:109,sample_elapsed,16981,ms
naive,2:109,sample_power,1.738,W
naive,2:109,sample_process_cpu,463.871,% one core
naive,2:109,sample_free_ram,1.265,GiB
naive,2:109,sample_battery_temp,35.000,C
naive,2:109,sample_thermal_status,1,Android PowerManager status
naive,2:109,sample_cpu0_freq,1900,MHz
naive,2:109,sample_cpu1_freq,1900,MHz
naive,2:109,sample_cpu2_freq,1900,MHz
naive,2:109,sample_cpu3_freq,1900,MHz
naive,2:109,sample_cpu4_freq,2500,MHz
naive,2:109,sample_cpu5_freq,2500,MHz
naive,2:109,sample_cpu6_freq,2500,MHz
naive,2:109,sample_cpu7_freq,2500,MHz
naive,2:110,sample_elapsed,17136,ms
naive,2:110,sample_power,1.738,W
naive,2:110,sample_process_cpu,467.097,% one core
naive,2:110,sample_free_ram,1.265,GiB
naive,2:110,sample_battery_temp,35.000,C
naive,2:110,sample_thermal_status,1,Android PowerManager status
naive,2:110,sample_cpu0_freq,1100,MHz
naive,2:110,sample_cpu1_freq,800,MHz
naive,2:110,sample_cpu2_freq,800,MHz
naive,2:110,sample_cpu3_freq,800,MHz
naive,2:110,sample_cpu4_freq,2500,MHz
naive,2:110,sample_cpu5_freq,2500,MHz
naive,2:110,sample_cpu6_freq,2500,MHz
naive,2:110,sample_cpu7_freq,2500,MHz
naive,2:111,sample_elapsed,17294,ms
naive,2:111,sample_power,1.329,W
naive,2:111,sample_process_cpu,460.127,% one core
naive,2:111,sample_free_ram,1.265,GiB
naive,2:111,sample_battery_temp,35.000,C
naive,2:111,sample_thermal_status,1,Android PowerManager status
naive,2:111,sample_cpu0_freq,1900,MHz
naive,2:111,sample_cpu1_freq,1900,MHz
naive,2:111,sample_cpu2_freq,1900,MHz
naive,2:111,sample_cpu3_freq,1900,MHz
naive,2:111,sample_cpu4_freq,2500,MHz
naive,2:111,sample_cpu5_freq,2500,MHz
naive,2:111,sample_cpu6_freq,2500,MHz
naive,2:111,sample_cpu7_freq,2500,MHz
naive,2:112,sample_elapsed,17460,ms
naive,2:112,sample_power,1.329,W
naive,2:112,sample_process_cpu,471.084,% one core
naive,2:112,sample_free_ram,1.265,GiB
naive,2:112,sample_battery_temp,35.000,C
naive,2:112,sample_thermal_status,1,Android PowerManager status
naive,2:112,sample_cpu0_freq,1900,MHz
naive,2:112,sample_cpu1_freq,1900,MHz
naive,2:112,sample_cpu2_freq,1900,MHz
naive,2:112,sample_cpu3_freq,1900,MHz
naive,2:112,sample_cpu4_freq,2500,MHz
naive,2:112,sample_cpu5_freq,2500,MHz
naive,2:112,sample_cpu6_freq,2500,MHz
naive,2:112,sample_cpu7_freq,2500,MHz
naive,2:113,sample_elapsed,17616,ms
naive,2:113,sample_power,1.329,W
naive,2:113,sample_process_cpu,460.897,% one core
naive,2:113,sample_free_ram,1.265,GiB
naive,2:113,sample_battery_temp,35.000,C
naive,2:113,sample_thermal_status,1,Android PowerManager status
naive,2:113,sample_cpu0_freq,1700,MHz
naive,2:113,sample_cpu1_freq,1700,MHz
naive,2:113,sample_cpu2_freq,450,MHz
naive,2:113,sample_cpu3_freq,450,MHz
naive,2:113,sample_cpu4_freq,2500,MHz
naive,2:113,sample_cpu5_freq,2500,MHz
naive,2:113,sample_cpu6_freq,2500,MHz
naive,2:113,sample_cpu7_freq,2500,MHz
naive,2:114,sample_elapsed,17770,ms
naive,2:114,sample_power,1.411,W
naive,2:114,sample_process_cpu,477.273,% one core
naive,2:114,sample_free_ram,1.265,GiB
naive,2:114,sample_battery_temp,35.000,C
naive,2:114,sample_thermal_status,1,Android PowerManager status
naive,2:114,sample_cpu0_freq,800,MHz
naive,2:114,sample_cpu1_freq,800,MHz
naive,2:114,sample_cpu2_freq,600,MHz
naive,2:114,sample_cpu3_freq,600,MHz
naive,2:114,sample_cpu4_freq,2500,MHz
naive,2:114,sample_cpu5_freq,2500,MHz
naive,2:114,sample_cpu6_freq,2500,MHz
naive,2:114,sample_cpu7_freq,2500,MHz
naive,2:115,sample_elapsed,17929,ms
naive,2:115,sample_power,1.411,W
naive,2:115,sample_process_cpu,466.038,% one core
naive,2:115,sample_free_ram,1.265,GiB
naive,2:115,sample_battery_temp,35.000,C
naive,2:115,sample_thermal_status,1,Android PowerManager status
naive,2:115,sample_cpu0_freq,700,MHz
naive,2:115,sample_cpu1_freq,700,MHz
naive,2:115,sample_cpu2_freq,700,MHz
naive,2:115,sample_cpu3_freq,700,MHz
naive,2:115,sample_cpu4_freq,2500,MHz
naive,2:115,sample_cpu5_freq,2500,MHz
naive,2:115,sample_cpu6_freq,2500,MHz
naive,2:115,sample_cpu7_freq,2500,MHz
naive,2:116,sample_elapsed,18087,ms
naive,2:116,sample_power,1.411,W
naive,2:116,sample_process_cpu,448.101,% one core
naive,2:116,sample_free_ram,1.265,GiB
naive,2:116,sample_battery_temp,35.000,C
naive,2:116,sample_thermal_status,1,Android PowerManager status
naive,2:116,sample_cpu0_freq,1900,MHz
naive,2:116,sample_cpu1_freq,600,MHz
naive,2:116,sample_cpu2_freq,1900,MHz
naive,2:116,sample_cpu3_freq,1900,MHz
naive,2:116,sample_cpu4_freq,2500,MHz
naive,2:116,sample_cpu5_freq,2500,MHz
naive,2:116,sample_cpu6_freq,2500,MHz
naive,2:116,sample_cpu7_freq,2500,MHz
naive,2:117,sample_elapsed,18245,ms
naive,2:117,sample_power,1.411,W
naive,2:117,sample_process_cpu,467.089,% one core
naive,2:117,sample_free_ram,1.264,GiB
naive,2:117,sample_battery_temp,35.000,C
naive,2:117,sample_thermal_status,1,Android PowerManager status
naive,2:117,sample_cpu0_freq,1900,MHz
naive,2:117,sample_cpu1_freq,1900,MHz
naive,2:117,sample_cpu2_freq,1900,MHz
naive,2:117,sample_cpu3_freq,1900,MHz
naive,2:117,sample_cpu4_freq,2500,MHz
naive,2:117,sample_cpu5_freq,2500,MHz
naive,2:117,sample_cpu6_freq,2500,MHz
naive,2:117,sample_cpu7_freq,2500,MHz
naive,2:118,sample_elapsed,18400,ms
naive,2:118,sample_power,1.313,W
naive,2:118,sample_process_cpu,481.290,% one core
naive,2:118,sample_free_ram,1.264,GiB
naive,2:118,sample_battery_temp,35.000,C
naive,2:118,sample_thermal_status,1,Android PowerManager status
naive,2:118,sample_cpu0_freq,1900,MHz
naive,2:118,sample_cpu1_freq,1900,MHz
naive,2:118,sample_cpu2_freq,1900,MHz
naive,2:118,sample_cpu3_freq,1900,MHz
naive,2:118,sample_cpu4_freq,2500,MHz
naive,2:118,sample_cpu5_freq,2500,MHz
naive,2:118,sample_cpu6_freq,2500,MHz
naive,2:118,sample_cpu7_freq,2500,MHz
naive,2:119,sample_elapsed,18566,ms
naive,2:119,sample_power,1.313,W
naive,2:119,sample_process_cpu,461.446,% one core
naive,2:119,sample_free_ram,1.264,GiB
naive,2:119,sample_battery_temp,35.000,C
naive,2:119,sample_thermal_status,1,Android PowerManager status
naive,2:119,sample_cpu0_freq,1900,MHz
naive,2:119,sample_cpu1_freq,1900,MHz
naive,2:119,sample_cpu2_freq,1900,MHz
naive,2:119,sample_cpu3_freq,1900,MHz
naive,2:119,sample_cpu4_freq,2500,MHz
naive,2:119,sample_cpu5_freq,2500,MHz
naive,2:119,sample_cpu6_freq,2500,MHz
naive,2:119,sample_cpu7_freq,2500,MHz
naive,2:120,sample_elapsed,18723,ms
naive,2:120,sample_power,1.313,W
naive,2:120,sample_process_cpu,473.885,% one core
naive,2:120,sample_free_ram,1.264,GiB
naive,2:120,sample_battery_temp,35.000,C
naive,2:120,sample_thermal_status,1,Android PowerManager status
naive,2:120,sample_cpu0_freq,1900,MHz
naive,2:120,sample_cpu1_freq,1900,MHz
naive,2:120,sample_cpu2_freq,1900,MHz
naive,2:120,sample_cpu3_freq,1900,MHz
naive,2:120,sample_cpu4_freq,2500,MHz
naive,2:120,sample_cpu5_freq,2500,MHz
naive,2:120,sample_cpu6_freq,2500,MHz
naive,2:120,sample_cpu7_freq,2500,MHz
naive,2:121,sample_elapsed,18880,ms
naive,2:121,sample_power,1.171,W
naive,2:121,sample_process_cpu,487.898,% one core
naive,2:121,sample_free_ram,1.264,GiB
naive,2:121,sample_battery_temp,35.000,C
naive,2:121,sample_thermal_status,1,Android PowerManager status
naive,2:121,sample_cpu0_freq,1900,MHz
naive,2:121,sample_cpu1_freq,1900,MHz
naive,2:121,sample_cpu2_freq,1900,MHz
naive,2:121,sample_cpu3_freq,1900,MHz
naive,2:121,sample_cpu4_freq,2500,MHz
naive,2:121,sample_cpu5_freq,2500,MHz
naive,2:121,sample_cpu6_freq,2500,MHz
naive,2:121,sample_cpu7_freq,2500,MHz
naive,2:122,sample_elapsed,19046,ms
naive,2:122,sample_power,1.171,W
naive,2:122,sample_process_cpu,442.169,% one core
naive,2:122,sample_free_ram,1.264,GiB
naive,2:122,sample_battery_temp,35.000,C
naive,2:122,sample_thermal_status,1,Android PowerManager status
naive,2:122,sample_cpu0_freq,1900,MHz
naive,2:122,sample_cpu1_freq,1900,MHz
naive,2:122,sample_cpu2_freq,1900,MHz
naive,2:122,sample_cpu3_freq,1900,MHz
naive,2:122,sample_cpu4_freq,2500,MHz
naive,2:122,sample_cpu5_freq,2500,MHz
naive,2:122,sample_cpu6_freq,2500,MHz
naive,2:122,sample_cpu7_freq,2500,MHz
naive,2:123,sample_elapsed,19209,ms
naive,2:123,sample_power,1.171,W
naive,2:123,sample_process_cpu,465.031,% one core
naive,2:123,sample_free_ram,1.264,GiB
naive,2:123,sample_battery_temp,35.000,C
naive,2:123,sample_thermal_status,1,Android PowerManager status
naive,2:123,sample_cpu0_freq,1900,MHz
naive,2:123,sample_cpu1_freq,1900,MHz
naive,2:123,sample_cpu2_freq,1900,MHz
naive,2:123,sample_cpu3_freq,1900,MHz
naive,2:123,sample_cpu4_freq,2500,MHz
naive,2:123,sample_cpu5_freq,2500,MHz
naive,2:123,sample_cpu6_freq,2500,MHz
naive,2:123,sample_cpu7_freq,2500,MHz
naive,2:124,sample_elapsed,19375,ms
naive,2:124,sample_power,1.248,W
naive,2:124,sample_process_cpu,463.253,% one core
naive,2:124,sample_free_ram,1.263,GiB
naive,2:124,sample_battery_temp,35.000,C
naive,2:124,sample_thermal_status,1,Android PowerManager status
naive,2:124,sample_cpu0_freq,1900,MHz
naive,2:124,sample_cpu1_freq,1900,MHz
naive,2:124,sample_cpu2_freq,1900,MHz
naive,2:124,sample_cpu3_freq,1900,MHz
naive,2:124,sample_cpu4_freq,2500,MHz
naive,2:124,sample_cpu5_freq,2500,MHz
naive,2:124,sample_cpu6_freq,2500,MHz
naive,2:124,sample_cpu7_freq,2500,MHz
naive,2:125,sample_elapsed,19529,ms
naive,2:125,sample_power,1.308,W
naive,2:125,sample_process_cpu,472.727,% one core
naive,2:125,sample_free_ram,1.263,GiB
naive,2:125,sample_battery_temp,35.000,C
naive,2:125,sample_thermal_status,1,Android PowerManager status
naive,2:125,sample_cpu0_freq,1900,MHz
naive,2:125,sample_cpu1_freq,1900,MHz
naive,2:125,sample_cpu2_freq,1900,MHz
naive,2:125,sample_cpu3_freq,1900,MHz
naive,2:125,sample_cpu4_freq,2500,MHz
naive,2:125,sample_cpu5_freq,2500,MHz
naive,2:125,sample_cpu6_freq,2500,MHz
naive,2:125,sample_cpu7_freq,2500,MHz
naive,2:126,sample_elapsed,19696,ms
naive,2:126,sample_power,1.308,W
naive,2:126,sample_process_cpu,463.473,% one core
naive,2:126,sample_free_ram,1.263,GiB
naive,2:126,sample_battery_temp,35.000,C
naive,2:126,sample_thermal_status,1,Android PowerManager status
naive,2:126,sample_cpu0_freq,1000,MHz
naive,2:126,sample_cpu1_freq,1000,MHz
naive,2:126,sample_cpu2_freq,900,MHz
naive,2:126,sample_cpu3_freq,1000,MHz
naive,2:126,sample_cpu4_freq,2500,MHz
naive,2:126,sample_cpu5_freq,2500,MHz
naive,2:126,sample_cpu6_freq,2500,MHz
naive,2:126,sample_cpu7_freq,2500,MHz
naive,2:127,sample_elapsed,19850,ms
naive,2:127,sample_power,1.308,W
naive,2:127,sample_process_cpu,468.182,% one core
naive,2:127,sample_free_ram,1.263,GiB
naive,2:127,sample_battery_temp,35.000,C
naive,2:127,sample_thermal_status,1,Android PowerManager status
naive,2:127,sample_cpu0_freq,1900,MHz
naive,2:127,sample_cpu1_freq,1900,MHz
naive,2:127,sample_cpu2_freq,1900,MHz
naive,2:127,sample_cpu3_freq,1900,MHz
naive,2:127,sample_cpu4_freq,2500,MHz
naive,2:127,sample_cpu5_freq,2500,MHz
naive,2:127,sample_cpu6_freq,2500,MHz
naive,2:127,sample_cpu7_freq,2500,MHz
naive,2:128,sample_elapsed,20005,ms
naive,2:128,sample_power,1.072,W
naive,2:128,sample_process_cpu,473.548,% one core
naive,2:128,sample_free_ram,1.263,GiB
naive,2:128,sample_battery_temp,35.000,C
naive,2:128,sample_thermal_status,1,Android PowerManager status
naive,2:128,sample_cpu0_freq,1900,MHz
naive,2:128,sample_cpu1_freq,1900,MHz
naive,2:128,sample_cpu2_freq,1900,MHz
naive,2:128,sample_cpu3_freq,1900,MHz
naive,2:128,sample_cpu4_freq,2500,MHz
naive,2:128,sample_cpu5_freq,2500,MHz
naive,2:128,sample_cpu6_freq,2500,MHz
naive,2:128,sample_cpu7_freq,2500,MHz
naive,2:129,sample_elapsed,20162,ms
naive,2:129,sample_power,1.072,W
naive,2:129,sample_process_cpu,459.236,% one core
naive,2:129,sample_free_ram,1.263,GiB
naive,2:129,sample_battery_temp,35.000,C
naive,2:129,sample_thermal_status,1,Android PowerManager status
naive,2:129,sample_cpu0_freq,1900,MHz
naive,2:129,sample_cpu1_freq,1000,MHz
naive,2:129,sample_cpu2_freq,1100,MHz
naive,2:129,sample_cpu3_freq,800,MHz
naive,2:129,sample_cpu4_freq,2500,MHz
naive,2:129,sample_cpu5_freq,2500,MHz
naive,2:129,sample_cpu6_freq,2500,MHz
naive,2:129,sample_cpu7_freq,2500,MHz
naive,2:130,sample_elapsed,20318,ms
naive,2:130,sample_power,1.072,W
naive,2:130,sample_process_cpu,463.462,% one core
naive,2:130,sample_free_ram,1.263,GiB
naive,2:130,sample_battery_temp,35.000,C
naive,2:130,sample_thermal_status,1,Android PowerManager status
naive,2:130,sample_cpu0_freq,1900,MHz
naive,2:130,sample_cpu1_freq,1900,MHz
naive,2:130,sample_cpu2_freq,1900,MHz
naive,2:130,sample_cpu3_freq,1900,MHz
naive,2:130,sample_cpu4_freq,2500,MHz
naive,2:130,sample_cpu5_freq,2500,MHz
naive,2:130,sample_cpu6_freq,2500,MHz
naive,2:130,sample_cpu7_freq,2500,MHz
naive,2:131,sample_elapsed,20475,ms
naive,2:131,sample_power,1.281,W
naive,2:131,sample_process_cpu,470.064,% one core
naive,2:131,sample_free_ram,1.262,GiB
naive,2:131,sample_battery_temp,35.000,C
naive,2:131,sample_thermal_status,1,Android PowerManager status
naive,2:131,sample_cpu0_freq,1900,MHz
naive,2:131,sample_cpu1_freq,1900,MHz
naive,2:131,sample_cpu2_freq,1900,MHz
naive,2:131,sample_cpu3_freq,1900,MHz
naive,2:131,sample_cpu4_freq,2500,MHz
naive,2:131,sample_cpu5_freq,2500,MHz
naive,2:131,sample_cpu6_freq,2500,MHz
naive,2:131,sample_cpu7_freq,2500,MHz
naive,2:132,sample_elapsed,20632,ms
naive,2:132,sample_power,1.281,W
naive,2:132,sample_process_cpu,459.236,% one core
naive,2:132,sample_free_ram,1.262,GiB
naive,2:132,sample_battery_temp,35.000,C
naive,2:132,sample_thermal_status,1,Android PowerManager status
naive,2:132,sample_cpu0_freq,600,MHz
naive,2:132,sample_cpu1_freq,600,MHz
naive,2:132,sample_cpu2_freq,600,MHz
naive,2:132,sample_cpu3_freq,600,MHz
naive,2:132,sample_cpu4_freq,2500,MHz
naive,2:132,sample_cpu5_freq,2500,MHz
naive,2:132,sample_cpu6_freq,2500,MHz
naive,2:132,sample_cpu7_freq,2500,MHz
naive,2:133,sample_elapsed,20786,ms
naive,2:133,sample_power,1.281,W
naive,2:133,sample_process_cpu,471.429,% one core
naive,2:133,sample_free_ram,1.262,GiB
naive,2:133,sample_battery_temp,35.000,C
naive,2:133,sample_thermal_status,1,Android PowerManager status
naive,2:133,sample_cpu0_freq,1900,MHz
naive,2:133,sample_cpu1_freq,1900,MHz
naive,2:133,sample_cpu2_freq,1900,MHz
naive,2:133,sample_cpu3_freq,1900,MHz
naive,2:133,sample_cpu4_freq,2500,MHz
naive,2:133,sample_cpu5_freq,2500,MHz
naive,2:133,sample_cpu6_freq,2500,MHz
naive,2:133,sample_cpu7_freq,2500,MHz
naive,2:134,sample_elapsed,20941,ms
naive,2:134,sample_power,0.969,W
naive,2:134,sample_process_cpu,478.065,% one core
naive,2:134,sample_free_ram,1.262,GiB
naive,2:134,sample_battery_temp,35.000,C
naive,2:134,sample_thermal_status,1,Android PowerManager status
naive,2:134,sample_cpu0_freq,1900,MHz
naive,2:134,sample_cpu1_freq,1900,MHz
naive,2:134,sample_cpu2_freq,1900,MHz
naive,2:134,sample_cpu3_freq,1900,MHz
naive,2:134,sample_cpu4_freq,2500,MHz
naive,2:134,sample_cpu5_freq,2500,MHz
naive,2:134,sample_cpu6_freq,2500,MHz
naive,2:134,sample_cpu7_freq,2500,MHz
naive,2:135,sample_elapsed,21099,ms
naive,2:135,sample_power,0.969,W
naive,2:135,sample_process_cpu,471.519,% one core
naive,2:135,sample_free_ram,1.262,GiB
naive,2:135,sample_battery_temp,35.000,C
naive,2:135,sample_thermal_status,1,Android PowerManager status
naive,2:135,sample_cpu0_freq,1900,MHz
naive,2:135,sample_cpu1_freq,1900,MHz
naive,2:135,sample_cpu2_freq,1900,MHz
naive,2:135,sample_cpu3_freq,1900,MHz
naive,2:135,sample_cpu4_freq,2500,MHz
naive,2:135,sample_cpu5_freq,2500,MHz
naive,2:135,sample_cpu6_freq,2500,MHz
naive,2:135,sample_cpu7_freq,2500,MHz
naive,2:136,sample_elapsed,21267,ms
naive,2:136,sample_power,0.969,W
naive,2:136,sample_process_cpu,475.595,% one core
naive,2:136,sample_free_ram,1.262,GiB
naive,2:136,sample_battery_temp,35.000,C
naive,2:136,sample_thermal_status,1,Android PowerManager status
naive,2:136,sample_cpu0_freq,1900,MHz
naive,2:136,sample_cpu1_freq,1900,MHz
naive,2:136,sample_cpu2_freq,1900,MHz
naive,2:136,sample_cpu3_freq,1900,MHz
naive,2:136,sample_cpu4_freq,2500,MHz
naive,2:136,sample_cpu5_freq,2500,MHz
naive,2:136,sample_cpu6_freq,2500,MHz
naive,2:136,sample_cpu7_freq,2500,MHz
naive,2:137,sample_elapsed,21421,ms
naive,2:137,sample_power,0.969,W
naive,2:137,sample_process_cpu,478.571,% one core
naive,2:137,sample_free_ram,1.262,GiB
naive,2:137,sample_battery_temp,35.000,C
naive,2:137,sample_thermal_status,1,Android PowerManager status
naive,2:137,sample_cpu0_freq,1900,MHz
naive,2:137,sample_cpu1_freq,1900,MHz
naive,2:137,sample_cpu2_freq,1900,MHz
naive,2:137,sample_cpu3_freq,1900,MHz
naive,2:137,sample_cpu4_freq,2500,MHz
naive,2:137,sample_cpu5_freq,2500,MHz
naive,2:137,sample_cpu6_freq,2500,MHz
naive,2:137,sample_cpu7_freq,2500,MHz
naive,2:138,sample_elapsed,21575,ms
naive,2:138,sample_power,0.940,W
naive,2:138,sample_process_cpu,492.857,% one core
naive,2:138,sample_free_ram,1.262,GiB
naive,2:138,sample_battery_temp,35.000,C
naive,2:138,sample_thermal_status,1,Android PowerManager status
naive,2:138,sample_cpu0_freq,1500,MHz
naive,2:138,sample_cpu1_freq,1900,MHz
naive,2:138,sample_cpu2_freq,1900,MHz
naive,2:138,sample_cpu3_freq,1900,MHz
naive,2:138,sample_cpu4_freq,2500,MHz
naive,2:138,sample_cpu5_freq,2500,MHz
naive,2:138,sample_cpu6_freq,2500,MHz
naive,2:138,sample_cpu7_freq,2500,MHz
naive,2:139,sample_elapsed,21736,ms
naive,2:139,sample_power,0.940,W
naive,2:139,sample_process_cpu,459.006,% one core
naive,2:139,sample_free_ram,1.260,GiB
naive,2:139,sample_battery_temp,35.000,C
naive,2:139,sample_thermal_status,1,Android PowerManager status
naive,2:139,sample_cpu0_freq,1900,MHz
naive,2:139,sample_cpu1_freq,1900,MHz
naive,2:139,sample_cpu2_freq,1900,MHz
naive,2:139,sample_cpu3_freq,1900,MHz
naive,2:139,sample_cpu4_freq,2500,MHz
naive,2:139,sample_cpu5_freq,2500,MHz
naive,2:139,sample_cpu6_freq,2500,MHz
naive,2:139,sample_cpu7_freq,2500,MHz
naive,2:140,sample_elapsed,21892,ms
naive,2:140,sample_power,0.940,W
naive,2:140,sample_process_cpu,474.359,% one core
naive,2:140,sample_free_ram,1.259,GiB
naive,2:140,sample_battery_temp,35.000,C
naive,2:140,sample_thermal_status,1,Android PowerManager status
naive,2:140,sample_cpu0_freq,1900,MHz
naive,2:140,sample_cpu1_freq,1900,MHz
naive,2:140,sample_cpu2_freq,1900,MHz
naive,2:140,sample_cpu3_freq,1900,MHz
naive,2:140,sample_cpu4_freq,2500,MHz
naive,2:140,sample_cpu5_freq,2500,MHz
naive,2:140,sample_cpu6_freq,2500,MHz
naive,2:140,sample_cpu7_freq,2500,MHz
naive,2:141,sample_elapsed,22046,ms
naive,2:141,sample_power,1.067,W
naive,2:141,sample_process_cpu,469.481,% one core
naive,2:141,sample_free_ram,1.259,GiB
naive,2:141,sample_battery_temp,35.000,C
naive,2:141,sample_thermal_status,1,Android PowerManager status
naive,2:141,sample_cpu0_freq,800,MHz
naive,2:141,sample_cpu1_freq,700,MHz
naive,2:141,sample_cpu2_freq,1900,MHz
naive,2:141,sample_cpu3_freq,1900,MHz
naive,2:141,sample_cpu4_freq,2500,MHz
naive,2:141,sample_cpu5_freq,2500,MHz
naive,2:141,sample_cpu6_freq,2500,MHz
naive,2:141,sample_cpu7_freq,2500,MHz
naive,2:142,sample_elapsed,22204,ms
naive,2:142,sample_power,1.067,W
naive,2:142,sample_process_cpu,467.722,% one core
naive,2:142,sample_free_ram,1.259,GiB
naive,2:142,sample_battery_temp,35.000,C
naive,2:142,sample_thermal_status,1,Android PowerManager status
naive,2:142,sample_cpu0_freq,900,MHz
naive,2:142,sample_cpu1_freq,900,MHz
naive,2:142,sample_cpu2_freq,1700,MHz
naive,2:142,sample_cpu3_freq,1700,MHz
naive,2:142,sample_cpu4_freq,2500,MHz
naive,2:142,sample_cpu5_freq,2500,MHz
naive,2:142,sample_cpu6_freq,2500,MHz
naive,2:142,sample_cpu7_freq,2500,MHz
naive,2:143,sample_elapsed,22362,ms
naive,2:143,sample_power,1.067,W
naive,2:143,sample_process_cpu,479.114,% one core
naive,2:143,sample_free_ram,1.259,GiB
naive,2:143,sample_battery_temp,35.000,C
naive,2:143,sample_thermal_status,1,Android PowerManager status
naive,2:143,sample_cpu0_freq,1900,MHz
naive,2:143,sample_cpu1_freq,1900,MHz
naive,2:143,sample_cpu2_freq,1900,MHz
naive,2:143,sample_cpu3_freq,1900,MHz
naive,2:143,sample_cpu4_freq,2500,MHz
naive,2:143,sample_cpu5_freq,2500,MHz
naive,2:143,sample_cpu6_freq,2500,MHz
naive,2:143,sample_cpu7_freq,2500,MHz
naive,2:144,sample_elapsed,22517,ms
naive,2:144,sample_power,1.067,W
naive,2:144,sample_process_cpu,464.516,% one core
naive,2:144,sample_free_ram,1.259,GiB
naive,2:144,sample_battery_temp,35.000,C
naive,2:144,sample_thermal_status,1,Android PowerManager status
naive,2:144,sample_cpu0_freq,1900,MHz
naive,2:144,sample_cpu1_freq,1900,MHz
naive,2:144,sample_cpu2_freq,1900,MHz
naive,2:144,sample_cpu3_freq,1900,MHz
naive,2:144,sample_cpu4_freq,2500,MHz
naive,2:144,sample_cpu5_freq,2500,MHz
naive,2:144,sample_cpu6_freq,2500,MHz
naive,2:144,sample_cpu7_freq,2500,MHz
naive,2:145,sample_elapsed,22672,ms
naive,2:145,sample_power,1.127,W
naive,2:145,sample_process_cpu,466.452,% one core
naive,2:145,sample_free_ram,1.259,GiB
naive,2:145,sample_battery_temp,35.000,C
naive,2:145,sample_thermal_status,1,Android PowerManager status
naive,2:145,sample_cpu0_freq,1900,MHz
naive,2:145,sample_cpu1_freq,1900,MHz
naive,2:145,sample_cpu2_freq,1900,MHz
naive,2:145,sample_cpu3_freq,1900,MHz
naive,2:145,sample_cpu4_freq,2500,MHz
naive,2:145,sample_cpu5_freq,2500,MHz
naive,2:145,sample_cpu6_freq,2500,MHz
naive,2:145,sample_cpu7_freq,2500,MHz
naive,2:146,sample_elapsed,22828,ms
naive,2:146,sample_power,1.127,W
naive,2:146,sample_process_cpu,475.000,% one core
naive,2:146,sample_free_ram,1.259,GiB
naive,2:146,sample_battery_temp,35.000,C
naive,2:146,sample_thermal_status,1,Android PowerManager status
naive,2:146,sample_cpu0_freq,1900,MHz
naive,2:146,sample_cpu1_freq,1900,MHz
naive,2:146,sample_cpu2_freq,1900,MHz
naive,2:146,sample_cpu3_freq,1900,MHz
naive,2:146,sample_cpu4_freq,2500,MHz
naive,2:146,sample_cpu5_freq,2500,MHz
naive,2:146,sample_cpu6_freq,2500,MHz
naive,2:146,sample_cpu7_freq,2500,MHz
naive,2:147,sample_elapsed,22985,ms
naive,2:147,sample_power,1.127,W
naive,2:147,sample_process_cpu,476.433,% one core
naive,2:147,sample_free_ram,1.259,GiB
naive,2:147,sample_battery_temp,35.000,C
naive,2:147,sample_thermal_status,1,Android PowerManager status
naive,2:147,sample_cpu0_freq,1900,MHz
naive,2:147,sample_cpu1_freq,1900,MHz
naive,2:147,sample_cpu2_freq,1900,MHz
naive,2:147,sample_cpu3_freq,1900,MHz
naive,2:147,sample_cpu4_freq,2500,MHz
naive,2:147,sample_cpu5_freq,2500,MHz
naive,2:147,sample_cpu6_freq,2500,MHz
naive,2:147,sample_cpu7_freq,2500,MHz
naive,3,pp,99.000,tok/s
naive,3,tg,7.740,tok/s
naive,3,power,1.065,W
naive,3,tok_per_w,7.269,tok/W
naive,3,ttft_pp512_derived,5300.916,ms
naive,3,start_temp,36.000,C
naive,3,average_process_cpu,468.522,% one core
naive,3,minimum_free_ram,1.221,GiB
naive,3,peak_battery_temp,36.000,C
naive,3,peak_thermal_status,1,Android PowerManager status
naive,3:1,sample_elapsed,1,ms
naive,3:1,sample_power,4.480,W
naive,3:1,sample_process_cpu,1100.000,% one core
naive,3:1,sample_free_ram,1.331,GiB
naive,3:1,sample_battery_temp,36.000,C
naive,3:1,sample_thermal_status,1,Android PowerManager status
naive,3:1,sample_cpu0_freq,900,MHz
naive,3:1,sample_cpu1_freq,900,MHz
naive,3:1,sample_cpu2_freq,900,MHz
naive,3:1,sample_cpu3_freq,900,MHz
naive,3:1,sample_cpu4_freq,700,MHz
naive,3:1,sample_cpu5_freq,700,MHz
naive,3:1,sample_cpu6_freq,600,MHz
naive,3:1,sample_cpu7_freq,700,MHz
naive,3:2,sample_elapsed,163,ms
naive,3:2,sample_power,4.480,W
naive,3:2,sample_process_cpu,412.346,% one core
naive,3:2,sample_free_ram,1.300,GiB
naive,3:2,sample_battery_temp,36.000,C
naive,3:2,sample_thermal_status,1,Android PowerManager status
naive,3:2,sample_cpu0_freq,1700,MHz
naive,3:2,sample_cpu1_freq,1700,MHz
naive,3:2,sample_cpu2_freq,1700,MHz
naive,3:2,sample_cpu3_freq,1700,MHz
naive,3:2,sample_cpu4_freq,2500,MHz
naive,3:2,sample_cpu5_freq,2500,MHz
naive,3:2,sample_cpu6_freq,2500,MHz
naive,3:2,sample_cpu7_freq,2500,MHz
naive,3:3,sample_elapsed,318,ms
naive,3:3,sample_power,4.480,W
naive,3:3,sample_process_cpu,459.355,% one core
naive,3:3,sample_free_ram,1.259,GiB
naive,3:3,sample_battery_temp,36.000,C
naive,3:3,sample_thermal_status,1,Android PowerManager status
naive,3:3,sample_cpu0_freq,1400,MHz
naive,3:3,sample_cpu1_freq,1400,MHz
naive,3:3,sample_cpu2_freq,1000,MHz
naive,3:3,sample_cpu3_freq,1000,MHz
naive,3:3,sample_cpu4_freq,2500,MHz
naive,3:3,sample_cpu5_freq,2500,MHz
naive,3:3,sample_cpu6_freq,2500,MHz
naive,3:3,sample_cpu7_freq,2500,MHz
naive,3:4,sample_elapsed,471,ms
naive,3:4,sample_power,1.170,W
naive,3:4,sample_process_cpu,465.359,% one core
naive,3:4,sample_free_ram,1.236,GiB
naive,3:4,sample_battery_temp,36.000,C
naive,3:4,sample_thermal_status,1,Android PowerManager status
naive,3:4,sample_cpu0_freq,1400,MHz
naive,3:4,sample_cpu1_freq,1400,MHz
naive,3:4,sample_cpu2_freq,450,MHz
naive,3:4,sample_cpu3_freq,450,MHz
naive,3:4,sample_cpu4_freq,2500,MHz
naive,3:4,sample_cpu5_freq,2500,MHz
naive,3:4,sample_cpu6_freq,2500,MHz
naive,3:4,sample_cpu7_freq,2500,MHz
naive,3:5,sample_elapsed,630,ms
naive,3:5,sample_power,1.170,W
naive,3:5,sample_process_cpu,462.264,% one core
naive,3:5,sample_free_ram,1.236,GiB
naive,3:5,sample_battery_temp,36.000,C
naive,3:5,sample_thermal_status,1,Android PowerManager status
naive,3:5,sample_cpu0_freq,1300,MHz
naive,3:5,sample_cpu1_freq,1300,MHz
naive,3:5,sample_cpu2_freq,1300,MHz
naive,3:5,sample_cpu3_freq,600,MHz
naive,3:5,sample_cpu4_freq,2500,MHz
naive,3:5,sample_cpu5_freq,2500,MHz
naive,3:5,sample_cpu6_freq,2500,MHz
naive,3:5,sample_cpu7_freq,2500,MHz
naive,3:6,sample_elapsed,790,ms
naive,3:6,sample_power,1.170,W
naive,3:6,sample_process_cpu,457.500,% one core
naive,3:6,sample_free_ram,1.236,GiB
naive,3:6,sample_battery_temp,36.000,C
naive,3:6,sample_thermal_status,1,Android PowerManager status
naive,3:6,sample_cpu0_freq,1900,MHz
naive,3:6,sample_cpu1_freq,1900,MHz
naive,3:6,sample_cpu2_freq,1900,MHz
naive,3:6,sample_cpu3_freq,1900,MHz
naive,3:6,sample_cpu4_freq,2500,MHz
naive,3:6,sample_cpu5_freq,2500,MHz
naive,3:6,sample_cpu6_freq,2500,MHz
naive,3:6,sample_cpu7_freq,2500,MHz
naive,3:7,sample_elapsed,944,ms
naive,3:7,sample_power,1.170,W
naive,3:7,sample_process_cpu,464.935,% one core
naive,3:7,sample_free_ram,1.236,GiB
naive,3:7,sample_battery_temp,36.000,C
naive,3:7,sample_thermal_status,1,Android PowerManager status
naive,3:7,sample_cpu0_freq,1100,MHz
naive,3:7,sample_cpu1_freq,1100,MHz
naive,3:7,sample_cpu2_freq,1200,MHz
naive,3:7,sample_cpu3_freq,1200,MHz
naive,3:7,sample_cpu4_freq,2500,MHz
naive,3:7,sample_cpu5_freq,2500,MHz
naive,3:7,sample_cpu6_freq,2500,MHz
naive,3:7,sample_cpu7_freq,2500,MHz
naive,3:8,sample_elapsed,1098,ms
naive,3:8,sample_power,1.072,W
naive,3:8,sample_process_cpu,463.636,% one core
naive,3:8,sample_free_ram,1.235,GiB
naive,3:8,sample_battery_temp,36.000,C
naive,3:8,sample_thermal_status,1,Android PowerManager status
naive,3:8,sample_cpu0_freq,1900,MHz
naive,3:8,sample_cpu1_freq,1900,MHz
naive,3:8,sample_cpu2_freq,1900,MHz
naive,3:8,sample_cpu3_freq,1900,MHz
naive,3:8,sample_cpu4_freq,2500,MHz
naive,3:8,sample_cpu5_freq,2500,MHz
naive,3:8,sample_cpu6_freq,2500,MHz
naive,3:8,sample_cpu7_freq,2500,MHz
naive,3:9,sample_elapsed,1253,ms
naive,3:9,sample_power,1.072,W
naive,3:9,sample_process_cpu,460.645,% one core
naive,3:9,sample_free_ram,1.235,GiB
naive,3:9,sample_battery_temp,36.000,C
naive,3:9,sample_thermal_status,1,Android PowerManager status
naive,3:9,sample_cpu0_freq,800,MHz
naive,3:9,sample_cpu1_freq,900,MHz
naive,3:9,sample_cpu2_freq,900,MHz
naive,3:9,sample_cpu3_freq,900,MHz
naive,3:9,sample_cpu4_freq,2500,MHz
naive,3:9,sample_cpu5_freq,2500,MHz
naive,3:9,sample_cpu6_freq,2500,MHz
naive,3:9,sample_cpu7_freq,2500,MHz
naive,3:10,sample_elapsed,1408,ms
naive,3:10,sample_power,1.072,W
naive,3:10,sample_process_cpu,461.935,% one core
naive,3:10,sample_free_ram,1.235,GiB
naive,3:10,sample_battery_temp,36.000,C
naive,3:10,sample_thermal_status,1,Android PowerManager status
naive,3:10,sample_cpu0_freq,1000,MHz
naive,3:10,sample_cpu1_freq,900,MHz
naive,3:10,sample_cpu2_freq,900,MHz
naive,3:10,sample_cpu3_freq,900,MHz
naive,3:10,sample_cpu4_freq,2500,MHz
naive,3:10,sample_cpu5_freq,2500,MHz
naive,3:10,sample_cpu6_freq,2500,MHz
naive,3:10,sample_cpu7_freq,2500,MHz
naive,3:11,sample_elapsed,1561,ms
naive,3:11,sample_power,1.086,W
naive,3:11,sample_process_cpu,468.627,% one core
naive,3:11,sample_free_ram,1.235,GiB
naive,3:11,sample_battery_temp,36.000,C
naive,3:11,sample_thermal_status,1,Android PowerManager status
naive,3:11,sample_cpu0_freq,1900,MHz
naive,3:11,sample_cpu1_freq,1900,MHz
naive,3:11,sample_cpu2_freq,1900,MHz
naive,3:11,sample_cpu3_freq,1900,MHz
naive,3:11,sample_cpu4_freq,2500,MHz
naive,3:11,sample_cpu5_freq,2500,MHz
naive,3:11,sample_cpu6_freq,2500,MHz
naive,3:11,sample_cpu7_freq,2500,MHz
naive,3:12,sample_elapsed,1718,ms
naive,3:12,sample_power,1.086,W
naive,3:12,sample_process_cpu,449.045,% one core
naive,3:12,sample_free_ram,1.235,GiB
naive,3:12,sample_battery_temp,36.000,C
naive,3:12,sample_thermal_status,1,Android PowerManager status
naive,3:12,sample_cpu0_freq,1500,MHz
naive,3:12,sample_cpu1_freq,1500,MHz
naive,3:12,sample_cpu2_freq,1900,MHz
naive,3:12,sample_cpu3_freq,1900,MHz
naive,3:12,sample_cpu4_freq,2500,MHz
naive,3:12,sample_cpu5_freq,2500,MHz
naive,3:12,sample_cpu6_freq,2500,MHz
naive,3:12,sample_cpu7_freq,2500,MHz
naive,3:13,sample_elapsed,1874,ms
naive,3:13,sample_power,1.086,W
naive,3:13,sample_process_cpu,501.282,% one core
naive,3:13,sample_free_ram,1.235,GiB
naive,3:13,sample_battery_temp,36.000,C
naive,3:13,sample_thermal_status,1,Android PowerManager status
naive,3:13,sample_cpu0_freq,1600,MHz
naive,3:13,sample_cpu1_freq,1600,MHz
naive,3:13,sample_cpu2_freq,1600,MHz
naive,3:13,sample_cpu3_freq,1600,MHz
naive,3:13,sample_cpu4_freq,2500,MHz
naive,3:13,sample_cpu5_freq,2500,MHz
naive,3:13,sample_cpu6_freq,2500,MHz
naive,3:13,sample_cpu7_freq,2500,MHz
naive,3:14,sample_elapsed,2029,ms
naive,3:14,sample_power,1.086,W
naive,3:14,sample_process_cpu,471.613,% one core
naive,3:14,sample_free_ram,1.235,GiB
naive,3:14,sample_battery_temp,36.000,C
naive,3:14,sample_thermal_status,1,Android PowerManager status
naive,3:14,sample_cpu0_freq,1000,MHz
naive,3:14,sample_cpu1_freq,800,MHz
naive,3:14,sample_cpu2_freq,800,MHz
naive,3:14,sample_cpu3_freq,800,MHz
naive,3:14,sample_cpu4_freq,2500,MHz
naive,3:14,sample_cpu5_freq,2500,MHz
naive,3:14,sample_cpu6_freq,2500,MHz
naive,3:14,sample_cpu7_freq,2500,MHz
naive,3:15,sample_elapsed,2188,ms
naive,3:15,sample_power,1.363,W
naive,3:15,sample_process_cpu,462.893,% one core
naive,3:15,sample_free_ram,1.235,GiB
naive,3:15,sample_battery_temp,36.000,C
naive,3:15,sample_thermal_status,1,Android PowerManager status
naive,3:15,sample_cpu0_freq,700,MHz
naive,3:15,sample_cpu1_freq,1900,MHz
naive,3:15,sample_cpu2_freq,1900,MHz
naive,3:15,sample_cpu3_freq,450,MHz
naive,3:15,sample_cpu4_freq,2500,MHz
naive,3:15,sample_cpu5_freq,2500,MHz
naive,3:15,sample_cpu6_freq,2500,MHz
naive,3:15,sample_cpu7_freq,2500,MHz
naive,3:16,sample_elapsed,2346,ms
naive,3:16,sample_power,1.363,W
naive,3:16,sample_process_cpu,463.291,% one core
naive,3:16,sample_free_ram,1.235,GiB
naive,3:16,sample_battery_temp,36.000,C
naive,3:16,sample_thermal_status,1,Android PowerManager status
naive,3:16,sample_cpu0_freq,1900,MHz
naive,3:16,sample_cpu1_freq,1900,MHz
naive,3:16,sample_cpu2_freq,1900,MHz
naive,3:16,sample_cpu3_freq,1900,MHz
naive,3:16,sample_cpu4_freq,2500,MHz
naive,3:16,sample_cpu5_freq,2500,MHz
naive,3:16,sample_cpu6_freq,2500,MHz
naive,3:16,sample_cpu7_freq,2500,MHz
naive,3:17,sample_elapsed,2504,ms
naive,3:17,sample_power,1.363,W
naive,3:17,sample_process_cpu,466.456,% one core
naive,3:17,sample_free_ram,1.235,GiB
naive,3:17,sample_battery_temp,36.000,C
naive,3:17,sample_thermal_status,1,Android PowerManager status
naive,3:17,sample_cpu0_freq,1400,MHz
naive,3:17,sample_cpu1_freq,1400,MHz
naive,3:17,sample_cpu2_freq,1400,MHz
naive,3:17,sample_cpu3_freq,1400,MHz
naive,3:17,sample_cpu4_freq,2500,MHz
naive,3:17,sample_cpu5_freq,2500,MHz
naive,3:17,sample_cpu6_freq,2500,MHz
naive,3:17,sample_cpu7_freq,2500,MHz
naive,3:18,sample_elapsed,2658,ms
naive,3:18,sample_power,0.892,W
naive,3:18,sample_process_cpu,466.883,% one core
naive,3:18,sample_free_ram,1.235,GiB
naive,3:18,sample_battery_temp,36.000,C
naive,3:18,sample_thermal_status,1,Android PowerManager status
naive,3:18,sample_cpu0_freq,900,MHz
naive,3:18,sample_cpu1_freq,900,MHz
naive,3:18,sample_cpu2_freq,900,MHz
naive,3:18,sample_cpu3_freq,900,MHz
naive,3:18,sample_cpu4_freq,2500,MHz
naive,3:18,sample_cpu5_freq,2500,MHz
naive,3:18,sample_cpu6_freq,2500,MHz
naive,3:18,sample_cpu7_freq,2500,MHz
naive,3:19,sample_elapsed,2812,ms
naive,3:19,sample_power,0.892,W
naive,3:19,sample_process_cpu,462.987,% one core
naive,3:19,sample_free_ram,1.235,GiB
naive,3:19,sample_battery_temp,36.000,C
naive,3:19,sample_thermal_status,1,Android PowerManager status
naive,3:19,sample_cpu0_freq,450,MHz
naive,3:19,sample_cpu1_freq,450,MHz
naive,3:19,sample_cpu2_freq,450,MHz
naive,3:19,sample_cpu3_freq,450,MHz
naive,3:19,sample_cpu4_freq,2500,MHz
naive,3:19,sample_cpu5_freq,2500,MHz
naive,3:19,sample_cpu6_freq,2500,MHz
naive,3:19,sample_cpu7_freq,2500,MHz
naive,3:20,sample_elapsed,2966,ms
naive,3:20,sample_power,0.892,W
naive,3:20,sample_process_cpu,466.883,% one core
naive,3:20,sample_free_ram,1.234,GiB
naive,3:20,sample_battery_temp,36.000,C
naive,3:20,sample_thermal_status,1,Android PowerManager status
naive,3:20,sample_cpu0_freq,1700,MHz
naive,3:20,sample_cpu1_freq,1800,MHz
naive,3:20,sample_cpu2_freq,1200,MHz
naive,3:20,sample_cpu3_freq,900,MHz
naive,3:20,sample_cpu4_freq,2500,MHz
naive,3:20,sample_cpu5_freq,2500,MHz
naive,3:20,sample_cpu6_freq,2500,MHz
naive,3:20,sample_cpu7_freq,2500,MHz
naive,3:21,sample_elapsed,3122,ms
naive,3:21,sample_power,0.892,W
naive,3:21,sample_process_cpu,462.179,% one core
naive,3:21,sample_free_ram,1.234,GiB
naive,3:21,sample_battery_temp,36.000,C
naive,3:21,sample_thermal_status,1,Android PowerManager status
naive,3:21,sample_cpu0_freq,700,MHz
naive,3:21,sample_cpu1_freq,700,MHz
naive,3:21,sample_cpu2_freq,700,MHz
naive,3:21,sample_cpu3_freq,1300,MHz
naive,3:21,sample_cpu4_freq,2500,MHz
naive,3:21,sample_cpu5_freq,2500,MHz
naive,3:21,sample_cpu6_freq,2500,MHz
naive,3:21,sample_cpu7_freq,2500,MHz
naive,3:22,sample_elapsed,3276,ms
naive,3:22,sample_power,1.488,W
naive,3:22,sample_process_cpu,467.532,% one core
naive,3:22,sample_free_ram,1.234,GiB
naive,3:22,sample_battery_temp,36.000,C
naive,3:22,sample_thermal_status,1,Android PowerManager status
naive,3:22,sample_cpu0_freq,1600,MHz
naive,3:22,sample_cpu1_freq,1500,MHz
naive,3:22,sample_cpu2_freq,1500,MHz
naive,3:22,sample_cpu3_freq,1500,MHz
naive,3:22,sample_cpu4_freq,2500,MHz
naive,3:22,sample_cpu5_freq,2500,MHz
naive,3:22,sample_cpu6_freq,2500,MHz
naive,3:22,sample_cpu7_freq,2500,MHz
naive,3:23,sample_elapsed,3431,ms
naive,3:23,sample_power,1.488,W
naive,3:23,sample_process_cpu,463.871,% one core
naive,3:23,sample_free_ram,1.234,GiB
naive,3:23,sample_battery_temp,36.000,C
naive,3:23,sample_thermal_status,1,Android PowerManager status
naive,3:23,sample_cpu0_freq,450,MHz
naive,3:23,sample_cpu1_freq,450,MHz
naive,3:23,sample_cpu2_freq,450,MHz
naive,3:23,sample_cpu3_freq,450,MHz
naive,3:23,sample_cpu4_freq,2500,MHz
naive,3:23,sample_cpu5_freq,2500,MHz
naive,3:23,sample_cpu6_freq,2500,MHz
naive,3:23,sample_cpu7_freq,2500,MHz
naive,3:24,sample_elapsed,3589,ms
naive,3:24,sample_power,1.488,W
naive,3:24,sample_process_cpu,461.392,% one core
naive,3:24,sample_free_ram,1.234,GiB
naive,3:24,sample_battery_temp,36.000,C
naive,3:24,sample_thermal_status,1,Android PowerManager status
naive,3:24,sample_cpu0_freq,1400,MHz
naive,3:24,sample_cpu1_freq,1400,MHz
naive,3:24,sample_cpu2_freq,1400,MHz
naive,3:24,sample_cpu3_freq,1400,MHz
naive,3:24,sample_cpu4_freq,2500,MHz
naive,3:24,sample_cpu5_freq,2500,MHz
naive,3:24,sample_cpu6_freq,2500,MHz
naive,3:24,sample_cpu7_freq,2500,MHz
naive,3:25,sample_elapsed,3743,ms
naive,3:25,sample_power,1.440,W
naive,3:25,sample_process_cpu,462.987,% one core
naive,3:25,sample_free_ram,1.234,GiB
naive,3:25,sample_battery_temp,36.000,C
naive,3:25,sample_thermal_status,1,Android PowerManager status
naive,3:25,sample_cpu0_freq,900,MHz
naive,3:25,sample_cpu1_freq,800,MHz
naive,3:25,sample_cpu2_freq,800,MHz
naive,3:25,sample_cpu3_freq,800,MHz
naive,3:25,sample_cpu4_freq,2500,MHz
naive,3:25,sample_cpu5_freq,2500,MHz
naive,3:25,sample_cpu6_freq,2500,MHz
naive,3:25,sample_cpu7_freq,2500,MHz
naive,3:26,sample_elapsed,3902,ms
naive,3:26,sample_power,1.440,W
naive,3:26,sample_process_cpu,468.553,% one core
naive,3:26,sample_free_ram,1.234,GiB
naive,3:26,sample_battery_temp,36.000,C
naive,3:26,sample_thermal_status,1,Android PowerManager status
naive,3:26,sample_cpu0_freq,1500,MHz
naive,3:26,sample_cpu1_freq,1500,MHz
naive,3:26,sample_cpu2_freq,1700,MHz
naive,3:26,sample_cpu3_freq,1900,MHz
naive,3:26,sample_cpu4_freq,2500,MHz
naive,3:26,sample_cpu5_freq,2500,MHz
naive,3:26,sample_cpu6_freq,2500,MHz
naive,3:26,sample_cpu7_freq,2500,MHz
naive,3:27,sample_elapsed,4060,ms
naive,3:27,sample_power,1.440,W
naive,3:27,sample_process_cpu,466.456,% one core
naive,3:27,sample_free_ram,1.234,GiB
naive,3:27,sample_battery_temp,36.000,C
naive,3:27,sample_thermal_status,1,Android PowerManager status
naive,3:27,sample_cpu0_freq,1200,MHz
naive,3:27,sample_cpu1_freq,1200,MHz
naive,3:27,sample_cpu2_freq,900,MHz
naive,3:27,sample_cpu3_freq,900,MHz
naive,3:27,sample_cpu4_freq,2500,MHz
naive,3:27,sample_cpu5_freq,2500,MHz
naive,3:27,sample_cpu6_freq,2500,MHz
naive,3:27,sample_cpu7_freq,2500,MHz
naive,3:28,sample_elapsed,4219,ms
naive,3:28,sample_power,1.440,W
naive,3:28,sample_process_cpu,469.811,% one core
naive,3:28,sample_free_ram,1.234,GiB
naive,3:28,sample_battery_temp,36.000,C
naive,3:28,sample_thermal_status,1,Android PowerManager status
naive,3:28,sample_cpu0_freq,1100,MHz
naive,3:28,sample_cpu1_freq,1100,MHz
naive,3:28,sample_cpu2_freq,1100,MHz
naive,3:28,sample_cpu3_freq,1100,MHz
naive,3:28,sample_cpu4_freq,2500,MHz
naive,3:28,sample_cpu5_freq,2500,MHz
naive,3:28,sample_cpu6_freq,2500,MHz
naive,3:28,sample_cpu7_freq,2500,MHz
naive,3:29,sample_elapsed,4376,ms
naive,3:29,sample_power,1.440,W
naive,3:29,sample_process_cpu,464.968,% one core
naive,3:29,sample_free_ram,1.234,GiB
naive,3:29,sample_battery_temp,36.000,C
naive,3:29,sample_thermal_status,1,Android PowerManager status
naive,3:29,sample_cpu0_freq,450,MHz
naive,3:29,sample_cpu1_freq,1100,MHz
naive,3:29,sample_cpu2_freq,1100,MHz
naive,3:29,sample_cpu3_freq,1100,MHz
naive,3:29,sample_cpu4_freq,2500,MHz
naive,3:29,sample_cpu5_freq,2500,MHz
naive,3:29,sample_cpu6_freq,2500,MHz
naive,3:29,sample_cpu7_freq,2500,MHz
naive,3:30,sample_elapsed,4531,ms
naive,3:30,sample_power,1.440,W
naive,3:30,sample_process_cpu,463.871,% one core
naive,3:30,sample_free_ram,1.234,GiB
naive,3:30,sample_battery_temp,36.000,C
naive,3:30,sample_thermal_status,1,Android PowerManager status
naive,3:30,sample_cpu0_freq,700,MHz
naive,3:30,sample_cpu1_freq,500,MHz
naive,3:30,sample_cpu2_freq,500,MHz
naive,3:30,sample_cpu3_freq,500,MHz
naive,3:30,sample_cpu4_freq,2500,MHz
naive,3:30,sample_cpu5_freq,2500,MHz
naive,3:30,sample_cpu6_freq,2500,MHz
naive,3:30,sample_cpu7_freq,2500,MHz
naive,3:31,sample_elapsed,4687,ms
naive,3:31,sample_power,1.440,W
naive,3:31,sample_process_cpu,487.821,% one core
naive,3:31,sample_free_ram,1.234,GiB
naive,3:31,sample_battery_temp,36.000,C
naive,3:31,sample_thermal_status,1,Android PowerManager status
naive,3:31,sample_cpu0_freq,1900,MHz
naive,3:31,sample_cpu1_freq,1900,MHz
naive,3:31,sample_cpu2_freq,1900,MHz
naive,3:31,sample_cpu3_freq,1900,MHz
naive,3:31,sample_cpu4_freq,2500,MHz
naive,3:31,sample_cpu5_freq,2500,MHz
naive,3:31,sample_cpu6_freq,2500,MHz
naive,3:31,sample_cpu7_freq,2500,MHz
naive,3:32,sample_elapsed,4847,ms
naive,3:32,sample_power,0.180,W
naive,3:32,sample_process_cpu,451.250,% one core
naive,3:32,sample_free_ram,1.234,GiB
naive,3:32,sample_battery_temp,36.000,C
naive,3:32,sample_thermal_status,1,Android PowerManager status
naive,3:32,sample_cpu0_freq,1900,MHz
naive,3:32,sample_cpu1_freq,1900,MHz
naive,3:32,sample_cpu2_freq,1900,MHz
naive,3:32,sample_cpu3_freq,1900,MHz
naive,3:32,sample_cpu4_freq,2500,MHz
naive,3:32,sample_cpu5_freq,2500,MHz
naive,3:32,sample_cpu6_freq,2500,MHz
naive,3:32,sample_cpu7_freq,2500,MHz
naive,3:33,sample_elapsed,5003,ms
naive,3:33,sample_power,0.180,W
naive,3:33,sample_process_cpu,452.564,% one core
naive,3:33,sample_free_ram,1.234,GiB
naive,3:33,sample_battery_temp,36.000,C
naive,3:33,sample_thermal_status,1,Android PowerManager status
naive,3:33,sample_cpu0_freq,1900,MHz
naive,3:33,sample_cpu1_freq,1900,MHz
naive,3:33,sample_cpu2_freq,1900,MHz
naive,3:33,sample_cpu3_freq,1900,MHz
naive,3:33,sample_cpu4_freq,2500,MHz
naive,3:33,sample_cpu5_freq,2500,MHz
naive,3:33,sample_cpu6_freq,2500,MHz
naive,3:33,sample_cpu7_freq,2500,MHz
naive,3:34,sample_elapsed,5158,ms
naive,3:34,sample_power,0.180,W
naive,3:34,sample_process_cpu,467.742,% one core
naive,3:34,sample_free_ram,1.233,GiB
naive,3:34,sample_battery_temp,36.000,C
naive,3:34,sample_thermal_status,1,Android PowerManager status
naive,3:34,sample_cpu0_freq,1900,MHz
naive,3:34,sample_cpu1_freq,1600,MHz
naive,3:34,sample_cpu2_freq,1700,MHz
naive,3:34,sample_cpu3_freq,1900,MHz
naive,3:34,sample_cpu4_freq,2500,MHz
naive,3:34,sample_cpu5_freq,2500,MHz
naive,3:34,sample_cpu6_freq,2500,MHz
naive,3:34,sample_cpu7_freq,2500,MHz
naive,3:35,sample_elapsed,5313,ms
naive,3:35,sample_power,0.882,W
naive,3:35,sample_process_cpu,464.516,% one core
naive,3:35,sample_free_ram,1.232,GiB
naive,3:35,sample_battery_temp,36.000,C
naive,3:35,sample_thermal_status,1,Android PowerManager status
naive,3:35,sample_cpu0_freq,1900,MHz
naive,3:35,sample_cpu1_freq,1900,MHz
naive,3:35,sample_cpu2_freq,1900,MHz
naive,3:35,sample_cpu3_freq,1900,MHz
naive,3:35,sample_cpu4_freq,2500,MHz
naive,3:35,sample_cpu5_freq,2500,MHz
naive,3:35,sample_cpu6_freq,2500,MHz
naive,3:35,sample_cpu7_freq,2500,MHz
naive,3:36,sample_elapsed,5478,ms
naive,3:36,sample_power,0.882,W
naive,3:36,sample_process_cpu,459.394,% one core
naive,3:36,sample_free_ram,1.227,GiB
naive,3:36,sample_battery_temp,36.000,C
naive,3:36,sample_thermal_status,1,Android PowerManager status
naive,3:36,sample_cpu0_freq,1900,MHz
naive,3:36,sample_cpu1_freq,1900,MHz
naive,3:36,sample_cpu2_freq,1900,MHz
naive,3:36,sample_cpu3_freq,1900,MHz
naive,3:36,sample_cpu4_freq,2500,MHz
naive,3:36,sample_cpu5_freq,2500,MHz
naive,3:36,sample_cpu6_freq,2500,MHz
naive,3:36,sample_cpu7_freq,2500,MHz
naive,3:37,sample_elapsed,5637,ms
naive,3:37,sample_power,0.882,W
naive,3:37,sample_process_cpu,472.327,% one core
naive,3:37,sample_free_ram,1.226,GiB
naive,3:37,sample_battery_temp,36.000,C
naive,3:37,sample_thermal_status,1,Android PowerManager status
naive,3:37,sample_cpu0_freq,1900,MHz
naive,3:37,sample_cpu1_freq,1900,MHz
naive,3:37,sample_cpu2_freq,1900,MHz
naive,3:37,sample_cpu3_freq,1900,MHz
naive,3:37,sample_cpu4_freq,2500,MHz
naive,3:37,sample_cpu5_freq,2500,MHz
naive,3:37,sample_cpu6_freq,2500,MHz
naive,3:37,sample_cpu7_freq,2500,MHz
naive,3:38,sample_elapsed,5800,ms
naive,3:38,sample_power,0.882,W
naive,3:38,sample_process_cpu,484.049,% one core
naive,3:38,sample_free_ram,1.226,GiB
naive,3:38,sample_battery_temp,36.000,C
naive,3:38,sample_thermal_status,1,Android PowerManager status
naive,3:38,sample_cpu0_freq,1900,MHz
naive,3:38,sample_cpu1_freq,1900,MHz
naive,3:38,sample_cpu2_freq,1900,MHz
naive,3:38,sample_cpu3_freq,1900,MHz
naive,3:38,sample_cpu4_freq,2500,MHz
naive,3:38,sample_cpu5_freq,2500,MHz
naive,3:38,sample_cpu6_freq,2500,MHz
naive,3:38,sample_cpu7_freq,2500,MHz
naive,3:39,sample_elapsed,5957,ms
naive,3:39,sample_power,1.139,W
naive,3:39,sample_process_cpu,478.981,% one core
naive,3:39,sample_free_ram,1.226,GiB
naive,3:39,sample_battery_temp,36.000,C
naive,3:39,sample_thermal_status,1,Android PowerManager status
naive,3:39,sample_cpu0_freq,1900,MHz
naive,3:39,sample_cpu1_freq,1900,MHz
naive,3:39,sample_cpu2_freq,1900,MHz
naive,3:39,sample_cpu3_freq,1900,MHz
naive,3:39,sample_cpu4_freq,2500,MHz
naive,3:39,sample_cpu5_freq,2500,MHz
naive,3:39,sample_cpu6_freq,2500,MHz
naive,3:39,sample_cpu7_freq,2500,MHz
naive,3:40,sample_elapsed,6113,ms
naive,3:40,sample_power,1.139,W
naive,3:40,sample_process_cpu,469.872,% one core
naive,3:40,sample_free_ram,1.226,GiB
naive,3:40,sample_battery_temp,36.000,C
naive,3:40,sample_thermal_status,1,Android PowerManager status
naive,3:40,sample_cpu0_freq,600,MHz
naive,3:40,sample_cpu1_freq,600,MHz
naive,3:40,sample_cpu2_freq,1600,MHz
naive,3:40,sample_cpu3_freq,1600,MHz
naive,3:40,sample_cpu4_freq,2500,MHz
naive,3:40,sample_cpu5_freq,2500,MHz
naive,3:40,sample_cpu6_freq,2500,MHz
naive,3:40,sample_cpu7_freq,2500,MHz
naive,3:41,sample_elapsed,6270,ms
naive,3:41,sample_power,1.139,W
naive,3:41,sample_process_cpu,458.599,% one core
naive,3:41,sample_free_ram,1.226,GiB
naive,3:41,sample_battery_temp,36.000,C
naive,3:41,sample_thermal_status,1,Android PowerManager status
naive,3:41,sample_cpu0_freq,1900,MHz
naive,3:41,sample_cpu1_freq,1900,MHz
naive,3:41,sample_cpu2_freq,1900,MHz
naive,3:41,sample_cpu3_freq,1000,MHz
naive,3:41,sample_cpu4_freq,2500,MHz
naive,3:41,sample_cpu5_freq,2500,MHz
naive,3:41,sample_cpu6_freq,2500,MHz
naive,3:41,sample_cpu7_freq,2500,MHz
naive,3:42,sample_elapsed,6426,ms
naive,3:42,sample_power,1.247,W
naive,3:42,sample_process_cpu,473.077,% one core
naive,3:42,sample_free_ram,1.226,GiB
naive,3:42,sample_battery_temp,36.000,C
naive,3:42,sample_thermal_status,1,Android PowerManager status
naive,3:42,sample_cpu0_freq,1500,MHz
naive,3:42,sample_cpu1_freq,1500,MHz
naive,3:42,sample_cpu2_freq,1500,MHz
naive,3:42,sample_cpu3_freq,1600,MHz
naive,3:42,sample_cpu4_freq,2500,MHz
naive,3:42,sample_cpu5_freq,2500,MHz
naive,3:42,sample_cpu6_freq,2500,MHz
naive,3:42,sample_cpu7_freq,2500,MHz
naive,3:43,sample_elapsed,6583,ms
naive,3:43,sample_power,1.247,W
naive,3:43,sample_process_cpu,462.420,% one core
naive,3:43,sample_free_ram,1.226,GiB
naive,3:43,sample_battery_temp,36.000,C
naive,3:43,sample_thermal_status,1,Android PowerManager status
naive,3:43,sample_cpu0_freq,600,MHz
naive,3:43,sample_cpu1_freq,1000,MHz
naive,3:43,sample_cpu2_freq,600,MHz
naive,3:43,sample_cpu3_freq,450,MHz
naive,3:43,sample_cpu4_freq,2500,MHz
naive,3:43,sample_cpu5_freq,2500,MHz
naive,3:43,sample_cpu6_freq,2500,MHz
naive,3:43,sample_cpu7_freq,2500,MHz
naive,3:44,sample_elapsed,6736,ms
naive,3:44,sample_power,1.247,W
naive,3:44,sample_process_cpu,469.935,% one core
naive,3:44,sample_free_ram,1.226,GiB
naive,3:44,sample_battery_temp,36.000,C
naive,3:44,sample_thermal_status,1,Android PowerManager status
naive,3:44,sample_cpu0_freq,1900,MHz
naive,3:44,sample_cpu1_freq,1900,MHz
naive,3:44,sample_cpu2_freq,1900,MHz
naive,3:44,sample_cpu3_freq,1900,MHz
naive,3:44,sample_cpu4_freq,2500,MHz
naive,3:44,sample_cpu5_freq,2500,MHz
naive,3:44,sample_cpu6_freq,2500,MHz
naive,3:44,sample_cpu7_freq,2500,MHz
naive,3:45,sample_elapsed,6890,ms
naive,3:45,sample_power,1.247,W
naive,3:45,sample_process_cpu,461.039,% one core
naive,3:45,sample_free_ram,1.226,GiB
naive,3:45,sample_battery_temp,36.000,C
naive,3:45,sample_thermal_status,1,Android PowerManager status
naive,3:45,sample_cpu0_freq,1900,MHz
naive,3:45,sample_cpu1_freq,1900,MHz
naive,3:45,sample_cpu2_freq,1900,MHz
naive,3:45,sample_cpu3_freq,1900,MHz
naive,3:45,sample_cpu4_freq,2500,MHz
naive,3:45,sample_cpu5_freq,2500,MHz
naive,3:45,sample_cpu6_freq,2500,MHz
naive,3:45,sample_cpu7_freq,2500,MHz
naive,3:46,sample_elapsed,7044,ms
naive,3:46,sample_power,0.944,W
naive,3:46,sample_process_cpu,468.831,% one core
naive,3:46,sample_free_ram,1.225,GiB
naive,3:46,sample_battery_temp,36.000,C
naive,3:46,sample_thermal_status,1,Android PowerManager status
naive,3:46,sample_cpu0_freq,1900,MHz
naive,3:46,sample_cpu1_freq,1900,MHz
naive,3:46,sample_cpu2_freq,1900,MHz
naive,3:46,sample_cpu3_freq,1900,MHz
naive,3:46,sample_cpu4_freq,2500,MHz
naive,3:46,sample_cpu5_freq,2500,MHz
naive,3:46,sample_cpu6_freq,2500,MHz
naive,3:46,sample_cpu7_freq,2500,MHz
naive,3:47,sample_elapsed,7203,ms
naive,3:47,sample_power,0.944,W
naive,3:47,sample_process_cpu,463.522,% one core
naive,3:47,sample_free_ram,1.225,GiB
naive,3:47,sample_battery_temp,36.000,C
naive,3:47,sample_thermal_status,1,Android PowerManager status
naive,3:47,sample_cpu0_freq,500,MHz
naive,3:47,sample_cpu1_freq,1400,MHz
naive,3:47,sample_cpu2_freq,1400,MHz
naive,3:47,sample_cpu3_freq,1400,MHz
naive,3:47,sample_cpu4_freq,2500,MHz
naive,3:47,sample_cpu5_freq,2500,MHz
naive,3:47,sample_cpu6_freq,2500,MHz
naive,3:47,sample_cpu7_freq,2500,MHz
naive,3:48,sample_elapsed,7357,ms
naive,3:48,sample_power,0.944,W
naive,3:48,sample_process_cpu,462.338,% one core
naive,3:48,sample_free_ram,1.225,GiB
naive,3:48,sample_battery_temp,36.000,C
naive,3:48,sample_thermal_status,1,Android PowerManager status
naive,3:48,sample_cpu0_freq,1900,MHz
naive,3:48,sample_cpu1_freq,1900,MHz
naive,3:48,sample_cpu2_freq,1900,MHz
naive,3:48,sample_cpu3_freq,1900,MHz
naive,3:48,sample_cpu4_freq,2500,MHz
naive,3:48,sample_cpu5_freq,2500,MHz
naive,3:48,sample_cpu6_freq,2500,MHz
naive,3:48,sample_cpu7_freq,2500,MHz
naive,3:49,sample_elapsed,7511,ms
naive,3:49,sample_power,1.012,W
naive,3:49,sample_process_cpu,468.831,% one core
naive,3:49,sample_free_ram,1.225,GiB
naive,3:49,sample_battery_temp,36.000,C
naive,3:49,sample_thermal_status,1,Android PowerManager status
naive,3:49,sample_cpu0_freq,1900,MHz
naive,3:49,sample_cpu1_freq,1900,MHz
naive,3:49,sample_cpu2_freq,1900,MHz
naive,3:49,sample_cpu3_freq,1900,MHz
naive,3:49,sample_cpu4_freq,2500,MHz
naive,3:49,sample_cpu5_freq,2500,MHz
naive,3:49,sample_cpu6_freq,2500,MHz
naive,3:49,sample_cpu7_freq,2500,MHz
naive,3:50,sample_elapsed,7667,ms
naive,3:50,sample_power,1.012,W
naive,3:50,sample_process_cpu,466.667,% one core
naive,3:50,sample_free_ram,1.225,GiB
naive,3:50,sample_battery_temp,36.000,C
naive,3:50,sample_thermal_status,1,Android PowerManager status
naive,3:50,sample_cpu0_freq,450,MHz
naive,3:50,sample_cpu1_freq,450,MHz
naive,3:50,sample_cpu2_freq,600,MHz
naive,3:50,sample_cpu3_freq,600,MHz
naive,3:50,sample_cpu4_freq,2500,MHz
naive,3:50,sample_cpu5_freq,2500,MHz
naive,3:50,sample_cpu6_freq,2500,MHz
naive,3:50,sample_cpu7_freq,2500,MHz
naive,3:51,sample_elapsed,7823,ms
naive,3:51,sample_power,1.012,W
naive,3:51,sample_process_cpu,460.256,% one core
naive,3:51,sample_free_ram,1.225,GiB
naive,3:51,sample_battery_temp,36.000,C
naive,3:51,sample_thermal_status,1,Android PowerManager status
naive,3:51,sample_cpu0_freq,1900,MHz
naive,3:51,sample_cpu1_freq,1900,MHz
naive,3:51,sample_cpu2_freq,1900,MHz
naive,3:51,sample_cpu3_freq,1900,MHz
naive,3:51,sample_cpu4_freq,2500,MHz
naive,3:51,sample_cpu5_freq,2500,MHz
naive,3:51,sample_cpu6_freq,2500,MHz
naive,3:51,sample_cpu7_freq,2500,MHz
naive,3:52,sample_elapsed,7981,ms
naive,3:52,sample_power,1.012,W
naive,3:52,sample_process_cpu,475.316,% one core
naive,3:52,sample_free_ram,1.225,GiB
naive,3:52,sample_battery_temp,36.000,C
naive,3:52,sample_thermal_status,1,Android PowerManager status
naive,3:52,sample_cpu0_freq,1900,MHz
naive,3:52,sample_cpu1_freq,1900,MHz
naive,3:52,sample_cpu2_freq,1900,MHz
naive,3:52,sample_cpu3_freq,1900,MHz
naive,3:52,sample_cpu4_freq,2500,MHz
naive,3:52,sample_cpu5_freq,2500,MHz
naive,3:52,sample_cpu6_freq,2500,MHz
naive,3:52,sample_cpu7_freq,2500,MHz
naive,3:53,sample_elapsed,8135,ms
naive,3:53,sample_power,0.949,W
naive,3:53,sample_process_cpu,468.831,% one core
naive,3:53,sample_free_ram,1.225,GiB
naive,3:53,sample_battery_temp,36.000,C
naive,3:53,sample_thermal_status,1,Android PowerManager status
naive,3:53,sample_cpu0_freq,1400,MHz
naive,3:53,sample_cpu1_freq,1100,MHz
naive,3:53,sample_cpu2_freq,1000,MHz
naive,3:53,sample_cpu3_freq,1100,MHz
naive,3:53,sample_cpu4_freq,2500,MHz
naive,3:53,sample_cpu5_freq,2500,MHz
naive,3:53,sample_cpu6_freq,2500,MHz
naive,3:53,sample_cpu7_freq,2500,MHz
naive,3:54,sample_elapsed,8289,ms
naive,3:54,sample_power,0.949,W
naive,3:54,sample_process_cpu,464.286,% one core
naive,3:54,sample_free_ram,1.225,GiB
naive,3:54,sample_battery_temp,36.000,C
naive,3:54,sample_thermal_status,1,Android PowerManager status
naive,3:54,sample_cpu0_freq,700,MHz
naive,3:54,sample_cpu1_freq,600,MHz
naive,3:54,sample_cpu2_freq,600,MHz
naive,3:54,sample_cpu3_freq,600,MHz
naive,3:54,sample_cpu4_freq,2500,MHz
naive,3:54,sample_cpu5_freq,2500,MHz
naive,3:54,sample_cpu6_freq,2500,MHz
naive,3:54,sample_cpu7_freq,2500,MHz
naive,3:55,sample_elapsed,8444,ms
naive,3:55,sample_power,0.949,W
naive,3:55,sample_process_cpu,478.065,% one core
naive,3:55,sample_free_ram,1.224,GiB
naive,3:55,sample_battery_temp,36.000,C
naive,3:55,sample_thermal_status,1,Android PowerManager status
naive,3:55,sample_cpu0_freq,1900,MHz
naive,3:55,sample_cpu1_freq,1900,MHz
naive,3:55,sample_cpu2_freq,1900,MHz
naive,3:55,sample_cpu3_freq,1900,MHz
naive,3:55,sample_cpu4_freq,2500,MHz
naive,3:55,sample_cpu5_freq,2500,MHz
naive,3:55,sample_cpu6_freq,2500,MHz
naive,3:55,sample_cpu7_freq,2500,MHz
naive,3:56,sample_elapsed,8604,ms
naive,3:56,sample_power,1.036,W
naive,3:56,sample_process_cpu,453.750,% one core
naive,3:56,sample_free_ram,1.224,GiB
naive,3:56,sample_battery_temp,36.000,C
naive,3:56,sample_thermal_status,1,Android PowerManager status
naive,3:56,sample_cpu0_freq,1900,MHz
naive,3:56,sample_cpu1_freq,1900,MHz
naive,3:56,sample_cpu2_freq,1900,MHz
naive,3:56,sample_cpu3_freq,1900,MHz
naive,3:56,sample_cpu4_freq,2500,MHz
naive,3:56,sample_cpu5_freq,2500,MHz
naive,3:56,sample_cpu6_freq,2500,MHz
naive,3:56,sample_cpu7_freq,2500,MHz
naive,3:57,sample_elapsed,8760,ms
naive,3:57,sample_power,1.036,W
naive,3:57,sample_process_cpu,462.821,% one core
naive,3:57,sample_free_ram,1.224,GiB
naive,3:57,sample_battery_temp,36.000,C
naive,3:57,sample_thermal_status,1,Android PowerManager status
naive,3:57,sample_cpu0_freq,1800,MHz
naive,3:57,sample_cpu1_freq,1800,MHz
naive,3:57,sample_cpu2_freq,1800,MHz
naive,3:57,sample_cpu3_freq,1600,MHz
naive,3:57,sample_cpu4_freq,2500,MHz
naive,3:57,sample_cpu5_freq,2500,MHz
naive,3:57,sample_cpu6_freq,2500,MHz
naive,3:57,sample_cpu7_freq,2500,MHz
naive,3:58,sample_elapsed,8918,ms
naive,3:58,sample_power,1.036,W
naive,3:58,sample_process_cpu,458.228,% one core
naive,3:58,sample_free_ram,1.224,GiB
naive,3:58,sample_battery_temp,36.000,C
naive,3:58,sample_thermal_status,1,Android PowerManager status
naive,3:58,sample_cpu0_freq,1900,MHz
naive,3:58,sample_cpu1_freq,1900,MHz
naive,3:58,sample_cpu2_freq,1900,MHz
naive,3:58,sample_cpu3_freq,1900,MHz
naive,3:58,sample_cpu4_freq,2500,MHz
naive,3:58,sample_cpu5_freq,2500,MHz
naive,3:58,sample_cpu6_freq,2500,MHz
naive,3:58,sample_cpu7_freq,2500,MHz
naive,3:59,sample_elapsed,9075,ms
naive,3:59,sample_power,1.036,W
naive,3:59,sample_process_cpu,462.420,% one core
naive,3:59,sample_free_ram,1.224,GiB
naive,3:59,sample_battery_temp,36.000,C
naive,3:59,sample_thermal_status,1,Android PowerManager status
naive,3:59,sample_cpu0_freq,1000,MHz
naive,3:59,sample_cpu1_freq,1000,MHz
naive,3:59,sample_cpu2_freq,1000,MHz
naive,3:59,sample_cpu3_freq,1000,MHz
naive,3:59,sample_cpu4_freq,2500,MHz
naive,3:59,sample_cpu5_freq,2500,MHz
naive,3:59,sample_cpu6_freq,2500,MHz
naive,3:59,sample_cpu7_freq,2500,MHz
naive,3:60,sample_elapsed,9230,ms
naive,3:60,sample_power,1.103,W
naive,3:60,sample_process_cpu,465.161,% one core
naive,3:60,sample_free_ram,1.223,GiB
naive,3:60,sample_battery_temp,36.000,C
naive,3:60,sample_thermal_status,1,Android PowerManager status
naive,3:60,sample_cpu0_freq,1900,MHz
naive,3:60,sample_cpu1_freq,1900,MHz
naive,3:60,sample_cpu2_freq,1900,MHz
naive,3:60,sample_cpu3_freq,1900,MHz
naive,3:60,sample_cpu4_freq,2500,MHz
naive,3:60,sample_cpu5_freq,2500,MHz
naive,3:60,sample_cpu6_freq,2500,MHz
naive,3:60,sample_cpu7_freq,2500,MHz
naive,3:61,sample_elapsed,9389,ms
naive,3:61,sample_power,1.103,W
naive,3:61,sample_process_cpu,468.553,% one core
naive,3:61,sample_free_ram,1.223,GiB
naive,3:61,sample_battery_temp,36.000,C
naive,3:61,sample_thermal_status,1,Android PowerManager status
naive,3:61,sample_cpu0_freq,1900,MHz
naive,3:61,sample_cpu1_freq,1900,MHz
naive,3:61,sample_cpu2_freq,1900,MHz
naive,3:61,sample_cpu3_freq,1900,MHz
naive,3:61,sample_cpu4_freq,2500,MHz
naive,3:61,sample_cpu5_freq,2500,MHz
naive,3:61,sample_cpu6_freq,2500,MHz
naive,3:61,sample_cpu7_freq,2500,MHz
naive,3:62,sample_elapsed,9554,ms
naive,3:62,sample_power,1.103,W
naive,3:62,sample_process_cpu,460.000,% one core
naive,3:62,sample_free_ram,1.223,GiB
naive,3:62,sample_battery_temp,36.000,C
naive,3:62,sample_thermal_status,1,Android PowerManager status
naive,3:62,sample_cpu0_freq,1600,MHz
naive,3:62,sample_cpu1_freq,1400,MHz
naive,3:62,sample_cpu2_freq,1400,MHz
naive,3:62,sample_cpu3_freq,1400,MHz
naive,3:62,sample_cpu4_freq,2500,MHz
naive,3:62,sample_cpu5_freq,2500,MHz
naive,3:62,sample_cpu6_freq,2500,MHz
naive,3:62,sample_cpu7_freq,2500,MHz
naive,3:63,sample_elapsed,9710,ms
naive,3:63,sample_power,0.976,W
naive,3:63,sample_process_cpu,477.564,% one core
naive,3:63,sample_free_ram,1.223,GiB
naive,3:63,sample_battery_temp,36.000,C
naive,3:63,sample_thermal_status,1,Android PowerManager status
naive,3:63,sample_cpu0_freq,1900,MHz
naive,3:63,sample_cpu1_freq,1900,MHz
naive,3:63,sample_cpu2_freq,1900,MHz
naive,3:63,sample_cpu3_freq,1900,MHz
naive,3:63,sample_cpu4_freq,2500,MHz
naive,3:63,sample_cpu5_freq,2500,MHz
naive,3:63,sample_cpu6_freq,2500,MHz
naive,3:63,sample_cpu7_freq,2500,MHz
naive,3:64,sample_elapsed,9867,ms
naive,3:64,sample_power,0.976,W
naive,3:64,sample_process_cpu,461.146,% one core
naive,3:64,sample_free_ram,1.223,GiB
naive,3:64,sample_battery_temp,36.000,C
naive,3:64,sample_thermal_status,1,Android PowerManager status
naive,3:64,sample_cpu0_freq,1900,MHz
naive,3:64,sample_cpu1_freq,1900,MHz
naive,3:64,sample_cpu2_freq,1900,MHz
naive,3:64,sample_cpu3_freq,1900,MHz
naive,3:64,sample_cpu4_freq,2500,MHz
naive,3:64,sample_cpu5_freq,2500,MHz
naive,3:64,sample_cpu6_freq,2500,MHz
naive,3:64,sample_cpu7_freq,2500,MHz
naive,3:65,sample_elapsed,10021,ms
naive,3:65,sample_power,0.976,W
naive,3:65,sample_process_cpu,470.130,% one core
naive,3:65,sample_free_ram,1.223,GiB
naive,3:65,sample_battery_temp,36.000,C
naive,3:65,sample_thermal_status,1,Android PowerManager status
naive,3:65,sample_cpu0_freq,1900,MHz
naive,3:65,sample_cpu1_freq,1900,MHz
naive,3:65,sample_cpu2_freq,1900,MHz
naive,3:65,sample_cpu3_freq,1900,MHz
naive,3:65,sample_cpu4_freq,2500,MHz
naive,3:65,sample_cpu5_freq,2500,MHz
naive,3:65,sample_cpu6_freq,2500,MHz
naive,3:65,sample_cpu7_freq,2500,MHz
naive,3:66,sample_elapsed,10177,ms
naive,3:66,sample_power,0.976,W
naive,3:66,sample_process_cpu,467.308,% one core
naive,3:66,sample_free_ram,1.223,GiB
naive,3:66,sample_battery_temp,36.000,C
naive,3:66,sample_thermal_status,1,Android PowerManager status
naive,3:66,sample_cpu0_freq,1900,MHz
naive,3:66,sample_cpu1_freq,1600,MHz
naive,3:66,sample_cpu2_freq,1600,MHz
naive,3:66,sample_cpu3_freq,1600,MHz
naive,3:66,sample_cpu4_freq,2500,MHz
naive,3:66,sample_cpu5_freq,2500,MHz
naive,3:66,sample_cpu6_freq,2500,MHz
naive,3:66,sample_cpu7_freq,2500,MHz
naive,3:67,sample_elapsed,10331,ms
naive,3:67,sample_power,0.370,W
naive,3:67,sample_process_cpu,462.338,% one core
naive,3:67,sample_free_ram,1.223,GiB
naive,3:67,sample_battery_temp,36.000,C
naive,3:67,sample_thermal_status,1,Android PowerManager status
naive,3:67,sample_cpu0_freq,1900,MHz
naive,3:67,sample_cpu1_freq,1900,MHz
naive,3:67,sample_cpu2_freq,1900,MHz
naive,3:67,sample_cpu3_freq,1900,MHz
naive,3:67,sample_cpu4_freq,2500,MHz
naive,3:67,sample_cpu5_freq,2500,MHz
naive,3:67,sample_cpu6_freq,2500,MHz
naive,3:67,sample_cpu7_freq,2500,MHz
naive,3:68,sample_elapsed,10487,ms
naive,3:68,sample_power,0.370,W
naive,3:68,sample_process_cpu,472.436,% one core
naive,3:68,sample_free_ram,1.223,GiB
naive,3:68,sample_battery_temp,36.000,C
naive,3:68,sample_thermal_status,1,Android PowerManager status
naive,3:68,sample_cpu0_freq,1900,MHz
naive,3:68,sample_cpu1_freq,1900,MHz
naive,3:68,sample_cpu2_freq,1900,MHz
naive,3:68,sample_cpu3_freq,1900,MHz
naive,3:68,sample_cpu4_freq,2500,MHz
naive,3:68,sample_cpu5_freq,2500,MHz
naive,3:68,sample_cpu6_freq,2500,MHz
naive,3:68,sample_cpu7_freq,2500,MHz
naive,3:69,sample_elapsed,10654,ms
naive,3:69,sample_power,0.370,W
naive,3:69,sample_process_cpu,480.838,% one core
naive,3:69,sample_free_ram,1.223,GiB
naive,3:69,sample_battery_temp,36.000,C
naive,3:69,sample_thermal_status,1,Android PowerManager status
naive,3:69,sample_cpu0_freq,1900,MHz
naive,3:69,sample_cpu1_freq,1900,MHz
naive,3:69,sample_cpu2_freq,1900,MHz
naive,3:69,sample_cpu3_freq,1900,MHz
naive,3:69,sample_cpu4_freq,2500,MHz
naive,3:69,sample_cpu5_freq,2500,MHz
naive,3:69,sample_cpu6_freq,2500,MHz
naive,3:69,sample_cpu7_freq,2500,MHz
naive,3:70,sample_elapsed,10812,ms
naive,3:70,sample_power,0.863,W
naive,3:70,sample_process_cpu,481.646,% one core
naive,3:70,sample_free_ram,1.223,GiB
naive,3:70,sample_battery_temp,36.000,C
naive,3:70,sample_thermal_status,1,Android PowerManager status
naive,3:70,sample_cpu0_freq,1900,MHz
naive,3:70,sample_cpu1_freq,1900,MHz
naive,3:70,sample_cpu2_freq,1900,MHz
naive,3:70,sample_cpu3_freq,1900,MHz
naive,3:70,sample_cpu4_freq,2500,MHz
naive,3:70,sample_cpu5_freq,2500,MHz
naive,3:70,sample_cpu6_freq,2500,MHz
naive,3:70,sample_cpu7_freq,2500,MHz
naive,3:71,sample_elapsed,10967,ms
naive,3:71,sample_power,0.863,W
naive,3:71,sample_process_cpu,472.903,% one core
naive,3:71,sample_free_ram,1.222,GiB
naive,3:71,sample_battery_temp,36.000,C
naive,3:71,sample_thermal_status,1,Android PowerManager status
naive,3:71,sample_cpu0_freq,1900,MHz
naive,3:71,sample_cpu1_freq,1900,MHz
naive,3:71,sample_cpu2_freq,1900,MHz
naive,3:71,sample_cpu3_freq,1900,MHz
naive,3:71,sample_cpu4_freq,2500,MHz
naive,3:71,sample_cpu5_freq,2500,MHz
naive,3:71,sample_cpu6_freq,2500,MHz
naive,3:71,sample_cpu7_freq,2500,MHz
naive,3:72,sample_elapsed,11123,ms
naive,3:72,sample_power,0.863,W
naive,3:72,sample_process_cpu,479.487,% one core
naive,3:72,sample_free_ram,1.222,GiB
naive,3:72,sample_battery_temp,36.000,C
naive,3:72,sample_thermal_status,1,Android PowerManager status
naive,3:72,sample_cpu0_freq,1900,MHz
naive,3:72,sample_cpu1_freq,1900,MHz
naive,3:72,sample_cpu2_freq,1600,MHz
naive,3:72,sample_cpu3_freq,1600,MHz
naive,3:72,sample_cpu4_freq,2500,MHz
naive,3:72,sample_cpu5_freq,2500,MHz
naive,3:72,sample_cpu6_freq,2500,MHz
naive,3:72,sample_cpu7_freq,2500,MHz
naive,3:73,sample_elapsed,11278,ms
naive,3:73,sample_power,0.863,W
naive,3:73,sample_process_cpu,479.355,% one core
naive,3:73,sample_free_ram,1.222,GiB
naive,3:73,sample_battery_temp,36.000,C
naive,3:73,sample_thermal_status,1,Android PowerManager status
naive,3:73,sample_cpu0_freq,1900,MHz
naive,3:73,sample_cpu1_freq,1900,MHz
naive,3:73,sample_cpu2_freq,1900,MHz
naive,3:73,sample_cpu3_freq,1900,MHz
naive,3:73,sample_cpu4_freq,2500,MHz
naive,3:73,sample_cpu5_freq,2500,MHz
naive,3:73,sample_cpu6_freq,2500,MHz
naive,3:73,sample_cpu7_freq,2500,MHz
naive,3:74,sample_elapsed,11434,ms
naive,3:74,sample_power,0.918,W
naive,3:74,sample_process_cpu,478.205,% one core
naive,3:74,sample_free_ram,1.222,GiB
naive,3:74,sample_battery_temp,36.000,C
naive,3:74,sample_thermal_status,1,Android PowerManager status
naive,3:74,sample_cpu0_freq,1900,MHz
naive,3:74,sample_cpu1_freq,1900,MHz
naive,3:74,sample_cpu2_freq,1900,MHz
naive,3:74,sample_cpu3_freq,1900,MHz
naive,3:74,sample_cpu4_freq,2500,MHz
naive,3:74,sample_cpu5_freq,2500,MHz
naive,3:74,sample_cpu6_freq,2500,MHz
naive,3:74,sample_cpu7_freq,2500,MHz
naive,3:75,sample_elapsed,11588,ms
naive,3:75,sample_power,0.918,W
naive,3:75,sample_process_cpu,481.169,% one core
naive,3:75,sample_free_ram,1.222,GiB
naive,3:75,sample_battery_temp,36.000,C
naive,3:75,sample_thermal_status,1,Android PowerManager status
naive,3:75,sample_cpu0_freq,1900,MHz
naive,3:75,sample_cpu1_freq,1900,MHz
naive,3:75,sample_cpu2_freq,1900,MHz
naive,3:75,sample_cpu3_freq,1900,MHz
naive,3:75,sample_cpu4_freq,2500,MHz
naive,3:75,sample_cpu5_freq,2500,MHz
naive,3:75,sample_cpu6_freq,2500,MHz
naive,3:75,sample_cpu7_freq,2500,MHz
naive,3:76,sample_elapsed,11744,ms
naive,3:76,sample_power,0.918,W
naive,3:76,sample_process_cpu,472.436,% one core
naive,3:76,sample_free_ram,1.222,GiB
naive,3:76,sample_battery_temp,36.000,C
naive,3:76,sample_thermal_status,1,Android PowerManager status
naive,3:76,sample_cpu0_freq,1900,MHz
naive,3:76,sample_cpu1_freq,1900,MHz
naive,3:76,sample_cpu2_freq,1900,MHz
naive,3:76,sample_cpu3_freq,1900,MHz
naive,3:76,sample_cpu4_freq,2500,MHz
naive,3:76,sample_cpu5_freq,2500,MHz
naive,3:76,sample_cpu6_freq,2500,MHz
naive,3:76,sample_cpu7_freq,2500,MHz
naive,3:77,sample_elapsed,11899,ms
naive,3:77,sample_power,1.040,W
naive,3:77,sample_process_cpu,486.452,% one core
naive,3:77,sample_free_ram,1.222,GiB
naive,3:77,sample_battery_temp,36.000,C
naive,3:77,sample_thermal_status,1,Android PowerManager status
naive,3:77,sample_cpu0_freq,1900,MHz
naive,3:77,sample_cpu1_freq,1900,MHz
naive,3:77,sample_cpu2_freq,1900,MHz
naive,3:77,sample_cpu3_freq,1900,MHz
naive,3:77,sample_cpu4_freq,2500,MHz
naive,3:77,sample_cpu5_freq,2500,MHz
naive,3:77,sample_cpu6_freq,2500,MHz
naive,3:77,sample_cpu7_freq,2500,MHz
naive,3:78,sample_elapsed,12059,ms
naive,3:78,sample_power,1.040,W
naive,3:78,sample_process_cpu,465.625,% one core
naive,3:78,sample_free_ram,1.222,GiB
naive,3:78,sample_battery_temp,36.000,C
naive,3:78,sample_thermal_status,1,Android PowerManager status
naive,3:78,sample_cpu0_freq,1300,MHz
naive,3:78,sample_cpu1_freq,450,MHz
naive,3:78,sample_cpu2_freq,1100,MHz
naive,3:78,sample_cpu3_freq,1100,MHz
naive,3:78,sample_cpu4_freq,2500,MHz
naive,3:78,sample_cpu5_freq,2500,MHz
naive,3:78,sample_cpu6_freq,2500,MHz
naive,3:78,sample_cpu7_freq,2500,MHz
naive,3:79,sample_elapsed,12216,ms
naive,3:79,sample_power,1.040,W
naive,3:79,sample_process_cpu,477.707,% one core
naive,3:79,sample_free_ram,1.221,GiB
naive,3:79,sample_battery_temp,36.000,C
naive,3:79,sample_thermal_status,1,Android PowerManager status
naive,3:79,sample_cpu0_freq,1900,MHz
naive,3:79,sample_cpu1_freq,1900,MHz
naive,3:79,sample_cpu2_freq,1100,MHz
naive,3:79,sample_cpu3_freq,1200,MHz
naive,3:79,sample_cpu4_freq,2500,MHz
naive,3:79,sample_cpu5_freq,2500,MHz
naive,3:79,sample_cpu6_freq,2500,MHz
naive,3:79,sample_cpu7_freq,2500,MHz
naive,3:80,sample_elapsed,12373,ms
naive,3:80,sample_power,1.040,W
naive,3:80,sample_process_cpu,464.331,% one core
naive,3:80,sample_free_ram,1.225,GiB
naive,3:80,sample_battery_temp,36.000,C
naive,3:80,sample_thermal_status,1,Android PowerManager status
naive,3:80,sample_cpu0_freq,1900,MHz
naive,3:80,sample_cpu1_freq,1900,MHz
naive,3:80,sample_cpu2_freq,1900,MHz
naive,3:80,sample_cpu3_freq,1900,MHz
naive,3:80,sample_cpu4_freq,2500,MHz
naive,3:80,sample_cpu5_freq,2500,MHz
naive,3:80,sample_cpu6_freq,2500,MHz
naive,3:80,sample_cpu7_freq,2500,MHz
naive,3:81,sample_elapsed,12527,ms
naive,3:81,sample_power,0.940,W
naive,3:81,sample_process_cpu,463.636,% one core
naive,3:81,sample_free_ram,1.225,GiB
naive,3:81,sample_battery_temp,36.000,C
naive,3:81,sample_thermal_status,1,Android PowerManager status
naive,3:81,sample_cpu0_freq,1200,MHz
naive,3:81,sample_cpu1_freq,1100,MHz
naive,3:81,sample_cpu2_freq,600,MHz
naive,3:81,sample_cpu3_freq,600,MHz
naive,3:81,sample_cpu4_freq,2500,MHz
naive,3:81,sample_cpu5_freq,2500,MHz
naive,3:81,sample_cpu6_freq,2500,MHz
naive,3:81,sample_cpu7_freq,2500,MHz
naive,3:82,sample_elapsed,12681,ms
naive,3:82,sample_power,0.940,W
naive,3:82,sample_process_cpu,470.779,% one core
naive,3:82,sample_free_ram,1.226,GiB
naive,3:82,sample_battery_temp,36.000,C
naive,3:82,sample_thermal_status,1,Android PowerManager status
naive,3:82,sample_cpu0_freq,1900,MHz
naive,3:82,sample_cpu1_freq,1900,MHz
naive,3:82,sample_cpu2_freq,1900,MHz
naive,3:82,sample_cpu3_freq,1900,MHz
naive,3:82,sample_cpu4_freq,2500,MHz
naive,3:82,sample_cpu5_freq,2500,MHz
naive,3:82,sample_cpu6_freq,2500,MHz
naive,3:82,sample_cpu7_freq,2500,MHz
naive,3:83,sample_elapsed,12836,ms
naive,3:83,sample_power,0.940,W
naive,3:83,sample_process_cpu,472.258,% one core
naive,3:83,sample_free_ram,1.226,GiB
naive,3:83,sample_battery_temp,36.000,C
naive,3:83,sample_thermal_status,1,Android PowerManager status
naive,3:83,sample_cpu0_freq,900,MHz
naive,3:83,sample_cpu1_freq,1200,MHz
naive,3:83,sample_cpu2_freq,1200,MHz
naive,3:83,sample_cpu3_freq,1200,MHz
naive,3:83,sample_cpu4_freq,2500,MHz
naive,3:83,sample_cpu5_freq,2500,MHz
naive,3:83,sample_cpu6_freq,2500,MHz
naive,3:83,sample_cpu7_freq,2500,MHz
naive,3:84,sample_elapsed,12992,ms
naive,3:84,sample_power,0.927,W
naive,3:84,sample_process_cpu,469.872,% one core
naive,3:84,sample_free_ram,1.226,GiB
naive,3:84,sample_battery_temp,36.000,C
naive,3:84,sample_thermal_status,1,Android PowerManager status
naive,3:84,sample_cpu0_freq,1900,MHz
naive,3:84,sample_cpu1_freq,1900,MHz
naive,3:84,sample_cpu2_freq,1900,MHz
naive,3:84,sample_cpu3_freq,1900,MHz
naive,3:84,sample_cpu4_freq,2500,MHz
naive,3:84,sample_cpu5_freq,2500,MHz
naive,3:84,sample_cpu6_freq,2500,MHz
naive,3:84,sample_cpu7_freq,2500,MHz
naive,3:85,sample_elapsed,13150,ms
naive,3:85,sample_power,0.927,W
naive,3:85,sample_process_cpu,472.152,% one core
naive,3:85,sample_free_ram,1.225,GiB
naive,3:85,sample_battery_temp,36.000,C
naive,3:85,sample_thermal_status,1,Android PowerManager status
naive,3:85,sample_cpu0_freq,1900,MHz
naive,3:85,sample_cpu1_freq,1900,MHz
naive,3:85,sample_cpu2_freq,1900,MHz
naive,3:85,sample_cpu3_freq,1900,MHz
naive,3:85,sample_cpu4_freq,2500,MHz
naive,3:85,sample_cpu5_freq,2500,MHz
naive,3:85,sample_cpu6_freq,2500,MHz
naive,3:85,sample_cpu7_freq,2500,MHz
naive,3:86,sample_elapsed,13304,ms
naive,3:86,sample_power,0.927,W
naive,3:86,sample_process_cpu,465.584,% one core
naive,3:86,sample_free_ram,1.225,GiB
naive,3:86,sample_battery_temp,36.000,C
naive,3:86,sample_thermal_status,1,Android PowerManager status
naive,3:86,sample_cpu0_freq,1900,MHz
naive,3:86,sample_cpu1_freq,1900,MHz
naive,3:86,sample_cpu2_freq,1900,MHz
naive,3:86,sample_cpu3_freq,1900,MHz
naive,3:86,sample_cpu4_freq,2500,MHz
naive,3:86,sample_cpu5_freq,2500,MHz
naive,3:86,sample_cpu6_freq,2500,MHz
naive,3:86,sample_cpu7_freq,2500,MHz
naive,3:87,sample_elapsed,13459,ms
naive,3:87,sample_power,0.927,W
naive,3:87,sample_process_cpu,467.742,% one core
naive,3:87,sample_free_ram,1.225,GiB
naive,3:87,sample_battery_temp,36.000,C
naive,3:87,sample_thermal_status,1,Android PowerManager status
naive,3:87,sample_cpu0_freq,1900,MHz
naive,3:87,sample_cpu1_freq,1900,MHz
naive,3:87,sample_cpu2_freq,1900,MHz
naive,3:87,sample_cpu3_freq,1900,MHz
naive,3:87,sample_cpu4_freq,2500,MHz
naive,3:87,sample_cpu5_freq,2500,MHz
naive,3:87,sample_cpu6_freq,2500,MHz
naive,3:87,sample_cpu7_freq,2500,MHz
naive,3:88,sample_elapsed,13615,ms
naive,3:88,sample_power,0.927,W
naive,3:88,sample_process_cpu,462.821,% one core
naive,3:88,sample_free_ram,1.225,GiB
naive,3:88,sample_battery_temp,36.000,C
naive,3:88,sample_thermal_status,1,Android PowerManager status
naive,3:88,sample_cpu0_freq,1900,MHz
naive,3:88,sample_cpu1_freq,1900,MHz
naive,3:88,sample_cpu2_freq,1900,MHz
naive,3:88,sample_cpu3_freq,1900,MHz
naive,3:88,sample_cpu4_freq,2500,MHz
naive,3:88,sample_cpu5_freq,2500,MHz
naive,3:88,sample_cpu6_freq,2500,MHz
naive,3:88,sample_cpu7_freq,2500,MHz
naive,3:89,sample_elapsed,13770,ms
naive,3:89,sample_power,0.927,W
naive,3:89,sample_process_cpu,468.387,% one core
naive,3:89,sample_free_ram,1.225,GiB
naive,3:89,sample_battery_temp,36.000,C
naive,3:89,sample_thermal_status,1,Android PowerManager status
naive,3:89,sample_cpu0_freq,1900,MHz
naive,3:89,sample_cpu1_freq,1900,MHz
naive,3:89,sample_cpu2_freq,1900,MHz
naive,3:89,sample_cpu3_freq,1900,MHz
naive,3:89,sample_cpu4_freq,2500,MHz
naive,3:89,sample_cpu5_freq,2500,MHz
naive,3:89,sample_cpu6_freq,2500,MHz
naive,3:89,sample_cpu7_freq,2500,MHz
naive,3:90,sample_elapsed,13925,ms
naive,3:90,sample_power,0.927,W
naive,3:90,sample_process_cpu,465.161,% one core
naive,3:90,sample_free_ram,1.225,GiB
naive,3:90,sample_battery_temp,36.000,C
naive,3:90,sample_thermal_status,1,Android PowerManager status
naive,3:90,sample_cpu0_freq,700,MHz
naive,3:90,sample_cpu1_freq,700,MHz
naive,3:90,sample_cpu2_freq,700,MHz
naive,3:90,sample_cpu3_freq,700,MHz
naive,3:90,sample_cpu4_freq,2500,MHz
naive,3:90,sample_cpu5_freq,2500,MHz
naive,3:90,sample_cpu6_freq,2500,MHz
naive,3:90,sample_cpu7_freq,2500,MHz
naive,3:91,sample_elapsed,14081,ms
naive,3:91,sample_power,0.973,W
naive,3:91,sample_process_cpu,465.385,% one core
naive,3:91,sample_free_ram,1.225,GiB
naive,3:91,sample_battery_temp,36.000,C
naive,3:91,sample_thermal_status,1,Android PowerManager status
naive,3:91,sample_cpu0_freq,1200,MHz
naive,3:91,sample_cpu1_freq,1100,MHz
naive,3:91,sample_cpu2_freq,1100,MHz
naive,3:91,sample_cpu3_freq,1900,MHz
naive,3:91,sample_cpu4_freq,2500,MHz
naive,3:91,sample_cpu5_freq,2500,MHz
naive,3:91,sample_cpu6_freq,2500,MHz
naive,3:91,sample_cpu7_freq,2500,MHz
naive,3:92,sample_elapsed,14238,ms
naive,3:92,sample_power,0.973,W
naive,3:92,sample_process_cpu,460.510,% one core
naive,3:92,sample_free_ram,1.225,GiB
naive,3:92,sample_battery_temp,36.000,C
naive,3:92,sample_thermal_status,1,Android PowerManager status
naive,3:92,sample_cpu0_freq,1900,MHz
naive,3:92,sample_cpu1_freq,1900,MHz
naive,3:92,sample_cpu2_freq,1900,MHz
naive,3:92,sample_cpu3_freq,1900,MHz
naive,3:92,sample_cpu4_freq,2500,MHz
naive,3:92,sample_cpu5_freq,2500,MHz
naive,3:92,sample_cpu6_freq,2500,MHz
naive,3:92,sample_cpu7_freq,2500,MHz
naive,3:93,sample_elapsed,14392,ms
naive,3:93,sample_power,0.973,W
naive,3:93,sample_process_cpu,472.727,% one core
naive,3:93,sample_free_ram,1.225,GiB
naive,3:93,sample_battery_temp,36.000,C
naive,3:93,sample_thermal_status,1,Android PowerManager status
naive,3:93,sample_cpu0_freq,900,MHz
naive,3:93,sample_cpu1_freq,900,MHz
naive,3:93,sample_cpu2_freq,900,MHz
naive,3:93,sample_cpu3_freq,900,MHz
naive,3:93,sample_cpu4_freq,2500,MHz
naive,3:93,sample_cpu5_freq,2500,MHz
naive,3:93,sample_cpu6_freq,2500,MHz
naive,3:93,sample_cpu7_freq,2500,MHz
naive,3:94,sample_elapsed,14549,ms
naive,3:94,sample_power,0.973,W
naive,3:94,sample_process_cpu,461.146,% one core
naive,3:94,sample_free_ram,1.225,GiB
naive,3:94,sample_battery_temp,36.000,C
naive,3:94,sample_thermal_status,1,Android PowerManager status
naive,3:94,sample_cpu0_freq,1900,MHz
naive,3:94,sample_cpu1_freq,1900,MHz
naive,3:94,sample_cpu2_freq,1900,MHz
naive,3:94,sample_cpu3_freq,1900,MHz
naive,3:94,sample_cpu4_freq,2500,MHz
naive,3:94,sample_cpu5_freq,2500,MHz
naive,3:94,sample_cpu6_freq,2500,MHz
naive,3:94,sample_cpu7_freq,2500,MHz
naive,3:95,sample_elapsed,14705,ms
naive,3:95,sample_power,1.211,W
naive,3:95,sample_process_cpu,480.128,% one core
naive,3:95,sample_free_ram,1.225,GiB
naive,3:95,sample_battery_temp,36.000,C
naive,3:95,sample_thermal_status,1,Android PowerManager status
naive,3:95,sample_cpu0_freq,1900,MHz
naive,3:95,sample_cpu1_freq,1900,MHz
naive,3:95,sample_cpu2_freq,1900,MHz
naive,3:95,sample_cpu3_freq,1900,MHz
naive,3:95,sample_cpu4_freq,2500,MHz
naive,3:95,sample_cpu5_freq,2500,MHz
naive,3:95,sample_cpu6_freq,2500,MHz
naive,3:95,sample_cpu7_freq,2500,MHz
naive,3:96,sample_elapsed,14865,ms
naive,3:96,sample_power,1.211,W
naive,3:96,sample_process_cpu,478.750,% one core
naive,3:96,sample_free_ram,1.225,GiB
naive,3:96,sample_battery_temp,36.000,C
naive,3:96,sample_thermal_status,1,Android PowerManager status
naive,3:96,sample_cpu0_freq,1200,MHz
naive,3:96,sample_cpu1_freq,1400,MHz
naive,3:96,sample_cpu2_freq,700,MHz
naive,3:96,sample_cpu3_freq,700,MHz
naive,3:96,sample_cpu4_freq,2500,MHz
naive,3:96,sample_cpu5_freq,2500,MHz
naive,3:96,sample_cpu6_freq,2500,MHz
naive,3:96,sample_cpu7_freq,2500,MHz
naive,3:97,sample_elapsed,15024,ms
naive,3:97,sample_power,1.211,W
naive,3:97,sample_process_cpu,459.119,% one core
naive,3:97,sample_free_ram,1.225,GiB
naive,3:97,sample_battery_temp,36.000,C
naive,3:97,sample_thermal_status,1,Android PowerManager status
naive,3:97,sample_cpu0_freq,1900,MHz
naive,3:97,sample_cpu1_freq,1900,MHz
naive,3:97,sample_cpu2_freq,1900,MHz
naive,3:97,sample_cpu3_freq,1900,MHz
naive,3:97,sample_cpu4_freq,2500,MHz
naive,3:97,sample_cpu5_freq,2500,MHz
naive,3:97,sample_cpu6_freq,2500,MHz
naive,3:97,sample_cpu7_freq,2500,MHz
naive,3:98,sample_elapsed,15178,ms
naive,3:98,sample_power,0.935,W
naive,3:98,sample_process_cpu,478.571,% one core
naive,3:98,sample_free_ram,1.225,GiB
naive,3:98,sample_battery_temp,36.000,C
naive,3:98,sample_thermal_status,1,Android PowerManager status
naive,3:98,sample_cpu0_freq,1900,MHz
naive,3:98,sample_cpu1_freq,1900,MHz
naive,3:98,sample_cpu2_freq,1900,MHz
naive,3:98,sample_cpu3_freq,1900,MHz
naive,3:98,sample_cpu4_freq,2500,MHz
naive,3:98,sample_cpu5_freq,2500,MHz
naive,3:98,sample_cpu6_freq,2500,MHz
naive,3:98,sample_cpu7_freq,2500,MHz
naive,3:99,sample_elapsed,15336,ms
naive,3:99,sample_power,0.935,W
naive,3:99,sample_process_cpu,456.962,% one core
naive,3:99,sample_free_ram,1.224,GiB
naive,3:99,sample_battery_temp,36.000,C
naive,3:99,sample_thermal_status,1,Android PowerManager status
naive,3:99,sample_cpu0_freq,1900,MHz
naive,3:99,sample_cpu1_freq,1900,MHz
naive,3:99,sample_cpu2_freq,1900,MHz
naive,3:99,sample_cpu3_freq,1900,MHz
naive,3:99,sample_cpu4_freq,2500,MHz
naive,3:99,sample_cpu5_freq,2500,MHz
naive,3:99,sample_cpu6_freq,2500,MHz
naive,3:99,sample_cpu7_freq,2500,MHz
naive,3:100,sample_elapsed,15491,ms
naive,3:100,sample_power,0.935,W
naive,3:100,sample_process_cpu,469.032,% one core
naive,3:100,sample_free_ram,1.224,GiB
naive,3:100,sample_battery_temp,36.000,C
naive,3:100,sample_thermal_status,1,Android PowerManager status
naive,3:100,sample_cpu0_freq,600,MHz
naive,3:100,sample_cpu1_freq,600,MHz
naive,3:100,sample_cpu2_freq,600,MHz
naive,3:100,sample_cpu3_freq,600,MHz
naive,3:100,sample_cpu4_freq,2500,MHz
naive,3:100,sample_cpu5_freq,2500,MHz
naive,3:100,sample_cpu6_freq,2500,MHz
naive,3:100,sample_cpu7_freq,2500,MHz
naive,3:101,sample_elapsed,15645,ms
naive,3:101,sample_power,0.935,W
naive,3:101,sample_process_cpu,469.481,% one core
naive,3:101,sample_free_ram,1.224,GiB
naive,3:101,sample_battery_temp,36.000,C
naive,3:101,sample_thermal_status,1,Android PowerManager status
naive,3:101,sample_cpu0_freq,1200,MHz
naive,3:101,sample_cpu1_freq,1200,MHz
naive,3:101,sample_cpu2_freq,1200,MHz
naive,3:101,sample_cpu3_freq,1200,MHz
naive,3:101,sample_cpu4_freq,2500,MHz
naive,3:101,sample_cpu5_freq,2500,MHz
naive,3:101,sample_cpu6_freq,2500,MHz
naive,3:101,sample_cpu7_freq,2500,MHz
naive,3:102,sample_elapsed,15802,ms
naive,3:102,sample_power,0.786,W
naive,3:102,sample_process_cpu,480.255,% one core
naive,3:102,sample_free_ram,1.224,GiB
naive,3:102,sample_battery_temp,36.000,C
naive,3:102,sample_thermal_status,1,Android PowerManager status
naive,3:102,sample_cpu0_freq,1900,MHz
naive,3:102,sample_cpu1_freq,1900,MHz
naive,3:102,sample_cpu2_freq,1900,MHz
naive,3:102,sample_cpu3_freq,1900,MHz
naive,3:102,sample_cpu4_freq,2500,MHz
naive,3:102,sample_cpu5_freq,2500,MHz
naive,3:102,sample_cpu6_freq,2500,MHz
naive,3:102,sample_cpu7_freq,2500,MHz
naive,3:103,sample_elapsed,15957,ms
naive,3:103,sample_power,0.786,W
naive,3:103,sample_process_cpu,483.871,% one core
naive,3:103,sample_free_ram,1.224,GiB
naive,3:103,sample_battery_temp,36.000,C
naive,3:103,sample_thermal_status,1,Android PowerManager status
naive,3:103,sample_cpu0_freq,700,MHz
naive,3:103,sample_cpu1_freq,700,MHz
naive,3:103,sample_cpu2_freq,700,MHz
naive,3:103,sample_cpu3_freq,700,MHz
naive,3:103,sample_cpu4_freq,2500,MHz
naive,3:103,sample_cpu5_freq,2500,MHz
naive,3:103,sample_cpu6_freq,2500,MHz
naive,3:103,sample_cpu7_freq,2500,MHz
naive,3:104,sample_elapsed,16112,ms
naive,3:104,sample_power,0.786,W
naive,3:104,sample_process_cpu,483.226,% one core
naive,3:104,sample_free_ram,1.224,GiB
naive,3:104,sample_battery_temp,36.000,C
naive,3:104,sample_thermal_status,1,Android PowerManager status
naive,3:104,sample_cpu0_freq,500,MHz
naive,3:104,sample_cpu1_freq,500,MHz
naive,3:104,sample_cpu2_freq,500,MHz
naive,3:104,sample_cpu3_freq,500,MHz
naive,3:104,sample_cpu4_freq,2500,MHz
naive,3:104,sample_cpu5_freq,2500,MHz
naive,3:104,sample_cpu6_freq,2500,MHz
naive,3:104,sample_cpu7_freq,2500,MHz
naive,3:105,sample_elapsed,16271,ms
naive,3:105,sample_power,0.922,W
naive,3:105,sample_process_cpu,454.088,% one core
naive,3:105,sample_free_ram,1.224,GiB
naive,3:105,sample_battery_temp,36.000,C
naive,3:105,sample_thermal_status,1,Android PowerManager status
naive,3:105,sample_cpu0_freq,1900,MHz
naive,3:105,sample_cpu1_freq,1100,MHz
naive,3:105,sample_cpu2_freq,1700,MHz
naive,3:105,sample_cpu3_freq,1000,MHz
naive,3:105,sample_cpu4_freq,2500,MHz
naive,3:105,sample_cpu5_freq,2500,MHz
naive,3:105,sample_cpu6_freq,2500,MHz
naive,3:105,sample_cpu7_freq,2500,MHz
naive,3:106,sample_elapsed,16427,ms
naive,3:106,sample_power,0.922,W
naive,3:106,sample_process_cpu,462.179,% one core
naive,3:106,sample_free_ram,1.224,GiB
naive,3:106,sample_battery_temp,36.000,C
naive,3:106,sample_thermal_status,1,Android PowerManager status
naive,3:106,sample_cpu0_freq,1900,MHz
naive,3:106,sample_cpu1_freq,1900,MHz
naive,3:106,sample_cpu2_freq,1900,MHz
naive,3:106,sample_cpu3_freq,1900,MHz
naive,3:106,sample_cpu4_freq,2500,MHz
naive,3:106,sample_cpu5_freq,2500,MHz
naive,3:106,sample_cpu6_freq,2500,MHz
naive,3:106,sample_cpu7_freq,2500,MHz
naive,3:107,sample_elapsed,16582,ms
naive,3:107,sample_power,0.922,W
naive,3:107,sample_process_cpu,467.742,% one core
naive,3:107,sample_free_ram,1.224,GiB
naive,3:107,sample_battery_temp,36.000,C
naive,3:107,sample_thermal_status,1,Android PowerManager status
naive,3:107,sample_cpu0_freq,1900,MHz
naive,3:107,sample_cpu1_freq,1900,MHz
naive,3:107,sample_cpu2_freq,600,MHz
naive,3:107,sample_cpu3_freq,600,MHz
naive,3:107,sample_cpu4_freq,2500,MHz
naive,3:107,sample_cpu5_freq,2500,MHz
naive,3:107,sample_cpu6_freq,2500,MHz
naive,3:107,sample_cpu7_freq,2500,MHz
naive,3:108,sample_elapsed,16737,ms
naive,3:108,sample_power,0.922,W
naive,3:108,sample_process_cpu,466.452,% one core
naive,3:108,sample_free_ram,1.223,GiB
naive,3:108,sample_battery_temp,36.000,C
naive,3:108,sample_thermal_status,1,Android PowerManager status
naive,3:108,sample_cpu0_freq,1900,MHz
naive,3:108,sample_cpu1_freq,1900,MHz
naive,3:108,sample_cpu2_freq,1900,MHz
naive,3:108,sample_cpu3_freq,1900,MHz
naive,3:108,sample_cpu4_freq,2500,MHz
naive,3:108,sample_cpu5_freq,2500,MHz
naive,3:108,sample_cpu6_freq,2500,MHz
naive,3:108,sample_cpu7_freq,2500,MHz
naive,3:109,sample_elapsed,16906,ms
naive,3:109,sample_power,1.005,W
naive,3:109,sample_process_cpu,484.024,% one core
naive,3:109,sample_free_ram,1.223,GiB
naive,3:109,sample_battery_temp,36.000,C
naive,3:109,sample_thermal_status,1,Android PowerManager status
naive,3:109,sample_cpu0_freq,1900,MHz
naive,3:109,sample_cpu1_freq,1900,MHz
naive,3:109,sample_cpu2_freq,1900,MHz
naive,3:109,sample_cpu3_freq,1900,MHz
naive,3:109,sample_cpu4_freq,2500,MHz
naive,3:109,sample_cpu5_freq,2500,MHz
naive,3:109,sample_cpu6_freq,2500,MHz
naive,3:109,sample_cpu7_freq,2500,MHz
naive,3:110,sample_elapsed,17061,ms
naive,3:110,sample_power,1.005,W
naive,3:110,sample_process_cpu,478.710,% one core
naive,3:110,sample_free_ram,1.223,GiB
naive,3:110,sample_battery_temp,36.000,C
naive,3:110,sample_thermal_status,1,Android PowerManager status
naive,3:110,sample_cpu0_freq,900,MHz
naive,3:110,sample_cpu1_freq,600,MHz
naive,3:110,sample_cpu2_freq,900,MHz
naive,3:110,sample_cpu3_freq,1900,MHz
naive,3:110,sample_cpu4_freq,2500,MHz
naive,3:110,sample_cpu5_freq,2500,MHz
naive,3:110,sample_cpu6_freq,2500,MHz
naive,3:110,sample_cpu7_freq,2500,MHz
naive,3:111,sample_elapsed,17215,ms
naive,3:111,sample_power,1.005,W
naive,3:111,sample_process_cpu,503.896,% one core
naive,3:111,sample_free_ram,1.230,GiB
naive,3:111,sample_battery_temp,36.000,C
naive,3:111,sample_thermal_status,1,Android PowerManager status
naive,3:111,sample_cpu0_freq,1900,MHz
naive,3:111,sample_cpu1_freq,1900,MHz
naive,3:111,sample_cpu2_freq,1900,MHz
naive,3:111,sample_cpu3_freq,1900,MHz
naive,3:111,sample_cpu4_freq,2500,MHz
naive,3:111,sample_cpu5_freq,2500,MHz
naive,3:111,sample_cpu6_freq,2500,MHz
naive,3:111,sample_cpu7_freq,2500,MHz
naive,3:112,sample_elapsed,17373,ms
naive,3:112,sample_power,0.836,W
naive,3:112,sample_process_cpu,493.671,% one core
naive,3:112,sample_free_ram,1.230,GiB
naive,3:112,sample_battery_temp,36.000,C
naive,3:112,sample_thermal_status,1,Android PowerManager status
naive,3:112,sample_cpu0_freq,1900,MHz
naive,3:112,sample_cpu1_freq,1900,MHz
naive,3:112,sample_cpu2_freq,1900,MHz
naive,3:112,sample_cpu3_freq,1900,MHz
naive,3:112,sample_cpu4_freq,2500,MHz
naive,3:112,sample_cpu5_freq,2500,MHz
naive,3:112,sample_cpu6_freq,2500,MHz
naive,3:112,sample_cpu7_freq,2500,MHz
naive,3:113,sample_elapsed,17532,ms
naive,3:113,sample_power,0.836,W
naive,3:113,sample_process_cpu,462.893,% one core
naive,3:113,sample_free_ram,1.230,GiB
naive,3:113,sample_battery_temp,36.000,C
naive,3:113,sample_thermal_status,1,Android PowerManager status
naive,3:113,sample_cpu0_freq,1900,MHz
naive,3:113,sample_cpu1_freq,1900,MHz
naive,3:113,sample_cpu2_freq,1900,MHz
naive,3:113,sample_cpu3_freq,1900,MHz
naive,3:113,sample_cpu4_freq,2500,MHz
naive,3:113,sample_cpu5_freq,2500,MHz
naive,3:113,sample_cpu6_freq,2500,MHz
naive,3:113,sample_cpu7_freq,2500,MHz
naive,3:114,sample_elapsed,17690,ms
naive,3:114,sample_power,0.836,W
naive,3:114,sample_process_cpu,482.911,% one core
naive,3:114,sample_free_ram,1.230,GiB
naive,3:114,sample_battery_temp,36.000,C
naive,3:114,sample_thermal_status,1,Android PowerManager status
naive,3:114,sample_cpu0_freq,1600,MHz
naive,3:114,sample_cpu1_freq,1600,MHz
naive,3:114,sample_cpu2_freq,1900,MHz
naive,3:114,sample_cpu3_freq,1900,MHz
naive,3:114,sample_cpu4_freq,2500,MHz
naive,3:114,sample_cpu5_freq,2500,MHz
naive,3:114,sample_cpu6_freq,2500,MHz
naive,3:114,sample_cpu7_freq,2500,MHz
naive,3:115,sample_elapsed,17852,ms
naive,3:115,sample_power,0.836,W
naive,3:115,sample_process_cpu,483.333,% one core
naive,3:115,sample_free_ram,1.230,GiB
naive,3:115,sample_battery_temp,36.000,C
naive,3:115,sample_thermal_status,1,Android PowerManager status
naive,3:115,sample_cpu0_freq,1900,MHz
naive,3:115,sample_cpu1_freq,1900,MHz
naive,3:115,sample_cpu2_freq,1900,MHz
naive,3:115,sample_cpu3_freq,1900,MHz
naive,3:115,sample_cpu4_freq,2500,MHz
naive,3:115,sample_cpu5_freq,2500,MHz
naive,3:115,sample_cpu6_freq,2500,MHz
naive,3:115,sample_cpu7_freq,2500,MHz
naive,3:116,sample_elapsed,18011,ms
naive,3:116,sample_power,0.949,W
naive,3:116,sample_process_cpu,461.635,% one core
naive,3:116,sample_free_ram,1.230,GiB
naive,3:116,sample_battery_temp,36.000,C
naive,3:116,sample_thermal_status,1,Android PowerManager status
naive,3:116,sample_cpu0_freq,1900,MHz
naive,3:116,sample_cpu1_freq,1900,MHz
naive,3:116,sample_cpu2_freq,1900,MHz
naive,3:116,sample_cpu3_freq,1900,MHz
naive,3:116,sample_cpu4_freq,2500,MHz
naive,3:116,sample_cpu5_freq,2500,MHz
naive,3:116,sample_cpu6_freq,2500,MHz
naive,3:116,sample_cpu7_freq,2500,MHz
naive,3:117,sample_elapsed,18167,ms
naive,3:117,sample_power,0.949,W
naive,3:117,sample_process_cpu,466.026,% one core
naive,3:117,sample_free_ram,1.230,GiB
naive,3:117,sample_battery_temp,36.000,C
naive,3:117,sample_thermal_status,1,Android PowerManager status
naive,3:117,sample_cpu0_freq,450,MHz
naive,3:117,sample_cpu1_freq,450,MHz
naive,3:117,sample_cpu2_freq,450,MHz
naive,3:117,sample_cpu3_freq,1500,MHz
naive,3:117,sample_cpu4_freq,2500,MHz
naive,3:117,sample_cpu5_freq,2500,MHz
naive,3:117,sample_cpu6_freq,2500,MHz
naive,3:117,sample_cpu7_freq,2500,MHz
naive,3:118,sample_elapsed,18321,ms
naive,3:118,sample_power,0.949,W
naive,3:118,sample_process_cpu,466.883,% one core
naive,3:118,sample_free_ram,1.229,GiB
naive,3:118,sample_battery_temp,36.000,C
naive,3:118,sample_thermal_status,1,Android PowerManager status
naive,3:118,sample_cpu0_freq,1100,MHz
naive,3:118,sample_cpu1_freq,1200,MHz
naive,3:118,sample_cpu2_freq,1200,MHz
naive,3:118,sample_cpu3_freq,1200,MHz
naive,3:118,sample_cpu4_freq,2500,MHz
naive,3:118,sample_cpu5_freq,2500,MHz
naive,3:118,sample_cpu6_freq,2500,MHz
naive,3:118,sample_cpu7_freq,2500,MHz
naive,3:119,sample_elapsed,18477,ms
naive,3:119,sample_power,0.858,W
naive,3:119,sample_process_cpu,467.949,% one core
naive,3:119,sample_free_ram,1.229,GiB
naive,3:119,sample_battery_temp,36.000,C
naive,3:119,sample_thermal_status,1,Android PowerManager status
naive,3:119,sample_cpu0_freq,1900,MHz
naive,3:119,sample_cpu1_freq,1900,MHz
naive,3:119,sample_cpu2_freq,1900,MHz
naive,3:119,sample_cpu3_freq,1900,MHz
naive,3:119,sample_cpu4_freq,2500,MHz
naive,3:119,sample_cpu5_freq,2500,MHz
naive,3:119,sample_cpu6_freq,2500,MHz
naive,3:119,sample_cpu7_freq,2500,MHz
naive,3:120,sample_elapsed,18632,ms
naive,3:120,sample_power,0.858,W
naive,3:120,sample_process_cpu,452.903,% one core
naive,3:120,sample_free_ram,1.230,GiB
naive,3:120,sample_battery_temp,36.000,C
naive,3:120,sample_thermal_status,1,Android PowerManager status
naive,3:120,sample_cpu0_freq,1900,MHz
naive,3:120,sample_cpu1_freq,1900,MHz
naive,3:120,sample_cpu2_freq,900,MHz
naive,3:120,sample_cpu3_freq,1900,MHz
naive,3:120,sample_cpu4_freq,2500,MHz
naive,3:120,sample_cpu5_freq,2500,MHz
naive,3:120,sample_cpu6_freq,2500,MHz
naive,3:120,sample_cpu7_freq,2500,MHz
naive,3:121,sample_elapsed,18787,ms
naive,3:121,sample_power,0.858,W
naive,3:121,sample_process_cpu,461.290,% one core
naive,3:121,sample_free_ram,1.229,GiB
naive,3:121,sample_battery_temp,36.000,C
naive,3:121,sample_thermal_status,1,Android PowerManager status
naive,3:121,sample_cpu0_freq,700,MHz
naive,3:121,sample_cpu1_freq,450,MHz
naive,3:121,sample_cpu2_freq,450,MHz
naive,3:121,sample_cpu3_freq,450,MHz
naive,3:121,sample_cpu4_freq,2500,MHz
naive,3:121,sample_cpu5_freq,2500,MHz
naive,3:121,sample_cpu6_freq,2500,MHz
naive,3:121,sample_cpu7_freq,2500,MHz
naive,3:122,sample_elapsed,18948,ms
naive,3:122,sample_power,0.858,W
naive,3:122,sample_process_cpu,468.944,% one core
naive,3:122,sample_free_ram,1.229,GiB
naive,3:122,sample_battery_temp,36.000,C
naive,3:122,sample_thermal_status,1,Android PowerManager status
naive,3:122,sample_cpu0_freq,1900,MHz
naive,3:122,sample_cpu1_freq,1900,MHz
naive,3:122,sample_cpu2_freq,1900,MHz
naive,3:122,sample_cpu3_freq,1900,MHz
naive,3:122,sample_cpu4_freq,2500,MHz
naive,3:122,sample_cpu5_freq,2500,MHz
naive,3:122,sample_cpu6_freq,2500,MHz
naive,3:122,sample_cpu7_freq,2500,MHz
naive,3:123,sample_elapsed,19103,ms
naive,3:123,sample_power,1.180,W
naive,3:123,sample_process_cpu,468.387,% one core
naive,3:123,sample_free_ram,1.229,GiB
naive,3:123,sample_battery_temp,36.000,C
naive,3:123,sample_thermal_status,1,Android PowerManager status
naive,3:123,sample_cpu0_freq,600,MHz
naive,3:123,sample_cpu1_freq,600,MHz
naive,3:123,sample_cpu2_freq,600,MHz
naive,3:123,sample_cpu3_freq,600,MHz
naive,3:123,sample_cpu4_freq,2500,MHz
naive,3:123,sample_cpu5_freq,2500,MHz
naive,3:123,sample_cpu6_freq,2500,MHz
naive,3:123,sample_cpu7_freq,2500,MHz
naive,3:124,sample_elapsed,19257,ms
naive,3:124,sample_power,1.180,W
naive,3:124,sample_process_cpu,467.532,% one core
naive,3:124,sample_free_ram,1.229,GiB
naive,3:124,sample_battery_temp,36.000,C
naive,3:124,sample_thermal_status,1,Android PowerManager status
naive,3:124,sample_cpu0_freq,1900,MHz
naive,3:124,sample_cpu1_freq,1900,MHz
naive,3:124,sample_cpu2_freq,1900,MHz
naive,3:124,sample_cpu3_freq,1900,MHz
naive,3:124,sample_cpu4_freq,2500,MHz
naive,3:124,sample_cpu5_freq,2500,MHz
naive,3:124,sample_cpu6_freq,2500,MHz
naive,3:124,sample_cpu7_freq,2500,MHz
naive,3:125,sample_elapsed,19411,ms
naive,3:125,sample_power,1.180,W
naive,3:125,sample_process_cpu,466.883,% one core
naive,3:125,sample_free_ram,1.229,GiB
naive,3:125,sample_battery_temp,36.000,C
naive,3:125,sample_thermal_status,1,Android PowerManager status
naive,3:125,sample_cpu0_freq,700,MHz
naive,3:125,sample_cpu1_freq,700,MHz
naive,3:125,sample_cpu2_freq,700,MHz
naive,3:125,sample_cpu3_freq,700,MHz
naive,3:125,sample_cpu4_freq,2500,MHz
naive,3:125,sample_cpu5_freq,2500,MHz
naive,3:125,sample_cpu6_freq,2500,MHz
naive,3:125,sample_cpu7_freq,2500,MHz
naive,3:126,sample_elapsed,19566,ms
naive,3:126,sample_power,0.809,W
naive,3:126,sample_process_cpu,476.774,% one core
naive,3:126,sample_free_ram,1.229,GiB
naive,3:126,sample_battery_temp,36.000,C
naive,3:126,sample_thermal_status,1,Android PowerManager status
naive,3:126,sample_cpu0_freq,500,MHz
naive,3:126,sample_cpu1_freq,500,MHz
naive,3:126,sample_cpu2_freq,500,MHz
naive,3:126,sample_cpu3_freq,1900,MHz
naive,3:126,sample_cpu4_freq,2500,MHz
naive,3:126,sample_cpu5_freq,2500,MHz
naive,3:126,sample_cpu6_freq,2500,MHz
naive,3:126,sample_cpu7_freq,2500,MHz
naive,3:127,sample_elapsed,19726,ms
naive,3:127,sample_power,0.809,W
naive,3:127,sample_process_cpu,443.750,% one core
naive,3:127,sample_free_ram,1.229,GiB
naive,3:127,sample_battery_temp,36.000,C
naive,3:127,sample_thermal_status,1,Android PowerManager status
naive,3:127,sample_cpu0_freq,1900,MHz
naive,3:127,sample_cpu1_freq,1900,MHz
naive,3:127,sample_cpu2_freq,1900,MHz
naive,3:127,sample_cpu3_freq,1900,MHz
naive,3:127,sample_cpu4_freq,2500,MHz
naive,3:127,sample_cpu5_freq,2500,MHz
naive,3:127,sample_cpu6_freq,2500,MHz
naive,3:127,sample_cpu7_freq,2500,MHz
naive,3:128,sample_elapsed,19881,ms
naive,3:128,sample_power,0.809,W
naive,3:128,sample_process_cpu,459.355,% one core
naive,3:128,sample_free_ram,1.229,GiB
naive,3:128,sample_battery_temp,36.000,C
naive,3:128,sample_thermal_status,1,Android PowerManager status
naive,3:128,sample_cpu0_freq,1900,MHz
naive,3:128,sample_cpu1_freq,1900,MHz
naive,3:128,sample_cpu2_freq,450,MHz
naive,3:128,sample_cpu3_freq,450,MHz
naive,3:128,sample_cpu4_freq,2500,MHz
naive,3:128,sample_cpu5_freq,2500,MHz
naive,3:128,sample_cpu6_freq,2500,MHz
naive,3:128,sample_cpu7_freq,2500,MHz
naive,3:129,sample_elapsed,20035,ms
naive,3:129,sample_power,0.809,W
naive,3:129,sample_process_cpu,477.273,% one core
naive,3:129,sample_free_ram,1.229,GiB
naive,3:129,sample_battery_temp,36.000,C
naive,3:129,sample_thermal_status,1,Android PowerManager status
naive,3:129,sample_cpu0_freq,1900,MHz
naive,3:129,sample_cpu1_freq,1900,MHz
naive,3:129,sample_cpu2_freq,1900,MHz
naive,3:129,sample_cpu3_freq,1900,MHz
naive,3:129,sample_cpu4_freq,2500,MHz
naive,3:129,sample_cpu5_freq,2500,MHz
naive,3:129,sample_cpu6_freq,2500,MHz
naive,3:129,sample_cpu7_freq,2500,MHz
naive,3:130,sample_elapsed,20194,ms
naive,3:130,sample_power,1.026,W
naive,3:130,sample_process_cpu,471.698,% one core
naive,3:130,sample_free_ram,1.228,GiB
naive,3:130,sample_battery_temp,36.000,C
naive,3:130,sample_thermal_status,1,Android PowerManager status
naive,3:130,sample_cpu0_freq,1900,MHz
naive,3:130,sample_cpu1_freq,1900,MHz
naive,3:130,sample_cpu2_freq,1900,MHz
naive,3:130,sample_cpu3_freq,1900,MHz
naive,3:130,sample_cpu4_freq,2500,MHz
naive,3:130,sample_cpu5_freq,2500,MHz
naive,3:130,sample_cpu6_freq,2500,MHz
naive,3:130,sample_cpu7_freq,2500,MHz
naive,3:131,sample_elapsed,20354,ms
naive,3:131,sample_power,1.026,W
naive,3:131,sample_process_cpu,461.250,% one core
naive,3:131,sample_free_ram,1.228,GiB
naive,3:131,sample_battery_temp,36.000,C
naive,3:131,sample_thermal_status,1,Android PowerManager status
naive,3:131,sample_cpu0_freq,1900,MHz
naive,3:131,sample_cpu1_freq,1900,MHz
naive,3:131,sample_cpu2_freq,1900,MHz
naive,3:131,sample_cpu3_freq,1900,MHz
naive,3:131,sample_cpu4_freq,2500,MHz
naive,3:131,sample_cpu5_freq,2500,MHz
naive,3:131,sample_cpu6_freq,2500,MHz
naive,3:131,sample_cpu7_freq,2500,MHz
naive,3:132,sample_elapsed,20511,ms
naive,3:132,sample_power,1.026,W
naive,3:132,sample_process_cpu,478.981,% one core
naive,3:132,sample_free_ram,1.228,GiB
naive,3:132,sample_battery_temp,36.000,C
naive,3:132,sample_thermal_status,1,Android PowerManager status
naive,3:132,sample_cpu0_freq,1900,MHz
naive,3:132,sample_cpu1_freq,1900,MHz
naive,3:132,sample_cpu2_freq,1900,MHz
naive,3:132,sample_cpu3_freq,1900,MHz
naive,3:132,sample_cpu4_freq,2500,MHz
naive,3:132,sample_cpu5_freq,2500,MHz
naive,3:132,sample_cpu6_freq,2500,MHz
naive,3:132,sample_cpu7_freq,2500,MHz
naive,3:133,sample_elapsed,20668,ms
naive,3:133,sample_power,0.851,W
naive,3:133,sample_process_cpu,480.255,% one core
naive,3:133,sample_free_ram,1.228,GiB
naive,3:133,sample_battery_temp,36.000,C
naive,3:133,sample_thermal_status,1,Android PowerManager status
naive,3:133,sample_cpu0_freq,1900,MHz
naive,3:133,sample_cpu1_freq,1900,MHz
naive,3:133,sample_cpu2_freq,1900,MHz
naive,3:133,sample_cpu3_freq,1900,MHz
naive,3:133,sample_cpu4_freq,2500,MHz
naive,3:133,sample_cpu5_freq,2500,MHz
naive,3:133,sample_cpu6_freq,2500,MHz
naive,3:133,sample_cpu7_freq,2500,MHz
naive,3:134,sample_elapsed,20825,ms
naive,3:134,sample_power,0.851,W
naive,3:134,sample_process_cpu,516.561,% one core
naive,3:134,sample_free_ram,1.228,GiB
naive,3:134,sample_battery_temp,36.000,C
naive,3:134,sample_thermal_status,1,Android PowerManager status
naive,3:134,sample_cpu0_freq,1900,MHz
naive,3:134,sample_cpu1_freq,1900,MHz
naive,3:134,sample_cpu2_freq,1900,MHz
naive,3:134,sample_cpu3_freq,1900,MHz
naive,3:134,sample_cpu4_freq,2500,MHz
naive,3:134,sample_cpu5_freq,2500,MHz
naive,3:134,sample_cpu6_freq,2500,MHz
naive,3:134,sample_cpu7_freq,2500,MHz
naive,3:135,sample_elapsed,21004,ms
naive,3:135,sample_power,0.851,W
naive,3:135,sample_process_cpu,450.279,% one core
naive,3:135,sample_free_ram,1.228,GiB
naive,3:135,sample_battery_temp,36.000,C
naive,3:135,sample_thermal_status,1,Android PowerManager status
naive,3:135,sample_cpu0_freq,1200,MHz
naive,3:135,sample_cpu1_freq,450,MHz
naive,3:135,sample_cpu2_freq,450,MHz
naive,3:135,sample_cpu3_freq,450,MHz
naive,3:135,sample_cpu4_freq,2500,MHz
naive,3:135,sample_cpu5_freq,2500,MHz
naive,3:135,sample_cpu6_freq,2500,MHz
naive,3:135,sample_cpu7_freq,2500,MHz
naive,3:136,sample_elapsed,21163,ms
naive,3:136,sample_power,0.851,W
naive,3:136,sample_process_cpu,469.182,% one core
naive,3:136,sample_free_ram,1.228,GiB
naive,3:136,sample_battery_temp,36.000,C
naive,3:136,sample_thermal_status,1,Android PowerManager status
naive,3:136,sample_cpu0_freq,1900,MHz
naive,3:136,sample_cpu1_freq,1900,MHz
naive,3:136,sample_cpu2_freq,1900,MHz
naive,3:136,sample_cpu3_freq,1900,MHz
naive,3:136,sample_cpu4_freq,2500,MHz
naive,3:136,sample_cpu5_freq,2500,MHz
naive,3:136,sample_cpu6_freq,2500,MHz
naive,3:136,sample_cpu7_freq,2500,MHz
naive,3:137,sample_elapsed,21319,ms
naive,3:137,sample_power,0.863,W
naive,3:137,sample_process_cpu,470.513,% one core
naive,3:137,sample_free_ram,1.226,GiB
naive,3:137,sample_battery_temp,36.000,C
naive,3:137,sample_thermal_status,1,Android PowerManager status
naive,3:137,sample_cpu0_freq,1200,MHz
naive,3:137,sample_cpu1_freq,1200,MHz
naive,3:137,sample_cpu2_freq,1200,MHz
naive,3:137,sample_cpu3_freq,1900,MHz
naive,3:137,sample_cpu4_freq,2500,MHz
naive,3:137,sample_cpu5_freq,2500,MHz
naive,3:137,sample_cpu6_freq,2500,MHz
naive,3:137,sample_cpu7_freq,2500,MHz
naive,3:138,sample_elapsed,21478,ms
naive,3:138,sample_power,0.863,W
naive,3:138,sample_process_cpu,469.811,% one core
naive,3:138,sample_free_ram,1.226,GiB
naive,3:138,sample_battery_temp,36.000,C
naive,3:138,sample_thermal_status,1,Android PowerManager status
naive,3:138,sample_cpu0_freq,1800,MHz
naive,3:138,sample_cpu1_freq,1800,MHz
naive,3:138,sample_cpu2_freq,1800,MHz
naive,3:138,sample_cpu3_freq,1800,MHz
naive,3:138,sample_cpu4_freq,2500,MHz
naive,3:138,sample_cpu5_freq,2500,MHz
naive,3:138,sample_cpu6_freq,2500,MHz
naive,3:138,sample_cpu7_freq,2500,MHz
naive,3:139,sample_elapsed,21634,ms
naive,3:139,sample_power,0.863,W
naive,3:139,sample_process_cpu,472.436,% one core
naive,3:139,sample_free_ram,1.227,GiB
naive,3:139,sample_battery_temp,36.000,C
naive,3:139,sample_thermal_status,1,Android PowerManager status
naive,3:139,sample_cpu0_freq,1900,MHz
naive,3:139,sample_cpu1_freq,1900,MHz
naive,3:139,sample_cpu2_freq,1900,MHz
naive,3:139,sample_cpu3_freq,1900,MHz
naive,3:139,sample_cpu4_freq,2500,MHz
naive,3:139,sample_cpu5_freq,2500,MHz
naive,3:139,sample_cpu6_freq,2500,MHz
naive,3:139,sample_cpu7_freq,2500,MHz
naive,median,pp,98.700,tok/s
naive,stddev,pp,1.068,tok/s
naive,median,tg,7.210,tok/s
naive,stddev,tg,0.332,tok/s
naive,median,power,1.065,W
naive,stddev,power,0.392,W
naive,median,tok_per_w,7.269,tok/W
naive,stddev,tok_per_w,3.822,tok/W
naive,median,ttft_pp512_derived,5331.529,ms
naive,stddev,ttft_pp512_derived,59.167,ms
naive,median,start_temp,35.000,C
naive,stddev,start_temp,0.471,C
naive,median,average_process_cpu,467.535,% one core
naive,stddev,average_process_cpu,2.979,% one core
naive,median,minimum_free_ram,1.259,GiB
naive,stddev,minimum_free_ram,0.043,GiB
naive,median,peak_battery_temp,35.000,C
naive,stddev,peak_battery_temp,0.471,C
naive,median,mean_perf_core_clock,2500.000,MHz
naive,stddev,mean_perf_core_clock,0.000,MHz
naive,median,mean_little_core_clock,1680.394,MHz
naive,stddev,mean_little_core_clock,103.407,MHz
threads_only,1,pp,134.000,tok/s
threads_only,1,tg,16.200,tok/s
threads_only,1,power,0.955,W
threads_only,1,tok_per_w,16.967,tok/W
threads_only,1,ttft_pp512_derived,3882.624,ms
threads_only,1,start_temp,36.000,C
threads_only,1,average_process_cpu,486.828,% one core
threads_only,1,minimum_free_ram,1.236,GiB
threads_only,1,peak_battery_temp,36.000,C
threads_only,1,peak_thermal_status,1,Android PowerManager status
threads_only,1:1,sample_elapsed,1,ms
threads_only,1:1,sample_power,3.870,W
threads_only,1:1,sample_process_cpu,1200.000,% one core
threads_only,1:1,sample_free_ram,1.296,GiB
threads_only,1:1,sample_battery_temp,36.000,C
threads_only,1:1,sample_thermal_status,1,Android PowerManager status
threads_only,1:1,sample_cpu0_freq,900,MHz
threads_only,1:1,sample_cpu1_freq,900,MHz
threads_only,1:1,sample_cpu2_freq,900,MHz
threads_only,1:1,sample_cpu3_freq,450,MHz
threads_only,1:1,sample_cpu4_freq,600,MHz
threads_only,1:1,sample_cpu5_freq,600,MHz
threads_only,1:1,sample_cpu6_freq,600,MHz
threads_only,1:1,sample_cpu7_freq,600,MHz
threads_only,1:2,sample_elapsed,163,ms
threads_only,1:2,sample_power,3.870,W
threads_only,1:2,sample_process_cpu,414.815,% one core
threads_only,1:2,sample_free_ram,1.236,GiB
threads_only,1:2,sample_battery_temp,36.000,C
threads_only,1:2,sample_thermal_status,1,Android PowerManager status
threads_only,1:2,sample_cpu0_freq,1900,MHz
threads_only,1:2,sample_cpu1_freq,1900,MHz
threads_only,1:2,sample_cpu2_freq,1900,MHz
threads_only,1:2,sample_cpu3_freq,1900,MHz
threads_only,1:2,sample_cpu4_freq,2500,MHz
threads_only,1:2,sample_cpu5_freq,2500,MHz
threads_only,1:2,sample_cpu6_freq,2500,MHz
threads_only,1:2,sample_cpu7_freq,2500,MHz
threads_only,1:3,sample_elapsed,319,ms
threads_only,1:3,sample_power,3.870,W
threads_only,1:3,sample_process_cpu,477.564,% one core
threads_only,1:3,sample_free_ram,1.273,GiB
threads_only,1:3,sample_battery_temp,36.000,C
threads_only,1:3,sample_thermal_status,1,Android PowerManager status
threads_only,1:3,sample_cpu0_freq,1900,MHz
threads_only,1:3,sample_cpu1_freq,1700,MHz
threads_only,1:3,sample_cpu2_freq,1700,MHz
threads_only,1:3,sample_cpu3_freq,1700,MHz
threads_only,1:3,sample_cpu4_freq,2500,MHz
threads_only,1:3,sample_cpu5_freq,2500,MHz
threads_only,1:3,sample_cpu6_freq,2500,MHz
threads_only,1:3,sample_cpu7_freq,2500,MHz
threads_only,1:4,sample_elapsed,478,ms
threads_only,1:4,sample_power,3.870,W
threads_only,1:4,sample_process_cpu,449.057,% one core
threads_only,1:4,sample_free_ram,1.273,GiB
threads_only,1:4,sample_battery_temp,36.000,C
threads_only,1:4,sample_thermal_status,1,Android PowerManager status
threads_only,1:4,sample_cpu0_freq,1300,MHz
threads_only,1:4,sample_cpu1_freq,1300,MHz
threads_only,1:4,sample_cpu2_freq,1300,MHz
threads_only,1:4,sample_cpu3_freq,1300,MHz
threads_only,1:4,sample_cpu4_freq,2500,MHz
threads_only,1:4,sample_cpu5_freq,2500,MHz
threads_only,1:4,sample_cpu6_freq,2500,MHz
threads_only,1:4,sample_cpu7_freq,2500,MHz
threads_only,1:5,sample_elapsed,633,ms
threads_only,1:5,sample_power,0.672,W
threads_only,1:5,sample_process_cpu,463.226,% one core
threads_only,1:5,sample_free_ram,1.272,GiB
threads_only,1:5,sample_battery_temp,36.000,C
threads_only,1:5,sample_thermal_status,1,Android PowerManager status
threads_only,1:5,sample_cpu0_freq,1900,MHz
threads_only,1:5,sample_cpu1_freq,1900,MHz
threads_only,1:5,sample_cpu2_freq,1900,MHz
threads_only,1:5,sample_cpu3_freq,1900,MHz
threads_only,1:5,sample_cpu4_freq,2500,MHz
threads_only,1:5,sample_cpu5_freq,2500,MHz
threads_only,1:5,sample_cpu6_freq,2500,MHz
threads_only,1:5,sample_cpu7_freq,2500,MHz
threads_only,1:6,sample_elapsed,788,ms
threads_only,1:6,sample_power,0.672,W
threads_only,1:6,sample_process_cpu,506.452,% one core
threads_only,1:6,sample_free_ram,1.271,GiB
threads_only,1:6,sample_battery_temp,36.000,C
threads_only,1:6,sample_thermal_status,1,Android PowerManager status
threads_only,1:6,sample_cpu0_freq,1500,MHz
threads_only,1:6,sample_cpu1_freq,1600,MHz
threads_only,1:6,sample_cpu2_freq,1600,MHz
threads_only,1:6,sample_cpu3_freq,900,MHz
threads_only,1:6,sample_cpu4_freq,2500,MHz
threads_only,1:6,sample_cpu5_freq,2500,MHz
threads_only,1:6,sample_cpu6_freq,2500,MHz
threads_only,1:6,sample_cpu7_freq,2500,MHz
threads_only,1:7,sample_elapsed,945,ms
threads_only,1:7,sample_power,0.672,W
threads_only,1:7,sample_process_cpu,453.503,% one core
threads_only,1:7,sample_free_ram,1.271,GiB
threads_only,1:7,sample_battery_temp,36.000,C
threads_only,1:7,sample_thermal_status,1,Android PowerManager status
threads_only,1:7,sample_cpu0_freq,1900,MHz
threads_only,1:7,sample_cpu1_freq,900,MHz
threads_only,1:7,sample_cpu2_freq,1800,MHz
threads_only,1:7,sample_cpu3_freq,900,MHz
threads_only,1:7,sample_cpu4_freq,2500,MHz
threads_only,1:7,sample_cpu5_freq,2500,MHz
threads_only,1:7,sample_cpu6_freq,2500,MHz
threads_only,1:7,sample_cpu7_freq,2500,MHz
threads_only,1:8,sample_elapsed,1107,ms
threads_only,1:8,sample_power,0.197,W
threads_only,1:8,sample_process_cpu,469.753,% one core
threads_only,1:8,sample_free_ram,1.270,GiB
threads_only,1:8,sample_battery_temp,36.000,C
threads_only,1:8,sample_thermal_status,1,Android PowerManager status
threads_only,1:8,sample_cpu0_freq,1900,MHz
threads_only,1:8,sample_cpu1_freq,1900,MHz
threads_only,1:8,sample_cpu2_freq,1900,MHz
threads_only,1:8,sample_cpu3_freq,1900,MHz
threads_only,1:8,sample_cpu4_freq,2500,MHz
threads_only,1:8,sample_cpu5_freq,2500,MHz
threads_only,1:8,sample_cpu6_freq,2500,MHz
threads_only,1:8,sample_cpu7_freq,2500,MHz
threads_only,1:9,sample_elapsed,1262,ms
threads_only,1:9,sample_power,0.197,W
threads_only,1:9,sample_process_cpu,463.871,% one core
threads_only,1:9,sample_free_ram,1.267,GiB
threads_only,1:9,sample_battery_temp,36.000,C
threads_only,1:9,sample_thermal_status,1,Android PowerManager status
threads_only,1:9,sample_cpu0_freq,1900,MHz
threads_only,1:9,sample_cpu1_freq,1900,MHz
threads_only,1:9,sample_cpu2_freq,1900,MHz
threads_only,1:9,sample_cpu3_freq,1900,MHz
threads_only,1:9,sample_cpu4_freq,2500,MHz
threads_only,1:9,sample_cpu5_freq,2500,MHz
threads_only,1:9,sample_cpu6_freq,2500,MHz
threads_only,1:9,sample_cpu7_freq,2500,MHz
threads_only,1:10,sample_elapsed,1420,ms
threads_only,1:10,sample_power,0.197,W
threads_only,1:10,sample_process_cpu,461.392,% one core
threads_only,1:10,sample_free_ram,1.267,GiB
threads_only,1:10,sample_battery_temp,36.000,C
threads_only,1:10,sample_thermal_status,1,Android PowerManager status
threads_only,1:10,sample_cpu0_freq,1900,MHz
threads_only,1:10,sample_cpu1_freq,1900,MHz
threads_only,1:10,sample_cpu2_freq,1900,MHz
threads_only,1:10,sample_cpu3_freq,1900,MHz
threads_only,1:10,sample_cpu4_freq,2500,MHz
threads_only,1:10,sample_cpu5_freq,2500,MHz
threads_only,1:10,sample_cpu6_freq,2500,MHz
threads_only,1:10,sample_cpu7_freq,2500,MHz
threads_only,1:11,sample_elapsed,1575,ms
threads_only,1:11,sample_power,0.197,W
threads_only,1:11,sample_process_cpu,461.935,% one core
threads_only,1:11,sample_free_ram,1.268,GiB
threads_only,1:11,sample_battery_temp,36.000,C
threads_only,1:11,sample_thermal_status,1,Android PowerManager status
threads_only,1:11,sample_cpu0_freq,1900,MHz
threads_only,1:11,sample_cpu1_freq,700,MHz
threads_only,1:11,sample_cpu2_freq,1900,MHz
threads_only,1:11,sample_cpu3_freq,700,MHz
threads_only,1:11,sample_cpu4_freq,2500,MHz
threads_only,1:11,sample_cpu5_freq,2500,MHz
threads_only,1:11,sample_cpu6_freq,2500,MHz
threads_only,1:11,sample_cpu7_freq,2500,MHz
threads_only,1:12,sample_elapsed,1730,ms
threads_only,1:12,sample_power,0.233,W
threads_only,1:12,sample_process_cpu,468.387,% one core
threads_only,1:12,sample_free_ram,1.268,GiB
threads_only,1:12,sample_battery_temp,36.000,C
threads_only,1:12,sample_thermal_status,1,Android PowerManager status
threads_only,1:12,sample_cpu0_freq,1900,MHz
threads_only,1:12,sample_cpu1_freq,1900,MHz
threads_only,1:12,sample_cpu2_freq,1900,MHz
threads_only,1:12,sample_cpu3_freq,1900,MHz
threads_only,1:12,sample_cpu4_freq,2500,MHz
threads_only,1:12,sample_cpu5_freq,2500,MHz
threads_only,1:12,sample_cpu6_freq,2500,MHz
threads_only,1:12,sample_cpu7_freq,2500,MHz
threads_only,1:13,sample_elapsed,1887,ms
threads_only,1:13,sample_power,0.233,W
threads_only,1:13,sample_process_cpu,463.057,% one core
threads_only,1:13,sample_free_ram,1.267,GiB
threads_only,1:13,sample_battery_temp,36.000,C
threads_only,1:13,sample_thermal_status,1,Android PowerManager status
threads_only,1:13,sample_cpu0_freq,450,MHz
threads_only,1:13,sample_cpu1_freq,450,MHz
threads_only,1:13,sample_cpu2_freq,450,MHz
threads_only,1:13,sample_cpu3_freq,450,MHz
threads_only,1:13,sample_cpu4_freq,2500,MHz
threads_only,1:13,sample_cpu5_freq,2500,MHz
threads_only,1:13,sample_cpu6_freq,2500,MHz
threads_only,1:13,sample_cpu7_freq,2500,MHz
threads_only,1:14,sample_elapsed,2042,ms
threads_only,1:14,sample_power,0.233,W
threads_only,1:14,sample_process_cpu,475.484,% one core
threads_only,1:14,sample_free_ram,1.267,GiB
threads_only,1:14,sample_battery_temp,36.000,C
threads_only,1:14,sample_thermal_status,1,Android PowerManager status
threads_only,1:14,sample_cpu0_freq,600,MHz
threads_only,1:14,sample_cpu1_freq,600,MHz
threads_only,1:14,sample_cpu2_freq,600,MHz
threads_only,1:14,sample_cpu3_freq,600,MHz
threads_only,1:14,sample_cpu4_freq,2500,MHz
threads_only,1:14,sample_cpu5_freq,2500,MHz
threads_only,1:14,sample_cpu6_freq,2500,MHz
threads_only,1:14,sample_cpu7_freq,2500,MHz
threads_only,1:15,sample_elapsed,2201,ms
threads_only,1:15,sample_power,0.348,W
threads_only,1:15,sample_process_cpu,470.440,% one core
threads_only,1:15,sample_free_ram,1.267,GiB
threads_only,1:15,sample_battery_temp,36.000,C
threads_only,1:15,sample_thermal_status,1,Android PowerManager status
threads_only,1:15,sample_cpu0_freq,450,MHz
threads_only,1:15,sample_cpu1_freq,450,MHz
threads_only,1:15,sample_cpu2_freq,450,MHz
threads_only,1:15,sample_cpu3_freq,450,MHz
threads_only,1:15,sample_cpu4_freq,2500,MHz
threads_only,1:15,sample_cpu5_freq,2500,MHz
threads_only,1:15,sample_cpu6_freq,2500,MHz
threads_only,1:15,sample_cpu7_freq,2500,MHz
threads_only,1:16,sample_elapsed,2360,ms
threads_only,1:16,sample_power,0.348,W
threads_only,1:16,sample_process_cpu,454.717,% one core
threads_only,1:16,sample_free_ram,1.267,GiB
threads_only,1:16,sample_battery_temp,36.000,C
threads_only,1:16,sample_thermal_status,1,Android PowerManager status
threads_only,1:16,sample_cpu0_freq,1900,MHz
threads_only,1:16,sample_cpu1_freq,1100,MHz
threads_only,1:16,sample_cpu2_freq,1900,MHz
threads_only,1:16,sample_cpu3_freq,1900,MHz
threads_only,1:16,sample_cpu4_freq,2500,MHz
threads_only,1:16,sample_cpu5_freq,2500,MHz
threads_only,1:16,sample_cpu6_freq,2500,MHz
threads_only,1:16,sample_cpu7_freq,2500,MHz
threads_only,1:17,sample_elapsed,2517,ms
threads_only,1:17,sample_power,0.348,W
threads_only,1:17,sample_process_cpu,468.153,% one core
threads_only,1:17,sample_free_ram,1.267,GiB
threads_only,1:17,sample_battery_temp,36.000,C
threads_only,1:17,sample_thermal_status,1,Android PowerManager status
threads_only,1:17,sample_cpu0_freq,450,MHz
threads_only,1:17,sample_cpu1_freq,1900,MHz
threads_only,1:17,sample_cpu2_freq,1600,MHz
threads_only,1:17,sample_cpu3_freq,1600,MHz
threads_only,1:17,sample_cpu4_freq,2500,MHz
threads_only,1:17,sample_cpu5_freq,2500,MHz
threads_only,1:17,sample_cpu6_freq,2500,MHz
threads_only,1:17,sample_cpu7_freq,2500,MHz
threads_only,1:18,sample_elapsed,2676,ms
threads_only,1:18,sample_power,0.348,W
threads_only,1:18,sample_process_cpu,458.491,% one core
threads_only,1:18,sample_free_ram,1.267,GiB
threads_only,1:18,sample_battery_temp,36.000,C
threads_only,1:18,sample_thermal_status,1,Android PowerManager status
threads_only,1:18,sample_cpu0_freq,1900,MHz
threads_only,1:18,sample_cpu1_freq,1900,MHz
threads_only,1:18,sample_cpu2_freq,1900,MHz
threads_only,1:18,sample_cpu3_freq,1900,MHz
threads_only,1:18,sample_cpu4_freq,2500,MHz
threads_only,1:18,sample_cpu5_freq,2500,MHz
threads_only,1:18,sample_cpu6_freq,2500,MHz
threads_only,1:18,sample_cpu7_freq,2500,MHz
threads_only,1:19,sample_elapsed,2831,ms
threads_only,1:19,sample_power,0.221,W
threads_only,1:19,sample_process_cpu,468.387,% one core
threads_only,1:19,sample_free_ram,1.267,GiB
threads_only,1:19,sample_battery_temp,36.000,C
threads_only,1:19,sample_thermal_status,1,Android PowerManager status
threads_only,1:19,sample_cpu0_freq,1200,MHz
threads_only,1:19,sample_cpu1_freq,1200,MHz
threads_only,1:19,sample_cpu2_freq,1200,MHz
threads_only,1:19,sample_cpu3_freq,1200,MHz
threads_only,1:19,sample_cpu4_freq,2500,MHz
threads_only,1:19,sample_cpu5_freq,2500,MHz
threads_only,1:19,sample_cpu6_freq,2500,MHz
threads_only,1:19,sample_cpu7_freq,2500,MHz
threads_only,1:20,sample_elapsed,2987,ms
threads_only,1:20,sample_power,0.221,W
threads_only,1:20,sample_process_cpu,460.897,% one core
threads_only,1:20,sample_free_ram,1.267,GiB
threads_only,1:20,sample_battery_temp,36.000,C
threads_only,1:20,sample_thermal_status,1,Android PowerManager status
threads_only,1:20,sample_cpu0_freq,1600,MHz
threads_only,1:20,sample_cpu1_freq,1600,MHz
threads_only,1:20,sample_cpu2_freq,1600,MHz
threads_only,1:20,sample_cpu3_freq,1900,MHz
threads_only,1:20,sample_cpu4_freq,2500,MHz
threads_only,1:20,sample_cpu5_freq,2500,MHz
threads_only,1:20,sample_cpu6_freq,2500,MHz
threads_only,1:20,sample_cpu7_freq,2500,MHz
threads_only,1:21,sample_elapsed,3142,ms
threads_only,1:21,sample_power,0.221,W
threads_only,1:21,sample_process_cpu,467.742,% one core
threads_only,1:21,sample_free_ram,1.267,GiB
threads_only,1:21,sample_battery_temp,36.000,C
threads_only,1:21,sample_thermal_status,1,Android PowerManager status
threads_only,1:21,sample_cpu0_freq,600,MHz
threads_only,1:21,sample_cpu1_freq,1200,MHz
threads_only,1:21,sample_cpu2_freq,1200,MHz
threads_only,1:21,sample_cpu3_freq,1200,MHz
threads_only,1:21,sample_cpu4_freq,2500,MHz
threads_only,1:21,sample_cpu5_freq,2500,MHz
threads_only,1:21,sample_cpu6_freq,2500,MHz
threads_only,1:21,sample_cpu7_freq,2500,MHz
threads_only,1:22,sample_elapsed,3298,ms
threads_only,1:22,sample_power,0.288,W
threads_only,1:22,sample_process_cpu,466.026,% one core
threads_only,1:22,sample_free_ram,1.267,GiB
threads_only,1:22,sample_battery_temp,36.000,C
threads_only,1:22,sample_thermal_status,1,Android PowerManager status
threads_only,1:22,sample_cpu0_freq,1900,MHz
threads_only,1:22,sample_cpu1_freq,1900,MHz
threads_only,1:22,sample_cpu2_freq,1900,MHz
threads_only,1:22,sample_cpu3_freq,600,MHz
threads_only,1:22,sample_cpu4_freq,2500,MHz
threads_only,1:22,sample_cpu5_freq,2500,MHz
threads_only,1:22,sample_cpu6_freq,2500,MHz
threads_only,1:22,sample_cpu7_freq,2500,MHz
threads_only,1:23,sample_elapsed,3454,ms
threads_only,1:23,sample_power,0.288,W
threads_only,1:23,sample_process_cpu,459.615,% one core
threads_only,1:23,sample_free_ram,1.267,GiB
threads_only,1:23,sample_battery_temp,36.000,C
threads_only,1:23,sample_thermal_status,1,Android PowerManager status
threads_only,1:23,sample_cpu0_freq,450,MHz
threads_only,1:23,sample_cpu1_freq,1900,MHz
threads_only,1:23,sample_cpu2_freq,1500,MHz
threads_only,1:23,sample_cpu3_freq,1500,MHz
threads_only,1:23,sample_cpu4_freq,2500,MHz
threads_only,1:23,sample_cpu5_freq,2500,MHz
threads_only,1:23,sample_cpu6_freq,2500,MHz
threads_only,1:23,sample_cpu7_freq,2500,MHz
threads_only,1:24,sample_elapsed,3613,ms
threads_only,1:24,sample_power,0.288,W
threads_only,1:24,sample_process_cpu,464.151,% one core
threads_only,1:24,sample_free_ram,1.266,GiB
threads_only,1:24,sample_battery_temp,36.000,C
threads_only,1:24,sample_thermal_status,1,Android PowerManager status
threads_only,1:24,sample_cpu0_freq,1500,MHz
threads_only,1:24,sample_cpu1_freq,1500,MHz
threads_only,1:24,sample_cpu2_freq,1500,MHz
threads_only,1:24,sample_cpu3_freq,1500,MHz
threads_only,1:24,sample_cpu4_freq,2500,MHz
threads_only,1:24,sample_cpu5_freq,2500,MHz
threads_only,1:24,sample_cpu6_freq,2500,MHz
threads_only,1:24,sample_cpu7_freq,2500,MHz
threads_only,1:25,sample_elapsed,3768,ms
threads_only,1:25,sample_power,0.288,W
threads_only,1:25,sample_process_cpu,471.613,% one core
threads_only,1:25,sample_free_ram,1.266,GiB
threads_only,1:25,sample_battery_temp,36.000,C
threads_only,1:25,sample_thermal_status,1,Android PowerManager status
threads_only,1:25,sample_cpu0_freq,1900,MHz
threads_only,1:25,sample_cpu1_freq,1900,MHz
threads_only,1:25,sample_cpu2_freq,1900,MHz
threads_only,1:25,sample_cpu3_freq,1900,MHz
threads_only,1:25,sample_cpu4_freq,2500,MHz
threads_only,1:25,sample_cpu5_freq,2500,MHz
threads_only,1:25,sample_cpu6_freq,2500,MHz
threads_only,1:25,sample_cpu7_freq,2500,MHz
threads_only,1:26,sample_elapsed,3926,ms
threads_only,1:26,sample_power,0.108,W
threads_only,1:26,sample_process_cpu,493.671,% one core
threads_only,1:26,sample_free_ram,1.266,GiB
threads_only,1:26,sample_battery_temp,36.000,C
threads_only,1:26,sample_thermal_status,1,Android PowerManager status
threads_only,1:26,sample_cpu0_freq,1900,MHz
threads_only,1:26,sample_cpu1_freq,1900,MHz
threads_only,1:26,sample_cpu2_freq,1900,MHz
threads_only,1:26,sample_cpu3_freq,1900,MHz
threads_only,1:26,sample_cpu4_freq,2500,MHz
threads_only,1:26,sample_cpu5_freq,2500,MHz
threads_only,1:26,sample_cpu6_freq,2500,MHz
threads_only,1:26,sample_cpu7_freq,2500,MHz
threads_only,1:27,sample_elapsed,4083,ms
threads_only,1:27,sample_power,0.108,W
threads_only,1:27,sample_process_cpu,510.191,% one core
threads_only,1:27,sample_free_ram,1.266,GiB
threads_only,1:27,sample_battery_temp,36.000,C
threads_only,1:27,sample_thermal_status,1,Android PowerManager status
threads_only,1:27,sample_cpu0_freq,1900,MHz
threads_only,1:27,sample_cpu1_freq,1900,MHz
threads_only,1:27,sample_cpu2_freq,1900,MHz
threads_only,1:27,sample_cpu3_freq,1900,MHz
threads_only,1:27,sample_cpu4_freq,2500,MHz
threads_only,1:27,sample_cpu5_freq,2500,MHz
threads_only,1:27,sample_cpu6_freq,2500,MHz
threads_only,1:27,sample_cpu7_freq,2500,MHz
threads_only,1:28,sample_elapsed,4248,ms
threads_only,1:28,sample_power,0.271,W
threads_only,1:28,sample_process_cpu,484.242,% one core
threads_only,1:28,sample_free_ram,1.266,GiB
threads_only,1:28,sample_battery_temp,36.000,C
threads_only,1:28,sample_thermal_status,1,Android PowerManager status
threads_only,1:28,sample_cpu0_freq,1900,MHz
threads_only,1:28,sample_cpu1_freq,1900,MHz
threads_only,1:28,sample_cpu2_freq,1900,MHz
threads_only,1:28,sample_cpu3_freq,1900,MHz
threads_only,1:28,sample_cpu4_freq,2500,MHz
threads_only,1:28,sample_cpu5_freq,2500,MHz
threads_only,1:28,sample_cpu6_freq,2500,MHz
threads_only,1:28,sample_cpu7_freq,2500,MHz
threads_only,1:29,sample_elapsed,4413,ms
threads_only,1:29,sample_power,0.271,W
threads_only,1:29,sample_process_cpu,493.333,% one core
threads_only,1:29,sample_free_ram,1.266,GiB
threads_only,1:29,sample_battery_temp,36.000,C
threads_only,1:29,sample_thermal_status,1,Android PowerManager status
threads_only,1:29,sample_cpu0_freq,1900,MHz
threads_only,1:29,sample_cpu1_freq,1900,MHz
threads_only,1:29,sample_cpu2_freq,1900,MHz
threads_only,1:29,sample_cpu3_freq,1900,MHz
threads_only,1:29,sample_cpu4_freq,2500,MHz
threads_only,1:29,sample_cpu5_freq,2500,MHz
threads_only,1:29,sample_cpu6_freq,2500,MHz
threads_only,1:29,sample_cpu7_freq,2500,MHz
threads_only,1:30,sample_elapsed,4572,ms
threads_only,1:30,sample_power,0.271,W
threads_only,1:30,sample_process_cpu,501.258,% one core
threads_only,1:30,sample_free_ram,1.265,GiB
threads_only,1:30,sample_battery_temp,36.000,C
threads_only,1:30,sample_thermal_status,1,Android PowerManager status
threads_only,1:30,sample_cpu0_freq,1900,MHz
threads_only,1:30,sample_cpu1_freq,1900,MHz
threads_only,1:30,sample_cpu2_freq,1900,MHz
threads_only,1:30,sample_cpu3_freq,1900,MHz
threads_only,1:30,sample_cpu4_freq,2500,MHz
threads_only,1:30,sample_cpu5_freq,2500,MHz
threads_only,1:30,sample_cpu6_freq,2500,MHz
threads_only,1:30,sample_cpu7_freq,2500,MHz
threads_only,1:31,sample_elapsed,4734,ms
threads_only,1:31,sample_power,0.271,W
threads_only,1:31,sample_process_cpu,497.531,% one core
threads_only,1:31,sample_free_ram,1.265,GiB
threads_only,1:31,sample_battery_temp,36.000,C
threads_only,1:31,sample_thermal_status,1,Android PowerManager status
threads_only,1:31,sample_cpu0_freq,1900,MHz
threads_only,1:31,sample_cpu1_freq,1900,MHz
threads_only,1:31,sample_cpu2_freq,1900,MHz
threads_only,1:31,sample_cpu3_freq,1900,MHz
threads_only,1:31,sample_cpu4_freq,2500,MHz
threads_only,1:31,sample_cpu5_freq,2500,MHz
threads_only,1:31,sample_cpu6_freq,2500,MHz
threads_only,1:31,sample_cpu7_freq,2500,MHz
threads_only,1:32,sample_elapsed,4896,ms
threads_only,1:32,sample_power,0.233,W
threads_only,1:32,sample_process_cpu,515.432,% one core
threads_only,1:32,sample_free_ram,1.265,GiB
threads_only,1:32,sample_battery_temp,36.000,C
threads_only,1:32,sample_thermal_status,1,Android PowerManager status
threads_only,1:32,sample_cpu0_freq,1900,MHz
threads_only,1:32,sample_cpu1_freq,1900,MHz
threads_only,1:32,sample_cpu2_freq,1900,MHz
threads_only,1:32,sample_cpu3_freq,1900,MHz
threads_only,1:32,sample_cpu4_freq,2500,MHz
threads_only,1:32,sample_cpu5_freq,2500,MHz
threads_only,1:32,sample_cpu6_freq,2500,MHz
threads_only,1:32,sample_cpu7_freq,2500,MHz
threads_only,1:33,sample_elapsed,5059,ms
threads_only,1:33,sample_power,0.233,W
threads_only,1:33,sample_process_cpu,491.411,% one core
threads_only,1:33,sample_free_ram,1.265,GiB
threads_only,1:33,sample_battery_temp,36.000,C
threads_only,1:33,sample_thermal_status,1,Android PowerManager status
threads_only,1:33,sample_cpu0_freq,1900,MHz
threads_only,1:33,sample_cpu1_freq,1900,MHz
threads_only,1:33,sample_cpu2_freq,1900,MHz
threads_only,1:33,sample_cpu3_freq,1900,MHz
threads_only,1:33,sample_cpu4_freq,2500,MHz
threads_only,1:33,sample_cpu5_freq,2500,MHz
threads_only,1:33,sample_cpu6_freq,2500,MHz
threads_only,1:33,sample_cpu7_freq,2500,MHz
threads_only,1:34,sample_elapsed,5216,ms
threads_only,1:34,sample_power,0.233,W
threads_only,1:34,sample_process_cpu,485.350,% one core
threads_only,1:34,sample_free_ram,1.265,GiB
threads_only,1:34,sample_battery_temp,36.000,C
threads_only,1:34,sample_thermal_status,1,Android PowerManager status
threads_only,1:34,sample_cpu0_freq,1900,MHz
threads_only,1:34,sample_cpu1_freq,1900,MHz
threads_only,1:34,sample_cpu2_freq,1900,MHz
threads_only,1:34,sample_cpu3_freq,1900,MHz
threads_only,1:34,sample_cpu4_freq,2500,MHz
threads_only,1:34,sample_cpu5_freq,2500,MHz
threads_only,1:34,sample_cpu6_freq,2500,MHz
threads_only,1:34,sample_cpu7_freq,2500,MHz
threads_only,1:35,sample_elapsed,5376,ms
threads_only,1:35,sample_power,0.077,W
threads_only,1:35,sample_process_cpu,493.125,% one core
threads_only,1:35,sample_free_ram,1.265,GiB
threads_only,1:35,sample_battery_temp,36.000,C
threads_only,1:35,sample_thermal_status,1,Android PowerManager status
threads_only,1:35,sample_cpu0_freq,1900,MHz
threads_only,1:35,sample_cpu1_freq,1900,MHz
threads_only,1:35,sample_cpu2_freq,1900,MHz
threads_only,1:35,sample_cpu3_freq,1900,MHz
threads_only,1:35,sample_cpu4_freq,2500,MHz
threads_only,1:35,sample_cpu5_freq,2500,MHz
threads_only,1:35,sample_cpu6_freq,2500,MHz
threads_only,1:35,sample_cpu7_freq,2500,MHz
threads_only,1:36,sample_elapsed,5534,ms
threads_only,1:36,sample_power,0.077,W
threads_only,1:36,sample_process_cpu,497.468,% one core
threads_only,1:36,sample_free_ram,1.265,GiB
threads_only,1:36,sample_battery_temp,36.000,C
threads_only,1:36,sample_thermal_status,1,Android PowerManager status
threads_only,1:36,sample_cpu0_freq,1900,MHz
threads_only,1:36,sample_cpu1_freq,1900,MHz
threads_only,1:36,sample_cpu2_freq,1900,MHz
threads_only,1:36,sample_cpu3_freq,1900,MHz
threads_only,1:36,sample_cpu4_freq,2500,MHz
threads_only,1:36,sample_cpu5_freq,2500,MHz
threads_only,1:36,sample_cpu6_freq,2500,MHz
threads_only,1:36,sample_cpu7_freq,2500,MHz
threads_only,1:37,sample_elapsed,5691,ms
threads_only,1:37,sample_power,0.077,W
threads_only,1:37,sample_process_cpu,498.089,% one core
threads_only,1:37,sample_free_ram,1.265,GiB
threads_only,1:37,sample_battery_temp,36.000,C
threads_only,1:37,sample_thermal_status,1,Android PowerManager status
threads_only,1:37,sample_cpu0_freq,1900,MHz
threads_only,1:37,sample_cpu1_freq,1900,MHz
threads_only,1:37,sample_cpu2_freq,1900,MHz
threads_only,1:37,sample_cpu3_freq,1900,MHz
threads_only,1:37,sample_cpu4_freq,2500,MHz
threads_only,1:37,sample_cpu5_freq,2500,MHz
threads_only,1:37,sample_cpu6_freq,2500,MHz
threads_only,1:37,sample_cpu7_freq,2500,MHz
threads_only,1:38,sample_elapsed,5849,ms
threads_only,1:38,sample_power,0.271,W
threads_only,1:38,sample_process_cpu,513.924,% one core
threads_only,1:38,sample_free_ram,1.265,GiB
threads_only,1:38,sample_battery_temp,36.000,C
threads_only,1:38,sample_thermal_status,1,Android PowerManager status
threads_only,1:38,sample_cpu0_freq,1900,MHz
threads_only,1:38,sample_cpu1_freq,1900,MHz
threads_only,1:38,sample_cpu2_freq,1900,MHz
threads_only,1:38,sample_cpu3_freq,1900,MHz
threads_only,1:38,sample_cpu4_freq,2500,MHz
threads_only,1:38,sample_cpu5_freq,2500,MHz
threads_only,1:38,sample_cpu6_freq,2500,MHz
threads_only,1:38,sample_cpu7_freq,2500,MHz
threads_only,1:39,sample_elapsed,6013,ms
threads_only,1:39,sample_power,0.271,W
threads_only,1:39,sample_process_cpu,493.293,% one core
threads_only,1:39,sample_free_ram,1.265,GiB
threads_only,1:39,sample_battery_temp,36.000,C
threads_only,1:39,sample_thermal_status,1,Android PowerManager status
threads_only,1:39,sample_cpu0_freq,1900,MHz
threads_only,1:39,sample_cpu1_freq,1900,MHz
threads_only,1:39,sample_cpu2_freq,1900,MHz
threads_only,1:39,sample_cpu3_freq,1900,MHz
threads_only,1:39,sample_cpu4_freq,2500,MHz
threads_only,1:39,sample_cpu5_freq,2500,MHz
threads_only,1:39,sample_cpu6_freq,2500,MHz
threads_only,1:39,sample_cpu7_freq,2500,MHz
threads_only,1:40,sample_elapsed,6172,ms
threads_only,1:40,sample_power,0.271,W
threads_only,1:40,sample_process_cpu,510.692,% one core
threads_only,1:40,sample_free_ram,1.265,GiB
threads_only,1:40,sample_battery_temp,36.000,C
threads_only,1:40,sample_thermal_status,1,Android PowerManager status
threads_only,1:40,sample_cpu0_freq,1900,MHz
threads_only,1:40,sample_cpu1_freq,1900,MHz
threads_only,1:40,sample_cpu2_freq,1900,MHz
threads_only,1:40,sample_cpu3_freq,1900,MHz
threads_only,1:40,sample_cpu4_freq,2500,MHz
threads_only,1:40,sample_cpu5_freq,2500,MHz
threads_only,1:40,sample_cpu6_freq,2500,MHz
threads_only,1:40,sample_cpu7_freq,2500,MHz
threads_only,1:41,sample_elapsed,6340,ms
threads_only,1:41,sample_power,0.271,W
threads_only,1:41,sample_process_cpu,491.071,% one core
threads_only,1:41,sample_free_ram,1.265,GiB
threads_only,1:41,sample_battery_temp,36.000,C
threads_only,1:41,sample_thermal_status,1,Android PowerManager status
threads_only,1:41,sample_cpu0_freq,1900,MHz
threads_only,1:41,sample_cpu1_freq,1900,MHz
threads_only,1:41,sample_cpu2_freq,1900,MHz
threads_only,1:41,sample_cpu3_freq,1900,MHz
threads_only,1:41,sample_cpu4_freq,2500,MHz
threads_only,1:41,sample_cpu5_freq,2500,MHz
threads_only,1:41,sample_cpu6_freq,2500,MHz
threads_only,1:41,sample_cpu7_freq,2500,MHz
threads_only,1:42,sample_elapsed,6508,ms
threads_only,1:42,sample_power,0.125,W
threads_only,1:42,sample_process_cpu,491.667,% one core
threads_only,1:42,sample_free_ram,1.265,GiB
threads_only,1:42,sample_battery_temp,36.000,C
threads_only,1:42,sample_thermal_status,1,Android PowerManager status
threads_only,1:42,sample_cpu0_freq,1900,MHz
threads_only,1:42,sample_cpu1_freq,1900,MHz
threads_only,1:42,sample_cpu2_freq,1900,MHz
threads_only,1:42,sample_cpu3_freq,1900,MHz
threads_only,1:42,sample_cpu4_freq,2500,MHz
threads_only,1:42,sample_cpu5_freq,2500,MHz
threads_only,1:42,sample_cpu6_freq,2500,MHz
threads_only,1:42,sample_cpu7_freq,2500,MHz
threads_only,1:43,sample_elapsed,6682,ms
threads_only,1:43,sample_power,0.125,W
threads_only,1:43,sample_process_cpu,478.161,% one core
threads_only,1:43,sample_free_ram,1.264,GiB
threads_only,1:43,sample_battery_temp,36.000,C
threads_only,1:43,sample_thermal_status,1,Android PowerManager status
threads_only,1:43,sample_cpu0_freq,1900,MHz
threads_only,1:43,sample_cpu1_freq,1900,MHz
threads_only,1:43,sample_cpu2_freq,1900,MHz
threads_only,1:43,sample_cpu3_freq,1900,MHz
threads_only,1:43,sample_cpu4_freq,2500,MHz
threads_only,1:43,sample_cpu5_freq,2500,MHz
threads_only,1:43,sample_cpu6_freq,2500,MHz
threads_only,1:43,sample_cpu7_freq,2500,MHz
threads_only,1:44,sample_elapsed,6844,ms
threads_only,1:44,sample_power,0.125,W
threads_only,1:44,sample_process_cpu,502.469,% one core
threads_only,1:44,sample_free_ram,1.263,GiB
threads_only,1:44,sample_battery_temp,36.000,C
threads_only,1:44,sample_thermal_status,1,Android PowerManager status
threads_only,1:44,sample_cpu0_freq,1900,MHz
threads_only,1:44,sample_cpu1_freq,1900,MHz
threads_only,1:44,sample_cpu2_freq,1900,MHz
threads_only,1:44,sample_cpu3_freq,1900,MHz
threads_only,1:44,sample_cpu4_freq,2500,MHz
threads_only,1:44,sample_cpu5_freq,2500,MHz
threads_only,1:44,sample_cpu6_freq,2500,MHz
threads_only,1:44,sample_cpu7_freq,2500,MHz
threads_only,1:45,sample_elapsed,7006,ms
threads_only,1:45,sample_power,0.115,W
threads_only,1:45,sample_process_cpu,490.123,% one core
threads_only,1:45,sample_free_ram,1.264,GiB
threads_only,1:45,sample_battery_temp,36.000,C
threads_only,1:45,sample_thermal_status,1,Android PowerManager status
threads_only,1:45,sample_cpu0_freq,1900,MHz
threads_only,1:45,sample_cpu1_freq,1900,MHz
threads_only,1:45,sample_cpu2_freq,1900,MHz
threads_only,1:45,sample_cpu3_freq,1900,MHz
threads_only,1:45,sample_cpu4_freq,2500,MHz
threads_only,1:45,sample_cpu5_freq,2500,MHz
threads_only,1:45,sample_cpu6_freq,2500,MHz
threads_only,1:45,sample_cpu7_freq,2500,MHz
threads_only,1:46,sample_elapsed,7167,ms
threads_only,1:46,sample_power,0.115,W
threads_only,1:46,sample_process_cpu,485.714,% one core
threads_only,1:46,sample_free_ram,1.263,GiB
threads_only,1:46,sample_battery_temp,36.000,C
threads_only,1:46,sample_thermal_status,1,Android PowerManager status
threads_only,1:46,sample_cpu0_freq,1900,MHz
threads_only,1:46,sample_cpu1_freq,1900,MHz
threads_only,1:46,sample_cpu2_freq,1900,MHz
threads_only,1:46,sample_cpu3_freq,1900,MHz
threads_only,1:46,sample_cpu4_freq,2500,MHz
threads_only,1:46,sample_cpu5_freq,2500,MHz
threads_only,1:46,sample_cpu6_freq,2500,MHz
threads_only,1:46,sample_cpu7_freq,2500,MHz
threads_only,1:47,sample_elapsed,7329,ms
threads_only,1:47,sample_power,0.115,W
threads_only,1:47,sample_process_cpu,489.506,% one core
threads_only,1:47,sample_free_ram,1.264,GiB
threads_only,1:47,sample_battery_temp,36.000,C
threads_only,1:47,sample_thermal_status,1,Android PowerManager status
threads_only,1:47,sample_cpu0_freq,1900,MHz
threads_only,1:47,sample_cpu1_freq,1900,MHz
threads_only,1:47,sample_cpu2_freq,1900,MHz
threads_only,1:47,sample_cpu3_freq,1900,MHz
threads_only,1:47,sample_cpu4_freq,2500,MHz
threads_only,1:47,sample_cpu5_freq,2500,MHz
threads_only,1:47,sample_cpu6_freq,2500,MHz
threads_only,1:47,sample_cpu7_freq,2500,MHz
threads_only,1:48,sample_elapsed,7484,ms
threads_only,1:48,sample_power,0.166,W
threads_only,1:48,sample_process_cpu,504.516,% one core
threads_only,1:48,sample_free_ram,1.264,GiB
threads_only,1:48,sample_battery_temp,36.000,C
threads_only,1:48,sample_thermal_status,1,Android PowerManager status
threads_only,1:48,sample_cpu0_freq,1900,MHz
threads_only,1:48,sample_cpu1_freq,1900,MHz
threads_only,1:48,sample_cpu2_freq,1900,MHz
threads_only,1:48,sample_cpu3_freq,1900,MHz
threads_only,1:48,sample_cpu4_freq,2500,MHz
threads_only,1:48,sample_cpu5_freq,2500,MHz
threads_only,1:48,sample_cpu6_freq,2500,MHz
threads_only,1:48,sample_cpu7_freq,2500,MHz
threads_only,1:49,sample_elapsed,7651,ms
threads_only,1:49,sample_power,0.166,W
threads_only,1:49,sample_process_cpu,485.030,% one core
threads_only,1:49,sample_free_ram,1.263,GiB
threads_only,1:49,sample_battery_temp,36.000,C
threads_only,1:49,sample_thermal_status,1,Android PowerManager status
threads_only,1:49,sample_cpu0_freq,1900,MHz
threads_only,1:49,sample_cpu1_freq,1900,MHz
threads_only,1:49,sample_cpu2_freq,1900,MHz
threads_only,1:49,sample_cpu3_freq,1900,MHz
threads_only,1:49,sample_cpu4_freq,2500,MHz
threads_only,1:49,sample_cpu5_freq,2500,MHz
threads_only,1:49,sample_cpu6_freq,2500,MHz
threads_only,1:49,sample_cpu7_freq,2500,MHz
threads_only,1:50,sample_elapsed,7811,ms
threads_only,1:50,sample_power,0.166,W
threads_only,1:50,sample_process_cpu,498.750,% one core
threads_only,1:50,sample_free_ram,1.263,GiB
threads_only,1:50,sample_battery_temp,36.000,C
threads_only,1:50,sample_thermal_status,1,Android PowerManager status
threads_only,1:50,sample_cpu0_freq,1900,MHz
threads_only,1:50,sample_cpu1_freq,1900,MHz
threads_only,1:50,sample_cpu2_freq,1900,MHz
threads_only,1:50,sample_cpu3_freq,1900,MHz
threads_only,1:50,sample_cpu4_freq,2500,MHz
threads_only,1:50,sample_cpu5_freq,2500,MHz
threads_only,1:50,sample_cpu6_freq,2500,MHz
threads_only,1:50,sample_cpu7_freq,2500,MHz
threads_only,1:51,sample_elapsed,7967,ms
threads_only,1:51,sample_power,0.180,W
threads_only,1:51,sample_process_cpu,510.897,% one core
threads_only,1:51,sample_free_ram,1.263,GiB
threads_only,1:51,sample_battery_temp,36.000,C
threads_only,1:51,sample_thermal_status,1,Android PowerManager status
threads_only,1:51,sample_cpu0_freq,1900,MHz
threads_only,1:51,sample_cpu1_freq,1900,MHz
threads_only,1:51,sample_cpu2_freq,1900,MHz
threads_only,1:51,sample_cpu3_freq,1900,MHz
threads_only,1:51,sample_cpu4_freq,2500,MHz
threads_only,1:51,sample_cpu5_freq,2500,MHz
threads_only,1:51,sample_cpu6_freq,2500,MHz
threads_only,1:51,sample_cpu7_freq,2500,MHz
threads_only,1:52,sample_elapsed,8130,ms
threads_only,1:52,sample_power,0.180,W
threads_only,1:52,sample_process_cpu,484.049,% one core
threads_only,1:52,sample_free_ram,1.263,GiB
threads_only,1:52,sample_battery_temp,36.000,C
threads_only,1:52,sample_thermal_status,1,Android PowerManager status
threads_only,1:52,sample_cpu0_freq,1900,MHz
threads_only,1:52,sample_cpu1_freq,1900,MHz
threads_only,1:52,sample_cpu2_freq,1900,MHz
threads_only,1:52,sample_cpu3_freq,1900,MHz
threads_only,1:52,sample_cpu4_freq,2500,MHz
threads_only,1:52,sample_cpu5_freq,2500,MHz
threads_only,1:52,sample_cpu6_freq,2500,MHz
threads_only,1:52,sample_cpu7_freq,2500,MHz
threads_only,1:53,sample_elapsed,8301,ms
threads_only,1:53,sample_power,0.180,W
threads_only,1:53,sample_process_cpu,476.608,% one core
threads_only,1:53,sample_free_ram,1.263,GiB
threads_only,1:53,sample_battery_temp,36.000,C
threads_only,1:53,sample_thermal_status,1,Android PowerManager status
threads_only,1:53,sample_cpu0_freq,1900,MHz
threads_only,1:53,sample_cpu1_freq,1900,MHz
threads_only,1:53,sample_cpu2_freq,1900,MHz
threads_only,1:53,sample_cpu3_freq,1900,MHz
threads_only,1:53,sample_cpu4_freq,2500,MHz
threads_only,1:53,sample_cpu5_freq,2500,MHz
threads_only,1:53,sample_cpu6_freq,2500,MHz
threads_only,1:53,sample_cpu7_freq,2500,MHz
threads_only,1:54,sample_elapsed,8464,ms
threads_only,1:54,sample_power,0.180,W
threads_only,1:54,sample_process_cpu,493.252,% one core
threads_only,1:54,sample_free_ram,1.262,GiB
threads_only,1:54,sample_battery_temp,36.000,C
threads_only,1:54,sample_thermal_status,1,Android PowerManager status
threads_only,1:54,sample_cpu0_freq,1900,MHz
threads_only,1:54,sample_cpu1_freq,1900,MHz
threads_only,1:54,sample_cpu2_freq,1900,MHz
threads_only,1:54,sample_cpu3_freq,1900,MHz
threads_only,1:54,sample_cpu4_freq,2500,MHz
threads_only,1:54,sample_cpu5_freq,2500,MHz
threads_only,1:54,sample_cpu6_freq,2500,MHz
threads_only,1:54,sample_cpu7_freq,2500,MHz
threads_only,1:55,sample_elapsed,8631,ms
threads_only,1:55,sample_power,0.098,W
threads_only,1:55,sample_process_cpu,529.341,% one core
threads_only,1:55,sample_free_ram,1.262,GiB
threads_only,1:55,sample_battery_temp,36.000,C
threads_only,1:55,sample_thermal_status,1,Android PowerManager status
threads_only,1:55,sample_cpu0_freq,1900,MHz
threads_only,1:55,sample_cpu1_freq,1900,MHz
threads_only,1:55,sample_cpu2_freq,1900,MHz
threads_only,1:55,sample_cpu3_freq,1900,MHz
threads_only,1:55,sample_cpu4_freq,2500,MHz
threads_only,1:55,sample_cpu5_freq,2500,MHz
threads_only,1:55,sample_cpu6_freq,2500,MHz
threads_only,1:55,sample_cpu7_freq,2500,MHz
threads_only,1:56,sample_elapsed,8803,ms
threads_only,1:56,sample_power,0.098,W
threads_only,1:56,sample_process_cpu,478.488,% one core
threads_only,1:56,sample_free_ram,1.262,GiB
threads_only,1:56,sample_battery_temp,36.000,C
threads_only,1:56,sample_thermal_status,1,Android PowerManager status
threads_only,1:56,sample_cpu0_freq,1900,MHz
threads_only,1:56,sample_cpu1_freq,1900,MHz
threads_only,1:56,sample_cpu2_freq,1900,MHz
threads_only,1:56,sample_cpu3_freq,1900,MHz
threads_only,1:56,sample_cpu4_freq,2500,MHz
threads_only,1:56,sample_cpu5_freq,2500,MHz
threads_only,1:56,sample_cpu6_freq,2500,MHz
threads_only,1:56,sample_cpu7_freq,2500,MHz
threads_only,1:57,sample_elapsed,8962,ms
threads_only,1:57,sample_power,0.098,W
threads_only,1:57,sample_process_cpu,503.774,% one core
threads_only,1:57,sample_free_ram,1.262,GiB
threads_only,1:57,sample_battery_temp,36.000,C
threads_only,1:57,sample_thermal_status,1,Android PowerManager status
threads_only,1:57,sample_cpu0_freq,1900,MHz
threads_only,1:57,sample_cpu1_freq,1900,MHz
threads_only,1:57,sample_cpu2_freq,1900,MHz
threads_only,1:57,sample_cpu3_freq,1900,MHz
threads_only,1:57,sample_cpu4_freq,2500,MHz
threads_only,1:57,sample_cpu5_freq,2500,MHz
threads_only,1:57,sample_cpu6_freq,2500,MHz
threads_only,1:57,sample_cpu7_freq,2500,MHz
threads_only,1:58,sample_elapsed,9125,ms
threads_only,1:58,sample_power,0.021,W
threads_only,1:58,sample_process_cpu,511.043,% one core
threads_only,1:58,sample_free_ram,1.262,GiB
threads_only,1:58,sample_battery_temp,36.000,C
threads_only,1:58,sample_thermal_status,1,Android PowerManager status
threads_only,1:58,sample_cpu0_freq,1900,MHz
threads_only,1:58,sample_cpu1_freq,1900,MHz
threads_only,1:58,sample_cpu2_freq,1900,MHz
threads_only,1:58,sample_cpu3_freq,1900,MHz
threads_only,1:58,sample_cpu4_freq,2500,MHz
threads_only,1:58,sample_cpu5_freq,2500,MHz
threads_only,1:58,sample_cpu6_freq,2500,MHz
threads_only,1:58,sample_cpu7_freq,2500,MHz
threads_only,1:59,sample_elapsed,9287,ms
threads_only,1:59,sample_power,0.021,W
threads_only,1:59,sample_process_cpu,488.889,% one core
threads_only,1:59,sample_free_ram,1.262,GiB
threads_only,1:59,sample_battery_temp,36.000,C
threads_only,1:59,sample_thermal_status,1,Android PowerManager status
threads_only,1:59,sample_cpu0_freq,1900,MHz
threads_only,1:59,sample_cpu1_freq,1900,MHz
threads_only,1:59,sample_cpu2_freq,1900,MHz
threads_only,1:59,sample_cpu3_freq,1900,MHz
threads_only,1:59,sample_cpu4_freq,2500,MHz
threads_only,1:59,sample_cpu5_freq,2500,MHz
threads_only,1:59,sample_cpu6_freq,2500,MHz
threads_only,1:59,sample_cpu7_freq,2500,MHz
threads_only,1:60,sample_elapsed,9449,ms
threads_only,1:60,sample_power,0.021,W
threads_only,1:60,sample_process_cpu,503.704,% one core
threads_only,1:60,sample_free_ram,1.262,GiB
threads_only,1:60,sample_battery_temp,36.000,C
threads_only,1:60,sample_thermal_status,1,Android PowerManager status
threads_only,1:60,sample_cpu0_freq,1900,MHz
threads_only,1:60,sample_cpu1_freq,1900,MHz
threads_only,1:60,sample_cpu2_freq,1900,MHz
threads_only,1:60,sample_cpu3_freq,1900,MHz
threads_only,1:60,sample_cpu4_freq,2500,MHz
threads_only,1:60,sample_cpu5_freq,2500,MHz
threads_only,1:60,sample_cpu6_freq,2500,MHz
threads_only,1:60,sample_cpu7_freq,2500,MHz
threads_only,1:61,sample_elapsed,9610,ms
threads_only,1:61,sample_power,0.021,W
threads_only,1:61,sample_process_cpu,515.528,% one core
threads_only,1:61,sample_free_ram,1.262,GiB
threads_only,1:61,sample_battery_temp,36.000,C
threads_only,1:61,sample_thermal_status,1,Android PowerManager status
threads_only,1:61,sample_cpu0_freq,1900,MHz
threads_only,1:61,sample_cpu1_freq,1900,MHz
threads_only,1:61,sample_cpu2_freq,1900,MHz
threads_only,1:61,sample_cpu3_freq,1900,MHz
threads_only,1:61,sample_cpu4_freq,2500,MHz
threads_only,1:61,sample_cpu5_freq,2500,MHz
threads_only,1:61,sample_cpu6_freq,2500,MHz
threads_only,1:61,sample_cpu7_freq,2500,MHz
threads_only,1:62,sample_elapsed,9771,ms
threads_only,1:62,sample_power,0.026,W
threads_only,1:62,sample_process_cpu,489.441,% one core
threads_only,1:62,sample_free_ram,1.262,GiB
threads_only,1:62,sample_battery_temp,36.000,C
threads_only,1:62,sample_thermal_status,1,Android PowerManager status
threads_only,1:62,sample_cpu0_freq,1900,MHz
threads_only,1:62,sample_cpu1_freq,1900,MHz
threads_only,1:62,sample_cpu2_freq,1900,MHz
threads_only,1:62,sample_cpu3_freq,1900,MHz
threads_only,1:62,sample_cpu4_freq,2500,MHz
threads_only,1:62,sample_cpu5_freq,2500,MHz
threads_only,1:62,sample_cpu6_freq,2500,MHz
threads_only,1:62,sample_cpu7_freq,2500,MHz
threads_only,1:63,sample_elapsed,9936,ms
threads_only,1:63,sample_power,0.026,W
threads_only,1:63,sample_process_cpu,487.273,% one core
threads_only,1:63,sample_free_ram,1.261,GiB
threads_only,1:63,sample_battery_temp,36.000,C
threads_only,1:63,sample_thermal_status,1,Android PowerManager status
threads_only,1:63,sample_cpu0_freq,1900,MHz
threads_only,1:63,sample_cpu1_freq,1900,MHz
threads_only,1:63,sample_cpu2_freq,1900,MHz
threads_only,1:63,sample_cpu3_freq,1900,MHz
threads_only,1:63,sample_cpu4_freq,2500,MHz
threads_only,1:63,sample_cpu5_freq,2500,MHz
threads_only,1:63,sample_cpu6_freq,2500,MHz
threads_only,1:63,sample_cpu7_freq,2500,MHz
threads_only,1:64,sample_elapsed,10101,ms
threads_only,1:64,sample_power,0.026,W
threads_only,1:64,sample_process_cpu,505.455,% one core
threads_only,1:64,sample_free_ram,1.261,GiB
threads_only,1:64,sample_battery_temp,36.000,C
threads_only,1:64,sample_thermal_status,1,Android PowerManager status
threads_only,1:64,sample_cpu0_freq,1900,MHz
threads_only,1:64,sample_cpu1_freq,1900,MHz
threads_only,1:64,sample_cpu2_freq,1900,MHz
threads_only,1:64,sample_cpu3_freq,1900,MHz
threads_only,1:64,sample_cpu4_freq,2500,MHz
threads_only,1:64,sample_cpu5_freq,2500,MHz
threads_only,1:64,sample_cpu6_freq,2500,MHz
threads_only,1:64,sample_cpu7_freq,2500,MHz
threads_only,1:65,sample_elapsed,10264,ms
threads_only,1:65,sample_power,11.500,W
threads_only,1:65,sample_process_cpu,515.337,% one core
threads_only,1:65,sample_free_ram,1.261,GiB
threads_only,1:65,sample_battery_temp,36.000,C
threads_only,1:65,sample_thermal_status,1,Android PowerManager status
threads_only,1:65,sample_cpu0_freq,1900,MHz
threads_only,1:65,sample_cpu1_freq,1900,MHz
threads_only,1:65,sample_cpu2_freq,1900,MHz
threads_only,1:65,sample_cpu3_freq,1900,MHz
threads_only,1:65,sample_cpu4_freq,2500,MHz
threads_only,1:65,sample_cpu5_freq,2500,MHz
threads_only,1:65,sample_cpu6_freq,2500,MHz
threads_only,1:65,sample_cpu7_freq,2500,MHz
threads_only,1:66,sample_elapsed,10430,ms
threads_only,1:66,sample_power,11.500,W
threads_only,1:66,sample_process_cpu,482.530,% one core
threads_only,1:66,sample_free_ram,1.261,GiB
threads_only,1:66,sample_battery_temp,36.000,C
threads_only,1:66,sample_thermal_status,1,Android PowerManager status
threads_only,1:66,sample_cpu0_freq,1900,MHz
threads_only,1:66,sample_cpu1_freq,1900,MHz
threads_only,1:66,sample_cpu2_freq,1900,MHz
threads_only,1:66,sample_cpu3_freq,1900,MHz
threads_only,1:66,sample_cpu4_freq,2500,MHz
threads_only,1:66,sample_cpu5_freq,2500,MHz
threads_only,1:66,sample_cpu6_freq,2500,MHz
threads_only,1:66,sample_cpu7_freq,2500,MHz
threads_only,1:67,sample_elapsed,10591,ms
threads_only,1:67,sample_power,11.500,W
threads_only,1:67,sample_process_cpu,504.969,% one core
threads_only,1:67,sample_free_ram,1.261,GiB
threads_only,1:67,sample_battery_temp,36.000,C
threads_only,1:67,sample_thermal_status,1,Android PowerManager status
threads_only,1:67,sample_cpu0_freq,1900,MHz
threads_only,1:67,sample_cpu1_freq,1900,MHz
threads_only,1:67,sample_cpu2_freq,1900,MHz
threads_only,1:67,sample_cpu3_freq,1900,MHz
threads_only,1:67,sample_cpu4_freq,2500,MHz
threads_only,1:67,sample_cpu5_freq,2500,MHz
threads_only,1:67,sample_cpu6_freq,2500,MHz
threads_only,1:67,sample_cpu7_freq,2500,MHz
threads_only,1:68,sample_elapsed,10749,ms
threads_only,1:68,sample_power,0.016,W
threads_only,1:68,sample_process_cpu,508.861,% one core
threads_only,1:68,sample_free_ram,1.261,GiB
threads_only,1:68,sample_battery_temp,36.000,C
threads_only,1:68,sample_thermal_status,1,Android PowerManager status
threads_only,1:68,sample_cpu0_freq,1900,MHz
threads_only,1:68,sample_cpu1_freq,1900,MHz
threads_only,1:68,sample_cpu2_freq,1900,MHz
threads_only,1:68,sample_cpu3_freq,1900,MHz
threads_only,1:68,sample_cpu4_freq,2500,MHz
threads_only,1:68,sample_cpu5_freq,2500,MHz
threads_only,1:68,sample_cpu6_freq,2500,MHz
threads_only,1:68,sample_cpu7_freq,2500,MHz
threads_only,1:69,sample_elapsed,10911,ms
threads_only,1:69,sample_power,0.016,W
threads_only,1:69,sample_process_cpu,506.790,% one core
threads_only,1:69,sample_free_ram,1.261,GiB
threads_only,1:69,sample_battery_temp,36.000,C
threads_only,1:69,sample_thermal_status,1,Android PowerManager status
threads_only,1:69,sample_cpu0_freq,1900,MHz
threads_only,1:69,sample_cpu1_freq,1900,MHz
threads_only,1:69,sample_cpu2_freq,1900,MHz
threads_only,1:69,sample_cpu3_freq,1900,MHz
threads_only,1:69,sample_cpu4_freq,2500,MHz
threads_only,1:69,sample_cpu5_freq,2500,MHz
threads_only,1:69,sample_cpu6_freq,2500,MHz
threads_only,1:69,sample_cpu7_freq,2500,MHz
threads_only,1:70,sample_elapsed,11082,ms
threads_only,1:70,sample_power,0.016,W
threads_only,1:70,sample_process_cpu,502.339,% one core
threads_only,1:70,sample_free_ram,1.261,GiB
threads_only,1:70,sample_battery_temp,36.000,C
threads_only,1:70,sample_thermal_status,1,Android PowerManager status
threads_only,1:70,sample_cpu0_freq,1900,MHz
threads_only,1:70,sample_cpu1_freq,1900,MHz
threads_only,1:70,sample_cpu2_freq,1900,MHz
threads_only,1:70,sample_cpu3_freq,1900,MHz
threads_only,1:70,sample_cpu4_freq,2500,MHz
threads_only,1:70,sample_cpu5_freq,2500,MHz
threads_only,1:70,sample_cpu6_freq,2500,MHz
threads_only,1:70,sample_cpu7_freq,2500,MHz
threads_only,1:71,sample_elapsed,11244,ms
threads_only,1:71,sample_power,2.054,W
threads_only,1:71,sample_process_cpu,504.938,% one core
threads_only,1:71,sample_free_ram,1.261,GiB
threads_only,1:71,sample_battery_temp,36.000,C
threads_only,1:71,sample_thermal_status,1,Android PowerManager status
threads_only,1:71,sample_cpu0_freq,1900,MHz
threads_only,1:71,sample_cpu1_freq,1900,MHz
threads_only,1:71,sample_cpu2_freq,1900,MHz
threads_only,1:71,sample_cpu3_freq,1900,MHz
threads_only,1:71,sample_cpu4_freq,2500,MHz
threads_only,1:71,sample_cpu5_freq,2500,MHz
threads_only,1:71,sample_cpu6_freq,2500,MHz
threads_only,1:71,sample_cpu7_freq,2500,MHz
threads_only,1:72,sample_elapsed,11405,ms
threads_only,1:72,sample_power,2.054,W
threads_only,1:72,sample_process_cpu,501.242,% one core
threads_only,1:72,sample_free_ram,1.260,GiB
threads_only,1:72,sample_battery_temp,36.000,C
threads_only,1:72,sample_thermal_status,1,Android PowerManager status
threads_only,1:72,sample_cpu0_freq,1900,MHz
threads_only,1:72,sample_cpu1_freq,1900,MHz
threads_only,1:72,sample_cpu2_freq,1900,MHz
threads_only,1:72,sample_cpu3_freq,1900,MHz
threads_only,1:72,sample_cpu4_freq,2500,MHz
threads_only,1:72,sample_cpu5_freq,2500,MHz
threads_only,1:72,sample_cpu6_freq,2500,MHz
threads_only,1:72,sample_cpu7_freq,2500,MHz
threads_only,1:73,sample_elapsed,11561,ms
threads_only,1:73,sample_power,2.054,W
threads_only,1:73,sample_process_cpu,505.128,% one core
threads_only,1:73,sample_free_ram,1.260,GiB
threads_only,1:73,sample_battery_temp,36.000,C
threads_only,1:73,sample_thermal_status,1,Android PowerManager status
threads_only,1:73,sample_cpu0_freq,1900,MHz
threads_only,1:73,sample_cpu1_freq,1900,MHz
threads_only,1:73,sample_cpu2_freq,1900,MHz
threads_only,1:73,sample_cpu3_freq,1900,MHz
threads_only,1:73,sample_cpu4_freq,2500,MHz
threads_only,1:73,sample_cpu5_freq,2500,MHz
threads_only,1:73,sample_cpu6_freq,2500,MHz
threads_only,1:73,sample_cpu7_freq,2500,MHz
threads_only,1:74,sample_elapsed,11723,ms
threads_only,1:74,sample_power,2.054,W
threads_only,1:74,sample_process_cpu,493.827,% one core
threads_only,1:74,sample_free_ram,1.260,GiB
threads_only,1:74,sample_battery_temp,36.000,C
threads_only,1:74,sample_thermal_status,1,Android PowerManager status
threads_only,1:74,sample_cpu0_freq,1900,MHz
threads_only,1:74,sample_cpu1_freq,1900,MHz
threads_only,1:74,sample_cpu2_freq,1900,MHz
threads_only,1:74,sample_cpu3_freq,1900,MHz
threads_only,1:74,sample_cpu4_freq,2500,MHz
threads_only,1:74,sample_cpu5_freq,2500,MHz
threads_only,1:74,sample_cpu6_freq,2500,MHz
threads_only,1:74,sample_cpu7_freq,2500,MHz
threads_only,2,pp,135.000,tok/s
threads_only,2,tg,16.000,tok/s
threads_only,2,power,1.519,W
threads_only,2,tok_per_w,10.536,tok/W
threads_only,2,ttft_pp512_derived,3855.093,ms
threads_only,2,start_temp,36.000,C
threads_only,2,average_process_cpu,483.963,% one core
threads_only,2,minimum_free_ram,1.238,GiB
threads_only,2,peak_battery_temp,36.000,C
threads_only,2,peak_thermal_status,1,Android PowerManager status
threads_only,2:1,sample_elapsed,1,ms
threads_only,2:1,sample_power,3.937,W
threads_only,2:1,sample_process_cpu,400.000,% one core
threads_only,2:1,sample_free_ram,1.333,GiB
threads_only,2:1,sample_battery_temp,36.000,C
threads_only,2:1,sample_thermal_status,1,Android PowerManager status
threads_only,2:1,sample_cpu0_freq,1000,MHz
threads_only,2:1,sample_cpu1_freq,900,MHz
threads_only,2:1,sample_cpu2_freq,900,MHz
threads_only,2:1,sample_cpu3_freq,900,MHz
threads_only,2:1,sample_cpu4_freq,600,MHz
threads_only,2:1,sample_cpu5_freq,600,MHz
threads_only,2:1,sample_cpu6_freq,500,MHz
threads_only,2:1,sample_cpu7_freq,500,MHz
threads_only,2:2,sample_elapsed,163,ms
threads_only,2:2,sample_power,3.937,W
threads_only,2:2,sample_process_cpu,400.000,% one core
threads_only,2:2,sample_free_ram,1.278,GiB
threads_only,2:2,sample_battery_temp,36.000,C
threads_only,2:2,sample_thermal_status,1,Android PowerManager status
threads_only,2:2,sample_cpu0_freq,1900,MHz
threads_only,2:2,sample_cpu1_freq,1900,MHz
threads_only,2:2,sample_cpu2_freq,1900,MHz
threads_only,2:2,sample_cpu3_freq,1900,MHz
threads_only,2:2,sample_cpu4_freq,2500,MHz
threads_only,2:2,sample_cpu5_freq,2500,MHz
threads_only,2:2,sample_cpu6_freq,2500,MHz
threads_only,2:2,sample_cpu7_freq,2500,MHz
threads_only,2:3,sample_elapsed,317,ms
threads_only,2:3,sample_power,1.430,W
threads_only,2:3,sample_process_cpu,471.429,% one core
threads_only,2:3,sample_free_ram,1.241,GiB
threads_only,2:3,sample_battery_temp,36.000,C
threads_only,2:3,sample_thermal_status,1,Android PowerManager status
threads_only,2:3,sample_cpu0_freq,1900,MHz
threads_only,2:3,sample_cpu1_freq,1900,MHz
threads_only,2:3,sample_cpu2_freq,1900,MHz
threads_only,2:3,sample_cpu3_freq,1900,MHz
threads_only,2:3,sample_cpu4_freq,2500,MHz
threads_only,2:3,sample_cpu5_freq,2500,MHz
threads_only,2:3,sample_cpu6_freq,2500,MHz
threads_only,2:3,sample_cpu7_freq,2500,MHz
threads_only,2:4,sample_elapsed,471,ms
threads_only,2:4,sample_power,1.430,W
threads_only,2:4,sample_process_cpu,462.987,% one core
threads_only,2:4,sample_free_ram,1.240,GiB
threads_only,2:4,sample_battery_temp,36.000,C
threads_only,2:4,sample_thermal_status,1,Android PowerManager status
threads_only,2:4,sample_cpu0_freq,1900,MHz
threads_only,2:4,sample_cpu1_freq,1900,MHz
threads_only,2:4,sample_cpu2_freq,1900,MHz
threads_only,2:4,sample_cpu3_freq,1900,MHz
threads_only,2:4,sample_cpu4_freq,2500,MHz
threads_only,2:4,sample_cpu5_freq,2500,MHz
threads_only,2:4,sample_cpu6_freq,2500,MHz
threads_only,2:4,sample_cpu7_freq,2500,MHz
threads_only,2:5,sample_elapsed,625,ms
threads_only,2:5,sample_power,1.430,W
threads_only,2:5,sample_process_cpu,470.130,% one core
threads_only,2:5,sample_free_ram,1.240,GiB
threads_only,2:5,sample_battery_temp,36.000,C
threads_only,2:5,sample_thermal_status,1,Android PowerManager status
threads_only,2:5,sample_cpu0_freq,1900,MHz
threads_only,2:5,sample_cpu1_freq,1900,MHz
threads_only,2:5,sample_cpu2_freq,1900,MHz
threads_only,2:5,sample_cpu3_freq,1900,MHz
threads_only,2:5,sample_cpu4_freq,2500,MHz
threads_only,2:5,sample_cpu5_freq,2500,MHz
threads_only,2:5,sample_cpu6_freq,2500,MHz
threads_only,2:5,sample_cpu7_freq,2500,MHz
threads_only,2:6,sample_elapsed,780,ms
threads_only,2:6,sample_power,1.240,W
threads_only,2:6,sample_process_cpu,460.000,% one core
threads_only,2:6,sample_free_ram,1.241,GiB
threads_only,2:6,sample_battery_temp,36.000,C
threads_only,2:6,sample_thermal_status,1,Android PowerManager status
threads_only,2:6,sample_cpu0_freq,1900,MHz
threads_only,2:6,sample_cpu1_freq,1900,MHz
threads_only,2:6,sample_cpu2_freq,1900,MHz
threads_only,2:6,sample_cpu3_freq,1900,MHz
threads_only,2:6,sample_cpu4_freq,2500,MHz
threads_only,2:6,sample_cpu5_freq,2500,MHz
threads_only,2:6,sample_cpu6_freq,2500,MHz
threads_only,2:6,sample_cpu7_freq,2500,MHz
threads_only,2:7,sample_elapsed,939,ms
threads_only,2:7,sample_power,1.240,W
threads_only,2:7,sample_process_cpu,458.491,% one core
threads_only,2:7,sample_free_ram,1.240,GiB
threads_only,2:7,sample_battery_temp,36.000,C
threads_only,2:7,sample_thermal_status,1,Android PowerManager status
threads_only,2:7,sample_cpu0_freq,1900,MHz
threads_only,2:7,sample_cpu1_freq,1900,MHz
threads_only,2:7,sample_cpu2_freq,1900,MHz
threads_only,2:7,sample_cpu3_freq,1900,MHz
threads_only,2:7,sample_cpu4_freq,2500,MHz
threads_only,2:7,sample_cpu5_freq,2500,MHz
threads_only,2:7,sample_cpu6_freq,2500,MHz
threads_only,2:7,sample_cpu7_freq,2500,MHz
threads_only,2:8,sample_elapsed,1094,ms
threads_only,2:8,sample_power,1.240,W
threads_only,2:8,sample_process_cpu,484.516,% one core
threads_only,2:8,sample_free_ram,1.247,GiB
threads_only,2:8,sample_battery_temp,36.000,C
threads_only,2:8,sample_thermal_status,1,Android PowerManager status
threads_only,2:8,sample_cpu0_freq,1900,MHz
threads_only,2:8,sample_cpu1_freq,1900,MHz
threads_only,2:8,sample_cpu2_freq,1900,MHz
threads_only,2:8,sample_cpu3_freq,1900,MHz
threads_only,2:8,sample_cpu4_freq,2500,MHz
threads_only,2:8,sample_cpu5_freq,2500,MHz
threads_only,2:8,sample_cpu6_freq,2500,MHz
threads_only,2:8,sample_cpu7_freq,2500,MHz
threads_only,2:9,sample_elapsed,1248,ms
threads_only,2:9,sample_power,1.240,W
threads_only,2:9,sample_process_cpu,472.727,% one core
threads_only,2:9,sample_free_ram,1.246,GiB
threads_only,2:9,sample_battery_temp,36.000,C
threads_only,2:9,sample_thermal_status,1,Android PowerManager status
threads_only,2:9,sample_cpu0_freq,1900,MHz
threads_only,2:9,sample_cpu1_freq,1900,MHz
threads_only,2:9,sample_cpu2_freq,1900,MHz
threads_only,2:9,sample_cpu3_freq,1900,MHz
threads_only,2:9,sample_cpu4_freq,2500,MHz
threads_only,2:9,sample_cpu5_freq,2500,MHz
threads_only,2:9,sample_cpu6_freq,2500,MHz
threads_only,2:9,sample_cpu7_freq,2500,MHz
threads_only,2:10,sample_elapsed,1406,ms
threads_only,2:10,sample_power,1.831,W
threads_only,2:10,sample_process_cpu,463.924,% one core
threads_only,2:10,sample_free_ram,1.246,GiB
threads_only,2:10,sample_battery_temp,36.000,C
threads_only,2:10,sample_thermal_status,1,Android PowerManager status
threads_only,2:10,sample_cpu0_freq,1900,MHz
threads_only,2:10,sample_cpu1_freq,1900,MHz
threads_only,2:10,sample_cpu2_freq,1900,MHz
threads_only,2:10,sample_cpu3_freq,1900,MHz
threads_only,2:10,sample_cpu4_freq,2500,MHz
threads_only,2:10,sample_cpu5_freq,2500,MHz
threads_only,2:10,sample_cpu6_freq,2500,MHz
threads_only,2:10,sample_cpu7_freq,2500,MHz
threads_only,2:11,sample_elapsed,1560,ms
threads_only,2:11,sample_power,1.831,W
threads_only,2:11,sample_process_cpu,467.532,% one core
threads_only,2:11,sample_free_ram,1.246,GiB
threads_only,2:11,sample_battery_temp,36.000,C
threads_only,2:11,sample_thermal_status,1,Android PowerManager status
threads_only,2:11,sample_cpu0_freq,1900,MHz
threads_only,2:11,sample_cpu1_freq,1900,MHz
threads_only,2:11,sample_cpu2_freq,1900,MHz
threads_only,2:11,sample_cpu3_freq,1900,MHz
threads_only,2:11,sample_cpu4_freq,2500,MHz
threads_only,2:11,sample_cpu5_freq,2500,MHz
threads_only,2:11,sample_cpu6_freq,2500,MHz
threads_only,2:11,sample_cpu7_freq,2500,MHz
threads_only,2:12,sample_elapsed,1714,ms
threads_only,2:12,sample_power,1.831,W
threads_only,2:12,sample_process_cpu,464.286,% one core
threads_only,2:12,sample_free_ram,1.245,GiB
threads_only,2:12,sample_battery_temp,36.000,C
threads_only,2:12,sample_thermal_status,1,Android PowerManager status
threads_only,2:12,sample_cpu0_freq,1900,MHz
threads_only,2:12,sample_cpu1_freq,1900,MHz
threads_only,2:12,sample_cpu2_freq,1900,MHz
threads_only,2:12,sample_cpu3_freq,1900,MHz
threads_only,2:12,sample_cpu4_freq,2500,MHz
threads_only,2:12,sample_cpu5_freq,2500,MHz
threads_only,2:12,sample_cpu6_freq,2500,MHz
threads_only,2:12,sample_cpu7_freq,2500,MHz
threads_only,2:13,sample_elapsed,1868,ms
threads_only,2:13,sample_power,1.476,W
threads_only,2:13,sample_process_cpu,466.883,% one core
threads_only,2:13,sample_free_ram,1.245,GiB
threads_only,2:13,sample_battery_temp,36.000,C
threads_only,2:13,sample_thermal_status,1,Android PowerManager status
threads_only,2:13,sample_cpu0_freq,1900,MHz
threads_only,2:13,sample_cpu1_freq,1900,MHz
threads_only,2:13,sample_cpu2_freq,1900,MHz
threads_only,2:13,sample_cpu3_freq,1900,MHz
threads_only,2:13,sample_cpu4_freq,2500,MHz
threads_only,2:13,sample_cpu5_freq,2500,MHz
threads_only,2:13,sample_cpu6_freq,2500,MHz
threads_only,2:13,sample_cpu7_freq,2500,MHz
threads_only,2:14,sample_elapsed,2024,ms
threads_only,2:14,sample_power,1.476,W
threads_only,2:14,sample_process_cpu,466.026,% one core
threads_only,2:14,sample_free_ram,1.245,GiB
threads_only,2:14,sample_battery_temp,36.000,C
threads_only,2:14,sample_thermal_status,1,Android PowerManager status
threads_only,2:14,sample_cpu0_freq,1900,MHz
threads_only,2:14,sample_cpu1_freq,1900,MHz
threads_only,2:14,sample_cpu2_freq,1900,MHz
threads_only,2:14,sample_cpu3_freq,1900,MHz
threads_only,2:14,sample_cpu4_freq,2500,MHz
threads_only,2:14,sample_cpu5_freq,2500,MHz
threads_only,2:14,sample_cpu6_freq,2500,MHz
threads_only,2:14,sample_cpu7_freq,2500,MHz
threads_only,2:15,sample_elapsed,2178,ms
threads_only,2:15,sample_power,1.476,W
threads_only,2:15,sample_process_cpu,466.234,% one core
threads_only,2:15,sample_free_ram,1.245,GiB
threads_only,2:15,sample_battery_temp,36.000,C
threads_only,2:15,sample_thermal_status,1,Android PowerManager status
threads_only,2:15,sample_cpu0_freq,1900,MHz
threads_only,2:15,sample_cpu1_freq,1900,MHz
threads_only,2:15,sample_cpu2_freq,1900,MHz
threads_only,2:15,sample_cpu3_freq,1900,MHz
threads_only,2:15,sample_cpu4_freq,2500,MHz
threads_only,2:15,sample_cpu5_freq,2500,MHz
threads_only,2:15,sample_cpu6_freq,2500,MHz
threads_only,2:15,sample_cpu7_freq,2500,MHz
threads_only,2:16,sample_elapsed,2338,ms
threads_only,2:16,sample_power,1.476,W
threads_only,2:16,sample_process_cpu,462.500,% one core
threads_only,2:16,sample_free_ram,1.245,GiB
threads_only,2:16,sample_battery_temp,36.000,C
threads_only,2:16,sample_thermal_status,1,Android PowerManager status
threads_only,2:16,sample_cpu0_freq,1900,MHz
threads_only,2:16,sample_cpu1_freq,1900,MHz
threads_only,2:16,sample_cpu2_freq,1900,MHz
threads_only,2:16,sample_cpu3_freq,1900,MHz
threads_only,2:16,sample_cpu4_freq,2500,MHz
threads_only,2:16,sample_cpu5_freq,2500,MHz
threads_only,2:16,sample_cpu6_freq,2500,MHz
threads_only,2:16,sample_cpu7_freq,2500,MHz
threads_only,2:17,sample_elapsed,2494,ms
threads_only,2:17,sample_power,1.325,W
threads_only,2:17,sample_process_cpu,466.667,% one core
threads_only,2:17,sample_free_ram,1.245,GiB
threads_only,2:17,sample_battery_temp,36.000,C
threads_only,2:17,sample_thermal_status,1,Android PowerManager status
threads_only,2:17,sample_cpu0_freq,1900,MHz
threads_only,2:17,sample_cpu1_freq,1900,MHz
threads_only,2:17,sample_cpu2_freq,1900,MHz
threads_only,2:17,sample_cpu3_freq,1900,MHz
threads_only,2:17,sample_cpu4_freq,2500,MHz
threads_only,2:17,sample_cpu5_freq,2500,MHz
threads_only,2:17,sample_cpu6_freq,2500,MHz
threads_only,2:17,sample_cpu7_freq,2500,MHz
threads_only,2:18,sample_elapsed,2648,ms
threads_only,2:18,sample_power,1.325,W
threads_only,2:18,sample_process_cpu,474.026,% one core
threads_only,2:18,sample_free_ram,1.245,GiB
threads_only,2:18,sample_battery_temp,36.000,C
threads_only,2:18,sample_thermal_status,1,Android PowerManager status
threads_only,2:18,sample_cpu0_freq,1900,MHz
threads_only,2:18,sample_cpu1_freq,1900,MHz
threads_only,2:18,sample_cpu2_freq,1900,MHz
threads_only,2:18,sample_cpu3_freq,1900,MHz
threads_only,2:18,sample_cpu4_freq,2500,MHz
threads_only,2:18,sample_cpu5_freq,2500,MHz
threads_only,2:18,sample_cpu6_freq,2500,MHz
threads_only,2:18,sample_cpu7_freq,2500,MHz
threads_only,2:19,sample_elapsed,2803,ms
threads_only,2:19,sample_power,1.325,W
threads_only,2:19,sample_process_cpu,463.871,% one core
threads_only,2:19,sample_free_ram,1.246,GiB
threads_only,2:19,sample_battery_temp,36.000,C
threads_only,2:19,sample_thermal_status,1,Android PowerManager status
threads_only,2:19,sample_cpu0_freq,1900,MHz
threads_only,2:19,sample_cpu1_freq,1900,MHz
threads_only,2:19,sample_cpu2_freq,1900,MHz
threads_only,2:19,sample_cpu3_freq,1900,MHz
threads_only,2:19,sample_cpu4_freq,2500,MHz
threads_only,2:19,sample_cpu5_freq,2500,MHz
threads_only,2:19,sample_cpu6_freq,2500,MHz
threads_only,2:19,sample_cpu7_freq,2500,MHz
threads_only,2:20,sample_elapsed,2959,ms
threads_only,2:20,sample_power,1.399,W
threads_only,2:20,sample_process_cpu,473.077,% one core
threads_only,2:20,sample_free_ram,1.246,GiB
threads_only,2:20,sample_battery_temp,36.000,C
threads_only,2:20,sample_thermal_status,1,Android PowerManager status
threads_only,2:20,sample_cpu0_freq,1900,MHz
threads_only,2:20,sample_cpu1_freq,1900,MHz
threads_only,2:20,sample_cpu2_freq,1900,MHz
threads_only,2:20,sample_cpu3_freq,1900,MHz
threads_only,2:20,sample_cpu4_freq,2500,MHz
threads_only,2:20,sample_cpu5_freq,2500,MHz
threads_only,2:20,sample_cpu6_freq,2500,MHz
threads_only,2:20,sample_cpu7_freq,2500,MHz
threads_only,2:21,sample_elapsed,3115,ms
threads_only,2:21,sample_power,1.399,W
threads_only,2:21,sample_process_cpu,458.974,% one core
threads_only,2:21,sample_free_ram,1.246,GiB
threads_only,2:21,sample_battery_temp,36.000,C
threads_only,2:21,sample_thermal_status,1,Android PowerManager status
threads_only,2:21,sample_cpu0_freq,1600,MHz
threads_only,2:21,sample_cpu1_freq,1600,MHz
threads_only,2:21,sample_cpu2_freq,1600,MHz
threads_only,2:21,sample_cpu3_freq,1600,MHz
threads_only,2:21,sample_cpu4_freq,2500,MHz
threads_only,2:21,sample_cpu5_freq,2500,MHz
threads_only,2:21,sample_cpu6_freq,2500,MHz
threads_only,2:21,sample_cpu7_freq,2500,MHz
threads_only,2:22,sample_elapsed,3270,ms
threads_only,2:22,sample_power,1.399,W
threads_only,2:22,sample_process_cpu,473.548,% one core
threads_only,2:22,sample_free_ram,1.246,GiB
threads_only,2:22,sample_battery_temp,36.000,C
threads_only,2:22,sample_thermal_status,1,Android PowerManager status
threads_only,2:22,sample_cpu0_freq,900,MHz
threads_only,2:22,sample_cpu1_freq,1900,MHz
threads_only,2:22,sample_cpu2_freq,1300,MHz
threads_only,2:22,sample_cpu3_freq,1300,MHz
threads_only,2:22,sample_cpu4_freq,2500,MHz
threads_only,2:22,sample_cpu5_freq,2500,MHz
threads_only,2:22,sample_cpu6_freq,2500,MHz
threads_only,2:22,sample_cpu7_freq,2500,MHz
threads_only,2:23,sample_elapsed,3423,ms
threads_only,2:23,sample_power,1.399,W
threads_only,2:23,sample_process_cpu,465.359,% one core
threads_only,2:23,sample_free_ram,1.246,GiB
threads_only,2:23,sample_battery_temp,36.000,C
threads_only,2:23,sample_thermal_status,1,Android PowerManager status
threads_only,2:23,sample_cpu0_freq,1900,MHz
threads_only,2:23,sample_cpu1_freq,1900,MHz
threads_only,2:23,sample_cpu2_freq,1900,MHz
threads_only,2:23,sample_cpu3_freq,1900,MHz
threads_only,2:23,sample_cpu4_freq,2500,MHz
threads_only,2:23,sample_cpu5_freq,2500,MHz
threads_only,2:23,sample_cpu6_freq,2500,MHz
threads_only,2:23,sample_cpu7_freq,2500,MHz
threads_only,2:24,sample_elapsed,3578,ms
threads_only,2:24,sample_power,0.995,W
threads_only,2:24,sample_process_cpu,466.452,% one core
threads_only,2:24,sample_free_ram,1.246,GiB
threads_only,2:24,sample_battery_temp,36.000,C
threads_only,2:24,sample_thermal_status,1,Android PowerManager status
threads_only,2:24,sample_cpu0_freq,900,MHz
threads_only,2:24,sample_cpu1_freq,900,MHz
threads_only,2:24,sample_cpu2_freq,900,MHz
threads_only,2:24,sample_cpu3_freq,900,MHz
threads_only,2:24,sample_cpu4_freq,2500,MHz
threads_only,2:24,sample_cpu5_freq,2500,MHz
threads_only,2:24,sample_cpu6_freq,2500,MHz
threads_only,2:24,sample_cpu7_freq,2500,MHz
threads_only,2:25,sample_elapsed,3732,ms
threads_only,2:25,sample_power,0.995,W
threads_only,2:25,sample_process_cpu,470.130,% one core
threads_only,2:25,sample_free_ram,1.245,GiB
threads_only,2:25,sample_battery_temp,36.000,C
threads_only,2:25,sample_thermal_status,1,Android PowerManager status
threads_only,2:25,sample_cpu0_freq,1900,MHz
threads_only,2:25,sample_cpu1_freq,1900,MHz
threads_only,2:25,sample_cpu2_freq,1900,MHz
threads_only,2:25,sample_cpu3_freq,1900,MHz
threads_only,2:25,sample_cpu4_freq,2500,MHz
threads_only,2:25,sample_cpu5_freq,2500,MHz
threads_only,2:25,sample_cpu6_freq,2500,MHz
threads_only,2:25,sample_cpu7_freq,2500,MHz
threads_only,2:26,sample_elapsed,3888,ms
threads_only,2:26,sample_power,0.995,W
threads_only,2:26,sample_process_cpu,485.256,% one core
threads_only,2:26,sample_free_ram,1.243,GiB
threads_only,2:26,sample_battery_temp,36.000,C
threads_only,2:26,sample_thermal_status,1,Android PowerManager status
threads_only,2:26,sample_cpu0_freq,1900,MHz
threads_only,2:26,sample_cpu1_freq,1900,MHz
threads_only,2:26,sample_cpu2_freq,1900,MHz
threads_only,2:26,sample_cpu3_freq,1900,MHz
threads_only,2:26,sample_cpu4_freq,2500,MHz
threads_only,2:26,sample_cpu5_freq,2500,MHz
threads_only,2:26,sample_cpu6_freq,2500,MHz
threads_only,2:26,sample_cpu7_freq,2500,MHz
threads_only,2:27,sample_elapsed,4062,ms
threads_only,2:27,sample_power,1.297,W
threads_only,2:27,sample_process_cpu,505.172,% one core
threads_only,2:27,sample_free_ram,1.242,GiB
threads_only,2:27,sample_battery_temp,36.000,C
threads_only,2:27,sample_thermal_status,1,Android PowerManager status
threads_only,2:27,sample_cpu0_freq,1900,MHz
threads_only,2:27,sample_cpu1_freq,1900,MHz
threads_only,2:27,sample_cpu2_freq,1900,MHz
threads_only,2:27,sample_cpu3_freq,1900,MHz
threads_only,2:27,sample_cpu4_freq,2500,MHz
threads_only,2:27,sample_cpu5_freq,2500,MHz
threads_only,2:27,sample_cpu6_freq,2500,MHz
threads_only,2:27,sample_cpu7_freq,2500,MHz
threads_only,2:28,sample_elapsed,4226,ms
threads_only,2:28,sample_power,1.297,W
threads_only,2:28,sample_process_cpu,506.098,% one core
threads_only,2:28,sample_free_ram,1.242,GiB
threads_only,2:28,sample_battery_temp,36.000,C
threads_only,2:28,sample_thermal_status,1,Android PowerManager status
threads_only,2:28,sample_cpu0_freq,1900,MHz
threads_only,2:28,sample_cpu1_freq,1900,MHz
threads_only,2:28,sample_cpu2_freq,1900,MHz
threads_only,2:28,sample_cpu3_freq,1900,MHz
threads_only,2:28,sample_cpu4_freq,2500,MHz
threads_only,2:28,sample_cpu5_freq,2500,MHz
threads_only,2:28,sample_cpu6_freq,2500,MHz
threads_only,2:28,sample_cpu7_freq,2500,MHz
threads_only,2:29,sample_elapsed,4391,ms
threads_only,2:29,sample_power,1.297,W
threads_only,2:29,sample_process_cpu,498.788,% one core
threads_only,2:29,sample_free_ram,1.242,GiB
threads_only,2:29,sample_battery_temp,36.000,C
threads_only,2:29,sample_thermal_status,1,Android PowerManager status
threads_only,2:29,sample_cpu0_freq,1900,MHz
threads_only,2:29,sample_cpu1_freq,1900,MHz
threads_only,2:29,sample_cpu2_freq,1900,MHz
threads_only,2:29,sample_cpu3_freq,1900,MHz
threads_only,2:29,sample_cpu4_freq,2500,MHz
threads_only,2:29,sample_cpu5_freq,2500,MHz
threads_only,2:29,sample_cpu6_freq,2500,MHz
threads_only,2:29,sample_cpu7_freq,2500,MHz
threads_only,2:30,sample_elapsed,4552,ms
threads_only,2:30,sample_power,1.297,W
threads_only,2:30,sample_process_cpu,501.242,% one core
threads_only,2:30,sample_free_ram,1.242,GiB
threads_only,2:30,sample_battery_temp,36.000,C
threads_only,2:30,sample_thermal_status,1,Android PowerManager status
threads_only,2:30,sample_cpu0_freq,1900,MHz
threads_only,2:30,sample_cpu1_freq,1900,MHz
threads_only,2:30,sample_cpu2_freq,1900,MHz
threads_only,2:30,sample_cpu3_freq,1900,MHz
threads_only,2:30,sample_cpu4_freq,2500,MHz
threads_only,2:30,sample_cpu5_freq,2500,MHz
threads_only,2:30,sample_cpu6_freq,2500,MHz
threads_only,2:30,sample_cpu7_freq,2500,MHz
threads_only,2:31,sample_elapsed,4714,ms
threads_only,2:31,sample_power,1.163,W
threads_only,2:31,sample_process_cpu,495.062,% one core
threads_only,2:31,sample_free_ram,1.242,GiB
threads_only,2:31,sample_battery_temp,36.000,C
threads_only,2:31,sample_thermal_status,1,Android PowerManager status
threads_only,2:31,sample_cpu0_freq,1900,MHz
threads_only,2:31,sample_cpu1_freq,1900,MHz
threads_only,2:31,sample_cpu2_freq,1900,MHz
threads_only,2:31,sample_cpu3_freq,1900,MHz
threads_only,2:31,sample_cpu4_freq,2500,MHz
threads_only,2:31,sample_cpu5_freq,2500,MHz
threads_only,2:31,sample_cpu6_freq,2500,MHz
threads_only,2:31,sample_cpu7_freq,2500,MHz
threads_only,2:32,sample_elapsed,4873,ms
threads_only,2:32,sample_power,1.163,W
threads_only,2:32,sample_process_cpu,504.403,% one core
threads_only,2:32,sample_free_ram,1.242,GiB
threads_only,2:32,sample_battery_temp,36.000,C
threads_only,2:32,sample_thermal_status,1,Android PowerManager status
threads_only,2:32,sample_cpu0_freq,1900,MHz
threads_only,2:32,sample_cpu1_freq,1900,MHz
threads_only,2:32,sample_cpu2_freq,1900,MHz
threads_only,2:32,sample_cpu3_freq,1900,MHz
threads_only,2:32,sample_cpu4_freq,2500,MHz
threads_only,2:32,sample_cpu5_freq,2500,MHz
threads_only,2:32,sample_cpu6_freq,2500,MHz
threads_only,2:32,sample_cpu7_freq,2500,MHz
threads_only,2:33,sample_elapsed,5034,ms
threads_only,2:33,sample_power,1.163,W
threads_only,2:33,sample_process_cpu,491.304,% one core
threads_only,2:33,sample_free_ram,1.241,GiB
threads_only,2:33,sample_battery_temp,36.000,C
threads_only,2:33,sample_thermal_status,1,Android PowerManager status
threads_only,2:33,sample_cpu0_freq,1900,MHz
threads_only,2:33,sample_cpu1_freq,1900,MHz
threads_only,2:33,sample_cpu2_freq,1900,MHz
threads_only,2:33,sample_cpu3_freq,1900,MHz
threads_only,2:33,sample_cpu4_freq,2500,MHz
threads_only,2:33,sample_cpu5_freq,2500,MHz
threads_only,2:33,sample_cpu6_freq,2500,MHz
threads_only,2:33,sample_cpu7_freq,2500,MHz
threads_only,2:34,sample_elapsed,5191,ms
threads_only,2:34,sample_power,1.430,W
threads_only,2:34,sample_process_cpu,490.446,% one core
threads_only,2:34,sample_free_ram,1.241,GiB
threads_only,2:34,sample_battery_temp,36.000,C
threads_only,2:34,sample_thermal_status,1,Android PowerManager status
threads_only,2:34,sample_cpu0_freq,1900,MHz
threads_only,2:34,sample_cpu1_freq,1900,MHz
threads_only,2:34,sample_cpu2_freq,1900,MHz
threads_only,2:34,sample_cpu3_freq,1900,MHz
threads_only,2:34,sample_cpu4_freq,2500,MHz
threads_only,2:34,sample_cpu5_freq,2500,MHz
threads_only,2:34,sample_cpu6_freq,2500,MHz
threads_only,2:34,sample_cpu7_freq,2500,MHz
threads_only,2:35,sample_elapsed,5348,ms
threads_only,2:35,sample_power,1.430,W
threads_only,2:35,sample_process_cpu,492.357,% one core
threads_only,2:35,sample_free_ram,1.241,GiB
threads_only,2:35,sample_battery_temp,36.000,C
threads_only,2:35,sample_thermal_status,1,Android PowerManager status
threads_only,2:35,sample_cpu0_freq,1900,MHz
threads_only,2:35,sample_cpu1_freq,1900,MHz
threads_only,2:35,sample_cpu2_freq,1900,MHz
threads_only,2:35,sample_cpu3_freq,1900,MHz
threads_only,2:35,sample_cpu4_freq,2500,MHz
threads_only,2:35,sample_cpu5_freq,2500,MHz
threads_only,2:35,sample_cpu6_freq,2500,MHz
threads_only,2:35,sample_cpu7_freq,2500,MHz
threads_only,2:36,sample_elapsed,5516,ms
threads_only,2:36,sample_power,1.430,W
threads_only,2:36,sample_process_cpu,513.690,% one core
threads_only,2:36,sample_free_ram,1.241,GiB
threads_only,2:36,sample_battery_temp,36.000,C
threads_only,2:36,sample_thermal_status,1,Android PowerManager status
threads_only,2:36,sample_cpu0_freq,1900,MHz
threads_only,2:36,sample_cpu1_freq,1900,MHz
threads_only,2:36,sample_cpu2_freq,1900,MHz
threads_only,2:36,sample_cpu3_freq,1900,MHz
threads_only,2:36,sample_cpu4_freq,2500,MHz
threads_only,2:36,sample_cpu5_freq,2500,MHz
threads_only,2:36,sample_cpu6_freq,2500,MHz
threads_only,2:36,sample_cpu7_freq,2500,MHz
threads_only,2:37,sample_elapsed,5691,ms
threads_only,2:37,sample_power,1.430,W
threads_only,2:37,sample_process_cpu,467.429,% one core
threads_only,2:37,sample_free_ram,1.241,GiB
threads_only,2:37,sample_battery_temp,36.000,C
threads_only,2:37,sample_thermal_status,1,Android PowerManager status
threads_only,2:37,sample_cpu0_freq,1900,MHz
threads_only,2:37,sample_cpu1_freq,1900,MHz
threads_only,2:37,sample_cpu2_freq,1900,MHz
threads_only,2:37,sample_cpu3_freq,1900,MHz
threads_only,2:37,sample_cpu4_freq,2500,MHz
threads_only,2:37,sample_cpu5_freq,2500,MHz
threads_only,2:37,sample_cpu6_freq,2500,MHz
threads_only,2:37,sample_cpu7_freq,2500,MHz
threads_only,2:38,sample_elapsed,5852,ms
threads_only,2:38,sample_power,1.610,W
threads_only,2:38,sample_process_cpu,488.199,% one core
threads_only,2:38,sample_free_ram,1.241,GiB
threads_only,2:38,sample_battery_temp,36.000,C
threads_only,2:38,sample_thermal_status,1,Android PowerManager status
threads_only,2:38,sample_cpu0_freq,1900,MHz
threads_only,2:38,sample_cpu1_freq,1900,MHz
threads_only,2:38,sample_cpu2_freq,1900,MHz
threads_only,2:38,sample_cpu3_freq,1900,MHz
threads_only,2:38,sample_cpu4_freq,2500,MHz
threads_only,2:38,sample_cpu5_freq,2500,MHz
threads_only,2:38,sample_cpu6_freq,2500,MHz
threads_only,2:38,sample_cpu7_freq,2500,MHz
threads_only,2:39,sample_elapsed,6011,ms
threads_only,2:39,sample_power,1.610,W
threads_only,2:39,sample_process_cpu,472.956,% one core
threads_only,2:39,sample_free_ram,1.241,GiB
threads_only,2:39,sample_battery_temp,36.000,C
threads_only,2:39,sample_thermal_status,1,Android PowerManager status
threads_only,2:39,sample_cpu0_freq,1900,MHz
threads_only,2:39,sample_cpu1_freq,1900,MHz
threads_only,2:39,sample_cpu2_freq,1900,MHz
threads_only,2:39,sample_cpu3_freq,1900,MHz
threads_only,2:39,sample_cpu4_freq,2500,MHz
threads_only,2:39,sample_cpu5_freq,2500,MHz
threads_only,2:39,sample_cpu6_freq,2500,MHz
threads_only,2:39,sample_cpu7_freq,2500,MHz
threads_only,2:40,sample_elapsed,6171,ms
threads_only,2:40,sample_power,1.610,W
threads_only,2:40,sample_process_cpu,473.750,% one core
threads_only,2:40,sample_free_ram,1.241,GiB
threads_only,2:40,sample_battery_temp,36.000,C
threads_only,2:40,sample_thermal_status,1,Android PowerManager status
threads_only,2:40,sample_cpu0_freq,1900,MHz
threads_only,2:40,sample_cpu1_freq,1900,MHz
threads_only,2:40,sample_cpu2_freq,1900,MHz
threads_only,2:40,sample_cpu3_freq,1900,MHz
threads_only,2:40,sample_cpu4_freq,2500,MHz
threads_only,2:40,sample_cpu5_freq,2500,MHz
threads_only,2:40,sample_cpu6_freq,2500,MHz
threads_only,2:40,sample_cpu7_freq,2500,MHz
threads_only,2:41,sample_elapsed,6334,ms
threads_only,2:41,sample_power,1.600,W
threads_only,2:41,sample_process_cpu,493.865,% one core
threads_only,2:41,sample_free_ram,1.241,GiB
threads_only,2:41,sample_battery_temp,36.000,C
threads_only,2:41,sample_thermal_status,1,Android PowerManager status
threads_only,2:41,sample_cpu0_freq,1900,MHz
threads_only,2:41,sample_cpu1_freq,1900,MHz
threads_only,2:41,sample_cpu2_freq,1900,MHz
threads_only,2:41,sample_cpu3_freq,1900,MHz
threads_only,2:41,sample_cpu4_freq,2500,MHz
threads_only,2:41,sample_cpu5_freq,2500,MHz
threads_only,2:41,sample_cpu6_freq,2500,MHz
threads_only,2:41,sample_cpu7_freq,2500,MHz
threads_only,2:42,sample_elapsed,6494,ms
threads_only,2:42,sample_power,1.600,W
threads_only,2:42,sample_process_cpu,508.750,% one core
threads_only,2:42,sample_free_ram,1.241,GiB
threads_only,2:42,sample_battery_temp,36.000,C
threads_only,2:42,sample_thermal_status,1,Android PowerManager status
threads_only,2:42,sample_cpu0_freq,1900,MHz
threads_only,2:42,sample_cpu1_freq,1900,MHz
threads_only,2:42,sample_cpu2_freq,1900,MHz
threads_only,2:42,sample_cpu3_freq,1900,MHz
threads_only,2:42,sample_cpu4_freq,2500,MHz
threads_only,2:42,sample_cpu5_freq,2500,MHz
threads_only,2:42,sample_cpu6_freq,2500,MHz
threads_only,2:42,sample_cpu7_freq,2500,MHz
threads_only,2:43,sample_elapsed,6654,ms
threads_only,2:43,sample_power,1.600,W
threads_only,2:43,sample_process_cpu,488.750,% one core
threads_only,2:43,sample_free_ram,1.240,GiB
threads_only,2:43,sample_battery_temp,36.000,C
threads_only,2:43,sample_thermal_status,1,Android PowerManager status
threads_only,2:43,sample_cpu0_freq,1900,MHz
threads_only,2:43,sample_cpu1_freq,1900,MHz
threads_only,2:43,sample_cpu2_freq,1900,MHz
threads_only,2:43,sample_cpu3_freq,1900,MHz
threads_only,2:43,sample_cpu4_freq,2500,MHz
threads_only,2:43,sample_cpu5_freq,2500,MHz
threads_only,2:43,sample_cpu6_freq,2500,MHz
threads_only,2:43,sample_cpu7_freq,2500,MHz
threads_only,2:44,sample_elapsed,6818,ms
threads_only,2:44,sample_power,1.600,W
threads_only,2:44,sample_process_cpu,500.610,% one core
threads_only,2:44,sample_free_ram,1.240,GiB
threads_only,2:44,sample_battery_temp,36.000,C
threads_only,2:44,sample_thermal_status,1,Android PowerManager status
threads_only,2:44,sample_cpu0_freq,1900,MHz
threads_only,2:44,sample_cpu1_freq,1900,MHz
threads_only,2:44,sample_cpu2_freq,1900,MHz
threads_only,2:44,sample_cpu3_freq,1900,MHz
threads_only,2:44,sample_cpu4_freq,2500,MHz
threads_only,2:44,sample_cpu5_freq,2500,MHz
threads_only,2:44,sample_cpu6_freq,2500,MHz
threads_only,2:44,sample_cpu7_freq,2500,MHz
threads_only,2:45,sample_elapsed,6979,ms
threads_only,2:45,sample_power,1.483,W
threads_only,2:45,sample_process_cpu,483.230,% one core
threads_only,2:45,sample_free_ram,1.240,GiB
threads_only,2:45,sample_battery_temp,36.000,C
threads_only,2:45,sample_thermal_status,1,Android PowerManager status
threads_only,2:45,sample_cpu0_freq,1900,MHz
threads_only,2:45,sample_cpu1_freq,1900,MHz
threads_only,2:45,sample_cpu2_freq,1900,MHz
threads_only,2:45,sample_cpu3_freq,1900,MHz
threads_only,2:45,sample_cpu4_freq,2500,MHz
threads_only,2:45,sample_cpu5_freq,2500,MHz
threads_only,2:45,sample_cpu6_freq,2500,MHz
threads_only,2:45,sample_cpu7_freq,2500,MHz
threads_only,2:46,sample_elapsed,7136,ms
threads_only,2:46,sample_power,1.483,W
threads_only,2:46,sample_process_cpu,498.726,% one core
threads_only,2:46,sample_free_ram,1.240,GiB
threads_only,2:46,sample_battery_temp,36.000,C
threads_only,2:46,sample_thermal_status,1,Android PowerManager status
threads_only,2:46,sample_cpu0_freq,1900,MHz
threads_only,2:46,sample_cpu1_freq,1900,MHz
threads_only,2:46,sample_cpu2_freq,1900,MHz
threads_only,2:46,sample_cpu3_freq,1900,MHz
threads_only,2:46,sample_cpu4_freq,2500,MHz
threads_only,2:46,sample_cpu5_freq,2500,MHz
threads_only,2:46,sample_cpu6_freq,2500,MHz
threads_only,2:46,sample_cpu7_freq,2500,MHz
threads_only,2:47,sample_elapsed,7299,ms
threads_only,2:47,sample_power,1.483,W
threads_only,2:47,sample_process_cpu,479.755,% one core
threads_only,2:47,sample_free_ram,1.240,GiB
threads_only,2:47,sample_battery_temp,36.000,C
threads_only,2:47,sample_thermal_status,1,Android PowerManager status
threads_only,2:47,sample_cpu0_freq,1900,MHz
threads_only,2:47,sample_cpu1_freq,1900,MHz
threads_only,2:47,sample_cpu2_freq,1900,MHz
threads_only,2:47,sample_cpu3_freq,1900,MHz
threads_only,2:47,sample_cpu4_freq,2500,MHz
threads_only,2:47,sample_cpu5_freq,2500,MHz
threads_only,2:47,sample_cpu6_freq,2500,MHz
threads_only,2:47,sample_cpu7_freq,2500,MHz
threads_only,2:48,sample_elapsed,7458,ms
threads_only,2:48,sample_power,1.624,W
threads_only,2:48,sample_process_cpu,533.962,% one core
threads_only,2:48,sample_free_ram,1.240,GiB
threads_only,2:48,sample_battery_temp,36.000,C
threads_only,2:48,sample_thermal_status,1,Android PowerManager status
threads_only,2:48,sample_cpu0_freq,1900,MHz
threads_only,2:48,sample_cpu1_freq,1900,MHz
threads_only,2:48,sample_cpu2_freq,1900,MHz
threads_only,2:48,sample_cpu3_freq,1900,MHz
threads_only,2:48,sample_cpu4_freq,2500,MHz
threads_only,2:48,sample_cpu5_freq,2500,MHz
threads_only,2:48,sample_cpu6_freq,2500,MHz
threads_only,2:48,sample_cpu7_freq,2500,MHz
threads_only,2:49,sample_elapsed,7626,ms
threads_only,2:49,sample_power,1.624,W
threads_only,2:49,sample_process_cpu,477.976,% one core
threads_only,2:49,sample_free_ram,1.240,GiB
threads_only,2:49,sample_battery_temp,36.000,C
threads_only,2:49,sample_thermal_status,1,Android PowerManager status
threads_only,2:49,sample_cpu0_freq,1900,MHz
threads_only,2:49,sample_cpu1_freq,1900,MHz
threads_only,2:49,sample_cpu2_freq,1900,MHz
threads_only,2:49,sample_cpu3_freq,1900,MHz
threads_only,2:49,sample_cpu4_freq,2500,MHz
threads_only,2:49,sample_cpu5_freq,2500,MHz
threads_only,2:49,sample_cpu6_freq,2500,MHz
threads_only,2:49,sample_cpu7_freq,2500,MHz
threads_only,2:50,sample_elapsed,7792,ms
threads_only,2:50,sample_power,1.624,W
threads_only,2:50,sample_process_cpu,486.145,% one core
threads_only,2:50,sample_free_ram,1.239,GiB
threads_only,2:50,sample_battery_temp,36.000,C
threads_only,2:50,sample_thermal_status,1,Android PowerManager status
threads_only,2:50,sample_cpu0_freq,1900,MHz
threads_only,2:50,sample_cpu1_freq,1900,MHz
threads_only,2:50,sample_cpu2_freq,1900,MHz
threads_only,2:50,sample_cpu3_freq,1900,MHz
threads_only,2:50,sample_cpu4_freq,2500,MHz
threads_only,2:50,sample_cpu5_freq,2500,MHz
threads_only,2:50,sample_cpu6_freq,2500,MHz
threads_only,2:50,sample_cpu7_freq,2500,MHz
threads_only,2:51,sample_elapsed,7952,ms
threads_only,2:51,sample_power,1.624,W
threads_only,2:51,sample_process_cpu,510.000,% one core
threads_only,2:51,sample_free_ram,1.239,GiB
threads_only,2:51,sample_battery_temp,36.000,C
threads_only,2:51,sample_thermal_status,1,Android PowerManager status
threads_only,2:51,sample_cpu0_freq,1900,MHz
threads_only,2:51,sample_cpu1_freq,1900,MHz
threads_only,2:51,sample_cpu2_freq,1900,MHz
threads_only,2:51,sample_cpu3_freq,1900,MHz
threads_only,2:51,sample_cpu4_freq,2500,MHz
threads_only,2:51,sample_cpu5_freq,2500,MHz
threads_only,2:51,sample_cpu6_freq,2500,MHz
threads_only,2:51,sample_cpu7_freq,2500,MHz
threads_only,2:52,sample_elapsed,8113,ms
threads_only,2:52,sample_power,1.596,W
threads_only,2:52,sample_process_cpu,472.671,% one core
threads_only,2:52,sample_free_ram,1.239,GiB
threads_only,2:52,sample_battery_temp,36.000,C
threads_only,2:52,sample_thermal_status,1,Android PowerManager status
threads_only,2:52,sample_cpu0_freq,1900,MHz
threads_only,2:52,sample_cpu1_freq,1900,MHz
threads_only,2:52,sample_cpu2_freq,1900,MHz
threads_only,2:52,sample_cpu3_freq,1900,MHz
threads_only,2:52,sample_cpu4_freq,2500,MHz
threads_only,2:52,sample_cpu5_freq,2500,MHz
threads_only,2:52,sample_cpu6_freq,2500,MHz
threads_only,2:52,sample_cpu7_freq,2500,MHz
threads_only,2:53,sample_elapsed,8276,ms
threads_only,2:53,sample_power,1.596,W
threads_only,2:53,sample_process_cpu,511.043,% one core
threads_only,2:53,sample_free_ram,1.239,GiB
threads_only,2:53,sample_battery_temp,36.000,C
threads_only,2:53,sample_thermal_status,1,Android PowerManager status
threads_only,2:53,sample_cpu0_freq,1900,MHz
threads_only,2:53,sample_cpu1_freq,1900,MHz
threads_only,2:53,sample_cpu2_freq,1900,MHz
threads_only,2:53,sample_cpu3_freq,1900,MHz
threads_only,2:53,sample_cpu4_freq,2500,MHz
threads_only,2:53,sample_cpu5_freq,2500,MHz
threads_only,2:53,sample_cpu6_freq,2500,MHz
threads_only,2:53,sample_cpu7_freq,2500,MHz
threads_only,2:54,sample_elapsed,8436,ms
threads_only,2:54,sample_power,1.596,W
threads_only,2:54,sample_process_cpu,495.000,% one core
threads_only,2:54,sample_free_ram,1.239,GiB
threads_only,2:54,sample_battery_temp,36.000,C
threads_only,2:54,sample_thermal_status,1,Android PowerManager status
threads_only,2:54,sample_cpu0_freq,1900,MHz
threads_only,2:54,sample_cpu1_freq,1900,MHz
threads_only,2:54,sample_cpu2_freq,1900,MHz
threads_only,2:54,sample_cpu3_freq,1900,MHz
threads_only,2:54,sample_cpu4_freq,2500,MHz
threads_only,2:54,sample_cpu5_freq,2500,MHz
threads_only,2:54,sample_cpu6_freq,2500,MHz
threads_only,2:54,sample_cpu7_freq,2500,MHz
threads_only,2:55,sample_elapsed,8596,ms
threads_only,2:55,sample_power,1.492,W
threads_only,2:55,sample_process_cpu,510.000,% one core
threads_only,2:55,sample_free_ram,1.239,GiB
threads_only,2:55,sample_battery_temp,36.000,C
threads_only,2:55,sample_thermal_status,1,Android PowerManager status
threads_only,2:55,sample_cpu0_freq,1900,MHz
threads_only,2:55,sample_cpu1_freq,1900,MHz
threads_only,2:55,sample_cpu2_freq,1900,MHz
threads_only,2:55,sample_cpu3_freq,1900,MHz
threads_only,2:55,sample_cpu4_freq,2500,MHz
threads_only,2:55,sample_cpu5_freq,2500,MHz
threads_only,2:55,sample_cpu6_freq,2500,MHz
threads_only,2:55,sample_cpu7_freq,2500,MHz
threads_only,2:56,sample_elapsed,8763,ms
threads_only,2:56,sample_power,1.492,W
threads_only,2:56,sample_process_cpu,485.629,% one core
threads_only,2:56,sample_free_ram,1.239,GiB
threads_only,2:56,sample_battery_temp,36.000,C
threads_only,2:56,sample_thermal_status,1,Android PowerManager status
threads_only,2:56,sample_cpu0_freq,1900,MHz
threads_only,2:56,sample_cpu1_freq,1900,MHz
threads_only,2:56,sample_cpu2_freq,1900,MHz
threads_only,2:56,sample_cpu3_freq,1900,MHz
threads_only,2:56,sample_cpu4_freq,2500,MHz
threads_only,2:56,sample_cpu5_freq,2500,MHz
threads_only,2:56,sample_cpu6_freq,2500,MHz
threads_only,2:56,sample_cpu7_freq,2500,MHz
threads_only,2:57,sample_elapsed,8925,ms
threads_only,2:57,sample_power,1.492,W
threads_only,2:57,sample_process_cpu,486.420,% one core
threads_only,2:57,sample_free_ram,1.239,GiB
threads_only,2:57,sample_battery_temp,36.000,C
threads_only,2:57,sample_thermal_status,1,Android PowerManager status
threads_only,2:57,sample_cpu0_freq,1900,MHz
threads_only,2:57,sample_cpu1_freq,1900,MHz
threads_only,2:57,sample_cpu2_freq,1900,MHz
threads_only,2:57,sample_cpu3_freq,1900,MHz
threads_only,2:57,sample_cpu4_freq,2500,MHz
threads_only,2:57,sample_cpu5_freq,2500,MHz
threads_only,2:57,sample_cpu6_freq,2500,MHz
threads_only,2:57,sample_cpu7_freq,2500,MHz
threads_only,2:58,sample_elapsed,9088,ms
threads_only,2:58,sample_power,1.507,W
threads_only,2:58,sample_process_cpu,490.798,% one core
threads_only,2:58,sample_free_ram,1.239,GiB
threads_only,2:58,sample_battery_temp,36.000,C
threads_only,2:58,sample_thermal_status,1,Android PowerManager status
threads_only,2:58,sample_cpu0_freq,1900,MHz
threads_only,2:58,sample_cpu1_freq,1900,MHz
threads_only,2:58,sample_cpu2_freq,1900,MHz
threads_only,2:58,sample_cpu3_freq,1900,MHz
threads_only,2:58,sample_cpu4_freq,2500,MHz
threads_only,2:58,sample_cpu5_freq,2500,MHz
threads_only,2:58,sample_cpu6_freq,2500,MHz
threads_only,2:58,sample_cpu7_freq,2500,MHz
threads_only,2:59,sample_elapsed,9242,ms
threads_only,2:59,sample_power,1.507,W
threads_only,2:59,sample_process_cpu,500.649,% one core
threads_only,2:59,sample_free_ram,1.238,GiB
threads_only,2:59,sample_battery_temp,36.000,C
threads_only,2:59,sample_thermal_status,1,Android PowerManager status
threads_only,2:59,sample_cpu0_freq,1900,MHz
threads_only,2:59,sample_cpu1_freq,1900,MHz
threads_only,2:59,sample_cpu2_freq,1900,MHz
threads_only,2:59,sample_cpu3_freq,1900,MHz
threads_only,2:59,sample_cpu4_freq,2500,MHz
threads_only,2:59,sample_cpu5_freq,2500,MHz
threads_only,2:59,sample_cpu6_freq,2500,MHz
threads_only,2:59,sample_cpu7_freq,2500,MHz
threads_only,2:60,sample_elapsed,9401,ms
threads_only,2:60,sample_power,1.507,W
threads_only,2:60,sample_process_cpu,502.516,% one core
threads_only,2:60,sample_free_ram,1.238,GiB
threads_only,2:60,sample_battery_temp,36.000,C
threads_only,2:60,sample_thermal_status,1,Android PowerManager status
threads_only,2:60,sample_cpu0_freq,1900,MHz
threads_only,2:60,sample_cpu1_freq,1900,MHz
threads_only,2:60,sample_cpu2_freq,1900,MHz
threads_only,2:60,sample_cpu3_freq,1900,MHz
threads_only,2:60,sample_cpu4_freq,2500,MHz
threads_only,2:60,sample_cpu5_freq,2500,MHz
threads_only,2:60,sample_cpu6_freq,2500,MHz
threads_only,2:60,sample_cpu7_freq,2500,MHz
threads_only,2:61,sample_elapsed,9560,ms
threads_only,2:61,sample_power,1.507,W
threads_only,2:61,sample_process_cpu,486.792,% one core
threads_only,2:61,sample_free_ram,1.238,GiB
threads_only,2:61,sample_battery_temp,36.000,C
threads_only,2:61,sample_thermal_status,1,Android PowerManager status
threads_only,2:61,sample_cpu0_freq,1900,MHz
threads_only,2:61,sample_cpu1_freq,1900,MHz
threads_only,2:61,sample_cpu2_freq,1900,MHz
threads_only,2:61,sample_cpu3_freq,1900,MHz
threads_only,2:61,sample_cpu4_freq,2500,MHz
threads_only,2:61,sample_cpu5_freq,2500,MHz
threads_only,2:61,sample_cpu6_freq,2500,MHz
threads_only,2:61,sample_cpu7_freq,2500,MHz
threads_only,2:62,sample_elapsed,9714,ms
threads_only,2:62,sample_power,1.447,W
threads_only,2:62,sample_process_cpu,465.584,% one core
threads_only,2:62,sample_free_ram,1.244,GiB
threads_only,2:62,sample_battery_temp,36.000,C
threads_only,2:62,sample_thermal_status,1,Android PowerManager status
threads_only,2:62,sample_cpu0_freq,1900,MHz
threads_only,2:62,sample_cpu1_freq,1900,MHz
threads_only,2:62,sample_cpu2_freq,1900,MHz
threads_only,2:62,sample_cpu3_freq,1900,MHz
threads_only,2:62,sample_cpu4_freq,2500,MHz
threads_only,2:62,sample_cpu5_freq,2500,MHz
threads_only,2:62,sample_cpu6_freq,2500,MHz
threads_only,2:62,sample_cpu7_freq,2500,MHz
threads_only,2:63,sample_elapsed,9872,ms
threads_only,2:63,sample_power,1.447,W
threads_only,2:63,sample_process_cpu,494.937,% one core
threads_only,2:63,sample_free_ram,1.244,GiB
threads_only,2:63,sample_battery_temp,36.000,C
threads_only,2:63,sample_thermal_status,1,Android PowerManager status
threads_only,2:63,sample_cpu0_freq,1900,MHz
threads_only,2:63,sample_cpu1_freq,1900,MHz
threads_only,2:63,sample_cpu2_freq,1900,MHz
threads_only,2:63,sample_cpu3_freq,1900,MHz
threads_only,2:63,sample_cpu4_freq,2500,MHz
threads_only,2:63,sample_cpu5_freq,2500,MHz
threads_only,2:63,sample_cpu6_freq,2500,MHz
threads_only,2:63,sample_cpu7_freq,2500,MHz
threads_only,2:64,sample_elapsed,10032,ms
threads_only,2:64,sample_power,1.447,W
threads_only,2:64,sample_process_cpu,501.250,% one core
threads_only,2:64,sample_free_ram,1.244,GiB
threads_only,2:64,sample_battery_temp,36.000,C
threads_only,2:64,sample_thermal_status,1,Android PowerManager status
threads_only,2:64,sample_cpu0_freq,1900,MHz
threads_only,2:64,sample_cpu1_freq,1900,MHz
threads_only,2:64,sample_cpu2_freq,1900,MHz
threads_only,2:64,sample_cpu3_freq,1900,MHz
threads_only,2:64,sample_cpu4_freq,2500,MHz
threads_only,2:64,sample_cpu5_freq,2500,MHz
threads_only,2:64,sample_cpu6_freq,2500,MHz
threads_only,2:64,sample_cpu7_freq,2500,MHz
threads_only,2:65,sample_elapsed,10195,ms
threads_only,2:65,sample_power,1.415,W
threads_only,2:65,sample_process_cpu,487.117,% one core
threads_only,2:65,sample_free_ram,1.244,GiB
threads_only,2:65,sample_battery_temp,36.000,C
threads_only,2:65,sample_thermal_status,1,Android PowerManager status
threads_only,2:65,sample_cpu0_freq,1900,MHz
threads_only,2:65,sample_cpu1_freq,1900,MHz
threads_only,2:65,sample_cpu2_freq,1900,MHz
threads_only,2:65,sample_cpu3_freq,1900,MHz
threads_only,2:65,sample_cpu4_freq,2500,MHz
threads_only,2:65,sample_cpu5_freq,2500,MHz
threads_only,2:65,sample_cpu6_freq,2500,MHz
threads_only,2:65,sample_cpu7_freq,2500,MHz
threads_only,2:66,sample_elapsed,10355,ms
threads_only,2:66,sample_power,1.415,W
threads_only,2:66,sample_process_cpu,505.000,% one core
threads_only,2:66,sample_free_ram,1.244,GiB
threads_only,2:66,sample_battery_temp,36.000,C
threads_only,2:66,sample_thermal_status,1,Android PowerManager status
threads_only,2:66,sample_cpu0_freq,1900,MHz
threads_only,2:66,sample_cpu1_freq,1900,MHz
threads_only,2:66,sample_cpu2_freq,1900,MHz
threads_only,2:66,sample_cpu3_freq,1900,MHz
threads_only,2:66,sample_cpu4_freq,2500,MHz
threads_only,2:66,sample_cpu5_freq,2500,MHz
threads_only,2:66,sample_cpu6_freq,2500,MHz
threads_only,2:66,sample_cpu7_freq,2500,MHz
threads_only,2:67,sample_elapsed,10517,ms
threads_only,2:67,sample_power,1.415,W
threads_only,2:67,sample_process_cpu,466.049,% one core
threads_only,2:67,sample_free_ram,1.244,GiB
threads_only,2:67,sample_battery_temp,36.000,C
threads_only,2:67,sample_thermal_status,1,Android PowerManager status
threads_only,2:67,sample_cpu0_freq,1900,MHz
threads_only,2:67,sample_cpu1_freq,1900,MHz
threads_only,2:67,sample_cpu2_freq,1900,MHz
threads_only,2:67,sample_cpu3_freq,1900,MHz
threads_only,2:67,sample_cpu4_freq,2500,MHz
threads_only,2:67,sample_cpu5_freq,2500,MHz
threads_only,2:67,sample_cpu6_freq,2500,MHz
threads_only,2:67,sample_cpu7_freq,2500,MHz
threads_only,2:68,sample_elapsed,10678,ms
threads_only,2:68,sample_power,1.538,W
threads_only,2:68,sample_process_cpu,504.348,% one core
threads_only,2:68,sample_free_ram,1.244,GiB
threads_only,2:68,sample_battery_temp,36.000,C
threads_only,2:68,sample_thermal_status,1,Android PowerManager status
threads_only,2:68,sample_cpu0_freq,1900,MHz
threads_only,2:68,sample_cpu1_freq,1900,MHz
threads_only,2:68,sample_cpu2_freq,1900,MHz
threads_only,2:68,sample_cpu3_freq,1900,MHz
threads_only,2:68,sample_cpu4_freq,2500,MHz
threads_only,2:68,sample_cpu5_freq,2500,MHz
threads_only,2:68,sample_cpu6_freq,2500,MHz
threads_only,2:68,sample_cpu7_freq,2500,MHz
threads_only,2:69,sample_elapsed,10840,ms
threads_only,2:69,sample_power,1.538,W
threads_only,2:69,sample_process_cpu,474.074,% one core
threads_only,2:69,sample_free_ram,1.244,GiB
threads_only,2:69,sample_battery_temp,36.000,C
threads_only,2:69,sample_thermal_status,1,Android PowerManager status
threads_only,2:69,sample_cpu0_freq,1900,MHz
threads_only,2:69,sample_cpu1_freq,1900,MHz
threads_only,2:69,sample_cpu2_freq,1900,MHz
threads_only,2:69,sample_cpu3_freq,1900,MHz
threads_only,2:69,sample_cpu4_freq,2500,MHz
threads_only,2:69,sample_cpu5_freq,2500,MHz
threads_only,2:69,sample_cpu6_freq,2500,MHz
threads_only,2:69,sample_cpu7_freq,2500,MHz
threads_only,2:70,sample_elapsed,11002,ms
threads_only,2:70,sample_power,1.538,W
threads_only,2:70,sample_process_cpu,491.358,% one core
threads_only,2:70,sample_free_ram,1.244,GiB
threads_only,2:70,sample_battery_temp,36.000,C
threads_only,2:70,sample_thermal_status,1,Android PowerManager status
threads_only,2:70,sample_cpu0_freq,1900,MHz
threads_only,2:70,sample_cpu1_freq,1900,MHz
threads_only,2:70,sample_cpu2_freq,1900,MHz
threads_only,2:70,sample_cpu3_freq,1900,MHz
threads_only,2:70,sample_cpu4_freq,2500,MHz
threads_only,2:70,sample_cpu5_freq,2500,MHz
threads_only,2:70,sample_cpu6_freq,2500,MHz
threads_only,2:70,sample_cpu7_freq,2500,MHz
threads_only,2:71,sample_elapsed,11183,ms
threads_only,2:71,sample_power,1.528,W
threads_only,2:71,sample_process_cpu,498.343,% one core
threads_only,2:71,sample_free_ram,1.243,GiB
threads_only,2:71,sample_battery_temp,36.000,C
threads_only,2:71,sample_thermal_status,1,Android PowerManager status
threads_only,2:71,sample_cpu0_freq,1900,MHz
threads_only,2:71,sample_cpu1_freq,1900,MHz
threads_only,2:71,sample_cpu2_freq,1900,MHz
threads_only,2:71,sample_cpu3_freq,1900,MHz
threads_only,2:71,sample_cpu4_freq,2500,MHz
threads_only,2:71,sample_cpu5_freq,2500,MHz
threads_only,2:71,sample_cpu6_freq,2500,MHz
threads_only,2:71,sample_cpu7_freq,2500,MHz
threads_only,2:72,sample_elapsed,11343,ms
threads_only,2:72,sample_power,1.565,W
threads_only,2:72,sample_process_cpu,484.375,% one core
threads_only,2:72,sample_free_ram,1.243,GiB
threads_only,2:72,sample_battery_temp,36.000,C
threads_only,2:72,sample_thermal_status,1,Android PowerManager status
threads_only,2:72,sample_cpu0_freq,1900,MHz
threads_only,2:72,sample_cpu1_freq,1900,MHz
threads_only,2:72,sample_cpu2_freq,1900,MHz
threads_only,2:72,sample_cpu3_freq,1900,MHz
threads_only,2:72,sample_cpu4_freq,2500,MHz
threads_only,2:72,sample_cpu5_freq,2500,MHz
threads_only,2:72,sample_cpu6_freq,2500,MHz
threads_only,2:72,sample_cpu7_freq,2500,MHz
threads_only,2:73,sample_elapsed,11508,ms
threads_only,2:73,sample_power,1.565,W
threads_only,2:73,sample_process_cpu,506.667,% one core
threads_only,2:73,sample_free_ram,1.243,GiB
threads_only,2:73,sample_battery_temp,36.000,C
threads_only,2:73,sample_thermal_status,1,Android PowerManager status
threads_only,2:73,sample_cpu0_freq,1900,MHz
threads_only,2:73,sample_cpu1_freq,1900,MHz
threads_only,2:73,sample_cpu2_freq,1900,MHz
threads_only,2:73,sample_cpu3_freq,1900,MHz
threads_only,2:73,sample_cpu4_freq,2500,MHz
threads_only,2:73,sample_cpu5_freq,2500,MHz
threads_only,2:73,sample_cpu6_freq,2500,MHz
threads_only,2:73,sample_cpu7_freq,2500,MHz
threads_only,2:74,sample_elapsed,11666,ms
threads_only,2:74,sample_power,1.565,W
threads_only,2:74,sample_process_cpu,498.734,% one core
threads_only,2:74,sample_free_ram,1.243,GiB
threads_only,2:74,sample_battery_temp,36.000,C
threads_only,2:74,sample_thermal_status,1,Android PowerManager status
threads_only,2:74,sample_cpu0_freq,1900,MHz
threads_only,2:74,sample_cpu1_freq,1900,MHz
threads_only,2:74,sample_cpu2_freq,1900,MHz
threads_only,2:74,sample_cpu3_freq,1900,MHz
threads_only,2:74,sample_cpu4_freq,2500,MHz
threads_only,2:74,sample_cpu5_freq,2500,MHz
threads_only,2:74,sample_cpu6_freq,2500,MHz
threads_only,2:74,sample_cpu7_freq,2500,MHz
threads_only,2:75,sample_elapsed,11825,ms
threads_only,2:75,sample_power,1.528,W
threads_only,2:75,sample_process_cpu,496.226,% one core
threads_only,2:75,sample_free_ram,1.243,GiB
threads_only,2:75,sample_battery_temp,36.000,C
threads_only,2:75,sample_thermal_status,1,Android PowerManager status
threads_only,2:75,sample_cpu0_freq,1900,MHz
threads_only,2:75,sample_cpu1_freq,1900,MHz
threads_only,2:75,sample_cpu2_freq,1900,MHz
threads_only,2:75,sample_cpu3_freq,1900,MHz
threads_only,2:75,sample_cpu4_freq,2500,MHz
threads_only,2:75,sample_cpu5_freq,2500,MHz
threads_only,2:75,sample_cpu6_freq,2500,MHz
threads_only,2:75,sample_cpu7_freq,2500,MHz
threads_only,3,pp,135.000,tok/s
threads_only,3,tg,16.100,tok/s
threads_only,3,power,0.981,W
threads_only,3,tok_per_w,16.420,tok/W
threads_only,3,ttft_pp512_derived,3854.704,ms
threads_only,3,start_temp,36.000,C
threads_only,3,average_process_cpu,492.686,% one core
threads_only,3,minimum_free_ram,1.246,GiB
threads_only,3,peak_battery_temp,36.000,C
threads_only,3,peak_thermal_status,1,Android PowerManager status
threads_only,3:1,sample_elapsed,1,ms
threads_only,3:1,sample_power,4.473,W
threads_only,3:1,sample_process_cpu,800.000,% one core
threads_only,3:1,sample_free_ram,1.319,GiB
threads_only,3:1,sample_battery_temp,36.000,C
threads_only,3:1,sample_thermal_status,1,Android PowerManager status
threads_only,3:1,sample_cpu0_freq,1100,MHz
threads_only,3:1,sample_cpu1_freq,1100,MHz
threads_only,3:1,sample_cpu2_freq,1400,MHz
threads_only,3:1,sample_cpu3_freq,1700,MHz
threads_only,3:1,sample_cpu4_freq,500,MHz
threads_only,3:1,sample_cpu5_freq,500,MHz
threads_only,3:1,sample_cpu6_freq,500,MHz
threads_only,3:1,sample_cpu7_freq,500,MHz
threads_only,3:2,sample_elapsed,163,ms
threads_only,3:2,sample_power,1.594,W
threads_only,3:2,sample_process_cpu,403.086,% one core
threads_only,3:2,sample_free_ram,1.277,GiB
threads_only,3:2,sample_battery_temp,36.000,C
threads_only,3:2,sample_thermal_status,1,Android PowerManager status
threads_only,3:2,sample_cpu0_freq,1900,MHz
threads_only,3:2,sample_cpu1_freq,1900,MHz
threads_only,3:2,sample_cpu2_freq,1900,MHz
threads_only,3:2,sample_cpu3_freq,1900,MHz
threads_only,3:2,sample_cpu4_freq,2500,MHz
threads_only,3:2,sample_cpu5_freq,2500,MHz
threads_only,3:2,sample_cpu6_freq,2500,MHz
threads_only,3:2,sample_cpu7_freq,2500,MHz
threads_only,3:3,sample_elapsed,336,ms
threads_only,3:3,sample_power,1.594,W
threads_only,3:3,sample_process_cpu,462.428,% one core
threads_only,3:3,sample_free_ram,1.246,GiB
threads_only,3:3,sample_battery_temp,36.000,C
threads_only,3:3,sample_thermal_status,1,Android PowerManager status
threads_only,3:3,sample_cpu0_freq,1900,MHz
threads_only,3:3,sample_cpu1_freq,1900,MHz
threads_only,3:3,sample_cpu2_freq,1900,MHz
threads_only,3:3,sample_cpu3_freq,1900,MHz
threads_only,3:3,sample_cpu4_freq,2500,MHz
threads_only,3:3,sample_cpu5_freq,2500,MHz
threads_only,3:3,sample_cpu6_freq,2500,MHz
threads_only,3:3,sample_cpu7_freq,2500,MHz
threads_only,3:4,sample_elapsed,498,ms
threads_only,3:4,sample_power,1.594,W
threads_only,3:4,sample_process_cpu,459.877,% one core
threads_only,3:4,sample_free_ram,1.246,GiB
threads_only,3:4,sample_battery_temp,36.000,C
threads_only,3:4,sample_thermal_status,1,Android PowerManager status
threads_only,3:4,sample_cpu0_freq,1000,MHz
threads_only,3:4,sample_cpu1_freq,1900,MHz
threads_only,3:4,sample_cpu2_freq,1600,MHz
threads_only,3:4,sample_cpu3_freq,1900,MHz
threads_only,3:4,sample_cpu4_freq,2500,MHz
threads_only,3:4,sample_cpu5_freq,2500,MHz
threads_only,3:4,sample_cpu6_freq,2500,MHz
threads_only,3:4,sample_cpu7_freq,2500,MHz
threads_only,3:5,sample_elapsed,671,ms
threads_only,3:5,sample_power,1.062,W
threads_only,3:5,sample_process_cpu,477.457,% one core
threads_only,3:5,sample_free_ram,1.246,GiB
threads_only,3:5,sample_battery_temp,36.000,C
threads_only,3:5,sample_thermal_status,1,Android PowerManager status
threads_only,3:5,sample_cpu0_freq,1000,MHz
threads_only,3:5,sample_cpu1_freq,1900,MHz
threads_only,3:5,sample_cpu2_freq,1900,MHz
threads_only,3:5,sample_cpu3_freq,1900,MHz
threads_only,3:5,sample_cpu4_freq,2500,MHz
threads_only,3:5,sample_cpu5_freq,2500,MHz
threads_only,3:5,sample_cpu6_freq,2500,MHz
threads_only,3:5,sample_cpu7_freq,2500,MHz
threads_only,3:6,sample_elapsed,837,ms
threads_only,3:6,sample_power,1.062,W
threads_only,3:6,sample_process_cpu,457.831,% one core
threads_only,3:6,sample_free_ram,1.246,GiB
threads_only,3:6,sample_battery_temp,36.000,C
threads_only,3:6,sample_thermal_status,1,Android PowerManager status
threads_only,3:6,sample_cpu0_freq,1900,MHz
threads_only,3:6,sample_cpu1_freq,1900,MHz
threads_only,3:6,sample_cpu2_freq,1900,MHz
threads_only,3:6,sample_cpu3_freq,1900,MHz
threads_only,3:6,sample_cpu4_freq,2500,MHz
threads_only,3:6,sample_cpu5_freq,2500,MHz
threads_only,3:6,sample_cpu6_freq,2500,MHz
threads_only,3:6,sample_cpu7_freq,2500,MHz
threads_only,3:7,sample_elapsed,1002,ms
threads_only,3:7,sample_power,1.062,W
threads_only,3:7,sample_process_cpu,469.697,% one core
threads_only,3:7,sample_free_ram,1.246,GiB
threads_only,3:7,sample_battery_temp,36.000,C
threads_only,3:7,sample_thermal_status,1,Android PowerManager status
threads_only,3:7,sample_cpu0_freq,1900,MHz
threads_only,3:7,sample_cpu1_freq,1900,MHz
threads_only,3:7,sample_cpu2_freq,1900,MHz
threads_only,3:7,sample_cpu3_freq,1900,MHz
threads_only,3:7,sample_cpu4_freq,2500,MHz
threads_only,3:7,sample_cpu5_freq,2500,MHz
threads_only,3:7,sample_cpu6_freq,2500,MHz
threads_only,3:7,sample_cpu7_freq,2500,MHz
threads_only,3:8,sample_elapsed,1164,ms
threads_only,3:8,sample_power,1.062,W
threads_only,3:8,sample_process_cpu,485.802,% one core
threads_only,3:8,sample_free_ram,1.246,GiB
threads_only,3:8,sample_battery_temp,36.000,C
threads_only,3:8,sample_thermal_status,1,Android PowerManager status
threads_only,3:8,sample_cpu0_freq,1400,MHz
threads_only,3:8,sample_cpu1_freq,1600,MHz
threads_only,3:8,sample_cpu2_freq,1600,MHz
threads_only,3:8,sample_cpu3_freq,1600,MHz
threads_only,3:8,sample_cpu4_freq,2500,MHz
threads_only,3:8,sample_cpu5_freq,2500,MHz
threads_only,3:8,sample_cpu6_freq,2500,MHz
threads_only,3:8,sample_cpu7_freq,2500,MHz
threads_only,3:9,sample_elapsed,1338,ms
threads_only,3:9,sample_power,1.353,W
threads_only,3:9,sample_process_cpu,456.322,% one core
threads_only,3:9,sample_free_ram,1.246,GiB
threads_only,3:9,sample_battery_temp,36.000,C
threads_only,3:9,sample_thermal_status,1,Android PowerManager status
threads_only,3:9,sample_cpu0_freq,1900,MHz
threads_only,3:9,sample_cpu1_freq,1900,MHz
threads_only,3:9,sample_cpu2_freq,1900,MHz
threads_only,3:9,sample_cpu3_freq,1900,MHz
threads_only,3:9,sample_cpu4_freq,2500,MHz
threads_only,3:9,sample_cpu5_freq,2500,MHz
threads_only,3:9,sample_cpu6_freq,2500,MHz
threads_only,3:9,sample_cpu7_freq,2500,MHz
threads_only,3:10,sample_elapsed,1498,ms
threads_only,3:10,sample_power,1.353,W
threads_only,3:10,sample_process_cpu,495.000,% one core
threads_only,3:10,sample_free_ram,1.253,GiB
threads_only,3:10,sample_battery_temp,36.000,C
threads_only,3:10,sample_thermal_status,1,Android PowerManager status
threads_only,3:10,sample_cpu0_freq,1500,MHz
threads_only,3:10,sample_cpu1_freq,1500,MHz
threads_only,3:10,sample_cpu2_freq,1700,MHz
threads_only,3:10,sample_cpu3_freq,1700,MHz
threads_only,3:10,sample_cpu4_freq,2500,MHz
threads_only,3:10,sample_cpu5_freq,2500,MHz
threads_only,3:10,sample_cpu6_freq,2500,MHz
threads_only,3:10,sample_cpu7_freq,2500,MHz
threads_only,3:11,sample_elapsed,1665,ms
threads_only,3:11,sample_power,1.353,W
threads_only,3:11,sample_process_cpu,475.449,% one core
threads_only,3:11,sample_free_ram,1.253,GiB
threads_only,3:11,sample_battery_temp,36.000,C
threads_only,3:11,sample_thermal_status,1,Android PowerManager status
threads_only,3:11,sample_cpu0_freq,1900,MHz
threads_only,3:11,sample_cpu1_freq,1100,MHz
threads_only,3:11,sample_cpu2_freq,1900,MHz
threads_only,3:11,sample_cpu3_freq,1700,MHz
threads_only,3:11,sample_cpu4_freq,2500,MHz
threads_only,3:11,sample_cpu5_freq,2500,MHz
threads_only,3:11,sample_cpu6_freq,2500,MHz
threads_only,3:11,sample_cpu7_freq,2500,MHz
threads_only,3:12,sample_elapsed,1827,ms
threads_only,3:12,sample_power,0.740,W
threads_only,3:12,sample_process_cpu,479.012,% one core
threads_only,3:12,sample_free_ram,1.253,GiB
threads_only,3:12,sample_battery_temp,36.000,C
threads_only,3:12,sample_thermal_status,1,Android PowerManager status
threads_only,3:12,sample_cpu0_freq,1900,MHz
threads_only,3:12,sample_cpu1_freq,1900,MHz
threads_only,3:12,sample_cpu2_freq,1900,MHz
threads_only,3:12,sample_cpu3_freq,1900,MHz
threads_only,3:12,sample_cpu4_freq,2500,MHz
threads_only,3:12,sample_cpu5_freq,2500,MHz
threads_only,3:12,sample_cpu6_freq,2500,MHz
threads_only,3:12,sample_cpu7_freq,2500,MHz
threads_only,3:13,sample_elapsed,1998,ms
threads_only,3:13,sample_power,0.740,W
threads_only,3:13,sample_process_cpu,467.836,% one core
threads_only,3:13,sample_free_ram,1.252,GiB
threads_only,3:13,sample_battery_temp,36.000,C
threads_only,3:13,sample_thermal_status,1,Android PowerManager status
threads_only,3:13,sample_cpu0_freq,1900,MHz
threads_only,3:13,sample_cpu1_freq,1900,MHz
threads_only,3:13,sample_cpu2_freq,1900,MHz
threads_only,3:13,sample_cpu3_freq,1900,MHz
threads_only,3:13,sample_cpu4_freq,2500,MHz
threads_only,3:13,sample_cpu5_freq,2500,MHz
threads_only,3:13,sample_cpu6_freq,2500,MHz
threads_only,3:13,sample_cpu7_freq,2500,MHz
threads_only,3:14,sample_elapsed,2159,ms
threads_only,3:14,sample_power,0.740,W
threads_only,3:14,sample_process_cpu,481.366,% one core
threads_only,3:14,sample_free_ram,1.252,GiB
threads_only,3:14,sample_battery_temp,36.000,C
threads_only,3:14,sample_thermal_status,1,Android PowerManager status
threads_only,3:14,sample_cpu0_freq,1300,MHz
threads_only,3:14,sample_cpu1_freq,1900,MHz
threads_only,3:14,sample_cpu2_freq,1900,MHz
threads_only,3:14,sample_cpu3_freq,1900,MHz
threads_only,3:14,sample_cpu4_freq,2500,MHz
threads_only,3:14,sample_cpu5_freq,2500,MHz
threads_only,3:14,sample_cpu6_freq,2500,MHz
threads_only,3:14,sample_cpu7_freq,2500,MHz
threads_only,3:15,sample_elapsed,2327,ms
threads_only,3:15,sample_power,0.841,W
threads_only,3:15,sample_process_cpu,471.429,% one core
threads_only,3:15,sample_free_ram,1.252,GiB
threads_only,3:15,sample_battery_temp,36.000,C
threads_only,3:15,sample_thermal_status,1,Android PowerManager status
threads_only,3:15,sample_cpu0_freq,1200,MHz
threads_only,3:15,sample_cpu1_freq,1200,MHz
threads_only,3:15,sample_cpu2_freq,1900,MHz
threads_only,3:15,sample_cpu3_freq,1600,MHz
threads_only,3:15,sample_cpu4_freq,2500,MHz
threads_only,3:15,sample_cpu5_freq,2500,MHz
threads_only,3:15,sample_cpu6_freq,2500,MHz
threads_only,3:15,sample_cpu7_freq,2500,MHz
threads_only,3:16,sample_elapsed,2497,ms
threads_only,3:16,sample_power,0.841,W
threads_only,3:16,sample_process_cpu,467.647,% one core
threads_only,3:16,sample_free_ram,1.252,GiB
threads_only,3:16,sample_battery_temp,36.000,C
threads_only,3:16,sample_thermal_status,1,Android PowerManager status
threads_only,3:16,sample_cpu0_freq,1500,MHz
threads_only,3:16,sample_cpu1_freq,1700,MHz
threads_only,3:16,sample_cpu2_freq,1700,MHz
threads_only,3:16,sample_cpu3_freq,1900,MHz
threads_only,3:16,sample_cpu4_freq,2500,MHz
threads_only,3:16,sample_cpu5_freq,2500,MHz
threads_only,3:16,sample_cpu6_freq,2500,MHz
threads_only,3:16,sample_cpu7_freq,2500,MHz
threads_only,3:17,sample_elapsed,2667,ms
threads_only,3:17,sample_power,0.841,W
threads_only,3:17,sample_process_cpu,465.882,% one core
threads_only,3:17,sample_free_ram,1.252,GiB
threads_only,3:17,sample_battery_temp,36.000,C
threads_only,3:17,sample_thermal_status,1,Android PowerManager status
threads_only,3:17,sample_cpu0_freq,1900,MHz
threads_only,3:17,sample_cpu1_freq,1900,MHz
threads_only,3:17,sample_cpu2_freq,1900,MHz
threads_only,3:17,sample_cpu3_freq,1900,MHz
threads_only,3:17,sample_cpu4_freq,2500,MHz
threads_only,3:17,sample_cpu5_freq,2500,MHz
threads_only,3:17,sample_cpu6_freq,2500,MHz
threads_only,3:17,sample_cpu7_freq,2500,MHz
threads_only,3:18,sample_elapsed,2834,ms
threads_only,3:18,sample_power,0.565,W
threads_only,3:18,sample_process_cpu,469.461,% one core
threads_only,3:18,sample_free_ram,1.252,GiB
threads_only,3:18,sample_battery_temp,36.000,C
threads_only,3:18,sample_thermal_status,1,Android PowerManager status
threads_only,3:18,sample_cpu0_freq,1900,MHz
threads_only,3:18,sample_cpu1_freq,1900,MHz
threads_only,3:18,sample_cpu2_freq,1600,MHz
threads_only,3:18,sample_cpu3_freq,1900,MHz
threads_only,3:18,sample_cpu4_freq,2500,MHz
threads_only,3:18,sample_cpu5_freq,2500,MHz
threads_only,3:18,sample_cpu6_freq,2500,MHz
threads_only,3:18,sample_cpu7_freq,2500,MHz
threads_only,3:19,sample_elapsed,3002,ms
threads_only,3:19,sample_power,0.365,W
threads_only,3:19,sample_process_cpu,466.071,% one core
threads_only,3:19,sample_free_ram,1.251,GiB
threads_only,3:19,sample_battery_temp,36.000,C
threads_only,3:19,sample_thermal_status,1,Android PowerManager status
threads_only,3:19,sample_cpu0_freq,1900,MHz
threads_only,3:19,sample_cpu1_freq,1900,MHz
threads_only,3:19,sample_cpu2_freq,1900,MHz
threads_only,3:19,sample_cpu3_freq,1900,MHz
threads_only,3:19,sample_cpu4_freq,2500,MHz
threads_only,3:19,sample_cpu5_freq,2500,MHz
threads_only,3:19,sample_cpu6_freq,2500,MHz
threads_only,3:19,sample_cpu7_freq,2500,MHz
threads_only,3:20,sample_elapsed,3168,ms
threads_only,3:20,sample_power,0.365,W
threads_only,3:20,sample_process_cpu,476.506,% one core
threads_only,3:20,sample_free_ram,1.251,GiB
threads_only,3:20,sample_battery_temp,36.000,C
threads_only,3:20,sample_thermal_status,1,Android PowerManager status
threads_only,3:20,sample_cpu0_freq,1900,MHz
threads_only,3:20,sample_cpu1_freq,1900,MHz
threads_only,3:20,sample_cpu2_freq,1900,MHz
threads_only,3:20,sample_cpu3_freq,1900,MHz
threads_only,3:20,sample_cpu4_freq,2500,MHz
threads_only,3:20,sample_cpu5_freq,2500,MHz
threads_only,3:20,sample_cpu6_freq,2500,MHz
threads_only,3:20,sample_cpu7_freq,2500,MHz
threads_only,3:21,sample_elapsed,3332,ms
threads_only,3:21,sample_power,0.365,W
threads_only,3:21,sample_process_cpu,473.171,% one core
threads_only,3:21,sample_free_ram,1.251,GiB
threads_only,3:21,sample_battery_temp,36.000,C
threads_only,3:21,sample_thermal_status,1,Android PowerManager status
threads_only,3:21,sample_cpu0_freq,1600,MHz
threads_only,3:21,sample_cpu1_freq,900,MHz
threads_only,3:21,sample_cpu2_freq,900,MHz
threads_only,3:21,sample_cpu3_freq,1900,MHz
threads_only,3:21,sample_cpu4_freq,2500,MHz
threads_only,3:21,sample_cpu5_freq,2500,MHz
threads_only,3:21,sample_cpu6_freq,2500,MHz
threads_only,3:21,sample_cpu7_freq,2500,MHz
threads_only,3:22,sample_elapsed,3496,ms
threads_only,3:22,sample_power,0.310,W
threads_only,3:22,sample_process_cpu,479.878,% one core
threads_only,3:22,sample_free_ram,1.251,GiB
threads_only,3:22,sample_battery_temp,36.000,C
threads_only,3:22,sample_thermal_status,1,Android PowerManager status
threads_only,3:22,sample_cpu0_freq,900,MHz
threads_only,3:22,sample_cpu1_freq,1900,MHz
threads_only,3:22,sample_cpu2_freq,1900,MHz
threads_only,3:22,sample_cpu3_freq,1900,MHz
threads_only,3:22,sample_cpu4_freq,2500,MHz
threads_only,3:22,sample_cpu5_freq,2500,MHz
threads_only,3:22,sample_cpu6_freq,2500,MHz
threads_only,3:22,sample_cpu7_freq,2500,MHz
threads_only,3:23,sample_elapsed,3665,ms
threads_only,3:23,sample_power,0.310,W
threads_only,3:23,sample_process_cpu,456.805,% one core
threads_only,3:23,sample_free_ram,1.251,GiB
threads_only,3:23,sample_battery_temp,36.000,C
threads_only,3:23,sample_thermal_status,1,Android PowerManager status
threads_only,3:23,sample_cpu0_freq,1900,MHz
threads_only,3:23,sample_cpu1_freq,1900,MHz
threads_only,3:23,sample_cpu2_freq,1900,MHz
threads_only,3:23,sample_cpu3_freq,1900,MHz
threads_only,3:23,sample_cpu4_freq,2500,MHz
threads_only,3:23,sample_cpu5_freq,2500,MHz
threads_only,3:23,sample_cpu6_freq,2500,MHz
threads_only,3:23,sample_cpu7_freq,2500,MHz
threads_only,3:24,sample_elapsed,3835,ms
threads_only,3:24,sample_power,0.310,W
threads_only,3:24,sample_process_cpu,481.176,% one core
threads_only,3:24,sample_free_ram,1.251,GiB
threads_only,3:24,sample_battery_temp,36.000,C
threads_only,3:24,sample_thermal_status,1,Android PowerManager status
threads_only,3:24,sample_cpu0_freq,1900,MHz
threads_only,3:24,sample_cpu1_freq,1900,MHz
threads_only,3:24,sample_cpu2_freq,1900,MHz
threads_only,3:24,sample_cpu3_freq,1900,MHz
threads_only,3:24,sample_cpu4_freq,2500,MHz
threads_only,3:24,sample_cpu5_freq,2500,MHz
threads_only,3:24,sample_cpu6_freq,2500,MHz
threads_only,3:24,sample_cpu7_freq,2500,MHz
threads_only,3:25,sample_elapsed,4036,ms
threads_only,3:25,sample_power,0.863,W
threads_only,3:25,sample_process_cpu,520.398,% one core
threads_only,3:25,sample_free_ram,1.251,GiB
threads_only,3:25,sample_battery_temp,36.000,C
threads_only,3:25,sample_thermal_status,1,Android PowerManager status
threads_only,3:25,sample_cpu0_freq,1900,MHz
threads_only,3:25,sample_cpu1_freq,1900,MHz
threads_only,3:25,sample_cpu2_freq,1900,MHz
threads_only,3:25,sample_cpu3_freq,1900,MHz
threads_only,3:25,sample_cpu4_freq,2500,MHz
threads_only,3:25,sample_cpu5_freq,2500,MHz
threads_only,3:25,sample_cpu6_freq,2500,MHz
threads_only,3:25,sample_cpu7_freq,2500,MHz
threads_only,3:26,sample_elapsed,4242,ms
threads_only,3:26,sample_power,0.863,W
threads_only,3:26,sample_process_cpu,493.204,% one core
threads_only,3:26,sample_free_ram,1.251,GiB
threads_only,3:26,sample_battery_temp,36.000,C
threads_only,3:26,sample_thermal_status,1,Android PowerManager status
threads_only,3:26,sample_cpu0_freq,1900,MHz
threads_only,3:26,sample_cpu1_freq,1900,MHz
threads_only,3:26,sample_cpu2_freq,1900,MHz
threads_only,3:26,sample_cpu3_freq,1900,MHz
threads_only,3:26,sample_cpu4_freq,2500,MHz
threads_only,3:26,sample_cpu5_freq,2500,MHz
threads_only,3:26,sample_cpu6_freq,2500,MHz
threads_only,3:26,sample_cpu7_freq,2500,MHz
threads_only,3:27,sample_elapsed,4406,ms
threads_only,3:27,sample_power,0.863,W
threads_only,3:27,sample_process_cpu,501.220,% one core
threads_only,3:27,sample_free_ram,1.251,GiB
threads_only,3:27,sample_battery_temp,36.000,C
threads_only,3:27,sample_thermal_status,1,Android PowerManager status
threads_only,3:27,sample_cpu0_freq,1900,MHz
threads_only,3:27,sample_cpu1_freq,1900,MHz
threads_only,3:27,sample_cpu2_freq,1900,MHz
threads_only,3:27,sample_cpu3_freq,1900,MHz
threads_only,3:27,sample_cpu4_freq,2500,MHz
threads_only,3:27,sample_cpu5_freq,2500,MHz
threads_only,3:27,sample_cpu6_freq,2500,MHz
threads_only,3:27,sample_cpu7_freq,2500,MHz
threads_only,3:28,sample_elapsed,4614,ms
threads_only,3:28,sample_power,0.781,W
threads_only,3:28,sample_process_cpu,507.692,% one core
threads_only,3:28,sample_free_ram,1.251,GiB
threads_only,3:28,sample_battery_temp,36.000,C
threads_only,3:28,sample_thermal_status,1,Android PowerManager status
threads_only,3:28,sample_cpu0_freq,1900,MHz
threads_only,3:28,sample_cpu1_freq,1900,MHz
threads_only,3:28,sample_cpu2_freq,1900,MHz
threads_only,3:28,sample_cpu3_freq,1900,MHz
threads_only,3:28,sample_cpu4_freq,2500,MHz
threads_only,3:28,sample_cpu5_freq,2500,MHz
threads_only,3:28,sample_cpu6_freq,2500,MHz
threads_only,3:28,sample_cpu7_freq,2500,MHz
threads_only,3:29,sample_elapsed,4807,ms
threads_only,3:29,sample_power,0.781,W
threads_only,3:29,sample_process_cpu,503.627,% one core
threads_only,3:29,sample_free_ram,1.251,GiB
threads_only,3:29,sample_battery_temp,36.000,C
threads_only,3:29,sample_thermal_status,1,Android PowerManager status
threads_only,3:29,sample_cpu0_freq,1900,MHz
threads_only,3:29,sample_cpu1_freq,1900,MHz
threads_only,3:29,sample_cpu2_freq,1900,MHz
threads_only,3:29,sample_cpu3_freq,1900,MHz
threads_only,3:29,sample_cpu4_freq,2500,MHz
threads_only,3:29,sample_cpu5_freq,2500,MHz
threads_only,3:29,sample_cpu6_freq,2500,MHz
threads_only,3:29,sample_cpu7_freq,2500,MHz
threads_only,3:30,sample_elapsed,5013,ms
threads_only,3:30,sample_power,0.781,W
threads_only,3:30,sample_process_cpu,501.942,% one core
threads_only,3:30,sample_free_ram,1.251,GiB
threads_only,3:30,sample_battery_temp,36.000,C
threads_only,3:30,sample_thermal_status,1,Android PowerManager status
threads_only,3:30,sample_cpu0_freq,1900,MHz
threads_only,3:30,sample_cpu1_freq,1900,MHz
threads_only,3:30,sample_cpu2_freq,1900,MHz
threads_only,3:30,sample_cpu3_freq,1900,MHz
threads_only,3:30,sample_cpu4_freq,2500,MHz
threads_only,3:30,sample_cpu5_freq,2500,MHz
threads_only,3:30,sample_cpu6_freq,2500,MHz
threads_only,3:30,sample_cpu7_freq,2500,MHz
threads_only,3:31,sample_elapsed,5204,ms
threads_only,3:31,sample_power,0.826,W
threads_only,3:31,sample_process_cpu,489.005,% one core
threads_only,3:31,sample_free_ram,1.251,GiB
threads_only,3:31,sample_battery_temp,36.000,C
threads_only,3:31,sample_thermal_status,1,Android PowerManager status
threads_only,3:31,sample_cpu0_freq,1900,MHz
threads_only,3:31,sample_cpu1_freq,1900,MHz
threads_only,3:31,sample_cpu2_freq,1900,MHz
threads_only,3:31,sample_cpu3_freq,1900,MHz
threads_only,3:31,sample_cpu4_freq,2500,MHz
threads_only,3:31,sample_cpu5_freq,2500,MHz
threads_only,3:31,sample_cpu6_freq,2500,MHz
threads_only,3:31,sample_cpu7_freq,2500,MHz
threads_only,3:32,sample_elapsed,5385,ms
threads_only,3:32,sample_power,0.826,W
threads_only,3:32,sample_process_cpu,485.635,% one core
threads_only,3:32,sample_free_ram,1.251,GiB
threads_only,3:32,sample_battery_temp,36.000,C
threads_only,3:32,sample_thermal_status,1,Android PowerManager status
threads_only,3:32,sample_cpu0_freq,1900,MHz
threads_only,3:32,sample_cpu1_freq,1900,MHz
threads_only,3:32,sample_cpu2_freq,1900,MHz
threads_only,3:32,sample_cpu3_freq,1900,MHz
threads_only,3:32,sample_cpu4_freq,2500,MHz
threads_only,3:32,sample_cpu5_freq,2500,MHz
threads_only,3:32,sample_cpu6_freq,2500,MHz
threads_only,3:32,sample_cpu7_freq,2500,MHz
threads_only,3:33,sample_elapsed,5583,ms
threads_only,3:33,sample_power,0.892,W
threads_only,3:33,sample_process_cpu,532.828,% one core
threads_only,3:33,sample_free_ram,1.251,GiB
threads_only,3:33,sample_battery_temp,36.000,C
threads_only,3:33,sample_thermal_status,1,Android PowerManager status
threads_only,3:33,sample_cpu0_freq,1900,MHz
threads_only,3:33,sample_cpu1_freq,1900,MHz
threads_only,3:33,sample_cpu2_freq,1900,MHz
threads_only,3:33,sample_cpu3_freq,1900,MHz
threads_only,3:33,sample_cpu4_freq,2500,MHz
threads_only,3:33,sample_cpu5_freq,2500,MHz
threads_only,3:33,sample_cpu6_freq,2500,MHz
threads_only,3:33,sample_cpu7_freq,2500,MHz
threads_only,3:34,sample_elapsed,5799,ms
threads_only,3:34,sample_power,0.892,W
threads_only,3:34,sample_process_cpu,500.000,% one core
threads_only,3:34,sample_free_ram,1.250,GiB
threads_only,3:34,sample_battery_temp,36.000,C
threads_only,3:34,sample_thermal_status,1,Android PowerManager status
threads_only,3:34,sample_cpu0_freq,1900,MHz
threads_only,3:34,sample_cpu1_freq,1900,MHz
threads_only,3:34,sample_cpu2_freq,1900,MHz
threads_only,3:34,sample_cpu3_freq,1900,MHz
threads_only,3:34,sample_cpu4_freq,2500,MHz
threads_only,3:34,sample_cpu5_freq,2500,MHz
threads_only,3:34,sample_cpu6_freq,2500,MHz
threads_only,3:34,sample_cpu7_freq,2500,MHz
threads_only,3:35,sample_elapsed,6017,ms
threads_only,3:35,sample_power,0.892,W
threads_only,3:35,sample_process_cpu,512.385,% one core
threads_only,3:35,sample_free_ram,1.250,GiB
threads_only,3:35,sample_battery_temp,36.000,C
threads_only,3:35,sample_thermal_status,1,Android PowerManager status
threads_only,3:35,sample_cpu0_freq,1900,MHz
threads_only,3:35,sample_cpu1_freq,1900,MHz
threads_only,3:35,sample_cpu2_freq,1900,MHz
threads_only,3:35,sample_cpu3_freq,1900,MHz
threads_only,3:35,sample_cpu4_freq,2500,MHz
threads_only,3:35,sample_cpu5_freq,2500,MHz
threads_only,3:35,sample_cpu6_freq,2500,MHz
threads_only,3:35,sample_cpu7_freq,2500,MHz
threads_only,3:36,sample_elapsed,6220,ms
threads_only,3:36,sample_power,0.836,W
threads_only,3:36,sample_process_cpu,504.433,% one core
threads_only,3:36,sample_free_ram,1.250,GiB
threads_only,3:36,sample_battery_temp,36.000,C
threads_only,3:36,sample_thermal_status,1,Android PowerManager status
threads_only,3:36,sample_cpu0_freq,1900,MHz
threads_only,3:36,sample_cpu1_freq,1900,MHz
threads_only,3:36,sample_cpu2_freq,1900,MHz
threads_only,3:36,sample_cpu3_freq,1900,MHz
threads_only,3:36,sample_cpu4_freq,2500,MHz
threads_only,3:36,sample_cpu5_freq,2500,MHz
threads_only,3:36,sample_cpu6_freq,2500,MHz
threads_only,3:36,sample_cpu7_freq,2500,MHz
threads_only,3:37,sample_elapsed,6388,ms
threads_only,3:37,sample_power,0.836,W
threads_only,3:37,sample_process_cpu,500.595,% one core
threads_only,3:37,sample_free_ram,1.250,GiB
threads_only,3:37,sample_battery_temp,36.000,C
threads_only,3:37,sample_thermal_status,1,Android PowerManager status
threads_only,3:37,sample_cpu0_freq,1900,MHz
threads_only,3:37,sample_cpu1_freq,1900,MHz
threads_only,3:37,sample_cpu2_freq,1900,MHz
threads_only,3:37,sample_cpu3_freq,1900,MHz
threads_only,3:37,sample_cpu4_freq,2500,MHz
threads_only,3:37,sample_cpu5_freq,2500,MHz
threads_only,3:37,sample_cpu6_freq,2500,MHz
threads_only,3:37,sample_cpu7_freq,2500,MHz
threads_only,3:38,sample_elapsed,6581,ms
threads_only,3:38,sample_power,0.836,W
threads_only,3:38,sample_process_cpu,507.254,% one core
threads_only,3:38,sample_free_ram,1.250,GiB
threads_only,3:38,sample_battery_temp,36.000,C
threads_only,3:38,sample_thermal_status,1,Android PowerManager status
threads_only,3:38,sample_cpu0_freq,1900,MHz
threads_only,3:38,sample_cpu1_freq,1900,MHz
threads_only,3:38,sample_cpu2_freq,1900,MHz
threads_only,3:38,sample_cpu3_freq,1900,MHz
threads_only,3:38,sample_cpu4_freq,2500,MHz
threads_only,3:38,sample_cpu5_freq,2500,MHz
threads_only,3:38,sample_cpu6_freq,2500,MHz
threads_only,3:38,sample_cpu7_freq,2500,MHz
threads_only,3:39,sample_elapsed,6775,ms
threads_only,3:39,sample_power,0.892,W
threads_only,3:39,sample_process_cpu,506.186,% one core
threads_only,3:39,sample_free_ram,1.249,GiB
threads_only,3:39,sample_battery_temp,36.000,C
threads_only,3:39,sample_thermal_status,1,Android PowerManager status
threads_only,3:39,sample_cpu0_freq,1900,MHz
threads_only,3:39,sample_cpu1_freq,1900,MHz
threads_only,3:39,sample_cpu2_freq,1900,MHz
threads_only,3:39,sample_cpu3_freq,1900,MHz
threads_only,3:39,sample_cpu4_freq,2500,MHz
threads_only,3:39,sample_cpu5_freq,2500,MHz
threads_only,3:39,sample_cpu6_freq,2500,MHz
threads_only,3:39,sample_cpu7_freq,2500,MHz
threads_only,3:40,sample_elapsed,6991,ms
threads_only,3:40,sample_power,0.892,W
threads_only,3:40,sample_process_cpu,525.926,% one core
threads_only,3:40,sample_free_ram,1.249,GiB
threads_only,3:40,sample_battery_temp,36.000,C
threads_only,3:40,sample_thermal_status,1,Android PowerManager status
threads_only,3:40,sample_cpu0_freq,1900,MHz
threads_only,3:40,sample_cpu1_freq,1900,MHz
threads_only,3:40,sample_cpu2_freq,1900,MHz
threads_only,3:40,sample_cpu3_freq,1900,MHz
threads_only,3:40,sample_cpu4_freq,2500,MHz
threads_only,3:40,sample_cpu5_freq,2500,MHz
threads_only,3:40,sample_cpu6_freq,2500,MHz
threads_only,3:40,sample_cpu7_freq,2500,MHz
threads_only,3:41,sample_elapsed,7190,ms
threads_only,3:41,sample_power,0.892,W
threads_only,3:41,sample_process_cpu,512.060,% one core
threads_only,3:41,sample_free_ram,1.249,GiB
threads_only,3:41,sample_battery_temp,36.000,C
threads_only,3:41,sample_thermal_status,1,Android PowerManager status
threads_only,3:41,sample_cpu0_freq,1900,MHz
threads_only,3:41,sample_cpu1_freq,1900,MHz
threads_only,3:41,sample_cpu2_freq,1900,MHz
threads_only,3:41,sample_cpu3_freq,1900,MHz
threads_only,3:41,sample_cpu4_freq,2500,MHz
threads_only,3:41,sample_cpu5_freq,2500,MHz
threads_only,3:41,sample_cpu6_freq,2500,MHz
threads_only,3:41,sample_cpu7_freq,2500,MHz
threads_only,3:42,sample_elapsed,7395,ms
threads_only,3:42,sample_power,0.949,W
threads_only,3:42,sample_process_cpu,511.707,% one core
threads_only,3:42,sample_free_ram,1.249,GiB
threads_only,3:42,sample_battery_temp,36.000,C
threads_only,3:42,sample_thermal_status,1,Android PowerManager status
threads_only,3:42,sample_cpu0_freq,1900,MHz
threads_only,3:42,sample_cpu1_freq,1900,MHz
threads_only,3:42,sample_cpu2_freq,1900,MHz
threads_only,3:42,sample_cpu3_freq,1900,MHz
threads_only,3:42,sample_cpu4_freq,2500,MHz
threads_only,3:42,sample_cpu5_freq,2500,MHz
threads_only,3:42,sample_cpu6_freq,2500,MHz
threads_only,3:42,sample_cpu7_freq,2500,MHz
threads_only,3:43,sample_elapsed,7574,ms
threads_only,3:43,sample_power,0.949,W
threads_only,3:43,sample_process_cpu,508.939,% one core
threads_only,3:43,sample_free_ram,1.249,GiB
threads_only,3:43,sample_battery_temp,36.000,C
threads_only,3:43,sample_thermal_status,1,Android PowerManager status
threads_only,3:43,sample_cpu0_freq,1900,MHz
threads_only,3:43,sample_cpu1_freq,1900,MHz
threads_only,3:43,sample_cpu2_freq,1900,MHz
threads_only,3:43,sample_cpu3_freq,1900,MHz
threads_only,3:43,sample_cpu4_freq,2500,MHz
threads_only,3:43,sample_cpu5_freq,2500,MHz
threads_only,3:43,sample_cpu6_freq,2500,MHz
threads_only,3:43,sample_cpu7_freq,2500,MHz
threads_only,3:44,sample_elapsed,7792,ms
threads_only,3:44,sample_power,1.053,W
threads_only,3:44,sample_process_cpu,522.477,% one core
threads_only,3:44,sample_free_ram,1.249,GiB
threads_only,3:44,sample_battery_temp,36.000,C
threads_only,3:44,sample_thermal_status,1,Android PowerManager status
threads_only,3:44,sample_cpu0_freq,1900,MHz
threads_only,3:44,sample_cpu1_freq,1900,MHz
threads_only,3:44,sample_cpu2_freq,1900,MHz
threads_only,3:44,sample_cpu3_freq,1900,MHz
threads_only,3:44,sample_cpu4_freq,2500,MHz
threads_only,3:44,sample_cpu5_freq,2500,MHz
threads_only,3:44,sample_cpu6_freq,2500,MHz
threads_only,3:44,sample_cpu7_freq,2500,MHz
threads_only,3:45,sample_elapsed,7995,ms
threads_only,3:45,sample_power,1.053,W
threads_only,3:45,sample_process_cpu,519.704,% one core
threads_only,3:45,sample_free_ram,1.249,GiB
threads_only,3:45,sample_battery_temp,36.000,C
threads_only,3:45,sample_thermal_status,1,Android PowerManager status
threads_only,3:45,sample_cpu0_freq,1900,MHz
threads_only,3:45,sample_cpu1_freq,1900,MHz
threads_only,3:45,sample_cpu2_freq,1900,MHz
threads_only,3:45,sample_cpu3_freq,1900,MHz
threads_only,3:45,sample_cpu4_freq,2500,MHz
threads_only,3:45,sample_cpu5_freq,2500,MHz
threads_only,3:45,sample_cpu6_freq,2500,MHz
threads_only,3:45,sample_cpu7_freq,2500,MHz
threads_only,3:46,sample_elapsed,8207,ms
threads_only,3:46,sample_power,1.053,W
threads_only,3:46,sample_process_cpu,499.528,% one core
threads_only,3:46,sample_free_ram,1.249,GiB
threads_only,3:46,sample_battery_temp,36.000,C
threads_only,3:46,sample_thermal_status,1,Android PowerManager status
threads_only,3:46,sample_cpu0_freq,1900,MHz
threads_only,3:46,sample_cpu1_freq,1900,MHz
threads_only,3:46,sample_cpu2_freq,1900,MHz
threads_only,3:46,sample_cpu3_freq,1900,MHz
threads_only,3:46,sample_cpu4_freq,2500,MHz
threads_only,3:46,sample_cpu5_freq,2500,MHz
threads_only,3:46,sample_cpu6_freq,2500,MHz
threads_only,3:46,sample_cpu7_freq,2500,MHz
threads_only,3:47,sample_elapsed,8407,ms
threads_only,3:47,sample_power,1.113,W
threads_only,3:47,sample_process_cpu,501.500,% one core
threads_only,3:47,sample_free_ram,1.249,GiB
threads_only,3:47,sample_battery_temp,36.000,C
threads_only,3:47,sample_thermal_status,1,Android PowerManager status
threads_only,3:47,sample_cpu0_freq,1900,MHz
threads_only,3:47,sample_cpu1_freq,1900,MHz
threads_only,3:47,sample_cpu2_freq,1900,MHz
threads_only,3:47,sample_cpu3_freq,1900,MHz
threads_only,3:47,sample_cpu4_freq,2500,MHz
threads_only,3:47,sample_cpu5_freq,2500,MHz
threads_only,3:47,sample_cpu6_freq,2500,MHz
threads_only,3:47,sample_cpu7_freq,2500,MHz
threads_only,3:48,sample_elapsed,8583,ms
threads_only,3:48,sample_power,1.113,W
threads_only,3:48,sample_process_cpu,502.273,% one core
threads_only,3:48,sample_free_ram,1.249,GiB
threads_only,3:48,sample_battery_temp,36.000,C
threads_only,3:48,sample_thermal_status,1,Android PowerManager status
threads_only,3:48,sample_cpu0_freq,1900,MHz
threads_only,3:48,sample_cpu1_freq,1900,MHz
threads_only,3:48,sample_cpu2_freq,1900,MHz
threads_only,3:48,sample_cpu3_freq,1900,MHz
threads_only,3:48,sample_cpu4_freq,2500,MHz
threads_only,3:48,sample_cpu5_freq,2500,MHz
threads_only,3:48,sample_cpu6_freq,2500,MHz
threads_only,3:48,sample_cpu7_freq,2500,MHz
threads_only,3:49,sample_elapsed,8794,ms
threads_only,3:49,sample_power,1.113,W
threads_only,3:49,sample_process_cpu,506.161,% one core
threads_only,3:49,sample_free_ram,1.249,GiB
threads_only,3:49,sample_battery_temp,36.000,C
threads_only,3:49,sample_thermal_status,1,Android PowerManager status
threads_only,3:49,sample_cpu0_freq,1900,MHz
threads_only,3:49,sample_cpu1_freq,1900,MHz
threads_only,3:49,sample_cpu2_freq,1900,MHz
threads_only,3:49,sample_cpu3_freq,1900,MHz
threads_only,3:49,sample_cpu4_freq,2500,MHz
threads_only,3:49,sample_cpu5_freq,2500,MHz
threads_only,3:49,sample_cpu6_freq,2500,MHz
threads_only,3:49,sample_cpu7_freq,2500,MHz
threads_only,3:50,sample_elapsed,9002,ms
threads_only,3:50,sample_power,1.046,W
threads_only,3:50,sample_process_cpu,508.654,% one core
threads_only,3:50,sample_free_ram,1.248,GiB
threads_only,3:50,sample_battery_temp,36.000,C
threads_only,3:50,sample_thermal_status,1,Android PowerManager status
threads_only,3:50,sample_cpu0_freq,1900,MHz
threads_only,3:50,sample_cpu1_freq,1900,MHz
threads_only,3:50,sample_cpu2_freq,1900,MHz
threads_only,3:50,sample_cpu3_freq,1900,MHz
threads_only,3:50,sample_cpu4_freq,2500,MHz
threads_only,3:50,sample_cpu5_freq,2500,MHz
threads_only,3:50,sample_cpu6_freq,2500,MHz
threads_only,3:50,sample_cpu7_freq,2500,MHz
threads_only,3:51,sample_elapsed,9184,ms
threads_only,3:51,sample_power,1.046,W
threads_only,3:51,sample_process_cpu,504.945,% one core
threads_only,3:51,sample_free_ram,1.248,GiB
threads_only,3:51,sample_battery_temp,36.000,C
threads_only,3:51,sample_thermal_status,1,Android PowerManager status
threads_only,3:51,sample_cpu0_freq,1900,MHz
threads_only,3:51,sample_cpu1_freq,1900,MHz
threads_only,3:51,sample_cpu2_freq,1900,MHz
threads_only,3:51,sample_cpu3_freq,1900,MHz
threads_only,3:51,sample_cpu4_freq,2500,MHz
threads_only,3:51,sample_cpu5_freq,2500,MHz
threads_only,3:51,sample_cpu6_freq,2500,MHz
threads_only,3:51,sample_cpu7_freq,2500,MHz
threads_only,3:52,sample_elapsed,9399,ms
threads_only,3:52,sample_power,1.046,W
threads_only,3:52,sample_process_cpu,528.372,% one core
threads_only,3:52,sample_free_ram,1.248,GiB
threads_only,3:52,sample_battery_temp,36.000,C
threads_only,3:52,sample_thermal_status,1,Android PowerManager status
threads_only,3:52,sample_cpu0_freq,1900,MHz
threads_only,3:52,sample_cpu1_freq,1900,MHz
threads_only,3:52,sample_cpu2_freq,1900,MHz
threads_only,3:52,sample_cpu3_freq,1900,MHz
threads_only,3:52,sample_cpu4_freq,2500,MHz
threads_only,3:52,sample_cpu5_freq,2500,MHz
threads_only,3:52,sample_cpu6_freq,2500,MHz
threads_only,3:52,sample_cpu7_freq,2500,MHz
threads_only,3:53,sample_elapsed,9594,ms
threads_only,3:53,sample_power,1.086,W
threads_only,3:53,sample_process_cpu,485.641,% one core
threads_only,3:53,sample_free_ram,1.250,GiB
threads_only,3:53,sample_battery_temp,36.000,C
threads_only,3:53,sample_thermal_status,1,Android PowerManager status
threads_only,3:53,sample_cpu0_freq,1900,MHz
threads_only,3:53,sample_cpu1_freq,1900,MHz
threads_only,3:53,sample_cpu2_freq,1900,MHz
threads_only,3:53,sample_cpu3_freq,1900,MHz
threads_only,3:53,sample_cpu4_freq,2500,MHz
threads_only,3:53,sample_cpu5_freq,2500,MHz
threads_only,3:53,sample_cpu6_freq,2500,MHz
threads_only,3:53,sample_cpu7_freq,2500,MHz
threads_only,3:54,sample_elapsed,9802,ms
threads_only,3:54,sample_power,1.086,W
threads_only,3:54,sample_process_cpu,504.808,% one core
threads_only,3:54,sample_free_ram,1.250,GiB
threads_only,3:54,sample_battery_temp,36.000,C
threads_only,3:54,sample_thermal_status,1,Android PowerManager status
threads_only,3:54,sample_cpu0_freq,1900,MHz
threads_only,3:54,sample_cpu1_freq,1900,MHz
threads_only,3:54,sample_cpu2_freq,1900,MHz
threads_only,3:54,sample_cpu3_freq,1900,MHz
threads_only,3:54,sample_cpu4_freq,2500,MHz
threads_only,3:54,sample_cpu5_freq,2500,MHz
threads_only,3:54,sample_cpu6_freq,2500,MHz
threads_only,3:54,sample_cpu7_freq,2500,MHz
threads_only,3:55,sample_elapsed,10015,ms
threads_only,3:55,sample_power,0.985,W
threads_only,3:55,sample_process_cpu,516.432,% one core
threads_only,3:55,sample_free_ram,1.250,GiB
threads_only,3:55,sample_battery_temp,36.000,C
threads_only,3:55,sample_thermal_status,1,Android PowerManager status
threads_only,3:55,sample_cpu0_freq,1900,MHz
threads_only,3:55,sample_cpu1_freq,1900,MHz
threads_only,3:55,sample_cpu2_freq,1900,MHz
threads_only,3:55,sample_cpu3_freq,1900,MHz
threads_only,3:55,sample_cpu4_freq,2500,MHz
threads_only,3:55,sample_cpu5_freq,2500,MHz
threads_only,3:55,sample_cpu6_freq,2500,MHz
threads_only,3:55,sample_cpu7_freq,2500,MHz
threads_only,3:56,sample_elapsed,10210,ms
threads_only,3:56,sample_power,0.985,W
threads_only,3:56,sample_process_cpu,515.385,% one core
threads_only,3:56,sample_free_ram,1.250,GiB
threads_only,3:56,sample_battery_temp,36.000,C
threads_only,3:56,sample_thermal_status,1,Android PowerManager status
threads_only,3:56,sample_cpu0_freq,1900,MHz
threads_only,3:56,sample_cpu1_freq,1900,MHz
threads_only,3:56,sample_cpu2_freq,1900,MHz
threads_only,3:56,sample_cpu3_freq,1900,MHz
threads_only,3:56,sample_cpu4_freq,2500,MHz
threads_only,3:56,sample_cpu5_freq,2500,MHz
threads_only,3:56,sample_cpu6_freq,2500,MHz
threads_only,3:56,sample_cpu7_freq,2500,MHz
threads_only,3:57,sample_elapsed,10423,ms
threads_only,3:57,sample_power,1.103,W
threads_only,3:57,sample_process_cpu,473.709,% one core
threads_only,3:57,sample_free_ram,1.250,GiB
threads_only,3:57,sample_battery_temp,36.000,C
threads_only,3:57,sample_thermal_status,1,Android PowerManager status
threads_only,3:57,sample_cpu0_freq,1900,MHz
threads_only,3:57,sample_cpu1_freq,1900,MHz
threads_only,3:57,sample_cpu2_freq,1900,MHz
threads_only,3:57,sample_cpu3_freq,1900,MHz
threads_only,3:57,sample_cpu4_freq,2500,MHz
threads_only,3:57,sample_cpu5_freq,2500,MHz
threads_only,3:57,sample_cpu6_freq,2500,MHz
threads_only,3:57,sample_cpu7_freq,2500,MHz
threads_only,3:58,sample_elapsed,10589,ms
threads_only,3:58,sample_power,1.103,W
threads_only,3:58,sample_process_cpu,496.386,% one core
threads_only,3:58,sample_free_ram,1.250,GiB
threads_only,3:58,sample_battery_temp,36.000,C
threads_only,3:58,sample_thermal_status,1,Android PowerManager status
threads_only,3:58,sample_cpu0_freq,1900,MHz
threads_only,3:58,sample_cpu1_freq,1900,MHz
threads_only,3:58,sample_cpu2_freq,1900,MHz
threads_only,3:58,sample_cpu3_freq,1900,MHz
threads_only,3:58,sample_cpu4_freq,2500,MHz
threads_only,3:58,sample_cpu5_freq,2500,MHz
threads_only,3:58,sample_cpu6_freq,2500,MHz
threads_only,3:58,sample_cpu7_freq,2500,MHz
threads_only,3:59,sample_elapsed,10794,ms
threads_only,3:59,sample_power,0.791,W
threads_only,3:59,sample_process_cpu,555.610,% one core
threads_only,3:59,sample_free_ram,1.249,GiB
threads_only,3:59,sample_battery_temp,36.000,C
threads_only,3:59,sample_thermal_status,1,Android PowerManager status
threads_only,3:59,sample_cpu0_freq,1900,MHz
threads_only,3:59,sample_cpu1_freq,1900,MHz
threads_only,3:59,sample_cpu2_freq,1900,MHz
threads_only,3:59,sample_cpu3_freq,1900,MHz
threads_only,3:59,sample_cpu4_freq,2500,MHz
threads_only,3:59,sample_cpu5_freq,2500,MHz
threads_only,3:59,sample_cpu6_freq,2500,MHz
threads_only,3:59,sample_cpu7_freq,2500,MHz
threads_only,3:60,sample_elapsed,11026,ms
threads_only,3:60,sample_power,0.791,W
threads_only,3:60,sample_process_cpu,470.259,% one core
threads_only,3:60,sample_free_ram,1.249,GiB
threads_only,3:60,sample_battery_temp,36.000,C
threads_only,3:60,sample_thermal_status,1,Android PowerManager status
threads_only,3:60,sample_cpu0_freq,1900,MHz
threads_only,3:60,sample_cpu1_freq,1900,MHz
threads_only,3:60,sample_cpu2_freq,1900,MHz
threads_only,3:60,sample_cpu3_freq,1900,MHz
threads_only,3:60,sample_cpu4_freq,2500,MHz
threads_only,3:60,sample_cpu5_freq,2500,MHz
threads_only,3:60,sample_cpu6_freq,2500,MHz
threads_only,3:60,sample_cpu7_freq,2500,MHz
threads_only,3:61,sample_elapsed,11227,ms
threads_only,3:61,sample_power,0.791,W
threads_only,3:61,sample_process_cpu,498.507,% one core
threads_only,3:61,sample_free_ram,1.249,GiB
threads_only,3:61,sample_battery_temp,36.000,C
threads_only,3:61,sample_thermal_status,1,Android PowerManager status
threads_only,3:61,sample_cpu0_freq,1900,MHz
threads_only,3:61,sample_cpu1_freq,1900,MHz
threads_only,3:61,sample_cpu2_freq,1900,MHz
threads_only,3:61,sample_cpu3_freq,1900,MHz
threads_only,3:61,sample_cpu4_freq,2500,MHz
threads_only,3:61,sample_cpu5_freq,2500,MHz
threads_only,3:61,sample_cpu6_freq,2500,MHz
threads_only,3:61,sample_cpu7_freq,2500,MHz
threads_only,3:62,sample_elapsed,11430,ms
threads_only,3:62,sample_power,1.094,W
threads_only,3:62,sample_process_cpu,521.675,% one core
threads_only,3:62,sample_free_ram,1.249,GiB
threads_only,3:62,sample_battery_temp,36.000,C
threads_only,3:62,sample_thermal_status,1,Android PowerManager status
threads_only,3:62,sample_cpu0_freq,1900,MHz
threads_only,3:62,sample_cpu1_freq,1900,MHz
threads_only,3:62,sample_cpu2_freq,1900,MHz
threads_only,3:62,sample_cpu3_freq,1900,MHz
threads_only,3:62,sample_cpu4_freq,2500,MHz
threads_only,3:62,sample_cpu5_freq,2500,MHz
threads_only,3:62,sample_cpu6_freq,2500,MHz
threads_only,3:62,sample_cpu7_freq,2500,MHz
threads_only,3:63,sample_elapsed,11624,ms
threads_only,3:63,sample_power,1.094,W
threads_only,3:63,sample_process_cpu,510.309,% one core
threads_only,3:63,sample_free_ram,1.248,GiB
threads_only,3:63,sample_battery_temp,36.000,C
threads_only,3:63,sample_thermal_status,1,Android PowerManager status
threads_only,3:63,sample_cpu0_freq,1900,MHz
threads_only,3:63,sample_cpu1_freq,1900,MHz
threads_only,3:63,sample_cpu2_freq,1900,MHz
threads_only,3:63,sample_cpu3_freq,1900,MHz
threads_only,3:63,sample_cpu4_freq,2500,MHz
threads_only,3:63,sample_cpu5_freq,2500,MHz
threads_only,3:63,sample_cpu6_freq,2500,MHz
threads_only,3:63,sample_cpu7_freq,2500,MHz
threads_only,median,pp,135.000,tok/s
threads_only,stddev,pp,0.471,tok/s
threads_only,median,tg,16.100,tok/s
threads_only,stddev,tg,0.082,tok/s
threads_only,median,power,0.981,W
threads_only,stddev,power,0.260,W
threads_only,median,tok_per_w,16.420,tok/W
threads_only,stddev,tok_per_w,2.911,tok/W
threads_only,median,ttft_pp512_derived,3855.093,ms
threads_only,stddev,ttft_pp512_derived,13.071,ms
threads_only,median,start_temp,36.000,C
threads_only,stddev,start_temp,0.000,C
threads_only,median,average_process_cpu,486.828,% one core
threads_only,stddev,average_process_cpu,3.631,% one core
threads_only,median,minimum_free_ram,1.238,GiB
threads_only,stddev,minimum_free_ram,0.004,GiB
threads_only,median,peak_battery_temp,36.000,C
threads_only,stddev,peak_battery_temp,0.000,C
threads_only,median,mean_perf_core_clock,2500.000,MHz
threads_only,stddev,mean_perf_core_clock,0.000,MHz
threads_only,median,mean_little_core_clock,1850.000,MHz
threads_only,stddev,mean_little_core_clock,50.207,MHz
optimized,1,pp,135.000,tok/s
optimized,1,tg,16.400,tok/s
optimized,1,power,0.901,W
optimized,1,tok_per_w,18.200,tok/W
optimized,1,ttft_pp512_derived,3853.568,ms
optimized,1,start_temp,36.000,C
optimized,1,average_process_cpu,490.544,% one core
optimized,1,minimum_free_ram,1.221,GiB
optimized,1,peak_battery_temp,36.000,C
optimized,1,peak_thermal_status,1,Android PowerManager status
optimized,1:1,sample_elapsed,1,ms
optimized,1:1,sample_power,4.186,W
optimized,1:1,sample_process_cpu,400.000,% one core
optimized,1:1,sample_free_ram,1.327,GiB
optimized,1:1,sample_battery_temp,36.000,C
optimized,1:1,sample_thermal_status,1,Android PowerManager status
optimized,1:1,sample_cpu0_freq,1500,MHz
optimized,1:1,sample_cpu1_freq,1500,MHz
optimized,1:1,sample_cpu2_freq,1500,MHz
optimized,1:1,sample_cpu3_freq,1500,MHz
optimized,1:1,sample_cpu4_freq,400,MHz
optimized,1:1,sample_cpu5_freq,400,MHz
optimized,1:1,sample_cpu6_freq,400,MHz
optimized,1:1,sample_cpu7_freq,500,MHz
optimized,1:2,sample_elapsed,163,ms
optimized,1:2,sample_power,4.186,W
optimized,1:2,sample_process_cpu,420.370,% one core
optimized,1:2,sample_free_ram,1.264,GiB
optimized,1:2,sample_battery_temp,36.000,C
optimized,1:2,sample_thermal_status,1,Android PowerManager status
optimized,1:2,sample_cpu0_freq,1900,MHz
optimized,1:2,sample_cpu1_freq,1900,MHz
optimized,1:2,sample_cpu2_freq,1900,MHz
optimized,1:2,sample_cpu3_freq,1900,MHz
optimized,1:2,sample_cpu4_freq,2500,MHz
optimized,1:2,sample_cpu5_freq,2500,MHz
optimized,1:2,sample_cpu6_freq,2500,MHz
optimized,1:2,sample_cpu7_freq,2500,MHz
optimized,1:3,sample_elapsed,318,ms
optimized,1:3,sample_power,4.186,W
optimized,1:3,sample_process_cpu,463.871,% one core
optimized,1:3,sample_free_ram,1.230,GiB
optimized,1:3,sample_battery_temp,36.000,C
optimized,1:3,sample_thermal_status,1,Android PowerManager status
optimized,1:3,sample_cpu0_freq,800,MHz
optimized,1:3,sample_cpu1_freq,800,MHz
optimized,1:3,sample_cpu2_freq,800,MHz
optimized,1:3,sample_cpu3_freq,450,MHz
optimized,1:3,sample_cpu4_freq,2500,MHz
optimized,1:3,sample_cpu5_freq,2500,MHz
optimized,1:3,sample_cpu6_freq,2500,MHz
optimized,1:3,sample_cpu7_freq,2500,MHz
optimized,1:4,sample_elapsed,474,ms
optimized,1:4,sample_power,1.037,W
optimized,1:4,sample_process_cpu,465.385,% one core
optimized,1:4,sample_free_ram,1.229,GiB
optimized,1:4,sample_battery_temp,36.000,C
optimized,1:4,sample_thermal_status,1,Android PowerManager status
optimized,1:4,sample_cpu0_freq,1900,MHz
optimized,1:4,sample_cpu1_freq,1900,MHz
optimized,1:4,sample_cpu2_freq,1900,MHz
optimized,1:4,sample_cpu3_freq,1900,MHz
optimized,1:4,sample_cpu4_freq,2500,MHz
optimized,1:4,sample_cpu5_freq,2500,MHz
optimized,1:4,sample_cpu6_freq,2500,MHz
optimized,1:4,sample_cpu7_freq,2500,MHz
optimized,1:5,sample_elapsed,630,ms
optimized,1:5,sample_power,1.037,W
optimized,1:5,sample_process_cpu,466.667,% one core
optimized,1:5,sample_free_ram,1.229,GiB
optimized,1:5,sample_battery_temp,36.000,C
optimized,1:5,sample_thermal_status,1,Android PowerManager status
optimized,1:5,sample_cpu0_freq,1900,MHz
optimized,1:5,sample_cpu1_freq,1900,MHz
optimized,1:5,sample_cpu2_freq,1900,MHz
optimized,1:5,sample_cpu3_freq,1900,MHz
optimized,1:5,sample_cpu4_freq,2500,MHz
optimized,1:5,sample_cpu5_freq,2500,MHz
optimized,1:5,sample_cpu6_freq,2500,MHz
optimized,1:5,sample_cpu7_freq,2500,MHz
optimized,1:6,sample_elapsed,784,ms
optimized,1:6,sample_power,1.037,W
optimized,1:6,sample_process_cpu,474.026,% one core
optimized,1:6,sample_free_ram,1.229,GiB
optimized,1:6,sample_battery_temp,36.000,C
optimized,1:6,sample_thermal_status,1,Android PowerManager status
optimized,1:6,sample_cpu0_freq,1900,MHz
optimized,1:6,sample_cpu1_freq,1900,MHz
optimized,1:6,sample_cpu2_freq,1900,MHz
optimized,1:6,sample_cpu3_freq,1900,MHz
optimized,1:6,sample_cpu4_freq,2500,MHz
optimized,1:6,sample_cpu5_freq,2500,MHz
optimized,1:6,sample_cpu6_freq,2500,MHz
optimized,1:6,sample_cpu7_freq,2500,MHz
optimized,1:7,sample_elapsed,942,ms
optimized,1:7,sample_power,1.037,W
optimized,1:7,sample_process_cpu,468.987,% one core
optimized,1:7,sample_free_ram,1.229,GiB
optimized,1:7,sample_battery_temp,36.000,C
optimized,1:7,sample_thermal_status,1,Android PowerManager status
optimized,1:7,sample_cpu0_freq,800,MHz
optimized,1:7,sample_cpu1_freq,800,MHz
optimized,1:7,sample_cpu2_freq,1900,MHz
optimized,1:7,sample_cpu3_freq,1900,MHz
optimized,1:7,sample_cpu4_freq,2500,MHz
optimized,1:7,sample_cpu5_freq,2500,MHz
optimized,1:7,sample_cpu6_freq,2500,MHz
optimized,1:7,sample_cpu7_freq,2500,MHz
optimized,1:8,sample_elapsed,1102,ms
optimized,1:8,sample_power,0.729,W
optimized,1:8,sample_process_cpu,491.875,% one core
optimized,1:8,sample_free_ram,1.229,GiB
optimized,1:8,sample_battery_temp,36.000,C
optimized,1:8,sample_thermal_status,1,Android PowerManager status
optimized,1:8,sample_cpu0_freq,1900,MHz
optimized,1:8,sample_cpu1_freq,1900,MHz
optimized,1:8,sample_cpu2_freq,1900,MHz
optimized,1:8,sample_cpu3_freq,1900,MHz
optimized,1:8,sample_cpu4_freq,2500,MHz
optimized,1:8,sample_cpu5_freq,2500,MHz
optimized,1:8,sample_cpu6_freq,2500,MHz
optimized,1:8,sample_cpu7_freq,2500,MHz
optimized,1:9,sample_elapsed,1257,ms
optimized,1:9,sample_power,0.729,W
optimized,1:9,sample_process_cpu,464.516,% one core
optimized,1:9,sample_free_ram,1.229,GiB
optimized,1:9,sample_battery_temp,36.000,C
optimized,1:9,sample_thermal_status,1,Android PowerManager status
optimized,1:9,sample_cpu0_freq,450,MHz
optimized,1:9,sample_cpu1_freq,450,MHz
optimized,1:9,sample_cpu2_freq,450,MHz
optimized,1:9,sample_cpu3_freq,450,MHz
optimized,1:9,sample_cpu4_freq,2500,MHz
optimized,1:9,sample_cpu5_freq,2500,MHz
optimized,1:9,sample_cpu6_freq,2500,MHz
optimized,1:9,sample_cpu7_freq,2500,MHz
optimized,1:10,sample_elapsed,1411,ms
optimized,1:10,sample_power,0.729,W
optimized,1:10,sample_process_cpu,471.429,% one core
optimized,1:10,sample_free_ram,1.229,GiB
optimized,1:10,sample_battery_temp,36.000,C
optimized,1:10,sample_thermal_status,1,Android PowerManager status
optimized,1:10,sample_cpu0_freq,1900,MHz
optimized,1:10,sample_cpu1_freq,1900,MHz
optimized,1:10,sample_cpu2_freq,1900,MHz
optimized,1:10,sample_cpu3_freq,1900,MHz
optimized,1:10,sample_cpu4_freq,2500,MHz
optimized,1:10,sample_cpu5_freq,2500,MHz
optimized,1:10,sample_cpu6_freq,2500,MHz
optimized,1:10,sample_cpu7_freq,2500,MHz
optimized,1:11,sample_elapsed,1566,ms
optimized,1:11,sample_power,1.268,W
optimized,1:11,sample_process_cpu,470.968,% one core
optimized,1:11,sample_free_ram,1.229,GiB
optimized,1:11,sample_battery_temp,36.000,C
optimized,1:11,sample_thermal_status,1,Android PowerManager status
optimized,1:11,sample_cpu0_freq,500,MHz
optimized,1:11,sample_cpu1_freq,500,MHz
optimized,1:11,sample_cpu2_freq,500,MHz
optimized,1:11,sample_cpu3_freq,500,MHz
optimized,1:11,sample_cpu4_freq,2500,MHz
optimized,1:11,sample_cpu5_freq,2500,MHz
optimized,1:11,sample_cpu6_freq,2500,MHz
optimized,1:11,sample_cpu7_freq,2500,MHz
optimized,1:12,sample_elapsed,1721,ms
optimized,1:12,sample_power,1.268,W
optimized,1:12,sample_process_cpu,455.484,% one core
optimized,1:12,sample_free_ram,1.229,GiB
optimized,1:12,sample_battery_temp,36.000,C
optimized,1:12,sample_thermal_status,1,Android PowerManager status
optimized,1:12,sample_cpu0_freq,1900,MHz
optimized,1:12,sample_cpu1_freq,1900,MHz
optimized,1:12,sample_cpu2_freq,1900,MHz
optimized,1:12,sample_cpu3_freq,1900,MHz
optimized,1:12,sample_cpu4_freq,2500,MHz
optimized,1:12,sample_cpu5_freq,2500,MHz
optimized,1:12,sample_cpu6_freq,2500,MHz
optimized,1:12,sample_cpu7_freq,2500,MHz
optimized,1:13,sample_elapsed,1876,ms
optimized,1:13,sample_power,1.268,W
optimized,1:13,sample_process_cpu,467.742,% one core
optimized,1:13,sample_free_ram,1.229,GiB
optimized,1:13,sample_battery_temp,36.000,C
optimized,1:13,sample_thermal_status,1,Android PowerManager status
optimized,1:13,sample_cpu0_freq,600,MHz
optimized,1:13,sample_cpu1_freq,1900,MHz
optimized,1:13,sample_cpu2_freq,1900,MHz
optimized,1:13,sample_cpu3_freq,1900,MHz
optimized,1:13,sample_cpu4_freq,2500,MHz
optimized,1:13,sample_cpu5_freq,2500,MHz
optimized,1:13,sample_cpu6_freq,2500,MHz
optimized,1:13,sample_cpu7_freq,2500,MHz
optimized,1:14,sample_elapsed,2032,ms
optimized,1:14,sample_power,1.268,W
optimized,1:14,sample_process_cpu,466.667,% one core
optimized,1:14,sample_free_ram,1.229,GiB
optimized,1:14,sample_battery_temp,36.000,C
optimized,1:14,sample_thermal_status,1,Android PowerManager status
optimized,1:14,sample_cpu0_freq,1900,MHz
optimized,1:14,sample_cpu1_freq,1900,MHz
optimized,1:14,sample_cpu2_freq,1900,MHz
optimized,1:14,sample_cpu3_freq,1900,MHz
optimized,1:14,sample_cpu4_freq,2500,MHz
optimized,1:14,sample_cpu5_freq,2500,MHz
optimized,1:14,sample_cpu6_freq,2500,MHz
optimized,1:14,sample_cpu7_freq,2500,MHz
optimized,1:15,sample_elapsed,2187,ms
optimized,1:15,sample_power,0.842,W
optimized,1:15,sample_process_cpu,468.387,% one core
optimized,1:15,sample_free_ram,1.228,GiB
optimized,1:15,sample_battery_temp,36.000,C
optimized,1:15,sample_thermal_status,1,Android PowerManager status
optimized,1:15,sample_cpu0_freq,1900,MHz
optimized,1:15,sample_cpu1_freq,1900,MHz
optimized,1:15,sample_cpu2_freq,1900,MHz
optimized,1:15,sample_cpu3_freq,1900,MHz
optimized,1:15,sample_cpu4_freq,2500,MHz
optimized,1:15,sample_cpu5_freq,2500,MHz
optimized,1:15,sample_cpu6_freq,2500,MHz
optimized,1:15,sample_cpu7_freq,2500,MHz
optimized,1:16,sample_elapsed,2341,ms
optimized,1:16,sample_power,0.842,W
optimized,1:16,sample_process_cpu,463.636,% one core
optimized,1:16,sample_free_ram,1.228,GiB
optimized,1:16,sample_battery_temp,36.000,C
optimized,1:16,sample_thermal_status,1,Android PowerManager status
optimized,1:16,sample_cpu0_freq,1900,MHz
optimized,1:16,sample_cpu1_freq,1900,MHz
optimized,1:16,sample_cpu2_freq,1000,MHz
optimized,1:16,sample_cpu3_freq,1900,MHz
optimized,1:16,sample_cpu4_freq,2500,MHz
optimized,1:16,sample_cpu5_freq,2500,MHz
optimized,1:16,sample_cpu6_freq,2500,MHz
optimized,1:16,sample_cpu7_freq,2500,MHz
optimized,1:17,sample_elapsed,2497,ms
optimized,1:17,sample_power,0.842,W
optimized,1:17,sample_process_cpu,466.667,% one core
optimized,1:17,sample_free_ram,1.228,GiB
optimized,1:17,sample_battery_temp,36.000,C
optimized,1:17,sample_thermal_status,1,Android PowerManager status
optimized,1:17,sample_cpu0_freq,1900,MHz
optimized,1:17,sample_cpu1_freq,1900,MHz
optimized,1:17,sample_cpu2_freq,1900,MHz
optimized,1:17,sample_cpu3_freq,1900,MHz
optimized,1:17,sample_cpu4_freq,2500,MHz
optimized,1:17,sample_cpu5_freq,2500,MHz
optimized,1:17,sample_cpu6_freq,2500,MHz
optimized,1:17,sample_cpu7_freq,2500,MHz
optimized,1:18,sample_elapsed,2652,ms
optimized,1:18,sample_power,0.873,W
optimized,1:18,sample_process_cpu,475.484,% one core
optimized,1:18,sample_free_ram,1.228,GiB
optimized,1:18,sample_battery_temp,36.000,C
optimized,1:18,sample_thermal_status,1,Android PowerManager status
optimized,1:18,sample_cpu0_freq,700,MHz
optimized,1:18,sample_cpu1_freq,700,MHz
optimized,1:18,sample_cpu2_freq,700,MHz
optimized,1:18,sample_cpu3_freq,700,MHz
optimized,1:18,sample_cpu4_freq,2500,MHz
optimized,1:18,sample_cpu5_freq,2500,MHz
optimized,1:18,sample_cpu6_freq,2500,MHz
optimized,1:18,sample_cpu7_freq,2500,MHz
optimized,1:19,sample_elapsed,2808,ms
optimized,1:19,sample_power,0.873,W
optimized,1:19,sample_process_cpu,461.538,% one core
optimized,1:19,sample_free_ram,1.228,GiB
optimized,1:19,sample_battery_temp,36.000,C
optimized,1:19,sample_thermal_status,1,Android PowerManager status
optimized,1:19,sample_cpu0_freq,1900,MHz
optimized,1:19,sample_cpu1_freq,1900,MHz
optimized,1:19,sample_cpu2_freq,1900,MHz
optimized,1:19,sample_cpu3_freq,1900,MHz
optimized,1:19,sample_cpu4_freq,2500,MHz
optimized,1:19,sample_cpu5_freq,2500,MHz
optimized,1:19,sample_cpu6_freq,2500,MHz
optimized,1:19,sample_cpu7_freq,2500,MHz
optimized,1:20,sample_elapsed,2965,ms
optimized,1:20,sample_power,0.873,W
optimized,1:20,sample_process_cpu,488.535,% one core
optimized,1:20,sample_free_ram,1.228,GiB
optimized,1:20,sample_battery_temp,36.000,C
optimized,1:20,sample_thermal_status,1,Android PowerManager status
optimized,1:20,sample_cpu0_freq,500,MHz
optimized,1:20,sample_cpu1_freq,1900,MHz
optimized,1:20,sample_cpu2_freq,1900,MHz
optimized,1:20,sample_cpu3_freq,1900,MHz
optimized,1:20,sample_cpu4_freq,2500,MHz
optimized,1:20,sample_cpu5_freq,2500,MHz
optimized,1:20,sample_cpu6_freq,2500,MHz
optimized,1:20,sample_cpu7_freq,2500,MHz
optimized,1:21,sample_elapsed,3127,ms
optimized,1:21,sample_power,0.873,W
optimized,1:21,sample_process_cpu,438.272,% one core
optimized,1:21,sample_free_ram,1.228,GiB
optimized,1:21,sample_battery_temp,36.000,C
optimized,1:21,sample_thermal_status,1,Android PowerManager status
optimized,1:21,sample_cpu0_freq,1900,MHz
optimized,1:21,sample_cpu1_freq,1900,MHz
optimized,1:21,sample_cpu2_freq,1900,MHz
optimized,1:21,sample_cpu3_freq,1900,MHz
optimized,1:21,sample_cpu4_freq,2500,MHz
optimized,1:21,sample_cpu5_freq,2500,MHz
optimized,1:21,sample_cpu6_freq,2500,MHz
optimized,1:21,sample_cpu7_freq,2500,MHz
optimized,1:22,sample_elapsed,3280,ms
optimized,1:22,sample_power,0.615,W
optimized,1:22,sample_process_cpu,464.052,% one core
optimized,1:22,sample_free_ram,1.227,GiB
optimized,1:22,sample_battery_temp,36.000,C
optimized,1:22,sample_thermal_status,1,Android PowerManager status
optimized,1:22,sample_cpu0_freq,1900,MHz
optimized,1:22,sample_cpu1_freq,1900,MHz
optimized,1:22,sample_cpu2_freq,450,MHz
optimized,1:22,sample_cpu3_freq,450,MHz
optimized,1:22,sample_cpu4_freq,2500,MHz
optimized,1:22,sample_cpu5_freq,2500,MHz
optimized,1:22,sample_cpu6_freq,2500,MHz
optimized,1:22,sample_cpu7_freq,2500,MHz
optimized,1:23,sample_elapsed,3435,ms
optimized,1:23,sample_power,0.615,W
optimized,1:23,sample_process_cpu,477.419,% one core
optimized,1:23,sample_free_ram,1.227,GiB
optimized,1:23,sample_battery_temp,36.000,C
optimized,1:23,sample_thermal_status,1,Android PowerManager status
optimized,1:23,sample_cpu0_freq,1900,MHz
optimized,1:23,sample_cpu1_freq,800,MHz
optimized,1:23,sample_cpu2_freq,800,MHz
optimized,1:23,sample_cpu3_freq,800,MHz
optimized,1:23,sample_cpu4_freq,2500,MHz
optimized,1:23,sample_cpu5_freq,2500,MHz
optimized,1:23,sample_cpu6_freq,2500,MHz
optimized,1:23,sample_cpu7_freq,2500,MHz
optimized,1:24,sample_elapsed,3593,ms
optimized,1:24,sample_power,0.615,W
optimized,1:24,sample_process_cpu,450.633,% one core
optimized,1:24,sample_free_ram,1.227,GiB
optimized,1:24,sample_battery_temp,36.000,C
optimized,1:24,sample_thermal_status,1,Android PowerManager status
optimized,1:24,sample_cpu0_freq,1900,MHz
optimized,1:24,sample_cpu1_freq,1900,MHz
optimized,1:24,sample_cpu2_freq,1900,MHz
optimized,1:24,sample_cpu3_freq,1900,MHz
optimized,1:24,sample_cpu4_freq,2500,MHz
optimized,1:24,sample_cpu5_freq,2500,MHz
optimized,1:24,sample_cpu6_freq,2500,MHz
optimized,1:24,sample_cpu7_freq,2500,MHz
optimized,1:25,sample_elapsed,3749,ms
optimized,1:25,sample_power,1.282,W
optimized,1:25,sample_process_cpu,467.949,% one core
optimized,1:25,sample_free_ram,1.227,GiB
optimized,1:25,sample_battery_temp,36.000,C
optimized,1:25,sample_thermal_status,1,Android PowerManager status
optimized,1:25,sample_cpu0_freq,1200,MHz
optimized,1:25,sample_cpu1_freq,1100,MHz
optimized,1:25,sample_cpu2_freq,1900,MHz
optimized,1:25,sample_cpu3_freq,1900,MHz
optimized,1:25,sample_cpu4_freq,2500,MHz
optimized,1:25,sample_cpu5_freq,2500,MHz
optimized,1:25,sample_cpu6_freq,2500,MHz
optimized,1:25,sample_cpu7_freq,2500,MHz
optimized,1:26,sample_elapsed,3905,ms
optimized,1:26,sample_power,1.282,W
optimized,1:26,sample_process_cpu,493.590,% one core
optimized,1:26,sample_free_ram,1.227,GiB
optimized,1:26,sample_battery_temp,36.000,C
optimized,1:26,sample_thermal_status,1,Android PowerManager status
optimized,1:26,sample_cpu0_freq,1900,MHz
optimized,1:26,sample_cpu1_freq,1900,MHz
optimized,1:26,sample_cpu2_freq,1900,MHz
optimized,1:26,sample_cpu3_freq,1900,MHz
optimized,1:26,sample_cpu4_freq,2500,MHz
optimized,1:26,sample_cpu5_freq,2500,MHz
optimized,1:26,sample_cpu6_freq,2500,MHz
optimized,1:26,sample_cpu7_freq,2500,MHz
optimized,1:27,sample_elapsed,4065,ms
optimized,1:27,sample_power,1.282,W
optimized,1:27,sample_process_cpu,518.125,% one core
optimized,1:27,sample_free_ram,1.227,GiB
optimized,1:27,sample_battery_temp,36.000,C
optimized,1:27,sample_thermal_status,1,Android PowerManager status
optimized,1:27,sample_cpu0_freq,1900,MHz
optimized,1:27,sample_cpu1_freq,1900,MHz
optimized,1:27,sample_cpu2_freq,1900,MHz
optimized,1:27,sample_cpu3_freq,1900,MHz
optimized,1:27,sample_cpu4_freq,2500,MHz
optimized,1:27,sample_cpu5_freq,2500,MHz
optimized,1:27,sample_cpu6_freq,2500,MHz
optimized,1:27,sample_cpu7_freq,2500,MHz
optimized,1:28,sample_elapsed,4226,ms
optimized,1:28,sample_power,1.282,W
optimized,1:28,sample_process_cpu,473.292,% one core
optimized,1:28,sample_free_ram,1.226,GiB
optimized,1:28,sample_battery_temp,36.000,C
optimized,1:28,sample_thermal_status,1,Android PowerManager status
optimized,1:28,sample_cpu0_freq,1900,MHz
optimized,1:28,sample_cpu1_freq,1900,MHz
optimized,1:28,sample_cpu2_freq,1900,MHz
optimized,1:28,sample_cpu3_freq,1900,MHz
optimized,1:28,sample_cpu4_freq,2500,MHz
optimized,1:28,sample_cpu5_freq,2500,MHz
optimized,1:28,sample_cpu6_freq,2500,MHz
optimized,1:28,sample_cpu7_freq,2500,MHz
optimized,1:29,sample_elapsed,4384,ms
optimized,1:29,sample_power,0.663,W
optimized,1:29,sample_process_cpu,519.620,% one core
optimized,1:29,sample_free_ram,1.226,GiB
optimized,1:29,sample_battery_temp,36.000,C
optimized,1:29,sample_thermal_status,1,Android PowerManager status
optimized,1:29,sample_cpu0_freq,1900,MHz
optimized,1:29,sample_cpu1_freq,1900,MHz
optimized,1:29,sample_cpu2_freq,1900,MHz
optimized,1:29,sample_cpu3_freq,1900,MHz
optimized,1:29,sample_cpu4_freq,2500,MHz
optimized,1:29,sample_cpu5_freq,2500,MHz
optimized,1:29,sample_cpu6_freq,2500,MHz
optimized,1:29,sample_cpu7_freq,2500,MHz
optimized,1:30,sample_elapsed,4542,ms
optimized,1:30,sample_power,0.663,W
optimized,1:30,sample_process_cpu,496.203,% one core
optimized,1:30,sample_free_ram,1.226,GiB
optimized,1:30,sample_battery_temp,36.000,C
optimized,1:30,sample_thermal_status,1,Android PowerManager status
optimized,1:30,sample_cpu0_freq,1900,MHz
optimized,1:30,sample_cpu1_freq,1900,MHz
optimized,1:30,sample_cpu2_freq,1900,MHz
optimized,1:30,sample_cpu3_freq,1900,MHz
optimized,1:30,sample_cpu4_freq,2500,MHz
optimized,1:30,sample_cpu5_freq,2500,MHz
optimized,1:30,sample_cpu6_freq,2500,MHz
optimized,1:30,sample_cpu7_freq,2500,MHz
optimized,1:31,sample_elapsed,4698,ms
optimized,1:31,sample_power,0.663,W
optimized,1:31,sample_process_cpu,506.410,% one core
optimized,1:31,sample_free_ram,1.226,GiB
optimized,1:31,sample_battery_temp,36.000,C
optimized,1:31,sample_thermal_status,1,Android PowerManager status
optimized,1:31,sample_cpu0_freq,1900,MHz
optimized,1:31,sample_cpu1_freq,1900,MHz
optimized,1:31,sample_cpu2_freq,1900,MHz
optimized,1:31,sample_cpu3_freq,1900,MHz
optimized,1:31,sample_cpu4_freq,2500,MHz
optimized,1:31,sample_cpu5_freq,2500,MHz
optimized,1:31,sample_cpu6_freq,2500,MHz
optimized,1:31,sample_cpu7_freq,2500,MHz
optimized,1:32,sample_elapsed,4854,ms
optimized,1:32,sample_power,0.832,W
optimized,1:32,sample_process_cpu,530.769,% one core
optimized,1:32,sample_free_ram,1.226,GiB
optimized,1:32,sample_battery_temp,36.000,C
optimized,1:32,sample_thermal_status,1,Android PowerManager status
optimized,1:32,sample_cpu0_freq,1900,MHz
optimized,1:32,sample_cpu1_freq,1900,MHz
optimized,1:32,sample_cpu2_freq,1900,MHz
optimized,1:32,sample_cpu3_freq,1900,MHz
optimized,1:32,sample_cpu4_freq,2500,MHz
optimized,1:32,sample_cpu5_freq,2500,MHz
optimized,1:32,sample_cpu6_freq,2500,MHz
optimized,1:32,sample_cpu7_freq,2500,MHz
optimized,1:33,sample_elapsed,5021,ms
optimized,1:33,sample_power,0.832,W
optimized,1:33,sample_process_cpu,472.455,% one core
optimized,1:33,sample_free_ram,1.226,GiB
optimized,1:33,sample_battery_temp,36.000,C
optimized,1:33,sample_thermal_status,1,Android PowerManager status
optimized,1:33,sample_cpu0_freq,1900,MHz
optimized,1:33,sample_cpu1_freq,1900,MHz
optimized,1:33,sample_cpu2_freq,1900,MHz
optimized,1:33,sample_cpu3_freq,1900,MHz
optimized,1:33,sample_cpu4_freq,2500,MHz
optimized,1:33,sample_cpu5_freq,2500,MHz
optimized,1:33,sample_cpu6_freq,2500,MHz
optimized,1:33,sample_cpu7_freq,2500,MHz
optimized,1:34,sample_elapsed,5179,ms
optimized,1:34,sample_power,0.832,W
optimized,1:34,sample_process_cpu,505.063,% one core
optimized,1:34,sample_free_ram,1.226,GiB
optimized,1:34,sample_battery_temp,36.000,C
optimized,1:34,sample_thermal_status,1,Android PowerManager status
optimized,1:34,sample_cpu0_freq,1900,MHz
optimized,1:34,sample_cpu1_freq,1900,MHz
optimized,1:34,sample_cpu2_freq,1900,MHz
optimized,1:34,sample_cpu3_freq,1900,MHz
optimized,1:34,sample_cpu4_freq,2500,MHz
optimized,1:34,sample_cpu5_freq,2500,MHz
optimized,1:34,sample_cpu6_freq,2500,MHz
optimized,1:34,sample_cpu7_freq,2500,MHz
optimized,1:35,sample_elapsed,5344,ms
optimized,1:35,sample_power,0.832,W
optimized,1:35,sample_process_cpu,505.455,% one core
optimized,1:35,sample_free_ram,1.226,GiB
optimized,1:35,sample_battery_temp,36.000,C
optimized,1:35,sample_thermal_status,1,Android PowerManager status
optimized,1:35,sample_cpu0_freq,1900,MHz
optimized,1:35,sample_cpu1_freq,1900,MHz
optimized,1:35,sample_cpu2_freq,1900,MHz
optimized,1:35,sample_cpu3_freq,1900,MHz
optimized,1:35,sample_cpu4_freq,2500,MHz
optimized,1:35,sample_cpu5_freq,2500,MHz
optimized,1:35,sample_cpu6_freq,2500,MHz
optimized,1:35,sample_cpu7_freq,2500,MHz
optimized,1:36,sample_elapsed,5507,ms
optimized,1:36,sample_power,0.647,W
optimized,1:36,sample_process_cpu,495.092,% one core
optimized,1:36,sample_free_ram,1.226,GiB
optimized,1:36,sample_battery_temp,36.000,C
optimized,1:36,sample_thermal_status,1,Android PowerManager status
optimized,1:36,sample_cpu0_freq,1900,MHz
optimized,1:36,sample_cpu1_freq,1900,MHz
optimized,1:36,sample_cpu2_freq,1900,MHz
optimized,1:36,sample_cpu3_freq,1900,MHz
optimized,1:36,sample_cpu4_freq,2500,MHz
optimized,1:36,sample_cpu5_freq,2500,MHz
optimized,1:36,sample_cpu6_freq,2500,MHz
optimized,1:36,sample_cpu7_freq,2500,MHz
optimized,1:37,sample_elapsed,5676,ms
optimized,1:37,sample_power,0.647,W
optimized,1:37,sample_process_cpu,511.243,% one core
optimized,1:37,sample_free_ram,1.225,GiB
optimized,1:37,sample_battery_temp,36.000,C
optimized,1:37,sample_thermal_status,1,Android PowerManager status
optimized,1:37,sample_cpu0_freq,1900,MHz
optimized,1:37,sample_cpu1_freq,1900,MHz
optimized,1:37,sample_cpu2_freq,1900,MHz
optimized,1:37,sample_cpu3_freq,1900,MHz
optimized,1:37,sample_cpu4_freq,2500,MHz
optimized,1:37,sample_cpu5_freq,2500,MHz
optimized,1:37,sample_cpu6_freq,2500,MHz
optimized,1:37,sample_cpu7_freq,2500,MHz
optimized,1:38,sample_elapsed,5839,ms
optimized,1:38,sample_power,0.647,W
optimized,1:38,sample_process_cpu,500.613,% one core
optimized,1:38,sample_free_ram,1.225,GiB
optimized,1:38,sample_battery_temp,36.000,C
optimized,1:38,sample_thermal_status,1,Android PowerManager status
optimized,1:38,sample_cpu0_freq,1900,MHz
optimized,1:38,sample_cpu1_freq,1900,MHz
optimized,1:38,sample_cpu2_freq,1900,MHz
optimized,1:38,sample_cpu3_freq,1900,MHz
optimized,1:38,sample_cpu4_freq,2500,MHz
optimized,1:38,sample_cpu5_freq,2500,MHz
optimized,1:38,sample_cpu6_freq,2500,MHz
optimized,1:38,sample_cpu7_freq,2500,MHz
optimized,1:39,sample_elapsed,5996,ms
optimized,1:39,sample_power,0.633,W
optimized,1:39,sample_process_cpu,515.287,% one core
optimized,1:39,sample_free_ram,1.225,GiB
optimized,1:39,sample_battery_temp,36.000,C
optimized,1:39,sample_thermal_status,1,Android PowerManager status
optimized,1:39,sample_cpu0_freq,1900,MHz
optimized,1:39,sample_cpu1_freq,1900,MHz
optimized,1:39,sample_cpu2_freq,1900,MHz
optimized,1:39,sample_cpu3_freq,1900,MHz
optimized,1:39,sample_cpu4_freq,2500,MHz
optimized,1:39,sample_cpu5_freq,2500,MHz
optimized,1:39,sample_cpu6_freq,2500,MHz
optimized,1:39,sample_cpu7_freq,2500,MHz
optimized,1:40,sample_elapsed,6156,ms
optimized,1:40,sample_power,0.633,W
optimized,1:40,sample_process_cpu,488.125,% one core
optimized,1:40,sample_free_ram,1.225,GiB
optimized,1:40,sample_battery_temp,36.000,C
optimized,1:40,sample_thermal_status,1,Android PowerManager status
optimized,1:40,sample_cpu0_freq,1900,MHz
optimized,1:40,sample_cpu1_freq,1900,MHz
optimized,1:40,sample_cpu2_freq,1900,MHz
optimized,1:40,sample_cpu3_freq,1900,MHz
optimized,1:40,sample_cpu4_freq,2500,MHz
optimized,1:40,sample_cpu5_freq,2500,MHz
optimized,1:40,sample_cpu6_freq,2500,MHz
optimized,1:40,sample_cpu7_freq,2500,MHz
optimized,1:41,sample_elapsed,6319,ms
optimized,1:41,sample_power,0.633,W
optimized,1:41,sample_process_cpu,505.521,% one core
optimized,1:41,sample_free_ram,1.225,GiB
optimized,1:41,sample_battery_temp,36.000,C
optimized,1:41,sample_thermal_status,1,Android PowerManager status
optimized,1:41,sample_cpu0_freq,1900,MHz
optimized,1:41,sample_cpu1_freq,1900,MHz
optimized,1:41,sample_cpu2_freq,1900,MHz
optimized,1:41,sample_cpu3_freq,1900,MHz
optimized,1:41,sample_cpu4_freq,2500,MHz
optimized,1:41,sample_cpu5_freq,2500,MHz
optimized,1:41,sample_cpu6_freq,2500,MHz
optimized,1:41,sample_cpu7_freq,2500,MHz
optimized,1:42,sample_elapsed,6479,ms
optimized,1:42,sample_power,0.633,W
optimized,1:42,sample_process_cpu,499.375,% one core
optimized,1:42,sample_free_ram,1.225,GiB
optimized,1:42,sample_battery_temp,36.000,C
optimized,1:42,sample_thermal_status,1,Android PowerManager status
optimized,1:42,sample_cpu0_freq,1900,MHz
optimized,1:42,sample_cpu1_freq,1900,MHz
optimized,1:42,sample_cpu2_freq,1900,MHz
optimized,1:42,sample_cpu3_freq,1900,MHz
optimized,1:42,sample_cpu4_freq,2500,MHz
optimized,1:42,sample_cpu5_freq,2500,MHz
optimized,1:42,sample_cpu6_freq,2500,MHz
optimized,1:42,sample_cpu7_freq,2500,MHz
optimized,1:43,sample_elapsed,6641,ms
optimized,1:43,sample_power,0.796,W
optimized,1:43,sample_process_cpu,508.642,% one core
optimized,1:43,sample_free_ram,1.225,GiB
optimized,1:43,sample_battery_temp,36.000,C
optimized,1:43,sample_thermal_status,1,Android PowerManager status
optimized,1:43,sample_cpu0_freq,1900,MHz
optimized,1:43,sample_cpu1_freq,1900,MHz
optimized,1:43,sample_cpu2_freq,1900,MHz
optimized,1:43,sample_cpu3_freq,1900,MHz
optimized,1:43,sample_cpu4_freq,2500,MHz
optimized,1:43,sample_cpu5_freq,2500,MHz
optimized,1:43,sample_cpu6_freq,2500,MHz
optimized,1:43,sample_cpu7_freq,2500,MHz
optimized,1:44,sample_elapsed,6803,ms
optimized,1:44,sample_power,0.796,W
optimized,1:44,sample_process_cpu,508.642,% one core
optimized,1:44,sample_free_ram,1.225,GiB
optimized,1:44,sample_battery_temp,36.000,C
optimized,1:44,sample_thermal_status,1,Android PowerManager status
optimized,1:44,sample_cpu0_freq,1900,MHz
optimized,1:44,sample_cpu1_freq,1900,MHz
optimized,1:44,sample_cpu2_freq,1900,MHz
optimized,1:44,sample_cpu3_freq,1900,MHz
optimized,1:44,sample_cpu4_freq,2500,MHz
optimized,1:44,sample_cpu5_freq,2500,MHz
optimized,1:44,sample_cpu6_freq,2500,MHz
optimized,1:44,sample_cpu7_freq,2500,MHz
optimized,1:45,sample_elapsed,6964,ms
optimized,1:45,sample_power,0.796,W
optimized,1:45,sample_process_cpu,508.075,% one core
optimized,1:45,sample_free_ram,1.224,GiB
optimized,1:45,sample_battery_temp,36.000,C
optimized,1:45,sample_thermal_status,1,Android PowerManager status
optimized,1:45,sample_cpu0_freq,1900,MHz
optimized,1:45,sample_cpu1_freq,1900,MHz
optimized,1:45,sample_cpu2_freq,1900,MHz
optimized,1:45,sample_cpu3_freq,1900,MHz
optimized,1:45,sample_cpu4_freq,2500,MHz
optimized,1:45,sample_cpu5_freq,2500,MHz
optimized,1:45,sample_cpu6_freq,2500,MHz
optimized,1:45,sample_cpu7_freq,2500,MHz
optimized,1:46,sample_elapsed,7123,ms
optimized,1:46,sample_power,0.781,W
optimized,1:46,sample_process_cpu,518.239,% one core
optimized,1:46,sample_free_ram,1.224,GiB
optimized,1:46,sample_battery_temp,36.000,C
optimized,1:46,sample_thermal_status,1,Android PowerManager status
optimized,1:46,sample_cpu0_freq,1900,MHz
optimized,1:46,sample_cpu1_freq,1900,MHz
optimized,1:46,sample_cpu2_freq,1900,MHz
optimized,1:46,sample_cpu3_freq,1900,MHz
optimized,1:46,sample_cpu4_freq,2500,MHz
optimized,1:46,sample_cpu5_freq,2500,MHz
optimized,1:46,sample_cpu6_freq,2500,MHz
optimized,1:46,sample_cpu7_freq,2500,MHz
optimized,1:47,sample_elapsed,7283,ms
optimized,1:47,sample_power,0.781,W
optimized,1:47,sample_process_cpu,495.000,% one core
optimized,1:47,sample_free_ram,1.224,GiB
optimized,1:47,sample_battery_temp,36.000,C
optimized,1:47,sample_thermal_status,1,Android PowerManager status
optimized,1:47,sample_cpu0_freq,1900,MHz
optimized,1:47,sample_cpu1_freq,1900,MHz
optimized,1:47,sample_cpu2_freq,1900,MHz
optimized,1:47,sample_cpu3_freq,1900,MHz
optimized,1:47,sample_cpu4_freq,2500,MHz
optimized,1:47,sample_cpu5_freq,2500,MHz
optimized,1:47,sample_cpu6_freq,2500,MHz
optimized,1:47,sample_cpu7_freq,2500,MHz
optimized,1:48,sample_elapsed,7444,ms
optimized,1:48,sample_power,0.781,W
optimized,1:48,sample_process_cpu,501.242,% one core
optimized,1:48,sample_free_ram,1.224,GiB
optimized,1:48,sample_battery_temp,36.000,C
optimized,1:48,sample_thermal_status,1,Android PowerManager status
optimized,1:48,sample_cpu0_freq,1900,MHz
optimized,1:48,sample_cpu1_freq,1900,MHz
optimized,1:48,sample_cpu2_freq,1900,MHz
optimized,1:48,sample_cpu3_freq,1900,MHz
optimized,1:48,sample_cpu4_freq,2500,MHz
optimized,1:48,sample_cpu5_freq,2500,MHz
optimized,1:48,sample_cpu6_freq,2500,MHz
optimized,1:48,sample_cpu7_freq,2500,MHz
optimized,1:49,sample_elapsed,7604,ms
optimized,1:49,sample_power,0.781,W
optimized,1:49,sample_process_cpu,501.250,% one core
optimized,1:49,sample_free_ram,1.224,GiB
optimized,1:49,sample_battery_temp,36.000,C
optimized,1:49,sample_thermal_status,1,Android PowerManager status
optimized,1:49,sample_cpu0_freq,1900,MHz
optimized,1:49,sample_cpu1_freq,1900,MHz
optimized,1:49,sample_cpu2_freq,1900,MHz
optimized,1:49,sample_cpu3_freq,1900,MHz
optimized,1:49,sample_cpu4_freq,2500,MHz
optimized,1:49,sample_cpu5_freq,2500,MHz
optimized,1:49,sample_cpu6_freq,2500,MHz
optimized,1:49,sample_cpu7_freq,2500,MHz
optimized,1:50,sample_elapsed,7761,ms
optimized,1:50,sample_power,0.750,W
optimized,1:50,sample_process_cpu,507.006,% one core
optimized,1:50,sample_free_ram,1.224,GiB
optimized,1:50,sample_battery_temp,36.000,C
optimized,1:50,sample_thermal_status,1,Android PowerManager status
optimized,1:50,sample_cpu0_freq,1900,MHz
optimized,1:50,sample_cpu1_freq,1900,MHz
optimized,1:50,sample_cpu2_freq,1900,MHz
optimized,1:50,sample_cpu3_freq,1900,MHz
optimized,1:50,sample_cpu4_freq,2500,MHz
optimized,1:50,sample_cpu5_freq,2500,MHz
optimized,1:50,sample_cpu6_freq,2500,MHz
optimized,1:50,sample_cpu7_freq,2500,MHz
optimized,1:51,sample_elapsed,7925,ms
optimized,1:51,sample_power,0.750,W
optimized,1:51,sample_process_cpu,493.902,% one core
optimized,1:51,sample_free_ram,1.224,GiB
optimized,1:51,sample_battery_temp,36.000,C
optimized,1:51,sample_thermal_status,1,Android PowerManager status
optimized,1:51,sample_cpu0_freq,1900,MHz
optimized,1:51,sample_cpu1_freq,1900,MHz
optimized,1:51,sample_cpu2_freq,1900,MHz
optimized,1:51,sample_cpu3_freq,1900,MHz
optimized,1:51,sample_cpu4_freq,2500,MHz
optimized,1:51,sample_cpu5_freq,2500,MHz
optimized,1:51,sample_cpu6_freq,2500,MHz
optimized,1:51,sample_cpu7_freq,2500,MHz
optimized,1:52,sample_elapsed,8089,ms
optimized,1:52,sample_power,0.750,W
optimized,1:52,sample_process_cpu,502.439,% one core
optimized,1:52,sample_free_ram,1.223,GiB
optimized,1:52,sample_battery_temp,36.000,C
optimized,1:52,sample_thermal_status,1,Android PowerManager status
optimized,1:52,sample_cpu0_freq,1900,MHz
optimized,1:52,sample_cpu1_freq,1900,MHz
optimized,1:52,sample_cpu2_freq,1900,MHz
optimized,1:52,sample_cpu3_freq,1900,MHz
optimized,1:52,sample_cpu4_freq,2500,MHz
optimized,1:52,sample_cpu5_freq,2500,MHz
optimized,1:52,sample_cpu6_freq,2500,MHz
optimized,1:52,sample_cpu7_freq,2500,MHz
optimized,1:53,sample_elapsed,8248,ms
optimized,1:53,sample_power,0.466,W
optimized,1:53,sample_process_cpu,511.321,% one core
optimized,1:53,sample_free_ram,1.223,GiB
optimized,1:53,sample_battery_temp,36.000,C
optimized,1:53,sample_thermal_status,1,Android PowerManager status
optimized,1:53,sample_cpu0_freq,1900,MHz
optimized,1:53,sample_cpu1_freq,1900,MHz
optimized,1:53,sample_cpu2_freq,1900,MHz
optimized,1:53,sample_cpu3_freq,1900,MHz
optimized,1:53,sample_cpu4_freq,2500,MHz
optimized,1:53,sample_cpu5_freq,2500,MHz
optimized,1:53,sample_cpu6_freq,2500,MHz
optimized,1:53,sample_cpu7_freq,2500,MHz
optimized,1:54,sample_elapsed,8409,ms
optimized,1:54,sample_power,0.466,W
optimized,1:54,sample_process_cpu,488.820,% one core
optimized,1:54,sample_free_ram,1.223,GiB
optimized,1:54,sample_battery_temp,36.000,C
optimized,1:54,sample_thermal_status,1,Android PowerManager status
optimized,1:54,sample_cpu0_freq,1900,MHz
optimized,1:54,sample_cpu1_freq,1900,MHz
optimized,1:54,sample_cpu2_freq,1900,MHz
optimized,1:54,sample_cpu3_freq,1900,MHz
optimized,1:54,sample_cpu4_freq,2500,MHz
optimized,1:54,sample_cpu5_freq,2500,MHz
optimized,1:54,sample_cpu6_freq,2500,MHz
optimized,1:54,sample_cpu7_freq,2500,MHz
optimized,1:55,sample_elapsed,8574,ms
optimized,1:55,sample_power,0.466,W
optimized,1:55,sample_process_cpu,495.152,% one core
optimized,1:55,sample_free_ram,1.223,GiB
optimized,1:55,sample_battery_temp,36.000,C
optimized,1:55,sample_thermal_status,1,Android PowerManager status
optimized,1:55,sample_cpu0_freq,1900,MHz
optimized,1:55,sample_cpu1_freq,1900,MHz
optimized,1:55,sample_cpu2_freq,1900,MHz
optimized,1:55,sample_cpu3_freq,1900,MHz
optimized,1:55,sample_cpu4_freq,2500,MHz
optimized,1:55,sample_cpu5_freq,2500,MHz
optimized,1:55,sample_cpu6_freq,2500,MHz
optimized,1:55,sample_cpu7_freq,2500,MHz
optimized,1:56,sample_elapsed,8731,ms
optimized,1:56,sample_power,0.466,W
optimized,1:56,sample_process_cpu,492.357,% one core
optimized,1:56,sample_free_ram,1.223,GiB
optimized,1:56,sample_battery_temp,36.000,C
optimized,1:56,sample_thermal_status,1,Android PowerManager status
optimized,1:56,sample_cpu0_freq,1900,MHz
optimized,1:56,sample_cpu1_freq,1900,MHz
optimized,1:56,sample_cpu2_freq,1900,MHz
optimized,1:56,sample_cpu3_freq,1900,MHz
optimized,1:56,sample_cpu4_freq,2500,MHz
optimized,1:56,sample_cpu5_freq,2500,MHz
optimized,1:56,sample_cpu6_freq,2500,MHz
optimized,1:56,sample_cpu7_freq,2500,MHz
optimized,1:57,sample_elapsed,8887,ms
optimized,1:57,sample_power,0.384,W
optimized,1:57,sample_process_cpu,507.051,% one core
optimized,1:57,sample_free_ram,1.223,GiB
optimized,1:57,sample_battery_temp,36.000,C
optimized,1:57,sample_thermal_status,1,Android PowerManager status
optimized,1:57,sample_cpu0_freq,1900,MHz
optimized,1:57,sample_cpu1_freq,1900,MHz
optimized,1:57,sample_cpu2_freq,1900,MHz
optimized,1:57,sample_cpu3_freq,1900,MHz
optimized,1:57,sample_cpu4_freq,2500,MHz
optimized,1:57,sample_cpu5_freq,2500,MHz
optimized,1:57,sample_cpu6_freq,2500,MHz
optimized,1:57,sample_cpu7_freq,2500,MHz
optimized,1:58,sample_elapsed,9068,ms
optimized,1:58,sample_power,0.384,W
optimized,1:58,sample_process_cpu,493.370,% one core
optimized,1:58,sample_free_ram,1.222,GiB
optimized,1:58,sample_battery_temp,36.000,C
optimized,1:58,sample_thermal_status,1,Android PowerManager status
optimized,1:58,sample_cpu0_freq,1900,MHz
optimized,1:58,sample_cpu1_freq,1900,MHz
optimized,1:58,sample_cpu2_freq,1900,MHz
optimized,1:58,sample_cpu3_freq,1900,MHz
optimized,1:58,sample_cpu4_freq,2500,MHz
optimized,1:58,sample_cpu5_freq,2500,MHz
optimized,1:58,sample_cpu6_freq,2500,MHz
optimized,1:58,sample_cpu7_freq,2500,MHz
optimized,1:59,sample_elapsed,9243,ms
optimized,1:59,sample_power,0.384,W
optimized,1:59,sample_process_cpu,497.714,% one core
optimized,1:59,sample_free_ram,1.222,GiB
optimized,1:59,sample_battery_temp,36.000,C
optimized,1:59,sample_thermal_status,1,Android PowerManager status
optimized,1:59,sample_cpu0_freq,1900,MHz
optimized,1:59,sample_cpu1_freq,1900,MHz
optimized,1:59,sample_cpu2_freq,1900,MHz
optimized,1:59,sample_cpu3_freq,1900,MHz
optimized,1:59,sample_cpu4_freq,2500,MHz
optimized,1:59,sample_cpu5_freq,2500,MHz
optimized,1:59,sample_cpu6_freq,2500,MHz
optimized,1:59,sample_cpu7_freq,2500,MHz
optimized,1:60,sample_elapsed,9402,ms
optimized,1:60,sample_power,0.469,W
optimized,1:60,sample_process_cpu,516.352,% one core
optimized,1:60,sample_free_ram,1.222,GiB
optimized,1:60,sample_battery_temp,36.000,C
optimized,1:60,sample_thermal_status,1,Android PowerManager status
optimized,1:60,sample_cpu0_freq,1900,MHz
optimized,1:60,sample_cpu1_freq,1900,MHz
optimized,1:60,sample_cpu2_freq,1900,MHz
optimized,1:60,sample_cpu3_freq,1900,MHz
optimized,1:60,sample_cpu4_freq,2500,MHz
optimized,1:60,sample_cpu5_freq,2500,MHz
optimized,1:60,sample_cpu6_freq,2500,MHz
optimized,1:60,sample_cpu7_freq,2500,MHz
optimized,1:61,sample_elapsed,9564,ms
optimized,1:61,sample_power,0.469,W
optimized,1:61,sample_process_cpu,498.765,% one core
optimized,1:61,sample_free_ram,1.222,GiB
optimized,1:61,sample_battery_temp,36.000,C
optimized,1:61,sample_thermal_status,1,Android PowerManager status
optimized,1:61,sample_cpu0_freq,1900,MHz
optimized,1:61,sample_cpu1_freq,1900,MHz
optimized,1:61,sample_cpu2_freq,1900,MHz
optimized,1:61,sample_cpu3_freq,1900,MHz
optimized,1:61,sample_cpu4_freq,2500,MHz
optimized,1:61,sample_cpu5_freq,2500,MHz
optimized,1:61,sample_cpu6_freq,2500,MHz
optimized,1:61,sample_cpu7_freq,2500,MHz
optimized,1:62,sample_elapsed,9731,ms
optimized,1:62,sample_power,0.469,W
optimized,1:62,sample_process_cpu,491.018,% one core
optimized,1:62,sample_free_ram,1.222,GiB
optimized,1:62,sample_battery_temp,36.000,C
optimized,1:62,sample_thermal_status,1,Android PowerManager status
optimized,1:62,sample_cpu0_freq,1900,MHz
optimized,1:62,sample_cpu1_freq,1900,MHz
optimized,1:62,sample_cpu2_freq,1900,MHz
optimized,1:62,sample_cpu3_freq,1900,MHz
optimized,1:62,sample_cpu4_freq,2500,MHz
optimized,1:62,sample_cpu5_freq,2500,MHz
optimized,1:62,sample_cpu6_freq,2500,MHz
optimized,1:62,sample_cpu7_freq,2500,MHz
optimized,1:63,sample_elapsed,9886,ms
optimized,1:63,sample_power,0.683,W
optimized,1:63,sample_process_cpu,516.774,% one core
optimized,1:63,sample_free_ram,1.222,GiB
optimized,1:63,sample_battery_temp,36.000,C
optimized,1:63,sample_thermal_status,1,Android PowerManager status
optimized,1:63,sample_cpu0_freq,1900,MHz
optimized,1:63,sample_cpu1_freq,1900,MHz
optimized,1:63,sample_cpu2_freq,1900,MHz
optimized,1:63,sample_cpu3_freq,1900,MHz
optimized,1:63,sample_cpu4_freq,2500,MHz
optimized,1:63,sample_cpu5_freq,2500,MHz
optimized,1:63,sample_cpu6_freq,2500,MHz
optimized,1:63,sample_cpu7_freq,2500,MHz
optimized,1:64,sample_elapsed,10045,ms
optimized,1:64,sample_power,0.683,W
optimized,1:64,sample_process_cpu,510.692,% one core
optimized,1:64,sample_free_ram,1.222,GiB
optimized,1:64,sample_battery_temp,36.000,C
optimized,1:64,sample_thermal_status,1,Android PowerManager status
optimized,1:64,sample_cpu0_freq,1900,MHz
optimized,1:64,sample_cpu1_freq,1900,MHz
optimized,1:64,sample_cpu2_freq,1900,MHz
optimized,1:64,sample_cpu3_freq,1900,MHz
optimized,1:64,sample_cpu4_freq,2500,MHz
optimized,1:64,sample_cpu5_freq,2500,MHz
optimized,1:64,sample_cpu6_freq,2500,MHz
optimized,1:64,sample_cpu7_freq,2500,MHz
optimized,1:65,sample_elapsed,10208,ms
optimized,1:65,sample_power,0.683,W
optimized,1:65,sample_process_cpu,502.454,% one core
optimized,1:65,sample_free_ram,1.221,GiB
optimized,1:65,sample_battery_temp,36.000,C
optimized,1:65,sample_thermal_status,1,Android PowerManager status
optimized,1:65,sample_cpu0_freq,1900,MHz
optimized,1:65,sample_cpu1_freq,1900,MHz
optimized,1:65,sample_cpu2_freq,1900,MHz
optimized,1:65,sample_cpu3_freq,1900,MHz
optimized,1:65,sample_cpu4_freq,2500,MHz
optimized,1:65,sample_cpu5_freq,2500,MHz
optimized,1:65,sample_cpu6_freq,2500,MHz
optimized,1:65,sample_cpu7_freq,2500,MHz
optimized,1:66,sample_elapsed,10365,ms
optimized,1:66,sample_power,0.683,W
optimized,1:66,sample_process_cpu,500.000,% one core
optimized,1:66,sample_free_ram,1.221,GiB
optimized,1:66,sample_battery_temp,36.000,C
optimized,1:66,sample_thermal_status,1,Android PowerManager status
optimized,1:66,sample_cpu0_freq,1900,MHz
optimized,1:66,sample_cpu1_freq,1900,MHz
optimized,1:66,sample_cpu2_freq,1900,MHz
optimized,1:66,sample_cpu3_freq,1900,MHz
optimized,1:66,sample_cpu4_freq,2500,MHz
optimized,1:66,sample_cpu5_freq,2500,MHz
optimized,1:66,sample_cpu6_freq,2500,MHz
optimized,1:66,sample_cpu7_freq,2500,MHz
optimized,1:67,sample_elapsed,10529,ms
optimized,1:67,sample_power,0.596,W
optimized,1:67,sample_process_cpu,499.390,% one core
optimized,1:67,sample_free_ram,1.221,GiB
optimized,1:67,sample_battery_temp,36.000,C
optimized,1:67,sample_thermal_status,1,Android PowerManager status
optimized,1:67,sample_cpu0_freq,800,MHz
optimized,1:67,sample_cpu1_freq,1900,MHz
optimized,1:67,sample_cpu2_freq,1900,MHz
optimized,1:67,sample_cpu3_freq,1900,MHz
optimized,1:67,sample_cpu4_freq,2500,MHz
optimized,1:67,sample_cpu5_freq,2500,MHz
optimized,1:67,sample_cpu6_freq,2500,MHz
optimized,1:67,sample_cpu7_freq,2500,MHz
optimized,1:68,sample_elapsed,10686,ms
optimized,1:68,sample_power,0.596,W
optimized,1:68,sample_process_cpu,506.369,% one core
optimized,1:68,sample_free_ram,1.221,GiB
optimized,1:68,sample_battery_temp,36.000,C
optimized,1:68,sample_thermal_status,1,Android PowerManager status
optimized,1:68,sample_cpu0_freq,1900,MHz
optimized,1:68,sample_cpu1_freq,1900,MHz
optimized,1:68,sample_cpu2_freq,1900,MHz
optimized,1:68,sample_cpu3_freq,1900,MHz
optimized,1:68,sample_cpu4_freq,2500,MHz
optimized,1:68,sample_cpu5_freq,2500,MHz
optimized,1:68,sample_cpu6_freq,2500,MHz
optimized,1:68,sample_cpu7_freq,2500,MHz
optimized,1:69,sample_elapsed,10842,ms
optimized,1:69,sample_power,0.596,W
optimized,1:69,sample_process_cpu,504.487,% one core
optimized,1:69,sample_free_ram,1.221,GiB
optimized,1:69,sample_battery_temp,36.000,C
optimized,1:69,sample_thermal_status,1,Android PowerManager status
optimized,1:69,sample_cpu0_freq,1900,MHz
optimized,1:69,sample_cpu1_freq,1900,MHz
optimized,1:69,sample_cpu2_freq,1900,MHz
optimized,1:69,sample_cpu3_freq,1900,MHz
optimized,1:69,sample_cpu4_freq,2500,MHz
optimized,1:69,sample_cpu5_freq,2500,MHz
optimized,1:69,sample_cpu6_freq,2500,MHz
optimized,1:69,sample_cpu7_freq,2500,MHz
optimized,1:70,sample_elapsed,11007,ms
optimized,1:70,sample_power,0.688,W
optimized,1:70,sample_process_cpu,499.394,% one core
optimized,1:70,sample_free_ram,1.221,GiB
optimized,1:70,sample_battery_temp,36.000,C
optimized,1:70,sample_thermal_status,1,Android PowerManager status
optimized,1:70,sample_cpu0_freq,1900,MHz
optimized,1:70,sample_cpu1_freq,1900,MHz
optimized,1:70,sample_cpu2_freq,1900,MHz
optimized,1:70,sample_cpu3_freq,1900,MHz
optimized,1:70,sample_cpu4_freq,2500,MHz
optimized,1:70,sample_cpu5_freq,2500,MHz
optimized,1:70,sample_cpu6_freq,2500,MHz
optimized,1:70,sample_cpu7_freq,2500,MHz
optimized,1:71,sample_elapsed,11163,ms
optimized,1:71,sample_power,0.688,W
optimized,1:71,sample_process_cpu,500.000,% one core
optimized,1:71,sample_free_ram,1.221,GiB
optimized,1:71,sample_battery_temp,36.000,C
optimized,1:71,sample_thermal_status,1,Android PowerManager status
optimized,1:71,sample_cpu0_freq,1900,MHz
optimized,1:71,sample_cpu1_freq,1900,MHz
optimized,1:71,sample_cpu2_freq,1900,MHz
optimized,1:71,sample_cpu3_freq,1900,MHz
optimized,1:71,sample_cpu4_freq,2500,MHz
optimized,1:71,sample_cpu5_freq,2500,MHz
optimized,1:71,sample_cpu6_freq,2500,MHz
optimized,1:71,sample_cpu7_freq,2500,MHz
optimized,1:72,sample_elapsed,11322,ms
optimized,1:72,sample_power,0.688,W
optimized,1:72,sample_process_cpu,535.849,% one core
optimized,1:72,sample_free_ram,1.221,GiB
optimized,1:72,sample_battery_temp,36.000,C
optimized,1:72,sample_thermal_status,1,Android PowerManager status
optimized,1:72,sample_cpu0_freq,1900,MHz
optimized,1:72,sample_cpu1_freq,1900,MHz
optimized,1:72,sample_cpu2_freq,1900,MHz
optimized,1:72,sample_cpu3_freq,1900,MHz
optimized,1:72,sample_cpu4_freq,2500,MHz
optimized,1:72,sample_cpu5_freq,2500,MHz
optimized,1:72,sample_cpu6_freq,2500,MHz
optimized,1:72,sample_cpu7_freq,2500,MHz
optimized,1:73,sample_elapsed,11492,ms
optimized,1:73,sample_power,0.274,W
optimized,1:73,sample_process_cpu,500.588,% one core
optimized,1:73,sample_free_ram,1.221,GiB
optimized,1:73,sample_battery_temp,36.000,C
optimized,1:73,sample_thermal_status,1,Android PowerManager status
optimized,1:73,sample_cpu0_freq,1900,MHz
optimized,1:73,sample_cpu1_freq,1900,MHz
optimized,1:73,sample_cpu2_freq,1900,MHz
optimized,1:73,sample_cpu3_freq,1900,MHz
optimized,1:73,sample_cpu4_freq,2500,MHz
optimized,1:73,sample_cpu5_freq,2500,MHz
optimized,1:73,sample_cpu6_freq,2500,MHz
optimized,1:73,sample_cpu7_freq,2500,MHz
optimized,2,pp,137.000,tok/s
optimized,2,tg,16.600,tok/s
optimized,2,power,0.913,W
optimized,2,tok_per_w,18.173,tok/W
optimized,2,ttft_pp512_derived,3797.467,ms
optimized,2,start_temp,37.000,C
optimized,2,average_process_cpu,496.653,% one core
optimized,2,minimum_free_ram,1.215,GiB
optimized,2,peak_battery_temp,37.000,C
optimized,2,peak_thermal_status,1,Android PowerManager status
optimized,2:1,sample_elapsed,2,ms
optimized,2:1,sample_power,2.490,W
optimized,2:1,sample_process_cpu,300.000,% one core
optimized,2:1,sample_free_ram,1.296,GiB
optimized,2:1,sample_battery_temp,37.000,C
optimized,2:1,sample_thermal_status,1,Android PowerManager status
optimized,2:1,sample_cpu0_freq,900,MHz
optimized,2:1,sample_cpu1_freq,1200,MHz
optimized,2:1,sample_cpu2_freq,1200,MHz
optimized,2:1,sample_cpu3_freq,1100,MHz
optimized,2:1,sample_cpu4_freq,1100,MHz
optimized,2:1,sample_cpu5_freq,1100,MHz
optimized,2:1,sample_cpu6_freq,1100,MHz
optimized,2:1,sample_cpu7_freq,1100,MHz
optimized,2:2,sample_elapsed,160,ms
optimized,2:2,sample_power,0.731,W
optimized,2:2,sample_process_cpu,415.823,% one core
optimized,2:2,sample_free_ram,1.245,GiB
optimized,2:2,sample_battery_temp,37.000,C
optimized,2:2,sample_thermal_status,1,Android PowerManager status
optimized,2:2,sample_cpu0_freq,1900,MHz
optimized,2:2,sample_cpu1_freq,1900,MHz
optimized,2:2,sample_cpu2_freq,1900,MHz
optimized,2:2,sample_cpu3_freq,1900,MHz
optimized,2:2,sample_cpu4_freq,2500,MHz
optimized,2:2,sample_cpu5_freq,2500,MHz
optimized,2:2,sample_cpu6_freq,2500,MHz
optimized,2:2,sample_cpu7_freq,2500,MHz
optimized,2:3,sample_elapsed,323,ms
optimized,2:3,sample_power,0.731,W
optimized,2:3,sample_process_cpu,459.509,% one core
optimized,2:3,sample_free_ram,1.217,GiB
optimized,2:3,sample_battery_temp,37.000,C
optimized,2:3,sample_thermal_status,1,Android PowerManager status
optimized,2:3,sample_cpu0_freq,1900,MHz
optimized,2:3,sample_cpu1_freq,1900,MHz
optimized,2:3,sample_cpu2_freq,1900,MHz
optimized,2:3,sample_cpu3_freq,1900,MHz
optimized,2:3,sample_cpu4_freq,2500,MHz
optimized,2:3,sample_cpu5_freq,2500,MHz
optimized,2:3,sample_cpu6_freq,2500,MHz
optimized,2:3,sample_cpu7_freq,2500,MHz
optimized,2:4,sample_elapsed,484,ms
optimized,2:4,sample_power,0.731,W
optimized,2:4,sample_process_cpu,498.137,% one core
optimized,2:4,sample_free_ram,1.216,GiB
optimized,2:4,sample_battery_temp,37.000,C
optimized,2:4,sample_thermal_status,1,Android PowerManager status
optimized,2:4,sample_cpu0_freq,1200,MHz
optimized,2:4,sample_cpu1_freq,1500,MHz
optimized,2:4,sample_cpu2_freq,1700,MHz
optimized,2:4,sample_cpu3_freq,1700,MHz
optimized,2:4,sample_cpu4_freq,2500,MHz
optimized,2:4,sample_cpu5_freq,2500,MHz
optimized,2:4,sample_cpu6_freq,2500,MHz
optimized,2:4,sample_cpu7_freq,2500,MHz
optimized,2:5,sample_elapsed,645,ms
optimized,2:5,sample_power,0.731,W
optimized,2:5,sample_process_cpu,478.882,% one core
optimized,2:5,sample_free_ram,1.216,GiB
optimized,2:5,sample_battery_temp,37.000,C
optimized,2:5,sample_thermal_status,1,Android PowerManager status
optimized,2:5,sample_cpu0_freq,1200,MHz
optimized,2:5,sample_cpu1_freq,1400,MHz
optimized,2:5,sample_cpu2_freq,800,MHz
optimized,2:5,sample_cpu3_freq,1900,MHz
optimized,2:5,sample_cpu4_freq,2500,MHz
optimized,2:5,sample_cpu5_freq,2500,MHz
optimized,2:5,sample_cpu6_freq,2500,MHz
optimized,2:5,sample_cpu7_freq,2500,MHz
optimized,2:6,sample_elapsed,814,ms
optimized,2:6,sample_power,1.085,W
optimized,2:6,sample_process_cpu,478.107,% one core
optimized,2:6,sample_free_ram,1.217,GiB
optimized,2:6,sample_battery_temp,37.000,C
optimized,2:6,sample_thermal_status,1,Android PowerManager status
optimized,2:6,sample_cpu0_freq,1900,MHz
optimized,2:6,sample_cpu1_freq,1900,MHz
optimized,2:6,sample_cpu2_freq,1900,MHz
optimized,2:6,sample_cpu3_freq,1900,MHz
optimized,2:6,sample_cpu4_freq,2500,MHz
optimized,2:6,sample_cpu5_freq,2500,MHz
optimized,2:6,sample_cpu6_freq,2500,MHz
optimized,2:6,sample_cpu7_freq,2500,MHz
optimized,2:7,sample_elapsed,980,ms
optimized,2:7,sample_power,1.085,W
optimized,2:7,sample_process_cpu,451.807,% one core
optimized,2:7,sample_free_ram,1.217,GiB
optimized,2:7,sample_battery_temp,37.000,C
optimized,2:7,sample_thermal_status,1,Android PowerManager status
optimized,2:7,sample_cpu0_freq,1600,MHz
optimized,2:7,sample_cpu1_freq,1600,MHz
optimized,2:7,sample_cpu2_freq,1600,MHz
optimized,2:7,sample_cpu3_freq,1900,MHz
optimized,2:7,sample_cpu4_freq,2500,MHz
optimized,2:7,sample_cpu5_freq,2500,MHz
optimized,2:7,sample_cpu6_freq,2500,MHz
optimized,2:7,sample_cpu7_freq,2500,MHz
optimized,2:8,sample_elapsed,1149,ms
optimized,2:8,sample_power,1.085,W
optimized,2:8,sample_process_cpu,481.657,% one core
optimized,2:8,sample_free_ram,1.216,GiB
optimized,2:8,sample_battery_temp,37.000,C
optimized,2:8,sample_thermal_status,1,Android PowerManager status
optimized,2:8,sample_cpu0_freq,1900,MHz
optimized,2:8,sample_cpu1_freq,1900,MHz
optimized,2:8,sample_cpu2_freq,1900,MHz
optimized,2:8,sample_cpu3_freq,1900,MHz
optimized,2:8,sample_cpu4_freq,2500,MHz
optimized,2:8,sample_cpu5_freq,2500,MHz
optimized,2:8,sample_cpu6_freq,2500,MHz
optimized,2:8,sample_cpu7_freq,2500,MHz
optimized,2:9,sample_elapsed,1318,ms
optimized,2:9,sample_power,1.529,W
optimized,2:9,sample_process_cpu,473.964,% one core
optimized,2:9,sample_free_ram,1.216,GiB
optimized,2:9,sample_battery_temp,37.000,C
optimized,2:9,sample_thermal_status,1,Android PowerManager status
optimized,2:9,sample_cpu0_freq,1500,MHz
optimized,2:9,sample_cpu1_freq,1500,MHz
optimized,2:9,sample_cpu2_freq,1900,MHz
optimized,2:9,sample_cpu3_freq,1900,MHz
optimized,2:9,sample_cpu4_freq,2500,MHz
optimized,2:9,sample_cpu5_freq,2500,MHz
optimized,2:9,sample_cpu6_freq,2500,MHz
optimized,2:9,sample_cpu7_freq,2500,MHz
optimized,2:10,sample_elapsed,1478,ms
optimized,2:10,sample_power,1.529,W
optimized,2:10,sample_process_cpu,473.750,% one core
optimized,2:10,sample_free_ram,1.216,GiB
optimized,2:10,sample_battery_temp,37.000,C
optimized,2:10,sample_thermal_status,1,Android PowerManager status
optimized,2:10,sample_cpu0_freq,1500,MHz
optimized,2:10,sample_cpu1_freq,1800,MHz
optimized,2:10,sample_cpu2_freq,1700,MHz
optimized,2:10,sample_cpu3_freq,1500,MHz
optimized,2:10,sample_cpu4_freq,2500,MHz
optimized,2:10,sample_cpu5_freq,2500,MHz
optimized,2:10,sample_cpu6_freq,2500,MHz
optimized,2:10,sample_cpu7_freq,2500,MHz
optimized,2:11,sample_elapsed,1647,ms
optimized,2:11,sample_power,1.529,W
optimized,2:11,sample_process_cpu,470.414,% one core
optimized,2:11,sample_free_ram,1.216,GiB
optimized,2:11,sample_battery_temp,37.000,C
optimized,2:11,sample_thermal_status,1,Android PowerManager status
optimized,2:11,sample_cpu0_freq,1900,MHz
optimized,2:11,sample_cpu1_freq,1900,MHz
optimized,2:11,sample_cpu2_freq,1900,MHz
optimized,2:11,sample_cpu3_freq,1900,MHz
optimized,2:11,sample_cpu4_freq,2500,MHz
optimized,2:11,sample_cpu5_freq,2500,MHz
optimized,2:11,sample_cpu6_freq,2500,MHz
optimized,2:11,sample_cpu7_freq,2500,MHz
optimized,2:12,sample_elapsed,1811,ms
optimized,2:12,sample_power,1.109,W
optimized,2:12,sample_process_cpu,473.780,% one core
optimized,2:12,sample_free_ram,1.216,GiB
optimized,2:12,sample_battery_temp,37.000,C
optimized,2:12,sample_thermal_status,1,Android PowerManager status
optimized,2:12,sample_cpu0_freq,1900,MHz
optimized,2:12,sample_cpu1_freq,1900,MHz
optimized,2:12,sample_cpu2_freq,1900,MHz
optimized,2:12,sample_cpu3_freq,1900,MHz
optimized,2:12,sample_cpu4_freq,2500,MHz
optimized,2:12,sample_cpu5_freq,2500,MHz
optimized,2:12,sample_cpu6_freq,2500,MHz
optimized,2:12,sample_cpu7_freq,2500,MHz
optimized,2:13,sample_elapsed,1981,ms
optimized,2:13,sample_power,1.109,W
optimized,2:13,sample_process_cpu,477.647,% one core
optimized,2:13,sample_free_ram,1.216,GiB
optimized,2:13,sample_battery_temp,37.000,C
optimized,2:13,sample_thermal_status,1,Android PowerManager status
optimized,2:13,sample_cpu0_freq,1900,MHz
optimized,2:13,sample_cpu1_freq,1300,MHz
optimized,2:13,sample_cpu2_freq,1900,MHz
optimized,2:13,sample_cpu3_freq,1900,MHz
optimized,2:13,sample_cpu4_freq,2500,MHz
optimized,2:13,sample_cpu5_freq,2500,MHz
optimized,2:13,sample_cpu6_freq,2500,MHz
optimized,2:13,sample_cpu7_freq,2500,MHz
optimized,2:14,sample_elapsed,2144,ms
optimized,2:14,sample_power,1.109,W
optimized,2:14,sample_process_cpu,466.258,% one core
optimized,2:14,sample_free_ram,1.216,GiB
optimized,2:14,sample_battery_temp,37.000,C
optimized,2:14,sample_thermal_status,1,Android PowerManager status
optimized,2:14,sample_cpu0_freq,1000,MHz
optimized,2:14,sample_cpu1_freq,1900,MHz
optimized,2:14,sample_cpu2_freq,1900,MHz
optimized,2:14,sample_cpu3_freq,1900,MHz
optimized,2:14,sample_cpu4_freq,2500,MHz
optimized,2:14,sample_cpu5_freq,2500,MHz
optimized,2:14,sample_cpu6_freq,2500,MHz
optimized,2:14,sample_cpu7_freq,2500,MHz
optimized,2:15,sample_elapsed,2310,ms
optimized,2:15,sample_power,0.812,W
optimized,2:15,sample_process_cpu,486.145,% one core
optimized,2:15,sample_free_ram,1.216,GiB
optimized,2:15,sample_battery_temp,37.000,C
optimized,2:15,sample_thermal_status,1,Android PowerManager status
optimized,2:15,sample_cpu0_freq,1900,MHz
optimized,2:15,sample_cpu1_freq,1900,MHz
optimized,2:15,sample_cpu2_freq,1900,MHz
optimized,2:15,sample_cpu3_freq,1900,MHz
optimized,2:15,sample_cpu4_freq,2500,MHz
optimized,2:15,sample_cpu5_freq,2500,MHz
optimized,2:15,sample_cpu6_freq,2500,MHz
optimized,2:15,sample_cpu7_freq,2500,MHz
optimized,2:16,sample_elapsed,2483,ms
optimized,2:16,sample_power,0.812,W
optimized,2:16,sample_process_cpu,463.006,% one core
optimized,2:16,sample_free_ram,1.216,GiB
optimized,2:16,sample_battery_temp,37.000,C
optimized,2:16,sample_thermal_status,1,Android PowerManager status
optimized,2:16,sample_cpu0_freq,1900,MHz
optimized,2:16,sample_cpu1_freq,1300,MHz
optimized,2:16,sample_cpu2_freq,1900,MHz
optimized,2:16,sample_cpu3_freq,1900,MHz
optimized,2:16,sample_cpu4_freq,2500,MHz
optimized,2:16,sample_cpu5_freq,2500,MHz
optimized,2:16,sample_cpu6_freq,2500,MHz
optimized,2:16,sample_cpu7_freq,2500,MHz
optimized,2:17,sample_elapsed,2652,ms
optimized,2:17,sample_power,0.812,W
optimized,2:17,sample_process_cpu,466.864,% one core
optimized,2:17,sample_free_ram,1.216,GiB
optimized,2:17,sample_battery_temp,37.000,C
optimized,2:17,sample_thermal_status,1,Android PowerManager status
optimized,2:17,sample_cpu0_freq,1900,MHz
optimized,2:17,sample_cpu1_freq,1900,MHz
optimized,2:17,sample_cpu2_freq,1800,MHz
optimized,2:17,sample_cpu3_freq,1600,MHz
optimized,2:17,sample_cpu4_freq,2500,MHz
optimized,2:17,sample_cpu5_freq,2500,MHz
optimized,2:17,sample_cpu6_freq,2500,MHz
optimized,2:17,sample_cpu7_freq,2500,MHz
optimized,2:18,sample_elapsed,2815,ms
optimized,2:18,sample_power,0.618,W
optimized,2:18,sample_process_cpu,482.822,% one core
optimized,2:18,sample_free_ram,1.216,GiB
optimized,2:18,sample_battery_temp,37.000,C
optimized,2:18,sample_thermal_status,1,Android PowerManager status
optimized,2:18,sample_cpu0_freq,1900,MHz
optimized,2:18,sample_cpu1_freq,1900,MHz
optimized,2:18,sample_cpu2_freq,1900,MHz
optimized,2:18,sample_cpu3_freq,1900,MHz
optimized,2:18,sample_cpu4_freq,2500,MHz
optimized,2:18,sample_cpu5_freq,2500,MHz
optimized,2:18,sample_cpu6_freq,2500,MHz
optimized,2:18,sample_cpu7_freq,2500,MHz
optimized,2:19,sample_elapsed,2980,ms
optimized,2:19,sample_power,0.925,W
optimized,2:19,sample_process_cpu,470.303,% one core
optimized,2:19,sample_free_ram,1.215,GiB
optimized,2:19,sample_battery_temp,37.000,C
optimized,2:19,sample_thermal_status,1,Android PowerManager status
optimized,2:19,sample_cpu0_freq,1300,MHz
optimized,2:19,sample_cpu1_freq,1900,MHz
optimized,2:19,sample_cpu2_freq,1700,MHz
optimized,2:19,sample_cpu3_freq,1700,MHz
optimized,2:19,sample_cpu4_freq,2500,MHz
optimized,2:19,sample_cpu5_freq,2500,MHz
optimized,2:19,sample_cpu6_freq,2500,MHz
optimized,2:19,sample_cpu7_freq,2500,MHz
optimized,2:20,sample_elapsed,3149,ms
optimized,2:20,sample_power,0.925,W
optimized,2:20,sample_process_cpu,467.456,% one core
optimized,2:20,sample_free_ram,1.215,GiB
optimized,2:20,sample_battery_temp,37.000,C
optimized,2:20,sample_thermal_status,1,Android PowerManager status
optimized,2:20,sample_cpu0_freq,1700,MHz
optimized,2:20,sample_cpu1_freq,1900,MHz
optimized,2:20,sample_cpu2_freq,1900,MHz
optimized,2:20,sample_cpu3_freq,1900,MHz
optimized,2:20,sample_cpu4_freq,2500,MHz
optimized,2:20,sample_cpu5_freq,2500,MHz
optimized,2:20,sample_cpu6_freq,2500,MHz
optimized,2:20,sample_cpu7_freq,2500,MHz
optimized,2:21,sample_elapsed,3315,ms
optimized,2:21,sample_power,0.925,W
optimized,2:21,sample_process_cpu,467.470,% one core
optimized,2:21,sample_free_ram,1.215,GiB
optimized,2:21,sample_battery_temp,37.000,C
optimized,2:21,sample_thermal_status,1,Android PowerManager status
optimized,2:21,sample_cpu0_freq,1700,MHz
optimized,2:21,sample_cpu1_freq,1900,MHz
optimized,2:21,sample_cpu2_freq,1900,MHz
optimized,2:21,sample_cpu3_freq,1500,MHz
optimized,2:21,sample_cpu4_freq,2500,MHz
optimized,2:21,sample_cpu5_freq,2500,MHz
optimized,2:21,sample_cpu6_freq,2500,MHz
optimized,2:21,sample_cpu7_freq,2500,MHz
optimized,2:22,sample_elapsed,3480,ms
optimized,2:22,sample_power,0.670,W
optimized,2:22,sample_process_cpu,482.424,% one core
optimized,2:22,sample_free_ram,1.215,GiB
optimized,2:22,sample_battery_temp,37.000,C
optimized,2:22,sample_thermal_status,1,Android PowerManager status
optimized,2:22,sample_cpu0_freq,1200,MHz
optimized,2:22,sample_cpu1_freq,1900,MHz
optimized,2:22,sample_cpu2_freq,1900,MHz
optimized,2:22,sample_cpu3_freq,1900,MHz
optimized,2:22,sample_cpu4_freq,2500,MHz
optimized,2:22,sample_cpu5_freq,2500,MHz
optimized,2:22,sample_cpu6_freq,2500,MHz
optimized,2:22,sample_cpu7_freq,2500,MHz
optimized,2:23,sample_elapsed,3643,ms
optimized,2:23,sample_power,0.670,W
optimized,2:23,sample_process_cpu,463.804,% one core
optimized,2:23,sample_free_ram,1.215,GiB
optimized,2:23,sample_battery_temp,37.000,C
optimized,2:23,sample_thermal_status,1,Android PowerManager status
optimized,2:23,sample_cpu0_freq,1900,MHz
optimized,2:23,sample_cpu1_freq,1900,MHz
optimized,2:23,sample_cpu2_freq,1900,MHz
optimized,2:23,sample_cpu3_freq,1900,MHz
optimized,2:23,sample_cpu4_freq,2500,MHz
optimized,2:23,sample_cpu5_freq,2500,MHz
optimized,2:23,sample_cpu6_freq,2500,MHz
optimized,2:23,sample_cpu7_freq,2500,MHz
optimized,2:24,sample_elapsed,3814,ms
optimized,2:24,sample_power,0.670,W
optimized,2:24,sample_process_cpu,492.982,% one core
optimized,2:24,sample_free_ram,1.215,GiB
optimized,2:24,sample_battery_temp,37.000,C
optimized,2:24,sample_thermal_status,1,Android PowerManager status
optimized,2:24,sample_cpu0_freq,1900,MHz
optimized,2:24,sample_cpu1_freq,1900,MHz
optimized,2:24,sample_cpu2_freq,1900,MHz
optimized,2:24,sample_cpu3_freq,1900,MHz
optimized,2:24,sample_cpu4_freq,2500,MHz
optimized,2:24,sample_cpu5_freq,2500,MHz
optimized,2:24,sample_cpu6_freq,2500,MHz
optimized,2:24,sample_cpu7_freq,2500,MHz
optimized,2:25,sample_elapsed,4008,ms
optimized,2:25,sample_power,1.172,W
optimized,2:25,sample_process_cpu,529.897,% one core
optimized,2:25,sample_free_ram,1.215,GiB
optimized,2:25,sample_battery_temp,37.000,C
optimized,2:25,sample_thermal_status,1,Android PowerManager status
optimized,2:25,sample_cpu0_freq,1900,MHz
optimized,2:25,sample_cpu1_freq,1900,MHz
optimized,2:25,sample_cpu2_freq,1900,MHz
optimized,2:25,sample_cpu3_freq,1900,MHz
optimized,2:25,sample_cpu4_freq,2500,MHz
optimized,2:25,sample_cpu5_freq,2500,MHz
optimized,2:25,sample_cpu6_freq,2500,MHz
optimized,2:25,sample_cpu7_freq,2500,MHz
optimized,2:26,sample_elapsed,4209,ms
optimized,2:26,sample_power,1.172,W
optimized,2:26,sample_process_cpu,508.458,% one core
optimized,2:26,sample_free_ram,1.215,GiB
optimized,2:26,sample_battery_temp,37.000,C
optimized,2:26,sample_thermal_status,1,Android PowerManager status
optimized,2:26,sample_cpu0_freq,1900,MHz
optimized,2:26,sample_cpu1_freq,1900,MHz
optimized,2:26,sample_cpu2_freq,1900,MHz
optimized,2:26,sample_cpu3_freq,1900,MHz
optimized,2:26,sample_cpu4_freq,2500,MHz
optimized,2:26,sample_cpu5_freq,2500,MHz
optimized,2:26,sample_cpu6_freq,2500,MHz
optimized,2:26,sample_cpu7_freq,2500,MHz
optimized,2:27,sample_elapsed,4397,ms
optimized,2:27,sample_power,1.172,W
optimized,2:27,sample_process_cpu,504.787,% one core
optimized,2:27,sample_free_ram,1.215,GiB
optimized,2:27,sample_battery_temp,37.000,C
optimized,2:27,sample_thermal_status,1,Android PowerManager status
optimized,2:27,sample_cpu0_freq,1900,MHz
optimized,2:27,sample_cpu1_freq,1900,MHz
optimized,2:27,sample_cpu2_freq,1900,MHz
optimized,2:27,sample_cpu3_freq,1900,MHz
optimized,2:27,sample_cpu4_freq,2500,MHz
optimized,2:27,sample_cpu5_freq,2500,MHz
optimized,2:27,sample_cpu6_freq,2500,MHz
optimized,2:27,sample_cpu7_freq,2500,MHz
optimized,2:28,sample_elapsed,4585,ms
optimized,2:28,sample_power,0.961,W
optimized,2:28,sample_process_cpu,523.936,% one core
optimized,2:28,sample_free_ram,1.215,GiB
optimized,2:28,sample_battery_temp,37.000,C
optimized,2:28,sample_thermal_status,1,Android PowerManager status
optimized,2:28,sample_cpu0_freq,1900,MHz
optimized,2:28,sample_cpu1_freq,1900,MHz
optimized,2:28,sample_cpu2_freq,1900,MHz
optimized,2:28,sample_cpu3_freq,1900,MHz
optimized,2:28,sample_cpu4_freq,2500,MHz
optimized,2:28,sample_cpu5_freq,2500,MHz
optimized,2:28,sample_cpu6_freq,2500,MHz
optimized,2:28,sample_cpu7_freq,2500,MHz
optimized,2:29,sample_elapsed,4793,ms
optimized,2:29,sample_power,0.961,W
optimized,2:29,sample_process_cpu,493.269,% one core
optimized,2:29,sample_free_ram,1.215,GiB
optimized,2:29,sample_battery_temp,37.000,C
optimized,2:29,sample_thermal_status,1,Android PowerManager status
optimized,2:29,sample_cpu0_freq,1900,MHz
optimized,2:29,sample_cpu1_freq,1900,MHz
optimized,2:29,sample_cpu2_freq,1900,MHz
optimized,2:29,sample_cpu3_freq,1900,MHz
optimized,2:29,sample_cpu4_freq,2500,MHz
optimized,2:29,sample_cpu5_freq,2500,MHz
optimized,2:29,sample_cpu6_freq,2500,MHz
optimized,2:29,sample_cpu7_freq,2500,MHz
optimized,2:30,sample_elapsed,5004,ms
optimized,2:30,sample_power,0.961,W
optimized,2:30,sample_process_cpu,524.171,% one core
optimized,2:30,sample_free_ram,1.226,GiB
optimized,2:30,sample_battery_temp,37.000,C
optimized,2:30,sample_thermal_status,1,Android PowerManager status
optimized,2:30,sample_cpu0_freq,1900,MHz
optimized,2:30,sample_cpu1_freq,1900,MHz
optimized,2:30,sample_cpu2_freq,1900,MHz
optimized,2:30,sample_cpu3_freq,1900,MHz
optimized,2:30,sample_cpu4_freq,2500,MHz
optimized,2:30,sample_cpu5_freq,2500,MHz
optimized,2:30,sample_cpu6_freq,2500,MHz
optimized,2:30,sample_cpu7_freq,2500,MHz
optimized,2:31,sample_elapsed,5219,ms
optimized,2:31,sample_power,0.874,W
optimized,2:31,sample_process_cpu,517.209,% one core
optimized,2:31,sample_free_ram,1.226,GiB
optimized,2:31,sample_battery_temp,37.000,C
optimized,2:31,sample_thermal_status,1,Android PowerManager status
optimized,2:31,sample_cpu0_freq,1900,MHz
optimized,2:31,sample_cpu1_freq,1900,MHz
optimized,2:31,sample_cpu2_freq,1900,MHz
optimized,2:31,sample_cpu3_freq,1900,MHz
optimized,2:31,sample_cpu4_freq,2500,MHz
optimized,2:31,sample_cpu5_freq,2500,MHz
optimized,2:31,sample_cpu6_freq,2500,MHz
optimized,2:31,sample_cpu7_freq,2500,MHz
optimized,2:32,sample_elapsed,5455,ms
optimized,2:32,sample_power,0.874,W
optimized,2:32,sample_process_cpu,494.068,% one core
optimized,2:32,sample_free_ram,1.226,GiB
optimized,2:32,sample_battery_temp,37.000,C
optimized,2:32,sample_thermal_status,1,Android PowerManager status
optimized,2:32,sample_cpu0_freq,1900,MHz
optimized,2:32,sample_cpu1_freq,1900,MHz
optimized,2:32,sample_cpu2_freq,1900,MHz
optimized,2:32,sample_cpu3_freq,1900,MHz
optimized,2:32,sample_cpu4_freq,2500,MHz
optimized,2:32,sample_cpu5_freq,2500,MHz
optimized,2:32,sample_cpu6_freq,2500,MHz
optimized,2:32,sample_cpu7_freq,2500,MHz
optimized,2:33,sample_elapsed,5655,ms
optimized,2:33,sample_power,0.932,W
optimized,2:33,sample_process_cpu,504.500,% one core
optimized,2:33,sample_free_ram,1.232,GiB
optimized,2:33,sample_battery_temp,37.000,C
optimized,2:33,sample_thermal_status,1,Android PowerManager status
optimized,2:33,sample_cpu0_freq,1900,MHz
optimized,2:33,sample_cpu1_freq,1900,MHz
optimized,2:33,sample_cpu2_freq,1900,MHz
optimized,2:33,sample_cpu3_freq,1900,MHz
optimized,2:33,sample_cpu4_freq,2500,MHz
optimized,2:33,sample_cpu5_freq,2500,MHz
optimized,2:33,sample_cpu6_freq,2500,MHz
optimized,2:33,sample_cpu7_freq,2500,MHz
optimized,2:34,sample_elapsed,5879,ms
optimized,2:34,sample_power,0.932,W
optimized,2:34,sample_process_cpu,506.696,% one core
optimized,2:34,sample_free_ram,1.232,GiB
optimized,2:34,sample_battery_temp,37.000,C
optimized,2:34,sample_thermal_status,1,Android PowerManager status
optimized,2:34,sample_cpu0_freq,1900,MHz
optimized,2:34,sample_cpu1_freq,1900,MHz
optimized,2:34,sample_cpu2_freq,1900,MHz
optimized,2:34,sample_cpu3_freq,1900,MHz
optimized,2:34,sample_cpu4_freq,2500,MHz
optimized,2:34,sample_cpu5_freq,2500,MHz
optimized,2:34,sample_cpu6_freq,2500,MHz
optimized,2:34,sample_cpu7_freq,2500,MHz
optimized,2:35,sample_elapsed,6046,ms
optimized,2:35,sample_power,0.932,W
optimized,2:35,sample_process_cpu,474.251,% one core
optimized,2:35,sample_free_ram,1.232,GiB
optimized,2:35,sample_battery_temp,37.000,C
optimized,2:35,sample_thermal_status,1,Android PowerManager status
optimized,2:35,sample_cpu0_freq,1900,MHz
optimized,2:35,sample_cpu1_freq,1900,MHz
optimized,2:35,sample_cpu2_freq,1900,MHz
optimized,2:35,sample_cpu3_freq,1900,MHz
optimized,2:35,sample_cpu4_freq,2500,MHz
optimized,2:35,sample_cpu5_freq,2500,MHz
optimized,2:35,sample_cpu6_freq,2500,MHz
optimized,2:35,sample_cpu7_freq,2500,MHz
optimized,2:36,sample_elapsed,6243,ms
optimized,2:36,sample_power,1.028,W
optimized,2:36,sample_process_cpu,529.442,% one core
optimized,2:36,sample_free_ram,1.233,GiB
optimized,2:36,sample_battery_temp,37.000,C
optimized,2:36,sample_thermal_status,1,Android PowerManager status
optimized,2:36,sample_cpu0_freq,1900,MHz
optimized,2:36,sample_cpu1_freq,1900,MHz
optimized,2:36,sample_cpu2_freq,1900,MHz
optimized,2:36,sample_cpu3_freq,1900,MHz
optimized,2:36,sample_cpu4_freq,2500,MHz
optimized,2:36,sample_cpu5_freq,2500,MHz
optimized,2:36,sample_cpu6_freq,2500,MHz
optimized,2:36,sample_cpu7_freq,2500,MHz
optimized,2:37,sample_elapsed,6434,ms
optimized,2:37,sample_power,1.028,W
optimized,2:37,sample_process_cpu,509.948,% one core
optimized,2:37,sample_free_ram,1.232,GiB
optimized,2:37,sample_battery_temp,37.000,C
optimized,2:37,sample_thermal_status,1,Android PowerManager status
optimized,2:37,sample_cpu0_freq,1900,MHz
optimized,2:37,sample_cpu1_freq,1900,MHz
optimized,2:37,sample_cpu2_freq,1900,MHz
optimized,2:37,sample_cpu3_freq,1900,MHz
optimized,2:37,sample_cpu4_freq,2500,MHz
optimized,2:37,sample_cpu5_freq,2500,MHz
optimized,2:37,sample_cpu6_freq,2500,MHz
optimized,2:37,sample_cpu7_freq,2500,MHz
optimized,2:38,sample_elapsed,6641,ms
optimized,2:38,sample_power,1.028,W
optimized,2:38,sample_process_cpu,520.290,% one core
optimized,2:38,sample_free_ram,1.232,GiB
optimized,2:38,sample_battery_temp,37.000,C
optimized,2:38,sample_thermal_status,1,Android PowerManager status
optimized,2:38,sample_cpu0_freq,1900,MHz
optimized,2:38,sample_cpu1_freq,1900,MHz
optimized,2:38,sample_cpu2_freq,1900,MHz
optimized,2:38,sample_cpu3_freq,1900,MHz
optimized,2:38,sample_cpu4_freq,2500,MHz
optimized,2:38,sample_cpu5_freq,2500,MHz
optimized,2:38,sample_cpu6_freq,2500,MHz
optimized,2:38,sample_cpu7_freq,2500,MHz
optimized,2:39,sample_elapsed,6843,ms
optimized,2:39,sample_power,0.783,W
optimized,2:39,sample_process_cpu,506.436,% one core
optimized,2:39,sample_free_ram,1.232,GiB
optimized,2:39,sample_battery_temp,37.000,C
optimized,2:39,sample_thermal_status,1,Android PowerManager status
optimized,2:39,sample_cpu0_freq,1900,MHz
optimized,2:39,sample_cpu1_freq,1900,MHz
optimized,2:39,sample_cpu2_freq,1900,MHz
optimized,2:39,sample_cpu3_freq,1900,MHz
optimized,2:39,sample_cpu4_freq,2500,MHz
optimized,2:39,sample_cpu5_freq,2500,MHz
optimized,2:39,sample_cpu6_freq,2500,MHz
optimized,2:39,sample_cpu7_freq,2500,MHz
optimized,2:40,sample_elapsed,7050,ms
optimized,2:40,sample_power,0.783,W
optimized,2:40,sample_process_cpu,547.343,% one core
optimized,2:40,sample_free_ram,1.232,GiB
optimized,2:40,sample_battery_temp,37.000,C
optimized,2:40,sample_thermal_status,1,Android PowerManager status
optimized,2:40,sample_cpu0_freq,1900,MHz
optimized,2:40,sample_cpu1_freq,1900,MHz
optimized,2:40,sample_cpu2_freq,1900,MHz
optimized,2:40,sample_cpu3_freq,1900,MHz
optimized,2:40,sample_cpu4_freq,2500,MHz
optimized,2:40,sample_cpu5_freq,2500,MHz
optimized,2:40,sample_cpu6_freq,2500,MHz
optimized,2:40,sample_cpu7_freq,2500,MHz
optimized,2:41,sample_elapsed,7263,ms
optimized,2:41,sample_power,0.982,W
optimized,2:41,sample_process_cpu,474.648,% one core
optimized,2:41,sample_free_ram,1.232,GiB
optimized,2:41,sample_battery_temp,37.000,C
optimized,2:41,sample_thermal_status,1,Android PowerManager status
optimized,2:41,sample_cpu0_freq,1900,MHz
optimized,2:41,sample_cpu1_freq,1900,MHz
optimized,2:41,sample_cpu2_freq,1900,MHz
optimized,2:41,sample_cpu3_freq,1900,MHz
optimized,2:41,sample_cpu4_freq,2500,MHz
optimized,2:41,sample_cpu5_freq,2500,MHz
optimized,2:41,sample_cpu6_freq,2500,MHz
optimized,2:41,sample_cpu7_freq,2500,MHz
optimized,2:42,sample_elapsed,7463,ms
optimized,2:42,sample_power,0.982,W
optimized,2:42,sample_process_cpu,502.000,% one core
optimized,2:42,sample_free_ram,1.232,GiB
optimized,2:42,sample_battery_temp,37.000,C
optimized,2:42,sample_thermal_status,1,Android PowerManager status
optimized,2:42,sample_cpu0_freq,1900,MHz
optimized,2:42,sample_cpu1_freq,1900,MHz
optimized,2:42,sample_cpu2_freq,1900,MHz
optimized,2:42,sample_cpu3_freq,1900,MHz
optimized,2:42,sample_cpu4_freq,2500,MHz
optimized,2:42,sample_cpu5_freq,2500,MHz
optimized,2:42,sample_cpu6_freq,2500,MHz
optimized,2:42,sample_cpu7_freq,2500,MHz
optimized,2:43,sample_elapsed,7662,ms
optimized,2:43,sample_power,0.982,W
optimized,2:43,sample_process_cpu,523.116,% one core
optimized,2:43,sample_free_ram,1.232,GiB
optimized,2:43,sample_battery_temp,37.000,C
optimized,2:43,sample_thermal_status,1,Android PowerManager status
optimized,2:43,sample_cpu0_freq,1900,MHz
optimized,2:43,sample_cpu1_freq,1900,MHz
optimized,2:43,sample_cpu2_freq,1900,MHz
optimized,2:43,sample_cpu3_freq,1900,MHz
optimized,2:43,sample_cpu4_freq,2500,MHz
optimized,2:43,sample_cpu5_freq,2500,MHz
optimized,2:43,sample_cpu6_freq,2500,MHz
optimized,2:43,sample_cpu7_freq,2500,MHz
optimized,2:44,sample_elapsed,7845,ms
optimized,2:44,sample_power,0.609,W
optimized,2:44,sample_process_cpu,504.372,% one core
optimized,2:44,sample_free_ram,1.231,GiB
optimized,2:44,sample_battery_temp,37.000,C
optimized,2:44,sample_thermal_status,1,Android PowerManager status
optimized,2:44,sample_cpu0_freq,1900,MHz
optimized,2:44,sample_cpu1_freq,1900,MHz
optimized,2:44,sample_cpu2_freq,1900,MHz
optimized,2:44,sample_cpu3_freq,1900,MHz
optimized,2:44,sample_cpu4_freq,2500,MHz
optimized,2:44,sample_cpu5_freq,2500,MHz
optimized,2:44,sample_cpu6_freq,2500,MHz
optimized,2:44,sample_cpu7_freq,2500,MHz
optimized,2:45,sample_elapsed,8050,ms
optimized,2:45,sample_power,0.609,W
optimized,2:45,sample_process_cpu,507.317,% one core
optimized,2:45,sample_free_ram,1.231,GiB
optimized,2:45,sample_battery_temp,37.000,C
optimized,2:45,sample_thermal_status,1,Android PowerManager status
optimized,2:45,sample_cpu0_freq,1900,MHz
optimized,2:45,sample_cpu1_freq,1900,MHz
optimized,2:45,sample_cpu2_freq,1900,MHz
optimized,2:45,sample_cpu3_freq,1900,MHz
optimized,2:45,sample_cpu4_freq,2500,MHz
optimized,2:45,sample_cpu5_freq,2500,MHz
optimized,2:45,sample_cpu6_freq,2500,MHz
optimized,2:45,sample_cpu7_freq,2500,MHz
optimized,2:46,sample_elapsed,8220,ms
optimized,2:46,sample_power,0.609,W
optimized,2:46,sample_process_cpu,500.588,% one core
optimized,2:46,sample_free_ram,1.231,GiB
optimized,2:46,sample_battery_temp,37.000,C
optimized,2:46,sample_thermal_status,1,Android PowerManager status
optimized,2:46,sample_cpu0_freq,1900,MHz
optimized,2:46,sample_cpu1_freq,1900,MHz
optimized,2:46,sample_cpu2_freq,1900,MHz
optimized,2:46,sample_cpu3_freq,1900,MHz
optimized,2:46,sample_cpu4_freq,2500,MHz
optimized,2:46,sample_cpu5_freq,2500,MHz
optimized,2:46,sample_cpu6_freq,2500,MHz
optimized,2:46,sample_cpu7_freq,2500,MHz
optimized,2:47,sample_elapsed,8408,ms
optimized,2:47,sample_power,0.666,W
optimized,2:47,sample_process_cpu,523.936,% one core
optimized,2:47,sample_free_ram,1.231,GiB
optimized,2:47,sample_battery_temp,37.000,C
optimized,2:47,sample_thermal_status,1,Android PowerManager status
optimized,2:47,sample_cpu0_freq,1900,MHz
optimized,2:47,sample_cpu1_freq,1900,MHz
optimized,2:47,sample_cpu2_freq,1900,MHz
optimized,2:47,sample_cpu3_freq,1900,MHz
optimized,2:47,sample_cpu4_freq,2500,MHz
optimized,2:47,sample_cpu5_freq,2500,MHz
optimized,2:47,sample_cpu6_freq,2500,MHz
optimized,2:47,sample_cpu7_freq,2500,MHz
optimized,2:48,sample_elapsed,8630,ms
optimized,2:48,sample_power,0.666,W
optimized,2:48,sample_process_cpu,522.973,% one core
optimized,2:48,sample_free_ram,1.231,GiB
optimized,2:48,sample_battery_temp,37.000,C
optimized,2:48,sample_thermal_status,1,Android PowerManager status
optimized,2:48,sample_cpu0_freq,1900,MHz
optimized,2:48,sample_cpu1_freq,1900,MHz
optimized,2:48,sample_cpu2_freq,1900,MHz
optimized,2:48,sample_cpu3_freq,1900,MHz
optimized,2:48,sample_cpu4_freq,2500,MHz
optimized,2:48,sample_cpu5_freq,2500,MHz
optimized,2:48,sample_cpu6_freq,2500,MHz
optimized,2:48,sample_cpu7_freq,2500,MHz
optimized,2:49,sample_elapsed,8837,ms
optimized,2:49,sample_power,0.666,W
optimized,2:49,sample_process_cpu,516.425,% one core
optimized,2:49,sample_free_ram,1.231,GiB
optimized,2:49,sample_battery_temp,37.000,C
optimized,2:49,sample_thermal_status,1,Android PowerManager status
optimized,2:49,sample_cpu0_freq,1900,MHz
optimized,2:49,sample_cpu1_freq,1900,MHz
optimized,2:49,sample_cpu2_freq,1900,MHz
optimized,2:49,sample_cpu3_freq,1900,MHz
optimized,2:49,sample_cpu4_freq,2500,MHz
optimized,2:49,sample_cpu5_freq,2500,MHz
optimized,2:49,sample_cpu6_freq,2500,MHz
optimized,2:49,sample_cpu7_freq,2500,MHz
optimized,2:50,sample_elapsed,9053,ms
optimized,2:50,sample_power,0.788,W
optimized,2:50,sample_process_cpu,534.259,% one core
optimized,2:50,sample_free_ram,1.231,GiB
optimized,2:50,sample_battery_temp,37.000,C
optimized,2:50,sample_thermal_status,1,Android PowerManager status
optimized,2:50,sample_cpu0_freq,1900,MHz
optimized,2:50,sample_cpu1_freq,1900,MHz
optimized,2:50,sample_cpu2_freq,1900,MHz
optimized,2:50,sample_cpu3_freq,1900,MHz
optimized,2:50,sample_cpu4_freq,2500,MHz
optimized,2:50,sample_cpu5_freq,2500,MHz
optimized,2:50,sample_cpu6_freq,2500,MHz
optimized,2:50,sample_cpu7_freq,2500,MHz
optimized,2:51,sample_elapsed,9271,ms
optimized,2:51,sample_power,0.788,W
optimized,2:51,sample_process_cpu,483.028,% one core
optimized,2:51,sample_free_ram,1.231,GiB
optimized,2:51,sample_battery_temp,37.000,C
optimized,2:51,sample_thermal_status,1,Android PowerManager status
optimized,2:51,sample_cpu0_freq,1900,MHz
optimized,2:51,sample_cpu1_freq,1900,MHz
optimized,2:51,sample_cpu2_freq,1900,MHz
optimized,2:51,sample_cpu3_freq,1900,MHz
optimized,2:51,sample_cpu4_freq,2500,MHz
optimized,2:51,sample_cpu5_freq,2500,MHz
optimized,2:51,sample_cpu6_freq,2500,MHz
optimized,2:51,sample_cpu7_freq,2500,MHz
optimized,2:52,sample_elapsed,9470,ms
optimized,2:52,sample_power,0.855,W
optimized,2:52,sample_process_cpu,512.060,% one core
optimized,2:52,sample_free_ram,1.231,GiB
optimized,2:52,sample_battery_temp,37.000,C
optimized,2:52,sample_thermal_status,1,Android PowerManager status
optimized,2:52,sample_cpu0_freq,1900,MHz
optimized,2:52,sample_cpu1_freq,1900,MHz
optimized,2:52,sample_cpu2_freq,1900,MHz
optimized,2:52,sample_cpu3_freq,1900,MHz
optimized,2:52,sample_cpu4_freq,2500,MHz
optimized,2:52,sample_cpu5_freq,2500,MHz
optimized,2:52,sample_cpu6_freq,2500,MHz
optimized,2:52,sample_cpu7_freq,2500,MHz
optimized,2:53,sample_elapsed,9727,ms
optimized,2:53,sample_power,0.855,W
optimized,2:53,sample_process_cpu,531.518,% one core
optimized,2:53,sample_free_ram,1.231,GiB
optimized,2:53,sample_battery_temp,37.000,C
optimized,2:53,sample_thermal_status,1,Android PowerManager status
optimized,2:53,sample_cpu0_freq,1900,MHz
optimized,2:53,sample_cpu1_freq,1900,MHz
optimized,2:53,sample_cpu2_freq,1900,MHz
optimized,2:53,sample_cpu3_freq,1900,MHz
optimized,2:53,sample_cpu4_freq,2500,MHz
optimized,2:53,sample_cpu5_freq,2500,MHz
optimized,2:53,sample_cpu6_freq,2500,MHz
optimized,2:53,sample_cpu7_freq,2500,MHz
optimized,2:54,sample_elapsed,9934,ms
optimized,2:54,sample_power,0.731,W
optimized,2:54,sample_process_cpu,537.198,% one core
optimized,2:54,sample_free_ram,1.231,GiB
optimized,2:54,sample_battery_temp,37.000,C
optimized,2:54,sample_thermal_status,1,Android PowerManager status
optimized,2:54,sample_cpu0_freq,1900,MHz
optimized,2:54,sample_cpu1_freq,1900,MHz
optimized,2:54,sample_cpu2_freq,1900,MHz
optimized,2:54,sample_cpu3_freq,1900,MHz
optimized,2:54,sample_cpu4_freq,2500,MHz
optimized,2:54,sample_cpu5_freq,2500,MHz
optimized,2:54,sample_cpu6_freq,2500,MHz
optimized,2:54,sample_cpu7_freq,2500,MHz
optimized,2:55,sample_elapsed,10164,ms
optimized,2:55,sample_power,0.731,W
optimized,2:55,sample_process_cpu,485.217,% one core
optimized,2:55,sample_free_ram,1.230,GiB
optimized,2:55,sample_battery_temp,37.000,C
optimized,2:55,sample_thermal_status,1,Android PowerManager status
optimized,2:55,sample_cpu0_freq,1900,MHz
optimized,2:55,sample_cpu1_freq,1900,MHz
optimized,2:55,sample_cpu2_freq,1900,MHz
optimized,2:55,sample_cpu3_freq,1900,MHz
optimized,2:55,sample_cpu4_freq,2500,MHz
optimized,2:55,sample_cpu5_freq,2500,MHz
optimized,2:55,sample_cpu6_freq,2500,MHz
optimized,2:55,sample_cpu7_freq,2500,MHz
optimized,2:56,sample_elapsed,10374,ms
optimized,2:56,sample_power,0.731,W
optimized,2:56,sample_process_cpu,519.048,% one core
optimized,2:56,sample_free_ram,1.230,GiB
optimized,2:56,sample_battery_temp,37.000,C
optimized,2:56,sample_thermal_status,1,Android PowerManager status
optimized,2:56,sample_cpu0_freq,1900,MHz
optimized,2:56,sample_cpu1_freq,1900,MHz
optimized,2:56,sample_cpu2_freq,1900,MHz
optimized,2:56,sample_cpu3_freq,1900,MHz
optimized,2:56,sample_cpu4_freq,2500,MHz
optimized,2:56,sample_cpu5_freq,2500,MHz
optimized,2:56,sample_cpu6_freq,2500,MHz
optimized,2:56,sample_cpu7_freq,2500,MHz
optimized,2:57,sample_elapsed,10582,ms
optimized,2:57,sample_power,0.676,W
optimized,2:57,sample_process_cpu,511.538,% one core
optimized,2:57,sample_free_ram,1.230,GiB
optimized,2:57,sample_battery_temp,37.000,C
optimized,2:57,sample_thermal_status,1,Android PowerManager status
optimized,2:57,sample_cpu0_freq,1900,MHz
optimized,2:57,sample_cpu1_freq,1900,MHz
optimized,2:57,sample_cpu2_freq,1900,MHz
optimized,2:57,sample_cpu3_freq,1900,MHz
optimized,2:57,sample_cpu4_freq,2500,MHz
optimized,2:57,sample_cpu5_freq,2500,MHz
optimized,2:57,sample_cpu6_freq,2500,MHz
optimized,2:57,sample_cpu7_freq,2500,MHz
optimized,2:58,sample_elapsed,10796,ms
optimized,2:58,sample_power,0.676,W
optimized,2:58,sample_process_cpu,512.150,% one core
optimized,2:58,sample_free_ram,1.230,GiB
optimized,2:58,sample_battery_temp,37.000,C
optimized,2:58,sample_thermal_status,1,Android PowerManager status
optimized,2:58,sample_cpu0_freq,1900,MHz
optimized,2:58,sample_cpu1_freq,1900,MHz
optimized,2:58,sample_cpu2_freq,1900,MHz
optimized,2:58,sample_cpu3_freq,1900,MHz
optimized,2:58,sample_cpu4_freq,2500,MHz
optimized,2:58,sample_cpu5_freq,2500,MHz
optimized,2:58,sample_cpu6_freq,2500,MHz
optimized,2:58,sample_cpu7_freq,2500,MHz
optimized,2:59,sample_elapsed,11008,ms
optimized,2:59,sample_power,0.702,W
optimized,2:59,sample_process_cpu,536.321,% one core
optimized,2:59,sample_free_ram,1.230,GiB
optimized,2:59,sample_battery_temp,37.000,C
optimized,2:59,sample_thermal_status,1,Android PowerManager status
optimized,2:59,sample_cpu0_freq,1900,MHz
optimized,2:59,sample_cpu1_freq,1900,MHz
optimized,2:59,sample_cpu2_freq,1900,MHz
optimized,2:59,sample_cpu3_freq,1900,MHz
optimized,2:59,sample_cpu4_freq,2500,MHz
optimized,2:59,sample_cpu5_freq,2500,MHz
optimized,2:59,sample_cpu6_freq,2500,MHz
optimized,2:59,sample_cpu7_freq,2500,MHz
optimized,2:60,sample_elapsed,11220,ms
optimized,2:60,sample_power,0.702,W
optimized,2:60,sample_process_cpu,499.528,% one core
optimized,2:60,sample_free_ram,1.230,GiB
optimized,2:60,sample_battery_temp,37.000,C
optimized,2:60,sample_thermal_status,1,Android PowerManager status
optimized,2:60,sample_cpu0_freq,1900,MHz
optimized,2:60,sample_cpu1_freq,1900,MHz
optimized,2:60,sample_cpu2_freq,1900,MHz
optimized,2:60,sample_cpu3_freq,1900,MHz
optimized,2:60,sample_cpu4_freq,2500,MHz
optimized,2:60,sample_cpu5_freq,2500,MHz
optimized,2:60,sample_cpu6_freq,2500,MHz
optimized,2:60,sample_cpu7_freq,2500,MHz
optimized,2:61,sample_elapsed,11418,ms
optimized,2:61,sample_power,0.702,W
optimized,2:61,sample_process_cpu,524.242,% one core
optimized,2:61,sample_free_ram,1.230,GiB
optimized,2:61,sample_battery_temp,37.000,C
optimized,2:61,sample_thermal_status,1,Android PowerManager status
optimized,2:61,sample_cpu0_freq,1900,MHz
optimized,2:61,sample_cpu1_freq,1900,MHz
optimized,2:61,sample_cpu2_freq,1900,MHz
optimized,2:61,sample_cpu3_freq,1900,MHz
optimized,2:61,sample_cpu4_freq,2500,MHz
optimized,2:61,sample_cpu5_freq,2500,MHz
optimized,2:61,sample_cpu6_freq,2500,MHz
optimized,2:61,sample_cpu7_freq,2500,MHz
optimized,3,pp,135.000,tok/s
optimized,3,tg,15.700,tok/s
optimized,3,power,1.053,W
optimized,3,tok_per_w,14.911,tok/W
optimized,3,ttft_pp512_derived,3856.287,ms
optimized,3,start_temp,37.000,C
optimized,3,average_process_cpu,489.705,% one core
optimized,3,minimum_free_ram,1.219,GiB
optimized,3,peak_battery_temp,37.000,C
optimized,3,peak_thermal_status,1,Android PowerManager status
optimized,3:1,sample_elapsed,1,ms
optimized,3:1,sample_power,2.418,W
optimized,3:1,sample_process_cpu,2000.000,% one core
optimized,3:1,sample_free_ram,1.310,GiB
optimized,3:1,sample_battery_temp,37.000,C
optimized,3:1,sample_thermal_status,1,Android PowerManager status
optimized,3:1,sample_cpu0_freq,1100,MHz
optimized,3:1,sample_cpu1_freq,1100,MHz
optimized,3:1,sample_cpu2_freq,1100,MHz
optimized,3:1,sample_cpu3_freq,1100,MHz
optimized,3:1,sample_cpu4_freq,700,MHz
optimized,3:1,sample_cpu5_freq,700,MHz
optimized,3:1,sample_cpu6_freq,700,MHz
optimized,3:1,sample_cpu7_freq,700,MHz
optimized,3:2,sample_elapsed,168,ms
optimized,3:2,sample_power,2.418,W
optimized,3:2,sample_process_cpu,401.796,% one core
optimized,3:2,sample_free_ram,1.255,GiB
optimized,3:2,sample_battery_temp,37.000,C
optimized,3:2,sample_thermal_status,1,Android PowerManager status
optimized,3:2,sample_cpu0_freq,1900,MHz
optimized,3:2,sample_cpu1_freq,1900,MHz
optimized,3:2,sample_cpu2_freq,1900,MHz
optimized,3:2,sample_cpu3_freq,1900,MHz
optimized,3:2,sample_cpu4_freq,2500,MHz
optimized,3:2,sample_cpu5_freq,2500,MHz
optimized,3:2,sample_cpu6_freq,2500,MHz
optimized,3:2,sample_cpu7_freq,2500,MHz
optimized,3:3,sample_elapsed,325,ms
optimized,3:3,sample_power,1.009,W
optimized,3:3,sample_process_cpu,510.828,% one core
optimized,3:3,sample_free_ram,1.227,GiB
optimized,3:3,sample_battery_temp,37.000,C
optimized,3:3,sample_thermal_status,1,Android PowerManager status
optimized,3:3,sample_cpu0_freq,1300,MHz
optimized,3:3,sample_cpu1_freq,1300,MHz
optimized,3:3,sample_cpu2_freq,1300,MHz
optimized,3:3,sample_cpu3_freq,1300,MHz
optimized,3:3,sample_cpu4_freq,2500,MHz
optimized,3:3,sample_cpu5_freq,2500,MHz
optimized,3:3,sample_cpu6_freq,2500,MHz
optimized,3:3,sample_cpu7_freq,2500,MHz
optimized,3:4,sample_elapsed,481,ms
optimized,3:4,sample_power,1.009,W
optimized,3:4,sample_process_cpu,455.128,% one core
optimized,3:4,sample_free_ram,1.226,GiB
optimized,3:4,sample_battery_temp,37.000,C
optimized,3:4,sample_thermal_status,1,Android PowerManager status
optimized,3:4,sample_cpu0_freq,1900,MHz
optimized,3:4,sample_cpu1_freq,1900,MHz
optimized,3:4,sample_cpu2_freq,450,MHz
optimized,3:4,sample_cpu3_freq,700,MHz
optimized,3:4,sample_cpu4_freq,2500,MHz
optimized,3:4,sample_cpu5_freq,2500,MHz
optimized,3:4,sample_cpu6_freq,2500,MHz
optimized,3:4,sample_cpu7_freq,2500,MHz
optimized,3:5,sample_elapsed,635,ms
optimized,3:5,sample_power,1.009,W
optimized,3:5,sample_process_cpu,467.532,% one core
optimized,3:5,sample_free_ram,1.226,GiB
optimized,3:5,sample_battery_temp,37.000,C
optimized,3:5,sample_thermal_status,1,Android PowerManager status
optimized,3:5,sample_cpu0_freq,1900,MHz
optimized,3:5,sample_cpu1_freq,1900,MHz
optimized,3:5,sample_cpu2_freq,1900,MHz
optimized,3:5,sample_cpu3_freq,1900,MHz
optimized,3:5,sample_cpu4_freq,2500,MHz
optimized,3:5,sample_cpu5_freq,2500,MHz
optimized,3:5,sample_cpu6_freq,2500,MHz
optimized,3:5,sample_cpu7_freq,2500,MHz
optimized,3:6,sample_elapsed,793,ms
optimized,3:6,sample_power,1.009,W
optimized,3:6,sample_process_cpu,465.190,% one core
optimized,3:6,sample_free_ram,1.226,GiB
optimized,3:6,sample_battery_temp,37.000,C
optimized,3:6,sample_thermal_status,1,Android PowerManager status
optimized,3:6,sample_cpu0_freq,450,MHz
optimized,3:6,sample_cpu1_freq,450,MHz
optimized,3:6,sample_cpu2_freq,450,MHz
optimized,3:6,sample_cpu3_freq,450,MHz
optimized,3:6,sample_cpu4_freq,2500,MHz
optimized,3:6,sample_cpu5_freq,2500,MHz
optimized,3:6,sample_cpu6_freq,2500,MHz
optimized,3:6,sample_cpu7_freq,2500,MHz
optimized,3:7,sample_elapsed,946,ms
optimized,3:7,sample_power,1.083,W
optimized,3:7,sample_process_cpu,466.013,% one core
optimized,3:7,sample_free_ram,1.226,GiB
optimized,3:7,sample_battery_temp,37.000,C
optimized,3:7,sample_thermal_status,1,Android PowerManager status
optimized,3:7,sample_cpu0_freq,1900,MHz
optimized,3:7,sample_cpu1_freq,1900,MHz
optimized,3:7,sample_cpu2_freq,1900,MHz
optimized,3:7,sample_cpu3_freq,1900,MHz
optimized,3:7,sample_cpu4_freq,2500,MHz
optimized,3:7,sample_cpu5_freq,2500,MHz
optimized,3:7,sample_cpu6_freq,2500,MHz
optimized,3:7,sample_cpu7_freq,2500,MHz
optimized,3:8,sample_elapsed,1102,ms
optimized,3:8,sample_power,1.083,W
optimized,3:8,sample_process_cpu,468.590,% one core
optimized,3:8,sample_free_ram,1.226,GiB
optimized,3:8,sample_battery_temp,37.000,C
optimized,3:8,sample_thermal_status,1,Android PowerManager status
optimized,3:8,sample_cpu0_freq,600,MHz
optimized,3:8,sample_cpu1_freq,600,MHz
optimized,3:8,sample_cpu2_freq,600,MHz
optimized,3:8,sample_cpu3_freq,600,MHz
optimized,3:8,sample_cpu4_freq,2500,MHz
optimized,3:8,sample_cpu5_freq,2500,MHz
optimized,3:8,sample_cpu6_freq,2500,MHz
optimized,3:8,sample_cpu7_freq,2500,MHz
optimized,3:9,sample_elapsed,1256,ms
optimized,3:9,sample_power,1.083,W
optimized,3:9,sample_process_cpu,463.636,% one core
optimized,3:9,sample_free_ram,1.226,GiB
optimized,3:9,sample_battery_temp,37.000,C
optimized,3:9,sample_thermal_status,1,Android PowerManager status
optimized,3:9,sample_cpu0_freq,1900,MHz
optimized,3:9,sample_cpu1_freq,1900,MHz
optimized,3:9,sample_cpu2_freq,1900,MHz
optimized,3:9,sample_cpu3_freq,1900,MHz
optimized,3:9,sample_cpu4_freq,2500,MHz
optimized,3:9,sample_cpu5_freq,2500,MHz
optimized,3:9,sample_cpu6_freq,2500,MHz
optimized,3:9,sample_cpu7_freq,2500,MHz
optimized,3:10,sample_elapsed,1412,ms
optimized,3:10,sample_power,0.966,W
optimized,3:10,sample_process_cpu,473.077,% one core
optimized,3:10,sample_free_ram,1.226,GiB
optimized,3:10,sample_battery_temp,37.000,C
optimized,3:10,sample_thermal_status,1,Android PowerManager status
optimized,3:10,sample_cpu0_freq,1900,MHz
optimized,3:10,sample_cpu1_freq,1900,MHz
optimized,3:10,sample_cpu2_freq,1900,MHz
optimized,3:10,sample_cpu3_freq,1900,MHz
optimized,3:10,sample_cpu4_freq,2500,MHz
optimized,3:10,sample_cpu5_freq,2500,MHz
optimized,3:10,sample_cpu6_freq,2500,MHz
optimized,3:10,sample_cpu7_freq,2500,MHz
optimized,3:11,sample_elapsed,1568,ms
optimized,3:11,sample_power,0.966,W
optimized,3:11,sample_process_cpu,458.974,% one core
optimized,3:11,sample_free_ram,1.226,GiB
optimized,3:11,sample_battery_temp,37.000,C
optimized,3:11,sample_thermal_status,1,Android PowerManager status
optimized,3:11,sample_cpu0_freq,1200,MHz
optimized,3:11,sample_cpu1_freq,500,MHz
optimized,3:11,sample_cpu2_freq,500,MHz
optimized,3:11,sample_cpu3_freq,450,MHz
optimized,3:11,sample_cpu4_freq,2500,MHz
optimized,3:11,sample_cpu5_freq,2500,MHz
optimized,3:11,sample_cpu6_freq,2500,MHz
optimized,3:11,sample_cpu7_freq,2500,MHz
optimized,3:12,sample_elapsed,1722,ms
optimized,3:12,sample_power,0.966,W
optimized,3:12,sample_process_cpu,472.078,% one core
optimized,3:12,sample_free_ram,1.226,GiB
optimized,3:12,sample_battery_temp,37.000,C
optimized,3:12,sample_thermal_status,1,Android PowerManager status
optimized,3:12,sample_cpu0_freq,1900,MHz
optimized,3:12,sample_cpu1_freq,1900,MHz
optimized,3:12,sample_cpu2_freq,1900,MHz
optimized,3:12,sample_cpu3_freq,1900,MHz
optimized,3:12,sample_cpu4_freq,2500,MHz
optimized,3:12,sample_cpu5_freq,2500,MHz
optimized,3:12,sample_cpu6_freq,2500,MHz
optimized,3:12,sample_cpu7_freq,2500,MHz
optimized,3:13,sample_elapsed,1880,ms
optimized,3:13,sample_power,0.966,W
optimized,3:13,sample_process_cpu,465.190,% one core
optimized,3:13,sample_free_ram,1.226,GiB
optimized,3:13,sample_battery_temp,37.000,C
optimized,3:13,sample_thermal_status,1,Android PowerManager status
optimized,3:13,sample_cpu0_freq,1900,MHz
optimized,3:13,sample_cpu1_freq,1900,MHz
optimized,3:13,sample_cpu2_freq,1900,MHz
optimized,3:13,sample_cpu3_freq,1900,MHz
optimized,3:13,sample_cpu4_freq,2500,MHz
optimized,3:13,sample_cpu5_freq,2500,MHz
optimized,3:13,sample_cpu6_freq,2500,MHz
optimized,3:13,sample_cpu7_freq,2500,MHz
optimized,3:14,sample_elapsed,2035,ms
optimized,3:14,sample_power,1.850,W
optimized,3:14,sample_process_cpu,467.097,% one core
optimized,3:14,sample_free_ram,1.226,GiB
optimized,3:14,sample_battery_temp,37.000,C
optimized,3:14,sample_thermal_status,1,Android PowerManager status
optimized,3:14,sample_cpu0_freq,1900,MHz
optimized,3:14,sample_cpu1_freq,1900,MHz
optimized,3:14,sample_cpu2_freq,1900,MHz
optimized,3:14,sample_cpu3_freq,1900,MHz
optimized,3:14,sample_cpu4_freq,2500,MHz
optimized,3:14,sample_cpu5_freq,2500,MHz
optimized,3:14,sample_cpu6_freq,2500,MHz
optimized,3:14,sample_cpu7_freq,2500,MHz
optimized,3:15,sample_elapsed,2189,ms
optimized,3:15,sample_power,1.850,W
optimized,3:15,sample_process_cpu,474.026,% one core
optimized,3:15,sample_free_ram,1.226,GiB
optimized,3:15,sample_battery_temp,37.000,C
optimized,3:15,sample_thermal_status,1,Android PowerManager status
optimized,3:15,sample_cpu0_freq,800,MHz
optimized,3:15,sample_cpu1_freq,450,MHz
optimized,3:15,sample_cpu2_freq,450,MHz
optimized,3:15,sample_cpu3_freq,1500,MHz
optimized,3:15,sample_cpu4_freq,2500,MHz
optimized,3:15,sample_cpu5_freq,2500,MHz
optimized,3:15,sample_cpu6_freq,2500,MHz
optimized,3:15,sample_cpu7_freq,2500,MHz
optimized,3:16,sample_elapsed,2346,ms
optimized,3:16,sample_power,1.850,W
optimized,3:16,sample_process_cpu,469.427,% one core
optimized,3:16,sample_free_ram,1.226,GiB
optimized,3:16,sample_battery_temp,37.000,C
optimized,3:16,sample_thermal_status,1,Android PowerManager status
optimized,3:16,sample_cpu0_freq,1900,MHz
optimized,3:16,sample_cpu1_freq,1900,MHz
optimized,3:16,sample_cpu2_freq,1900,MHz
optimized,3:16,sample_cpu3_freq,1900,MHz
optimized,3:16,sample_cpu4_freq,2500,MHz
optimized,3:16,sample_cpu5_freq,2500,MHz
optimized,3:16,sample_cpu6_freq,2500,MHz
optimized,3:16,sample_cpu7_freq,2500,MHz
optimized,3:17,sample_elapsed,2503,ms
optimized,3:17,sample_power,0.915,W
optimized,3:17,sample_process_cpu,461.783,% one core
optimized,3:17,sample_free_ram,1.225,GiB
optimized,3:17,sample_battery_temp,37.000,C
optimized,3:17,sample_thermal_status,1,Android PowerManager status
optimized,3:17,sample_cpu0_freq,1900,MHz
optimized,3:17,sample_cpu1_freq,1900,MHz
optimized,3:17,sample_cpu2_freq,1900,MHz
optimized,3:17,sample_cpu3_freq,1900,MHz
optimized,3:17,sample_cpu4_freq,2500,MHz
optimized,3:17,sample_cpu5_freq,2500,MHz
optimized,3:17,sample_cpu6_freq,2500,MHz
optimized,3:17,sample_cpu7_freq,2500,MHz
optimized,3:18,sample_elapsed,2659,ms
optimized,3:18,sample_power,0.915,W
optimized,3:18,sample_process_cpu,463.462,% one core
optimized,3:18,sample_free_ram,1.225,GiB
optimized,3:18,sample_battery_temp,37.000,C
optimized,3:18,sample_thermal_status,1,Android PowerManager status
optimized,3:18,sample_cpu0_freq,1900,MHz
optimized,3:18,sample_cpu1_freq,1900,MHz
optimized,3:18,sample_cpu2_freq,1900,MHz
optimized,3:18,sample_cpu3_freq,1900,MHz
optimized,3:18,sample_cpu4_freq,2500,MHz
optimized,3:18,sample_cpu5_freq,2500,MHz
optimized,3:18,sample_cpu6_freq,2500,MHz
optimized,3:18,sample_cpu7_freq,2500,MHz
optimized,3:19,sample_elapsed,2813,ms
optimized,3:19,sample_power,0.915,W
optimized,3:19,sample_process_cpu,470.779,% one core
optimized,3:19,sample_free_ram,1.225,GiB
optimized,3:19,sample_battery_temp,37.000,C
optimized,3:19,sample_thermal_status,1,Android PowerManager status
optimized,3:19,sample_cpu0_freq,800,MHz
optimized,3:19,sample_cpu1_freq,1900,MHz
optimized,3:19,sample_cpu2_freq,1900,MHz
optimized,3:19,sample_cpu3_freq,1900,MHz
optimized,3:19,sample_cpu4_freq,2500,MHz
optimized,3:19,sample_cpu5_freq,2500,MHz
optimized,3:19,sample_cpu6_freq,2500,MHz
optimized,3:19,sample_cpu7_freq,2500,MHz
optimized,3:20,sample_elapsed,2969,ms
optimized,3:20,sample_power,0.915,W
optimized,3:20,sample_process_cpu,466.026,% one core
optimized,3:20,sample_free_ram,1.225,GiB
optimized,3:20,sample_battery_temp,37.000,C
optimized,3:20,sample_thermal_status,1,Android PowerManager status
optimized,3:20,sample_cpu0_freq,1900,MHz
optimized,3:20,sample_cpu1_freq,1900,MHz
optimized,3:20,sample_cpu2_freq,1900,MHz
optimized,3:20,sample_cpu3_freq,1900,MHz
optimized,3:20,sample_cpu4_freq,2500,MHz
optimized,3:20,sample_cpu5_freq,2500,MHz
optimized,3:20,sample_cpu6_freq,2500,MHz
optimized,3:20,sample_cpu7_freq,2500,MHz
optimized,3:21,sample_elapsed,3126,ms
optimized,3:21,sample_power,1.277,W
optimized,3:21,sample_process_cpu,467.516,% one core
optimized,3:21,sample_free_ram,1.225,GiB
optimized,3:21,sample_battery_temp,37.000,C
optimized,3:21,sample_thermal_status,1,Android PowerManager status
optimized,3:21,sample_cpu0_freq,1000,MHz
optimized,3:21,sample_cpu1_freq,700,MHz
optimized,3:21,sample_cpu2_freq,700,MHz
optimized,3:21,sample_cpu3_freq,700,MHz
optimized,3:21,sample_cpu4_freq,2500,MHz
optimized,3:21,sample_cpu5_freq,2500,MHz
optimized,3:21,sample_cpu6_freq,2500,MHz
optimized,3:21,sample_cpu7_freq,2500,MHz
optimized,3:22,sample_elapsed,3286,ms
optimized,3:22,sample_power,1.277,W
optimized,3:22,sample_process_cpu,462.500,% one core
optimized,3:22,sample_free_ram,1.225,GiB
optimized,3:22,sample_battery_temp,37.000,C
optimized,3:22,sample_thermal_status,1,Android PowerManager status
optimized,3:22,sample_cpu0_freq,1900,MHz
optimized,3:22,sample_cpu1_freq,1000,MHz
optimized,3:22,sample_cpu2_freq,1000,MHz
optimized,3:22,sample_cpu3_freq,1900,MHz
optimized,3:22,sample_cpu4_freq,2500,MHz
optimized,3:22,sample_cpu5_freq,2500,MHz
optimized,3:22,sample_cpu6_freq,2500,MHz
optimized,3:22,sample_cpu7_freq,2500,MHz
optimized,3:23,sample_elapsed,3445,ms
optimized,3:23,sample_power,1.277,W
optimized,3:23,sample_process_cpu,459.119,% one core
optimized,3:23,sample_free_ram,1.225,GiB
optimized,3:23,sample_battery_temp,37.000,C
optimized,3:23,sample_thermal_status,1,Android PowerManager status
optimized,3:23,sample_cpu0_freq,1900,MHz
optimized,3:23,sample_cpu1_freq,1900,MHz
optimized,3:23,sample_cpu2_freq,1900,MHz
optimized,3:23,sample_cpu3_freq,1900,MHz
optimized,3:23,sample_cpu4_freq,2500,MHz
optimized,3:23,sample_cpu5_freq,2500,MHz
optimized,3:23,sample_cpu6_freq,2500,MHz
optimized,3:23,sample_cpu7_freq,2500,MHz
optimized,3:24,sample_elapsed,3602,ms
optimized,3:24,sample_power,0.819,W
optimized,3:24,sample_process_cpu,476.433,% one core
optimized,3:24,sample_free_ram,1.225,GiB
optimized,3:24,sample_battery_temp,37.000,C
optimized,3:24,sample_thermal_status,1,Android PowerManager status
optimized,3:24,sample_cpu0_freq,1900,MHz
optimized,3:24,sample_cpu1_freq,900,MHz
optimized,3:24,sample_cpu2_freq,500,MHz
optimized,3:24,sample_cpu3_freq,1900,MHz
optimized,3:24,sample_cpu4_freq,2500,MHz
optimized,3:24,sample_cpu5_freq,2500,MHz
optimized,3:24,sample_cpu6_freq,2500,MHz
optimized,3:24,sample_cpu7_freq,2500,MHz
optimized,3:25,sample_elapsed,3762,ms
optimized,3:25,sample_power,0.819,W
optimized,3:25,sample_process_cpu,463.750,% one core
optimized,3:25,sample_free_ram,1.225,GiB
optimized,3:25,sample_battery_temp,37.000,C
optimized,3:25,sample_thermal_status,1,Android PowerManager status
optimized,3:25,sample_cpu0_freq,1900,MHz
optimized,3:25,sample_cpu1_freq,1900,MHz
optimized,3:25,sample_cpu2_freq,1900,MHz
optimized,3:25,sample_cpu3_freq,1900,MHz
optimized,3:25,sample_cpu4_freq,2500,MHz
optimized,3:25,sample_cpu5_freq,2500,MHz
optimized,3:25,sample_cpu6_freq,2500,MHz
optimized,3:25,sample_cpu7_freq,2500,MHz
optimized,3:26,sample_elapsed,3923,ms
optimized,3:26,sample_power,0.819,W
optimized,3:26,sample_process_cpu,508.075,% one core
optimized,3:26,sample_free_ram,1.224,GiB
optimized,3:26,sample_battery_temp,37.000,C
optimized,3:26,sample_thermal_status,1,Android PowerManager status
optimized,3:26,sample_cpu0_freq,1900,MHz
optimized,3:26,sample_cpu1_freq,1200,MHz
optimized,3:26,sample_cpu2_freq,1200,MHz
optimized,3:26,sample_cpu3_freq,1200,MHz
optimized,3:26,sample_cpu4_freq,2500,MHz
optimized,3:26,sample_cpu5_freq,2500,MHz
optimized,3:26,sample_cpu6_freq,2500,MHz
optimized,3:26,sample_cpu7_freq,2500,MHz
optimized,3:27,sample_elapsed,4083,ms
optimized,3:27,sample_power,0.819,W
optimized,3:27,sample_process_cpu,484.375,% one core
optimized,3:27,sample_free_ram,1.224,GiB
optimized,3:27,sample_battery_temp,37.000,C
optimized,3:27,sample_thermal_status,1,Android PowerManager status
optimized,3:27,sample_cpu0_freq,1900,MHz
optimized,3:27,sample_cpu1_freq,1900,MHz
optimized,3:27,sample_cpu2_freq,1900,MHz
optimized,3:27,sample_cpu3_freq,1900,MHz
optimized,3:27,sample_cpu4_freq,2500,MHz
optimized,3:27,sample_cpu5_freq,2500,MHz
optimized,3:27,sample_cpu6_freq,2500,MHz
optimized,3:27,sample_cpu7_freq,2500,MHz
optimized,3:28,sample_elapsed,4245,ms
optimized,3:28,sample_power,0.870,W
optimized,3:28,sample_process_cpu,504.321,% one core
optimized,3:28,sample_free_ram,1.224,GiB
optimized,3:28,sample_battery_temp,37.000,C
optimized,3:28,sample_thermal_status,1,Android PowerManager status
optimized,3:28,sample_cpu0_freq,1900,MHz
optimized,3:28,sample_cpu1_freq,1900,MHz
optimized,3:28,sample_cpu2_freq,1900,MHz
optimized,3:28,sample_cpu3_freq,1900,MHz
optimized,3:28,sample_cpu4_freq,2500,MHz
optimized,3:28,sample_cpu5_freq,2500,MHz
optimized,3:28,sample_cpu6_freq,2500,MHz
optimized,3:28,sample_cpu7_freq,2500,MHz
optimized,3:29,sample_elapsed,4403,ms
optimized,3:29,sample_power,0.870,W
optimized,3:29,sample_process_cpu,513.291,% one core
optimized,3:29,sample_free_ram,1.224,GiB
optimized,3:29,sample_battery_temp,37.000,C
optimized,3:29,sample_thermal_status,1,Android PowerManager status
optimized,3:29,sample_cpu0_freq,1900,MHz
optimized,3:29,sample_cpu1_freq,1900,MHz
optimized,3:29,sample_cpu2_freq,1900,MHz
optimized,3:29,sample_cpu3_freq,1900,MHz
optimized,3:29,sample_cpu4_freq,2500,MHz
optimized,3:29,sample_cpu5_freq,2500,MHz
optimized,3:29,sample_cpu6_freq,2500,MHz
optimized,3:29,sample_cpu7_freq,2500,MHz
optimized,3:30,sample_elapsed,4568,ms
optimized,3:30,sample_power,0.870,W
optimized,3:30,sample_process_cpu,503.636,% one core
optimized,3:30,sample_free_ram,1.224,GiB
optimized,3:30,sample_battery_temp,37.000,C
optimized,3:30,sample_thermal_status,1,Android PowerManager status
optimized,3:30,sample_cpu0_freq,1900,MHz
optimized,3:30,sample_cpu1_freq,1900,MHz
optimized,3:30,sample_cpu2_freq,1900,MHz
optimized,3:30,sample_cpu3_freq,1900,MHz
optimized,3:30,sample_cpu4_freq,2500,MHz
optimized,3:30,sample_cpu5_freq,2500,MHz
optimized,3:30,sample_cpu6_freq,2500,MHz
optimized,3:30,sample_cpu7_freq,2500,MHz
optimized,3:31,sample_elapsed,4729,ms
optimized,3:31,sample_power,1.155,W
optimized,3:31,sample_process_cpu,523.602,% one core
optimized,3:31,sample_free_ram,1.224,GiB
optimized,3:31,sample_battery_temp,37.000,C
optimized,3:31,sample_thermal_status,1,Android PowerManager status
optimized,3:31,sample_cpu0_freq,1900,MHz
optimized,3:31,sample_cpu1_freq,1900,MHz
optimized,3:31,sample_cpu2_freq,1900,MHz
optimized,3:31,sample_cpu3_freq,1900,MHz
optimized,3:31,sample_cpu4_freq,2500,MHz
optimized,3:31,sample_cpu5_freq,2500,MHz
optimized,3:31,sample_cpu6_freq,2500,MHz
optimized,3:31,sample_cpu7_freq,2500,MHz
optimized,3:32,sample_elapsed,4896,ms
optimized,3:32,sample_power,1.155,W
optimized,3:32,sample_process_cpu,476.048,% one core
optimized,3:32,sample_free_ram,1.224,GiB
optimized,3:32,sample_battery_temp,37.000,C
optimized,3:32,sample_thermal_status,1,Android PowerManager status
optimized,3:32,sample_cpu0_freq,1900,MHz
optimized,3:32,sample_cpu1_freq,1900,MHz
optimized,3:32,sample_cpu2_freq,1900,MHz
optimized,3:32,sample_cpu3_freq,1900,MHz
optimized,3:32,sample_cpu4_freq,2500,MHz
optimized,3:32,sample_cpu5_freq,2500,MHz
optimized,3:32,sample_cpu6_freq,2500,MHz
optimized,3:32,sample_cpu7_freq,2500,MHz
optimized,3:33,sample_elapsed,5057,ms
optimized,3:33,sample_power,1.155,W
optimized,3:33,sample_process_cpu,499.379,% one core
optimized,3:33,sample_free_ram,1.224,GiB
optimized,3:33,sample_battery_temp,37.000,C
optimized,3:33,sample_thermal_status,1,Android PowerManager status
optimized,3:33,sample_cpu0_freq,1900,MHz
optimized,3:33,sample_cpu1_freq,1900,MHz
optimized,3:33,sample_cpu2_freq,1900,MHz
optimized,3:33,sample_cpu3_freq,1900,MHz
optimized,3:33,sample_cpu4_freq,2500,MHz
optimized,3:33,sample_cpu5_freq,2500,MHz
optimized,3:33,sample_cpu6_freq,2500,MHz
optimized,3:33,sample_cpu7_freq,2500,MHz
optimized,3:34,sample_elapsed,5213,ms
optimized,3:34,sample_power,0.680,W
optimized,3:34,sample_process_cpu,503.846,% one core
optimized,3:34,sample_free_ram,1.224,GiB
optimized,3:34,sample_battery_temp,37.000,C
optimized,3:34,sample_thermal_status,1,Android PowerManager status
optimized,3:34,sample_cpu0_freq,1900,MHz
optimized,3:34,sample_cpu1_freq,1900,MHz
optimized,3:34,sample_cpu2_freq,1900,MHz
optimized,3:34,sample_cpu3_freq,1900,MHz
optimized,3:34,sample_cpu4_freq,2500,MHz
optimized,3:34,sample_cpu5_freq,2500,MHz
optimized,3:34,sample_cpu6_freq,2500,MHz
optimized,3:34,sample_cpu7_freq,2500,MHz
optimized,3:35,sample_elapsed,5373,ms
optimized,3:35,sample_power,0.680,W
optimized,3:35,sample_process_cpu,492.500,% one core
optimized,3:35,sample_free_ram,1.223,GiB
optimized,3:35,sample_battery_temp,37.000,C
optimized,3:35,sample_thermal_status,1,Android PowerManager status
optimized,3:35,sample_cpu0_freq,1900,MHz
optimized,3:35,sample_cpu1_freq,1900,MHz
optimized,3:35,sample_cpu2_freq,1900,MHz
optimized,3:35,sample_cpu3_freq,1900,MHz
optimized,3:35,sample_cpu4_freq,2500,MHz
optimized,3:35,sample_cpu5_freq,2500,MHz
optimized,3:35,sample_cpu6_freq,2500,MHz
optimized,3:35,sample_cpu7_freq,2500,MHz
optimized,3:36,sample_elapsed,5537,ms
optimized,3:36,sample_power,0.680,W
optimized,3:36,sample_process_cpu,504.268,% one core
optimized,3:36,sample_free_ram,1.223,GiB
optimized,3:36,sample_battery_temp,37.000,C
optimized,3:36,sample_thermal_status,1,Android PowerManager status
optimized,3:36,sample_cpu0_freq,1900,MHz
optimized,3:36,sample_cpu1_freq,1900,MHz
optimized,3:36,sample_cpu2_freq,1900,MHz
optimized,3:36,sample_cpu3_freq,1900,MHz
optimized,3:36,sample_cpu4_freq,2500,MHz
optimized,3:36,sample_cpu5_freq,2500,MHz
optimized,3:36,sample_cpu6_freq,2500,MHz
optimized,3:36,sample_cpu7_freq,2500,MHz
optimized,3:37,sample_elapsed,5698,ms
optimized,3:37,sample_power,0.970,W
optimized,3:37,sample_process_cpu,578.261,% one core
optimized,3:37,sample_free_ram,1.223,GiB
optimized,3:37,sample_battery_temp,37.000,C
optimized,3:37,sample_thermal_status,1,Android PowerManager status
optimized,3:37,sample_cpu0_freq,1900,MHz
optimized,3:37,sample_cpu1_freq,1900,MHz
optimized,3:37,sample_cpu2_freq,1900,MHz
optimized,3:37,sample_cpu3_freq,1900,MHz
optimized,3:37,sample_cpu4_freq,2500,MHz
optimized,3:37,sample_cpu5_freq,2500,MHz
optimized,3:37,sample_cpu6_freq,2500,MHz
optimized,3:37,sample_cpu7_freq,2500,MHz
optimized,3:38,sample_elapsed,5883,ms
optimized,3:38,sample_power,0.970,W
optimized,3:38,sample_process_cpu,430.270,% one core
optimized,3:38,sample_free_ram,1.223,GiB
optimized,3:38,sample_battery_temp,37.000,C
optimized,3:38,sample_thermal_status,1,Android PowerManager status
optimized,3:38,sample_cpu0_freq,1900,MHz
optimized,3:38,sample_cpu1_freq,1900,MHz
optimized,3:38,sample_cpu2_freq,1900,MHz
optimized,3:38,sample_cpu3_freq,1900,MHz
optimized,3:38,sample_cpu4_freq,2500,MHz
optimized,3:38,sample_cpu5_freq,2500,MHz
optimized,3:38,sample_cpu6_freq,2500,MHz
optimized,3:38,sample_cpu7_freq,2500,MHz
optimized,3:39,sample_elapsed,6044,ms
optimized,3:39,sample_power,0.970,W
optimized,3:39,sample_process_cpu,501.863,% one core
optimized,3:39,sample_free_ram,1.223,GiB
optimized,3:39,sample_battery_temp,37.000,C
optimized,3:39,sample_thermal_status,1,Android PowerManager status
optimized,3:39,sample_cpu0_freq,1900,MHz
optimized,3:39,sample_cpu1_freq,1900,MHz
optimized,3:39,sample_cpu2_freq,1900,MHz
optimized,3:39,sample_cpu3_freq,1900,MHz
optimized,3:39,sample_cpu4_freq,2500,MHz
optimized,3:39,sample_cpu5_freq,2500,MHz
optimized,3:39,sample_cpu6_freq,2500,MHz
optimized,3:39,sample_cpu7_freq,2500,MHz
optimized,3:40,sample_elapsed,6200,ms
optimized,3:40,sample_power,0.860,W
optimized,3:40,sample_process_cpu,512.821,% one core
optimized,3:40,sample_free_ram,1.223,GiB
optimized,3:40,sample_battery_temp,37.000,C
optimized,3:40,sample_thermal_status,1,Android PowerManager status
optimized,3:40,sample_cpu0_freq,1900,MHz
optimized,3:40,sample_cpu1_freq,1900,MHz
optimized,3:40,sample_cpu2_freq,1900,MHz
optimized,3:40,sample_cpu3_freq,1900,MHz
optimized,3:40,sample_cpu4_freq,2500,MHz
optimized,3:40,sample_cpu5_freq,2500,MHz
optimized,3:40,sample_cpu6_freq,2500,MHz
optimized,3:40,sample_cpu7_freq,2500,MHz
optimized,3:41,sample_elapsed,6361,ms
optimized,3:41,sample_power,0.848,W
optimized,3:41,sample_process_cpu,472.671,% one core
optimized,3:41,sample_free_ram,1.223,GiB
optimized,3:41,sample_battery_temp,37.000,C
optimized,3:41,sample_thermal_status,1,Android PowerManager status
optimized,3:41,sample_cpu0_freq,1900,MHz
optimized,3:41,sample_cpu1_freq,1900,MHz
optimized,3:41,sample_cpu2_freq,1900,MHz
optimized,3:41,sample_cpu3_freq,1900,MHz
optimized,3:41,sample_cpu4_freq,2500,MHz
optimized,3:41,sample_cpu5_freq,2500,MHz
optimized,3:41,sample_cpu6_freq,2500,MHz
optimized,3:41,sample_cpu7_freq,2500,MHz
optimized,3:42,sample_elapsed,6523,ms
optimized,3:42,sample_power,0.848,W
optimized,3:42,sample_process_cpu,501.235,% one core
optimized,3:42,sample_free_ram,1.223,GiB
optimized,3:42,sample_battery_temp,37.000,C
optimized,3:42,sample_thermal_status,1,Android PowerManager status
optimized,3:42,sample_cpu0_freq,1900,MHz
optimized,3:42,sample_cpu1_freq,1900,MHz
optimized,3:42,sample_cpu2_freq,1900,MHz
optimized,3:42,sample_cpu3_freq,1900,MHz
optimized,3:42,sample_cpu4_freq,2500,MHz
optimized,3:42,sample_cpu5_freq,2500,MHz
optimized,3:42,sample_cpu6_freq,2500,MHz
optimized,3:42,sample_cpu7_freq,2500,MHz
optimized,3:43,sample_elapsed,6683,ms
optimized,3:43,sample_power,0.848,W
optimized,3:43,sample_process_cpu,516.250,% one core
optimized,3:43,sample_free_ram,1.223,GiB
optimized,3:43,sample_battery_temp,37.000,C
optimized,3:43,sample_thermal_status,1,Android PowerManager status
optimized,3:43,sample_cpu0_freq,1900,MHz
optimized,3:43,sample_cpu1_freq,1900,MHz
optimized,3:43,sample_cpu2_freq,1900,MHz
optimized,3:43,sample_cpu3_freq,1900,MHz
optimized,3:43,sample_cpu4_freq,2500,MHz
optimized,3:43,sample_cpu5_freq,2500,MHz
optimized,3:43,sample_cpu6_freq,2500,MHz
optimized,3:43,sample_cpu7_freq,2500,MHz
optimized,3:44,sample_elapsed,6848,ms
optimized,3:44,sample_power,0.889,W
optimized,3:44,sample_process_cpu,485.455,% one core
optimized,3:44,sample_free_ram,1.222,GiB
optimized,3:44,sample_battery_temp,37.000,C
optimized,3:44,sample_thermal_status,1,Android PowerManager status
optimized,3:44,sample_cpu0_freq,1900,MHz
optimized,3:44,sample_cpu1_freq,1900,MHz
optimized,3:44,sample_cpu2_freq,1900,MHz
optimized,3:44,sample_cpu3_freq,1900,MHz
optimized,3:44,sample_cpu4_freq,2500,MHz
optimized,3:44,sample_cpu5_freq,2500,MHz
optimized,3:44,sample_cpu6_freq,2500,MHz
optimized,3:44,sample_cpu7_freq,2500,MHz
optimized,3:45,sample_elapsed,7007,ms
optimized,3:45,sample_power,0.889,W
optimized,3:45,sample_process_cpu,506.289,% one core
optimized,3:45,sample_free_ram,1.222,GiB
optimized,3:45,sample_battery_temp,37.000,C
optimized,3:45,sample_thermal_status,1,Android PowerManager status
optimized,3:45,sample_cpu0_freq,1900,MHz
optimized,3:45,sample_cpu1_freq,1900,MHz
optimized,3:45,sample_cpu2_freq,1900,MHz
optimized,3:45,sample_cpu3_freq,1900,MHz
optimized,3:45,sample_cpu4_freq,2500,MHz
optimized,3:45,sample_cpu5_freq,2500,MHz
optimized,3:45,sample_cpu6_freq,2500,MHz
optimized,3:45,sample_cpu7_freq,2500,MHz
optimized,3:46,sample_elapsed,7166,ms
optimized,3:46,sample_power,0.889,W
optimized,3:46,sample_process_cpu,494.340,% one core
optimized,3:46,sample_free_ram,1.221,GiB
optimized,3:46,sample_battery_temp,37.000,C
optimized,3:46,sample_thermal_status,1,Android PowerManager status
optimized,3:46,sample_cpu0_freq,1900,MHz
optimized,3:46,sample_cpu1_freq,1900,MHz
optimized,3:46,sample_cpu2_freq,1900,MHz
optimized,3:46,sample_cpu3_freq,1900,MHz
optimized,3:46,sample_cpu4_freq,2500,MHz
optimized,3:46,sample_cpu5_freq,2500,MHz
optimized,3:46,sample_cpu6_freq,2500,MHz
optimized,3:46,sample_cpu7_freq,2500,MHz
optimized,3:47,sample_elapsed,7322,ms
optimized,3:47,sample_power,0.889,W
optimized,3:47,sample_process_cpu,507.051,% one core
optimized,3:47,sample_free_ram,1.222,GiB
optimized,3:47,sample_battery_temp,37.000,C
optimized,3:47,sample_thermal_status,1,Android PowerManager status
optimized,3:47,sample_cpu0_freq,1900,MHz
optimized,3:47,sample_cpu1_freq,1900,MHz
optimized,3:47,sample_cpu2_freq,1900,MHz
optimized,3:47,sample_cpu3_freq,1900,MHz
optimized,3:47,sample_cpu4_freq,2500,MHz
optimized,3:47,sample_cpu5_freq,2500,MHz
optimized,3:47,sample_cpu6_freq,2500,MHz
optimized,3:47,sample_cpu7_freq,2500,MHz
optimized,3:48,sample_elapsed,7489,ms
optimized,3:48,sample_power,0.970,W
optimized,3:48,sample_process_cpu,494.611,% one core
optimized,3:48,sample_free_ram,1.222,GiB
optimized,3:48,sample_battery_temp,37.000,C
optimized,3:48,sample_thermal_status,1,Android PowerManager status
optimized,3:48,sample_cpu0_freq,1900,MHz
optimized,3:48,sample_cpu1_freq,1900,MHz
optimized,3:48,sample_cpu2_freq,1900,MHz
optimized,3:48,sample_cpu3_freq,1900,MHz
optimized,3:48,sample_cpu4_freq,2500,MHz
optimized,3:48,sample_cpu5_freq,2500,MHz
optimized,3:48,sample_cpu6_freq,2500,MHz
optimized,3:48,sample_cpu7_freq,2500,MHz
optimized,3:49,sample_elapsed,7652,ms
optimized,3:49,sample_power,0.970,W
optimized,3:49,sample_process_cpu,509.202,% one core
optimized,3:49,sample_free_ram,1.222,GiB
optimized,3:49,sample_battery_temp,37.000,C
optimized,3:49,sample_thermal_status,1,Android PowerManager status
optimized,3:49,sample_cpu0_freq,1900,MHz
optimized,3:49,sample_cpu1_freq,1900,MHz
optimized,3:49,sample_cpu2_freq,1900,MHz
optimized,3:49,sample_cpu3_freq,1900,MHz
optimized,3:49,sample_cpu4_freq,2500,MHz
optimized,3:49,sample_cpu5_freq,2500,MHz
optimized,3:49,sample_cpu6_freq,2500,MHz
optimized,3:49,sample_cpu7_freq,2500,MHz
optimized,3:50,sample_elapsed,7811,ms
optimized,3:50,sample_power,0.970,W
optimized,3:50,sample_process_cpu,508.805,% one core
optimized,3:50,sample_free_ram,1.222,GiB
optimized,3:50,sample_battery_temp,37.000,C
optimized,3:50,sample_thermal_status,1,Android PowerManager status
optimized,3:50,sample_cpu0_freq,1900,MHz
optimized,3:50,sample_cpu1_freq,1900,MHz
optimized,3:50,sample_cpu2_freq,1900,MHz
optimized,3:50,sample_cpu3_freq,1900,MHz
optimized,3:50,sample_cpu4_freq,2500,MHz
optimized,3:50,sample_cpu5_freq,2500,MHz
optimized,3:50,sample_cpu6_freq,2500,MHz
optimized,3:50,sample_cpu7_freq,2500,MHz
optimized,3:51,sample_elapsed,7968,ms
optimized,3:51,sample_power,1.085,W
optimized,3:51,sample_process_cpu,494.268,% one core
optimized,3:51,sample_free_ram,1.221,GiB
optimized,3:51,sample_battery_temp,37.000,C
optimized,3:51,sample_thermal_status,1,Android PowerManager status
optimized,3:51,sample_cpu0_freq,1900,MHz
optimized,3:51,sample_cpu1_freq,1900,MHz
optimized,3:51,sample_cpu2_freq,1900,MHz
optimized,3:51,sample_cpu3_freq,1900,MHz
optimized,3:51,sample_cpu4_freq,2500,MHz
optimized,3:51,sample_cpu5_freq,2500,MHz
optimized,3:51,sample_cpu6_freq,2500,MHz
optimized,3:51,sample_cpu7_freq,2500,MHz
optimized,3:52,sample_elapsed,8123,ms
optimized,3:52,sample_power,1.085,W
optimized,3:52,sample_process_cpu,498.065,% one core
optimized,3:52,sample_free_ram,1.221,GiB
optimized,3:52,sample_battery_temp,37.000,C
optimized,3:52,sample_thermal_status,1,Android PowerManager status
optimized,3:52,sample_cpu0_freq,1900,MHz
optimized,3:52,sample_cpu1_freq,1900,MHz
optimized,3:52,sample_cpu2_freq,1900,MHz
optimized,3:52,sample_cpu3_freq,1900,MHz
optimized,3:52,sample_cpu4_freq,2500,MHz
optimized,3:52,sample_cpu5_freq,2500,MHz
optimized,3:52,sample_cpu6_freq,2500,MHz
optimized,3:52,sample_cpu7_freq,2500,MHz
optimized,3:53,sample_elapsed,8281,ms
optimized,3:53,sample_power,1.085,W
optimized,3:53,sample_process_cpu,518.354,% one core
optimized,3:53,sample_free_ram,1.221,GiB
optimized,3:53,sample_battery_temp,37.000,C
optimized,3:53,sample_thermal_status,1,Android PowerManager status
optimized,3:53,sample_cpu0_freq,1900,MHz
optimized,3:53,sample_cpu1_freq,1900,MHz
optimized,3:53,sample_cpu2_freq,1900,MHz
optimized,3:53,sample_cpu3_freq,1900,MHz
optimized,3:53,sample_cpu4_freq,2500,MHz
optimized,3:53,sample_cpu5_freq,2500,MHz
optimized,3:53,sample_cpu6_freq,2500,MHz
optimized,3:53,sample_cpu7_freq,2500,MHz
optimized,3:54,sample_elapsed,8445,ms
optimized,3:54,sample_power,1.085,W
optimized,3:54,sample_process_cpu,507.927,% one core
optimized,3:54,sample_free_ram,1.221,GiB
optimized,3:54,sample_battery_temp,37.000,C
optimized,3:54,sample_thermal_status,1,Android PowerManager status
optimized,3:54,sample_cpu0_freq,1900,MHz
optimized,3:54,sample_cpu1_freq,1900,MHz
optimized,3:54,sample_cpu2_freq,1900,MHz
optimized,3:54,sample_cpu3_freq,1900,MHz
optimized,3:54,sample_cpu4_freq,2500,MHz
optimized,3:54,sample_cpu5_freq,2500,MHz
optimized,3:54,sample_cpu6_freq,2500,MHz
optimized,3:54,sample_cpu7_freq,2500,MHz
optimized,3:55,sample_elapsed,8608,ms
optimized,3:55,sample_power,0.843,W
optimized,3:55,sample_process_cpu,488.344,% one core
optimized,3:55,sample_free_ram,1.221,GiB
optimized,3:55,sample_battery_temp,37.000,C
optimized,3:55,sample_thermal_status,1,Android PowerManager status
optimized,3:55,sample_cpu0_freq,1900,MHz
optimized,3:55,sample_cpu1_freq,1900,MHz
optimized,3:55,sample_cpu2_freq,1900,MHz
optimized,3:55,sample_cpu3_freq,1900,MHz
optimized,3:55,sample_cpu4_freq,2500,MHz
optimized,3:55,sample_cpu5_freq,2500,MHz
optimized,3:55,sample_cpu6_freq,2500,MHz
optimized,3:55,sample_cpu7_freq,2500,MHz
optimized,3:56,sample_elapsed,8767,ms
optimized,3:56,sample_power,0.843,W
optimized,3:56,sample_process_cpu,503.774,% one core
optimized,3:56,sample_free_ram,1.221,GiB
optimized,3:56,sample_battery_temp,37.000,C
optimized,3:56,sample_thermal_status,1,Android PowerManager status
optimized,3:56,sample_cpu0_freq,1900,MHz
optimized,3:56,sample_cpu1_freq,1900,MHz
optimized,3:56,sample_cpu2_freq,1900,MHz
optimized,3:56,sample_cpu3_freq,1900,MHz
optimized,3:56,sample_cpu4_freq,2500,MHz
optimized,3:56,sample_cpu5_freq,2500,MHz
optimized,3:56,sample_cpu6_freq,2500,MHz
optimized,3:56,sample_cpu7_freq,2500,MHz
optimized,3:57,sample_elapsed,8928,ms
optimized,3:57,sample_power,0.843,W
optimized,3:57,sample_process_cpu,503.106,% one core
optimized,3:57,sample_free_ram,1.221,GiB
optimized,3:57,sample_battery_temp,37.000,C
optimized,3:57,sample_thermal_status,1,Android PowerManager status
optimized,3:57,sample_cpu0_freq,1900,MHz
optimized,3:57,sample_cpu1_freq,1900,MHz
optimized,3:57,sample_cpu2_freq,1900,MHz
optimized,3:57,sample_cpu3_freq,1900,MHz
optimized,3:57,sample_cpu4_freq,2500,MHz
optimized,3:57,sample_cpu5_freq,2500,MHz
optimized,3:57,sample_cpu6_freq,2500,MHz
optimized,3:57,sample_cpu7_freq,2500,MHz
optimized,3:58,sample_elapsed,9093,ms
optimized,3:58,sample_power,0.853,W
optimized,3:58,sample_process_cpu,498.788,% one core
optimized,3:58,sample_free_ram,1.221,GiB
optimized,3:58,sample_battery_temp,37.000,C
optimized,3:58,sample_thermal_status,1,Android PowerManager status
optimized,3:58,sample_cpu0_freq,1900,MHz
optimized,3:58,sample_cpu1_freq,1900,MHz
optimized,3:58,sample_cpu2_freq,1900,MHz
optimized,3:58,sample_cpu3_freq,1900,MHz
optimized,3:58,sample_cpu4_freq,2500,MHz
optimized,3:58,sample_cpu5_freq,2500,MHz
optimized,3:58,sample_cpu6_freq,2500,MHz
optimized,3:58,sample_cpu7_freq,2500,MHz
optimized,3:59,sample_elapsed,9247,ms
optimized,3:59,sample_power,0.853,W
optimized,3:59,sample_process_cpu,498.701,% one core
optimized,3:59,sample_free_ram,1.220,GiB
optimized,3:59,sample_battery_temp,37.000,C
optimized,3:59,sample_thermal_status,1,Android PowerManager status
optimized,3:59,sample_cpu0_freq,1900,MHz
optimized,3:59,sample_cpu1_freq,1900,MHz
optimized,3:59,sample_cpu2_freq,1900,MHz
optimized,3:59,sample_cpu3_freq,1900,MHz
optimized,3:59,sample_cpu4_freq,2500,MHz
optimized,3:59,sample_cpu5_freq,2500,MHz
optimized,3:59,sample_cpu6_freq,2500,MHz
optimized,3:59,sample_cpu7_freq,2500,MHz
optimized,3:60,sample_elapsed,9407,ms
optimized,3:60,sample_power,0.853,W
optimized,3:60,sample_process_cpu,495.000,% one core
optimized,3:60,sample_free_ram,1.220,GiB
optimized,3:60,sample_battery_temp,37.000,C
optimized,3:60,sample_thermal_status,1,Android PowerManager status
optimized,3:60,sample_cpu0_freq,1900,MHz
optimized,3:60,sample_cpu1_freq,1900,MHz
optimized,3:60,sample_cpu2_freq,1900,MHz
optimized,3:60,sample_cpu3_freq,1900,MHz
optimized,3:60,sample_cpu4_freq,2500,MHz
optimized,3:60,sample_cpu5_freq,2500,MHz
optimized,3:60,sample_cpu6_freq,2500,MHz
optimized,3:60,sample_cpu7_freq,2500,MHz
optimized,3:61,sample_elapsed,9575,ms
optimized,3:61,sample_power,1.140,W
optimized,3:61,sample_process_cpu,686.310,% one core
optimized,3:61,sample_free_ram,1.220,GiB
optimized,3:61,sample_battery_temp,37.000,C
optimized,3:61,sample_thermal_status,1,Android PowerManager status
optimized,3:61,sample_cpu0_freq,1900,MHz
optimized,3:61,sample_cpu1_freq,1900,MHz
optimized,3:61,sample_cpu2_freq,1900,MHz
optimized,3:61,sample_cpu3_freq,1900,MHz
optimized,3:61,sample_cpu4_freq,2500,MHz
optimized,3:61,sample_cpu5_freq,2500,MHz
optimized,3:61,sample_cpu6_freq,2500,MHz
optimized,3:61,sample_cpu7_freq,2500,MHz
optimized,3:62,sample_elapsed,9793,ms
optimized,3:62,sample_power,1.140,W
optimized,3:62,sample_process_cpu,364.220,% one core
optimized,3:62,sample_free_ram,1.220,GiB
optimized,3:62,sample_battery_temp,37.000,C
optimized,3:62,sample_thermal_status,1,Android PowerManager status
optimized,3:62,sample_cpu0_freq,1900,MHz
optimized,3:62,sample_cpu1_freq,1900,MHz
optimized,3:62,sample_cpu2_freq,1900,MHz
optimized,3:62,sample_cpu3_freq,1900,MHz
optimized,3:62,sample_cpu4_freq,2500,MHz
optimized,3:62,sample_cpu5_freq,2500,MHz
optimized,3:62,sample_cpu6_freq,2500,MHz
optimized,3:62,sample_cpu7_freq,2500,MHz
optimized,3:63,sample_elapsed,9954,ms
optimized,3:63,sample_power,1.140,W
optimized,3:63,sample_process_cpu,506.832,% one core
optimized,3:63,sample_free_ram,1.220,GiB
optimized,3:63,sample_battery_temp,37.000,C
optimized,3:63,sample_thermal_status,1,Android PowerManager status
optimized,3:63,sample_cpu0_freq,1900,MHz
optimized,3:63,sample_cpu1_freq,1900,MHz
optimized,3:63,sample_cpu2_freq,1900,MHz
optimized,3:63,sample_cpu3_freq,1900,MHz
optimized,3:63,sample_cpu4_freq,2500,MHz
optimized,3:63,sample_cpu5_freq,2500,MHz
optimized,3:63,sample_cpu6_freq,2500,MHz
optimized,3:63,sample_cpu7_freq,2500,MHz
optimized,3:64,sample_elapsed,10115,ms
optimized,3:64,sample_power,1.009,W
optimized,3:64,sample_process_cpu,521.118,% one core
optimized,3:64,sample_free_ram,1.220,GiB
optimized,3:64,sample_battery_temp,37.000,C
optimized,3:64,sample_thermal_status,1,Android PowerManager status
optimized,3:64,sample_cpu0_freq,1900,MHz
optimized,3:64,sample_cpu1_freq,1900,MHz
optimized,3:64,sample_cpu2_freq,1900,MHz
optimized,3:64,sample_cpu3_freq,1900,MHz
optimized,3:64,sample_cpu4_freq,2500,MHz
optimized,3:64,sample_cpu5_freq,2500,MHz
optimized,3:64,sample_cpu6_freq,2500,MHz
optimized,3:64,sample_cpu7_freq,2500,MHz
optimized,3:65,sample_elapsed,10278,ms
optimized,3:65,sample_power,1.009,W
optimized,3:65,sample_process_cpu,482.822,% one core
optimized,3:65,sample_free_ram,1.220,GiB
optimized,3:65,sample_battery_temp,37.000,C
optimized,3:65,sample_thermal_status,1,Android PowerManager status
optimized,3:65,sample_cpu0_freq,1900,MHz
optimized,3:65,sample_cpu1_freq,1900,MHz
optimized,3:65,sample_cpu2_freq,1900,MHz
optimized,3:65,sample_cpu3_freq,1900,MHz
optimized,3:65,sample_cpu4_freq,2500,MHz
optimized,3:65,sample_cpu5_freq,2500,MHz
optimized,3:65,sample_cpu6_freq,2500,MHz
optimized,3:65,sample_cpu7_freq,2500,MHz
optimized,3:66,sample_elapsed,10437,ms
optimized,3:66,sample_power,1.009,W
optimized,3:66,sample_process_cpu,498.113,% one core
optimized,3:66,sample_free_ram,1.221,GiB
optimized,3:66,sample_battery_temp,37.000,C
optimized,3:66,sample_thermal_status,1,Android PowerManager status
optimized,3:66,sample_cpu0_freq,1900,MHz
optimized,3:66,sample_cpu1_freq,1900,MHz
optimized,3:66,sample_cpu2_freq,1900,MHz
optimized,3:66,sample_cpu3_freq,1900,MHz
optimized,3:66,sample_cpu4_freq,2500,MHz
optimized,3:66,sample_cpu5_freq,2500,MHz
optimized,3:66,sample_cpu6_freq,2500,MHz
optimized,3:66,sample_cpu7_freq,2500,MHz
optimized,3:67,sample_elapsed,10590,ms
optimized,3:67,sample_power,1.009,W
optimized,3:67,sample_process_cpu,489.542,% one core
optimized,3:67,sample_free_ram,1.222,GiB
optimized,3:67,sample_battery_temp,37.000,C
optimized,3:67,sample_thermal_status,1,Android PowerManager status
optimized,3:67,sample_cpu0_freq,1900,MHz
optimized,3:67,sample_cpu1_freq,1900,MHz
optimized,3:67,sample_cpu2_freq,1900,MHz
optimized,3:67,sample_cpu3_freq,1900,MHz
optimized,3:67,sample_cpu4_freq,2500,MHz
optimized,3:67,sample_cpu5_freq,2500,MHz
optimized,3:67,sample_cpu6_freq,2500,MHz
optimized,3:67,sample_cpu7_freq,2500,MHz
optimized,3:68,sample_elapsed,10754,ms
optimized,3:68,sample_power,1.222,W
optimized,3:68,sample_process_cpu,495.732,% one core
optimized,3:68,sample_free_ram,1.221,GiB
optimized,3:68,sample_battery_temp,37.000,C
optimized,3:68,sample_thermal_status,1,Android PowerManager status
optimized,3:68,sample_cpu0_freq,1900,MHz
optimized,3:68,sample_cpu1_freq,1900,MHz
optimized,3:68,sample_cpu2_freq,1900,MHz
optimized,3:68,sample_cpu3_freq,1900,MHz
optimized,3:68,sample_cpu4_freq,2500,MHz
optimized,3:68,sample_cpu5_freq,2500,MHz
optimized,3:68,sample_cpu6_freq,2500,MHz
optimized,3:68,sample_cpu7_freq,2500,MHz
optimized,3:69,sample_elapsed,10916,ms
optimized,3:69,sample_power,1.222,W
optimized,3:69,sample_process_cpu,500.000,% one core
optimized,3:69,sample_free_ram,1.220,GiB
optimized,3:69,sample_battery_temp,37.000,C
optimized,3:69,sample_thermal_status,1,Android PowerManager status
optimized,3:69,sample_cpu0_freq,1900,MHz
optimized,3:69,sample_cpu1_freq,1900,MHz
optimized,3:69,sample_cpu2_freq,1900,MHz
optimized,3:69,sample_cpu3_freq,1900,MHz
optimized,3:69,sample_cpu4_freq,2500,MHz
optimized,3:69,sample_cpu5_freq,2500,MHz
optimized,3:69,sample_cpu6_freq,2500,MHz
optimized,3:69,sample_cpu7_freq,2500,MHz
optimized,3:70,sample_elapsed,11073,ms
optimized,3:70,sample_power,1.222,W
optimized,3:70,sample_process_cpu,480.255,% one core
optimized,3:70,sample_free_ram,1.220,GiB
optimized,3:70,sample_battery_temp,37.000,C
optimized,3:70,sample_thermal_status,1,Android PowerManager status
optimized,3:70,sample_cpu0_freq,1900,MHz
optimized,3:70,sample_cpu1_freq,1900,MHz
optimized,3:70,sample_cpu2_freq,1900,MHz
optimized,3:70,sample_cpu3_freq,1900,MHz
optimized,3:70,sample_cpu4_freq,2500,MHz
optimized,3:70,sample_cpu5_freq,2500,MHz
optimized,3:70,sample_cpu6_freq,2500,MHz
optimized,3:70,sample_cpu7_freq,2500,MHz
optimized,3:71,sample_elapsed,11234,ms
optimized,3:71,sample_power,1.028,W
optimized,3:71,sample_process_cpu,493.168,% one core
optimized,3:71,sample_free_ram,1.219,GiB
optimized,3:71,sample_battery_temp,37.000,C
optimized,3:71,sample_thermal_status,1,Android PowerManager status
optimized,3:71,sample_cpu0_freq,1900,MHz
optimized,3:71,sample_cpu1_freq,1900,MHz
optimized,3:71,sample_cpu2_freq,1900,MHz
optimized,3:71,sample_cpu3_freq,1900,MHz
optimized,3:71,sample_cpu4_freq,2500,MHz
optimized,3:71,sample_cpu5_freq,2500,MHz
optimized,3:71,sample_cpu6_freq,2500,MHz
optimized,3:71,sample_cpu7_freq,2500,MHz
optimized,3:72,sample_elapsed,11390,ms
optimized,3:72,sample_power,1.028,W
optimized,3:72,sample_process_cpu,505.769,% one core
optimized,3:72,sample_free_ram,1.219,GiB
optimized,3:72,sample_battery_temp,37.000,C
optimized,3:72,sample_thermal_status,1,Android PowerManager status
optimized,3:72,sample_cpu0_freq,1900,MHz
optimized,3:72,sample_cpu1_freq,1900,MHz
optimized,3:72,sample_cpu2_freq,1900,MHz
optimized,3:72,sample_cpu3_freq,1900,MHz
optimized,3:72,sample_cpu4_freq,2500,MHz
optimized,3:72,sample_cpu5_freq,2500,MHz
optimized,3:72,sample_cpu6_freq,2500,MHz
optimized,3:72,sample_cpu7_freq,2500,MHz
optimized,3:73,sample_elapsed,11555,ms
optimized,3:73,sample_power,1.028,W
optimized,3:73,sample_process_cpu,488.485,% one core
optimized,3:73,sample_free_ram,1.219,GiB
optimized,3:73,sample_battery_temp,37.000,C
optimized,3:73,sample_thermal_status,1,Android PowerManager status
optimized,3:73,sample_cpu0_freq,1900,MHz
optimized,3:73,sample_cpu1_freq,1900,MHz
optimized,3:73,sample_cpu2_freq,1900,MHz
optimized,3:73,sample_cpu3_freq,1900,MHz
optimized,3:73,sample_cpu4_freq,2500,MHz
optimized,3:73,sample_cpu5_freq,2500,MHz
optimized,3:73,sample_cpu6_freq,2500,MHz
optimized,3:73,sample_cpu7_freq,2500,MHz
optimized,3:74,sample_elapsed,11711,ms
optimized,3:74,sample_power,1.028,W
optimized,3:74,sample_process_cpu,511.538,% one core
optimized,3:74,sample_free_ram,1.219,GiB
optimized,3:74,sample_battery_temp,37.000,C
optimized,3:74,sample_thermal_status,1,Android PowerManager status
optimized,3:74,sample_cpu0_freq,1900,MHz
optimized,3:74,sample_cpu1_freq,1900,MHz
optimized,3:74,sample_cpu2_freq,1900,MHz
optimized,3:74,sample_cpu3_freq,1900,MHz
optimized,3:74,sample_cpu4_freq,2500,MHz
optimized,3:74,sample_cpu5_freq,2500,MHz
optimized,3:74,sample_cpu6_freq,2500,MHz
optimized,3:74,sample_cpu7_freq,2500,MHz
optimized,3:75,sample_elapsed,11875,ms
optimized,3:75,sample_power,1.109,W
optimized,3:75,sample_process_cpu,505.488,% one core
optimized,3:75,sample_free_ram,1.219,GiB
optimized,3:75,sample_battery_temp,37.000,C
optimized,3:75,sample_thermal_status,1,Android PowerManager status
optimized,3:75,sample_cpu0_freq,1900,MHz
optimized,3:75,sample_cpu1_freq,1900,MHz
optimized,3:75,sample_cpu2_freq,1900,MHz
optimized,3:75,sample_cpu3_freq,1900,MHz
optimized,3:75,sample_cpu4_freq,2500,MHz
optimized,3:75,sample_cpu5_freq,2500,MHz
optimized,3:75,sample_cpu6_freq,2500,MHz
optimized,3:75,sample_cpu7_freq,2500,MHz
optimized,median,pp,135.000,tok/s
optimized,stddev,pp,0.943,tok/s
optimized,median,tg,16.400,tok/s
optimized,stddev,tg,0.386,tok/s
optimized,median,power,0.913,W
optimized,stddev,power,0.069,W
optimized,median,tok_per_w,18.173,tok/W
optimized,stddev,tok_per_w,1.544,tok/W
optimized,median,ttft_pp512_derived,3853.568,ms
optimized,stddev,ttft_pp512_derived,27.110,ms
optimized,median,start_temp,37.000,C
optimized,stddev,start_temp,0.471,C
optimized,median,average_process_cpu,490.544,% one core
optimized,stddev,average_process_cpu,3.097,% one core
optimized,median,minimum_free_ram,1.219,GiB
optimized,stddev,minimum_free_ram,0.003,GiB
optimized,median,peak_battery_temp,37.000,C
optimized,stddev,peak_battery_temp,0.471,C
optimized,median,mean_perf_core_clock,2500.000,MHz
optimized,stddev,mean_perf_core_clock,0.000,MHz
optimized,median,mean_little_core_clock,1776.563,MHz
optimized,stddev,mean_little_core_clock,36.027,MHz
